{"[6, 1]": [727.4170375943615, 626.3871732917838, -600, 1657.2033790336018], "[5, 3]": [239.00268021696417, -600, 1913.0652609302472, 543.0140441642233], "[4, 4]": [100.91480096415363, -600, 1536.4770576775895, -600], "[4, 2]": [430.3904782241876, 1625.3807750972903, -600, -600], "[6, 0]": [697.1521850592503, 695.5842447817187, 1591.1228193055197, -600], "[6, 7]": [-600, 1265.7162717794592, 1412.4924949643184, 1746.1638117420505], "[6, 3]": [1234.491360647561, -600, 1753.3264791387498, 1386.7278270666818], "[7, 7]": [-600, 344.051797030291, 607.6103866269309, 1940.9594915903172], "[7, 3]": [1330.0639380314292, -600, 1294.9632050615523, 1975.4081942905125], "[7, 0]": [1284.930348091237, 30.703598573974766, 65.24722217026496, -600], "[0, 7]": [-600, 641.4762114546612, 689.3899299854791, 1632.7753157611985], "[0, 0]": [1548.3569053775457, 684.0024287741688, 670.016010601149, -600], "[0, 3]": [1708.2669698950156, -600, 1210.5914753597774, 1384.2526271527613], "[0, 1]": [1369.5427697072498, 1198.169045063162, -600, 1716.8748027513307], "[7, 1]": [558.2932644966759, 261.34601185811806, -600, 1912.861419209534], "[0, 9]": [-600, 16.539907395851557, -600, 997.7123955064051], "[0, 2]": [1496.5786330938713, 340.0670839623568, -600, -600], "[2, 7]": [-600, 1590.8855532082275, 641.4630375992241, 625.481014661235], "[2, 3]": [1635.5433328311733, -600, 592.2505936179375, 671.7616838958558], "[2, 0]": [1714.5323792895492, 1406.0856207602287, 1243.207720214331, -600], "[2, 1]": [1383.2809302061128, 1729.0924808042041, -600, 1216.4117728277304], "[3, 1]": [514.0943248526925, 1878.8510035113031, -600, 212.52412395448553], "[3, 3]": [1220.003149803138, -600, 60.95422477351919, 12.223000721311067], "[1, 0]": [1930.330914635678, 599.1116620160163, 312.99833336120344, -600], "[1, 1]": [1973.2726428661201, 1266.8382591047741, -600, 1333.1698265152156], "[1, 7]": [-600, 76.26344916036489, 30.83702635022053, 1261.8045108383526], "[0, 4]": [937.0800892742409, -600, 28.514585156221976, -600], "[5, 1]": [29.91454445551357, 1196.1953826868062, -600, 68.64114558299613], "[5, 7]": [-600, 1280.3500331889338, 1989.006968555986, 1345.5721664193663], "[4, 3]": [573.7009263513729, -600, 1660.7076160950865, 640.0634816211513], "[4, 1]": [695.1521407216122, 1637.4380447909698, -600, 635.7980579115749], "[5, 0]": [276.0640340088808, 561.2265398357493, 1943.244619992726, -600], "[4, 7]": [-600, 1764.5586351054608, 1403.2624318035782, 1236.734299029103], "[0, 5]": [1011.0607307663081, -600, -600, 1698.0387778481152], "[4, 0]": [1272.537928040117, 1409.405262871069, 1763.7082242724728, -600], "[2, 4]": [1537.1625448624607, -600, 125.358407242958, -600], "[1, 5]": [1839.0607411194512, -600, -600, 343.38425111342434], "[2, 5]": [1515.1453013586058, -600, -600, 356.14941022575545], "[2, 9]": [-595.864164070143, 841.9888920717234, -600, 27.666774784443078], "[0, 11]": [-600, -600, 357.037424145278, 1491.929530308802], "[7, 18]": [0, 98.51021057667951, 177.33735087391145, 1953.556505804601], "[1, 39]": [1940.013653371704, 0, 72.9247952417125, 144.58346614851752], "[4, 8]": [-600, 1750.6648232827472, 1208.8712219406561, -600], "[4, 9]": [-600, 1593.25412903324, -600, 134.84334551264774], "[3, 7]": [-600, 1886.3721540352071, 522.0862996821965, 233.13084767706133], "[1, 9]": [-600, -1.1467179356148933, -600, 471.56976800840687], "[5, 8]": [-600, 519.1139630747597, 1902.665608237694, -600], "[2, 8]": [-600, 1575.53305612127, 369.3480823276099, -600], "[6, 9]": [-600, 137.49218178169744, -600, 1571.8704342586402], "[6, 11]": [-600, -600, 1723.3885588255278, 1120.0446523561684], "[3, 32]": [0, 1904.4511059387266, 167.5353123849948, 57.92774627304159], "[6, 2]": [206.40458703367548, 1391.1689573801486, -600, -600], "[5, 5]": [19.06768038368587, -600, -600, 1106.4671265739325], "[4, 11]": [-600, -600, 1506.7178388588836, 332.30907084508203], "[5, 11]": [-600, -600, 1741.0329695183602, 284.4997842008711], "[5, 2]": [24.75145693939583, 1121.7425031559444, -600, -600], "[4, 5]": [1436.3713396602, -600, -600, 126.69771639699005], "[7, 4]": [435.18034902619013, -600, 3.869422531126994, -600], "[6, 5]": [404.96021931965277, -600, -597.7027039826261, 1523.1803838841295], "[5, 25]": [0, 835.7098600784634, 2055.4275829793864, 865.3248555024084], "[1, 2]": [1871.254206935051, 482.21675985750267, -600, -600], "[0, 8]": [-600, 1345.336786770464, 160.5566790836378, -600], "[1, 11]": [-600, -600, 19.333586401645427, 956.8422542449488], "[1, 3]": [1927.9050689899261, -600, 242.2193657632931, 603.3792250944036], "[1, 37]": [2051.591981829285, 841.4508242117695, 0, 881.5002259606329], "[7, 15]": [188.1661755435486, 71.01766515919316, 0, 1936.4536985282696], "[6, 4]": [40.29789490164845, -600, 894.2553756502598, -598.5391477258918], "[3, 8]": [-600, 1757.5149852141974, 360.0402808607473, -600], "[6, 8]": [-600, 445.69880481576774, 1607.505199802806, -597.6934784981573], "[7, 8]": [-600, 49.741825248334976, 1265.597064818597, -600], "[7, 11]": [-600, -600, 450.20816377825383, 1883.8866249196863], "[6, 10]": [-600, 1399.0732975729652, -600, -600], "[6, 13]": [-600, -600, -600, 1660.6337894047435], "[3, 0]": [1280.9234331649175, 1963.153647501336, 1228.5145613645493, -600], "[3, 29]": [800.1609800242682, 2015.262895478574, 753.5360610910317, 0], "[5, 4]": [9.45145808860859, -600, 1534.6091971599599, -600], "[2, 2]": [1090.3343277082083, 1705.8853972786853, -600, -600], "[7, 16]": [857.7777316644623, 0, 828.2904617085452, 2046.6055080509402], "[3, 30]": [141.89277567222044, 1904.2324549707055, 0, 68.16163075448077], "[3, 4]": [606.7657702741251, -600, 4.580194617945635, -600], "[0, 13]": [-600, -600, -600, 1549.7552246286398], "[5, 23]": [66.07693991532895, 0, 1924.9986867542084, 166.9865736766025], "[5, 22]": [73.74690261169025, 155.08127871187358, 1946.9275861658805, 0], "[1, 4]": [1626.134662587825, -598.0833499240199, 14.031659263366825, -600], "[1, 8]": [-600, 1184.2215040475096, 39.05035681056551, -600], "[7, 9]": [-600, 14.249816194780806, -600, 1556.528412037259], "[4, 10]": [-600, 1629.833979048731, -600, -600], "[1, 42]": [703.792809648359, -600, -600, -600], "[2, 11]": [-600, -600, 1333.8254226461183, 143.4679577943241], "[3, 9]": [-600, 1401.0847625989127, -600, 4.115070167618982], "[2, 10]": [-600, 1577.5252709436159, -600, -600], "[5, 9]": [-600, 725.0356634150389, -600, 11.113341301119775], "[1, 40]": [905.4380596634186, 0, 5.425212478592801, -600], "[4, 6]": [1445.7807238970531, -600, -600, -600], "[3, 5]": [984.5738853748628, -600, -600, 14.971784505367435], "[3, 2]": [297.41752474057154, 1705.5858907064028, -600, -600], "[7, 5]": [287.5241061685971, -600, -600, 1768.7876339009265], "[2, 6]": [1644.9759337599169, -600, -600, -600], "[5, 24]": [4.107826830369018, 0, 857.2556705814278, -600], "[6, 12]": [-600, -600, 1575.4329847682322, -600], "[5, 12]": [-600, -600, 1627.34071596679, -600], "[0, 6]": [1632.603173385417, -600, -600, -597.7320624963877], "[1, 36]": [1941.8958144462558, 169.19725868764598, 91.2867154535607, 0], "[1, 38]": [1906.4641963650101, 127.90940387304188, -600, -600], "[3, 11]": [-598.5505402039657, -600, 963.8385552923447, 22.159755484580206], "[3, 34]": [-600, 878.0545032268029, -600, 2.7006770667229225], "[2, 12]": [-600, -600, 1326.626339546526, -600], "[7, 2]": [1236.1586583315423, 24.856258308961646, -600, -600], "[5, 26]": [-600, 113.6842950185256, 1924.9906554116574, -600], "[6, 6]": [1459.3974876386162, -600, -600, -600], "[5, 27]": [-600, -600, 1575.6828795537024, 59.49472065184792], "[4, 12]": [-600, -600, 1665.580079178207, -600], "[7, 20]": [-600, -600, 118.30849121542148, 1879.1937625255462], "[0, 12]": [-600, -600, 1388.4634334862596, -600], "[7, 12]": [-600, -600, 1043.5013897123135, -600], "[7, 17]": [60.437100539808426, -600, -600, 1527.6633725631748], "[3, 12]": [-600, -600, 943.9804593121696, -600], "[7, 19]": [-600, 3.490558003352091, -600, 854.7487361607142], "[3, 6]": [967.3566083131861, -600, -600, -600], "[0, 10]": [-600, 1323.8755386112982, -600, -600],