{"[4, 8]": [-600, 11355.332159341231, 11791.638583516788, -600], "[0, 0]": [11207.887526617375, 11350.742064416489, 11713.756342075394, 0], "[0, 1]": [11938.781935152883, 11633.468671518065, 0, 11720.594055184238], "[1, 3]": [12122.915007990447, 0, 11690.575244864682, 11459.433692608181], "[1, 7]": [-600, 11330.294225472058, 11394.062830810959, 11378.961792341514], "[2, 3]": [11720.42623556414, 0, 11395.14520612181, 11485.708177866458], "[2, 7]": [-600, 11638.321820057927, 11169.320102327876, 11143.291893625934], "[2, 0]": [11399.5366105682, 11827.898795977662, 11316.677114354916, 0], "[2, 1]": [11898.165625735204, 11651.929268547461, 0, 11713.585506546997], "[1, 0]": [11278.80624752707, 11522.650136835295, 11664.637024607771, 0], "[0, 7]": [-600, 11278.539775348221, 11812.883316649786, 11449.966959248455], "[0, 3]": [11829.835617431005, 0, 11685.54251781348, 12047.421440921878], "[7, 1]": [11696.966377040158, 11677.643089067045, 0, 12031.549764570973], "[7, 3]": [11628.677101701329, 0, 11676.833873505824, 12108.30132006305], "[7, 4]": [8672.521948483374, -600, 11024.265167028265, -600], "[6, 5]": [11726.835715248448, -600, -600, 10615.891750565546], "[6, 3]": [11479.201338795268, 0, 11866.08134311108, 11591.645743585806], "[6, 1]": [11422.238805655508, 11403.286067200897, 0, 11812.420501801626], "[6, 4]": [8502.441212243433, -600, 8289.503979848983, -600], "[0, 4]": [8631.734437387344, -600, 9821.231294665235, -600], "[0, 11]": [-600, -600, 11385.549892339668, 11692.551711688517], "[6, 0]": [11425.367657513743, 11392.98808409507, 11928.180066547071, 0], "[6, 7]": [-600, 11323.419129300868, 12007.182456313336, 11509.637062825701], "[6, 9]": [-600, 11378.052781060293, -600, 10126.033337665049], "[5, 11]": [-600, -600, 11949.918933123641, 11325.669347384593], "[4, 11]": [-600, -600, 11693.332168205478, 11285.970168126465], "[4, 7]": [-600, 11492.590846830828, 11832.293179110544, 11592.246234366794], "[4, 0]": [11651.24833402893, 11541.180115558693, 11531.635244712124, 0], "[4, 9]": [-600, 11783.742219557906, 819.0497839773018, 10549.34382996108], "[2, 4]": [9394.632704324826, -600, 11071.464947179831, -600], "[3, 2]": [11802.972942763192, 11763.287138843283, -600, -600], "[3, 0]": [11642.638486575643, 12090.98780857207, 11433.072144437308, 0], "[3, 7]": [-600, 11822.448813433848, 11372.542536650164, 11414.105716746264], "[3, 3]": [11652.05247359988, 0, 11421.193693138155, 11402.463159409002], "[3, 1]": [11541.482768871288, 12008.488137681676, 0, 11631.578889852206], "[4, 1]": [11720.2940398124, 11286.014644282364, 0, 11372.679639184711], "[4, 3]": [11431.648872381855, 0, 11845.142307169619, 11500.739993815827], "[1, 1]": [12092.761745653814, 11657.580773149037, 0, 11487.55844810884], "[7, 0]": [11546.978318165746, 11523.154519355634, 11479.67472865466, 0], "[7, 7]": [-600, 11678.354071765876, 11691.752290406706, 12107.4172051856], "[0, 5]": [11255.587563270792, -600, -600, 12029.712051893213], "[2, 9]": [-600, 8339.004353941109, -600, 10591.917480550346], "[2, 5]": [10945.088653423112, -600, -600, 10736.505744895636], "[2, 2]": [10873.936205971522, 11691.688218842504, -600, -600], "[4, 4]": [8446.302599197536, -600, 11465.873329388192, -600], "[4, 2]": [11571.35373535847, 11290.424827814608, -600, -600], "[0, 9]": [784.5554407231475, 11875.495118018398, -600, 9491.387557622898], "[6, 11]": [-600, -600, 11819.58771508107, 10906.989062251389], "[7, 5]": [11722.518456021293, -600, -600, 11901.564324371357], "[5, 0]": [11483.462435159157, 11482.574562588019, 11879.37004298739, 0], "[5, 7]": [-600, 11411.36796910849, 12061.246462156338, 11635.013829042042], "[5, 3]": [11700.847096100153, 0, 11923.843474905341, 11699.124689984073], "[3, 29]": [11906.900950565876, 12165.08474123468, 11737.890569847556, 0], "[5, 1]": [11324.61815994931, 11233.465259013921, 0, 11720.591852367425], "[3, 8]": [-600, 11308.740479211148, 11399.71005013068, -600], "[2, 8]": [-600, 11642.182506138044, 10723.917870663718, -600], "[1, 4]": [11920.182806603008, -600, 6041.562442164024, -600], "[1, 2]": [11977.487725492965, 11493.448404749914, -600, -600], "[1, 8]": [-600, 11067.597146522488, 11532.40710955706, -600], "[5, 24]": [6150.348709477564, -600, 11691.853741373543, -600], "[3, 32]": [0, 11967.171246770517, 11514.32560753904, 11459.22378958819], "[1, 5]": [12086.89351604382, -600, -600, 11830.720971134255], "[1, 37]": [12119.142904481325, 11433.170070803782, 0, 11218.94316908129], "[6, 8]": [-600, 11625.137452829444, 10541.32612994912, -600], "[3, 30]": [12022.398297689273, 12174.969199580177, 0, 11820.998178293381], "[6, 12]": [-600, -600, 11535.63562001406, -600], "[5, 25]": [0, 11868.102221488913, 12190.872403952899, 11695.187160311089], "[2, 11]": [-600, -600, 10823.135301907427, 9737.101525429069], "[7, 15]": [11919.339562049581, 11876.277346734347, 0, 12263.459603532976], "[7, 16]": [11633.988254118487, 0, 11676.060074304993, 12161.46423602263], "[4, 5]": [11476.083443586633, -600, -600, 10976.969166208899], "[5, 8]": [653.593168692923, 11705.51821675092, 11830.934973979374, -600], "[5, 9]": [-600, 7396.653913584422, -600, 10457.096834740798], "[5, 22]": [12194.910716420554, 12203.351515391105, 12219.458266899928, 0], "[0, 2]": [11871.449994450257, 11661.302043785123, -600, -600], "[0, 8]": [-600, 11411.551927431898, 11311.835073796665, -600], "[7, 11]": [-600, -600, 11526.398915188145, 11934.819628299705], "[6, 2]": [11572.077968420554, 10332.223594566953, -600, -600], "[7, 2]": [11622.08019980773, 10092.928600983225, -600, -600], "[5, 4]": [10025.948812580704, -600, 11195.358912932112, -600], "[5, 2]": [10346.62961753899, 11375.83414242728, -600, -600], "[5, 23]": [11930.853229233915, 0, 11920.820932972463, 11900.884540420877], "[4, 12]": [-600, -600, 9504.444936767404, -600], "[1, 36]": [12002.281545286052, 11599.497946816218, 11126.39751402679, 0], "[3, 4]": [6934.081114424908, 723.1351076796641, 10157.173573141828, -600], "[7, 18]": [0, 11987.885267462721, 11923.396990310557, 12103.63504396355], "[1, 6]": [10497.656773479372, -600, -600, -600], "[1, 10]": [-600, 11613.751064074902, -600, -600], "[7, 13]": [-600, -600, -600, 9885.41397833799], "[4, 10]": [-600, 11704.52637112229, -600, -600], "[1, 9]": [775.1413179151054, 11236.045964892526, -600, 9847.567283127255], "[0, 6]": [11929.101128082442, -600, -600, -600], "[1, 39]": [11981.615789744095, 0, 9691.210927911747, 9068.064256232796], "[2, 13]": [-600, -600, -600, 9474.412878779796], "[3, 5]": [11323.50105694744, -600, -600, 11098.999396454958], "[2, 10]": [-600, 10835.306581136561, -600, -600], "[3, 9]": [-600, 11718.680422341504, -600, 11514.094231629348], "[3, 11]": [-600, -600, 10987.728536480074, 10991.708652382684], "[0, 13]": [-600, -600, -600, 8936.101874273176], "[7, 9]": [-600, 10525.449070310671, -600, 11769.550835740953], "[7, 8]": [-600, 11514.141252887044, 11391.0526417412, -600], "[5, 26]": [-600, 9999.007392677055, 12019.540428246746, -600], "[6, 13]": [-600, -600, -600, 11714.76829004175], "[6, 6]": [10284.109433354617, -600, -600, -600], "[2, 6]": [5904.252329224286, -600, -600, -600], "[1, 40]": [4619.866862875167, -600, 11341.361095779383, -600], "[1, 11]": [-600, -600, 11642.538349139706, 10672.451413089013], "[6, 10]": [-600, 10884.90076245022, 615.977121339067, -600], "[1, 13]": [-600, -600, -600, 11242.383713006839], "[3, 12]": [771.5840182442755, 425.93467151502546, 9743.211513984908, -600], "[4, 6]": [8406.225386962164, -600, -600, 15.140614563625945], "[7, 19]": [-600, 7933.469588375618, -600, 11894.679329467466], "[4, 13]": [-600, -600, 554.4685508524276, 11112.646231733312], "[1, 38]": [11981.948217901352, 4540.885145297276, -600, -600], "[2, 12]": [-600, -600, 9647.805619643594, -600], "[2, 14]": [-600, -600, -600, -600], "[5, 5]": [11540.131322485582, -600, -600, 9461.511937766536], "[3, 33]": [-600, 11996.142292722092, 11748.182139074883, -600], "[3, 34]": [-600, 11929.026291903705, -600, 5513.339129147578], "[3, 31]": [8971.227728026466, 12220.86529900057, 401.8395214053576, -600],