{"[6, 7]": [0, 48.57855940723075, 163.33261976503655, 78.14900270974088], "[6, 0]": [40.86229633377085, -19.36636079433296, -117.63953522837726, -4000], "[7, 7]": [0, -37.17178829733364, 3.6770510134263263, 279.4371301712084], "[7, 3]": [26.569283905496064, -4000, 15.448884126674935, 311.9718401103501], "[7, 16]": [66.33852429980341, 0, 63.7372087838865, 480.79436828598926], "[6, 1]": [57.90344361569355, -57.227168267951456, -4000, -321.7162507211914], "[5, 23]": [62.18080437971709, 0, 507.5660824670356, 116.28363265597093], "[5, 1]": [36.10887939247386, -95.3271575680229, -4000, -127.35571324646145], "[4, 3]": [37.05113216707254, -4000, -201.24095006434428, -151.7194771219338], "[4, 1]": [44.83119013149504, -26.298576250976236, -4000, -71.7975234120989], "[5, 0]": [-6.564269471526505, 23.96831514129043, 298.9029809418109, -4000], "[5, 7]": [0, 72.06707710278914, 272.3312278287667, 9.85937205753469], "[6, 3]": [23.82182284132653, -4000, 159.62966024635585, 56.31969459685112], "[5, 3]": [-11.224157710649727, -4000, 264.6734989344944, 19.843740264573565], "[4, 0]": [29.12241750215294, 75.26870707469178, 149.69858767333884, -4000], "[4, 7]": [0, 139.80760254400923, 176.61635911955608, 37.95898821788823], "[4, 9]": [-4000, 77.09539522940297, -4000, -297.32293759066545], "[4, 8]": [-4000, -37.81441156979198, 87.63360392408272, -4000], "[2, 1]": [191.4483392899518, 9.157953358350778, -4000, 44.71891168918987], "[2, 3]": [-50.050304192134675, -4000, -79.04961437030975, 58.16753849601217], "[2, 4]": [114.68126044537097, -4000, -549.4862328062981, -4000], "[2, 0]": [31.85852580907448, 183.82510587840653, -23.146680014068604, -4000], "[2, 9]": [-4000, -1209.459388447262, -4000, -347.5203583326781], "[2, 5]": [16.163699165942752, -4000, -4000, -342.44635631816976], "[2, 10]": [-4000, -1423.1677039431015, -4000, -4000], "[3, 32]": [0, 484.60939699544593, 120.83589759756416, 57.37931881535567], "[7, 11]": [-4000, -4000, -162.65251400689303, 186.51765209098716], "[6, 5]": [-246.2165182191992, -4000, -4000, -360.28662112342414], "[6, 2]": [-365.9056414653023, -50.54515569316874, -4000, -4000], "[7, 8]": [-4000, 30.25483643340302, -178.55246923082825, -3575.2480248955612], "[7, 0]": [-8.715432166886718, -146.49581828413994, -159.08013432397692, -4000], "[6, 4]": [-715.2079790504432, -4000, -249.51995979301716, -4000], "[2, 7]": [-4000, -74.95052493114596, -120.93745014775769, 28.86339903613496], "[3, 1]": [59.490123941741366, 256.5179925004345, -4000, -1.7106384078874584], "[3, 3]": [-74.21349322179499, -4000, -65.38774882806213, 0.5472286997945242], "[6, 9]": [-4000, 89.32057941597432, -3208.89673698314, -565.3878696117437], "[6, 11]": [-4000, -4000, -23.350531768277843, 120.40818796100214], "[7, 18]": [0, 45.2884188060553, 126.48409699358184, 454.08913481749437], "[0, 7]": [-4000, -60.98862866277229, -2.0415080384289093, 143.78253996898704], "[0, 3]": [-157.3211399798726, -4000, 32.88589230995357, 174.1488459452062], "[0, 1]": [215.0241935705802, -89.08496761790805, -4000, -67.02197412936657], "[1, 39]": [510.2881647242492, 0, 78.52288864237373, 75.33339500478652], "[5, 25]": [0, 56.41747036551466, 524.903527226045, 40.763453623777245], "[0, 8]": [-4000, -25.160221577309965, -424.873968406496, -4000], "[0, 0]": [-65.90873139181421, 19.765636283079633, -91.36706242526736, -4000], "[0, 9]": [-4000, -916.536008444532, -4000, -536.3538745461202], "[0, 2]": [-6.056612633824811, -312.86211722960144, -4000, -4000], "[7, 15]": [89.13633908944018, 75.15997757541065, 0, 514.74410183096], "[6, 8]": [-4000, -269.9216040668642, 114.64727871771592, -4000], "[1, 3]": [267.5625766258381, -4000, -132.04142281055812, 20.25561194266732], "[2, 8]": [-4000, -85.82609396093022, -245.20710285411477, -4000], "[3, 7]": [-4000, 254.39574237080842, 72.01104098901028, -15.176487319823213], "[4, 4]": [22.002879143979346, -4000, -711.3301741227347, -4000], "[3, 2]": [2.9699452638907338, 274.4049241156529, -4000, -4000], "[3, 0]": [35.07549318708891, 287.75569971091204, 26.861337401179767, 0], "[3, 30]": [125.06061856055761, 501.1965209076722, 0, 83.54856048005371], "[2, 11]": [-4000, -4000, 2.4432953165985447, -516.6630037479545], "[2, 2]": [166.44766482607733, -287.87874980739457, -4000, -4000], "[7, 1]": [34.116434834907636, -1.4332530699718804, -4000, 321.26323939532756], "[0, 5]": [83.68306638087873, -4000, -4000, -123.63528212616063], "[1, 0]": [264.66479048530687, 74.19997445342528, -57.33137101584139, -4000], "[1, 1]": [284.4467328683523, 10.068554815618187, 0, 70.5125315094806], "[3, 9]": [-4000, 274.14478373334765, -4000, -283.4379244857584], "[3, 33]": [-4000, 506.81225045889016, 174.64802848598367, -4000], "[1, 7]": [-4000, -66.50772185755827, -178.51302001721052, -152.87083423652945], "[1, 2]": [275.8919149979885, -0.7274141422719662, -4000, -4000], "[1, 37]": [497.19989427515463, -45.232622569601595, 0, 82.36781194000162], "[0, 4]": [-833.294845045326, -4000, 31.314783464242943, -4000], "[0, 11]": [-4000, -4000, -408.4385576226754, 52.567831317602156], "[3, 8]": [-4000, 277.42134452131415, 6.060095377882297, -4000], "[5, 11]": [-4000, -4000, 264.3187072849298, 40.25977028241238], "[5, 22]": [-30.01984569205605, 113.27228646556938, 508.42338839061375, 0], "[3, 29]": [52.30223441273801, 478.53441239546936, 24.96849503165472, 0], "[1, 36]": [531.8473515659618, 105.82536134308093, 13.005469031009929, 0], "[7, 5]": [73.23407907260696, -4000, -4000, 297.3171123505299], "[4, 2]": [33.359326710966826, -121.68261400292225, -4000, -4000], "[3, 5]": [-240.52477260994112, -4000, -4000, -10.637651399426876], "[4, 13]": [-4000, -4000, -4000, -139.48049871226723], "[4, 11]": [-4000, -4000, 105.2030784534358, -532.1933284317195], "[7, 9]": [-4000, -202.24777321771106, -3593.839406196484, 131.73646266952446], "[7, 4]": [-1112.6405540528351, -4000, -23.917713071958534, -4000], "[6, 13]": [-4000, -4000, -4000, -561.0156615258312], "[1, 8]": [-4000, -224.09368855982055, -120.16566435598112, -4000], "[5, 9]": [-4000, 29.52681711768454, -4000, -1034.8444526048704], "[5, 4]": [-336.49344906155727, -3204.300204046054, 97.58938690447756, -4000], "[3, 31]": [140.00594321045148, 476.2716508106621, -4000, -4000], "[2, 12]": [-3601.429086618886, -4000, -1229.458179091882, -4000], "[1, 4]": [265.66261690942946, -4000, -283.00167569425395, -4000], "[1, 10]": [-4000, -100.19427450278958, -4000, -4000], "[1, 41]": [475.0981150586933, -4000, -4000, 154.09941532224482], "[0, 6]": [-2023.1108987807715, -4000, -4000, -4000], "[1, 9]": [-4000, -977.9116701749668, -4000, -275.86787899877066], "[4, 10]": [-4000, 58.97606122157, -4000, -4000], "[3, 11]": [-4000, -4000, -126.01868354700788, -135.67179763517876], "[7, 2]": [9.804753483373634, -62.320432608157475, -4000, -4000], "[2, 6]": [-528.7656952299685, -4000, -4000, -4000], "[6, 10]": [-4000, 47.39571589107542, -3595.5650537317424, -4000], "[1, 40]": [489.271568900022, 0, 98.78690697957757, -4000], "[5, 8]": [-4000, 89.91039496771072, -23.109538636709352, -4000], "[6, 12]": [-4000, -4000, 73.90127723935335, -4000], "[3, 4]": [-5.369683772063146, -4000, -885.8439742824376, -4000], "[5, 2]": [3.372669035965805, -261.82028567611746, -4000, -4000], "[4, 5]": [1.0825526944232262, -4000, -4000, -415.6318084275385], "[5, 5]": [18.723084719026193, -4000, -4000, -165.40854477253046], "[0, 13]": [-4000, -4000, -4000, -34.423890057295935], "[1, 5]": [258.69219482179886, -4000, -4000, 22.360573044739503], "[7, 20]": [-4000, -3599.8454121236923, 123.5423909874633, 325.78365872745917], "[5, 13]": [-4000, -4000, -4000, -311.0638537724866], "[1, 38]": [453.624702653696, 135.70031547694762, -4000, -4000], "[0, 12]": [-3667.943411180702, -4000, -14.475745954783168, -4000], "[4, 12]": [-4000, -3588.9058042312545, -748.2849197465553, -4000], "[1, 6]": [190.17620878502245, -4000, -4000, -4000], "[0, 10]": [-4000, -413.18530012545614, -4000, -4000], "[6, 6]": [-386.04666305251084, -4000, -4000, -4000], "[4, 6]": [-1154.3295793891832, -4000, -4000, -4000],