{"[6, 7]": [0, -4.091949013396372, 11.112880811358078, 147.4826659148825], "[6, 0]": [25.292712709424308, -92.54432437828808, -267.17754793981874, -4000], "[7, 7]": [0, -32.0918619803786, 45.12822722233713, 312.1286468654433], "[7, 3]": [1.094370211534958, -4000, -4.805979627773702, 281.1143991722195], "[7, 16]": [54.49960097801866, 0, 62.48198168168928, 478.16511335213926], "[6, 1]": [11.258860307475906, -60.05548772641048, -4000, -22.448561487836333], "[5, 23]": [75.71618842379648, 0, 535.0338770240795, 125.02629284096466], "[5, 1]": [13.90904372522647, -86.69126670225117, -4000, -300.0546053032204], "[4, 3]": [-66.46251348054994, -4000, -253.86593365163344, 26.54423573659786], "[4, 1]": [-34.335933832645296, 144.9249372118594, -4000, 5.232276994519239], "[5, 0]": [-52.470666998810735, 73.74164994537252, 267.79464109636325, 0], "[5, 7]": [0, 11.729368326778355, 327.91796326660364, 23.506308780358342], "[6, 3]": [-100.42186500256376, 0, 180.6435810407877, 46.3748579420127], "[5, 3]": [-9.518175438292708, 0, 288.3489778396149, 89.14279662564456], "[4, 0]": [71.37086954399864, 209.63278559520637, 86.36160120572126, 0], "[4, 7]": [0, 145.81861927338525, 116.57288473584906, 67.38368425433862], "[4, 9]": [-4000, -212.5615479490465, -4000, -637.9987242510578], "[4, 8]": [-4000, 71.50769231287666, -206.23163958362676, -4000], "[2, 1]": [-62.30410037600497, 161.03052087230947, 0, 41.733444266287734], "[2, 3]": [-118.53326433166077, -4000, 14.59928623107348, 82.16249366597795], "[2, 4]": [163.36056795678607, -4000, -707.4656579841338, -4000], "[2, 0]": [-28.954674370035207, 188.92966059651977, -36.92102918421994, -4000], "[2, 9]": [-4000, -354.7215626608564, -4000, -19.421076355023455], "[2, 5]": [-23.91561344677996, -4000, -4000, -307.765216019578], "[2, 10]": [-4000, -36.96643582678831, -4000, -4000], "[3, 32]": [0, 498.9860128487358, 76.50688478222689, 37.48537904742149], "[7, 11]": [-4000, -4000, 49.998259438314314, 257.6261879779211], "[6, 5]": [-553.6852412086979, -4000, -4000, -152.13091869274086], "[6, 2]": [5.851609934650908, -281.8884772000103, -4000, -4000], "[7, 8]": [-4000, -131.4825225805693, 18.424719090801716, -4000], "[7, 0]": [-63.73576607019206, -73.0889755307021, 78.02542337066063, -4000], "[6, 4]": [-980.1522944460414, -4000, 59.68015471655612, -4000], "[2, 7]": [-4000, 105.70378313209625, -20.765868470993137, -48.830195660218955], "[3, 1]": [58.37334542954107, 235.3588286904748, 0, -16.56860658231689], "[3, 3]": [-26.091322405374047, -4000, 16.293632304034404, -31.069072038187866], "[6, 9]": [-4000, -20.80525777461697, -4000, -690.5529785842043], "[6, 11]": [-4000, -4000, 57.70005101312789, -77.27387959802836], "[7, 18]": [0, 56.30589842831821, 107.14678244490571, 491.3835111214552], "[0, 7]": [-4000, -50.68096439850842, -58.509624813541286, 31.511549529830315], "[0, 3]": [153.65923156266717, -4000, 56.875003792702124, 73.72713806592972], "[0, 1]": [192.16588840342834, 1.8380346043728997, 0, 75.24747629601339], "[1, 39]": [501.00600748397585, 0, 45.40604806409408, 143.29845886502326], "[5, 25]": [0, 68.3141871443791, 488.2709648573158, 79.36904208100815], "[0, 8]": [-4000, -376.29872263991575, 21.295016851396113, -4000], "[0, 0]": [-75.67868745332282, -76.77905343021997, 28.159317447226222, -4000], "[0, 9]": [-4000, -537.7910385165304, -4000, -71.4682460448223], "[0, 2]": [30.947358870013158, -271.52772700228127, -3797.2422276282787, -4000], "[7, 15]": [98.2951520135205, 44.05776590153896, 0, 489.9024097111313], "[6, 8]": [-4000, 3.749155386200222, -268.8524741386115, -4000], "[1, 3]": [-23.32584633404892, 0, -58.16839710294998, 61.985419413334434], "[2, 8]": [-4000, -380.5087259442507, -71.65410017190689, -4000], "[3, 7]": [-4000, 265.4902339604563, 58.93095028959046, 26.19622838007636], "[4, 4]": [68.53028437682156, -4000, -872.1089564440783, -4000], "[3, 2]": [24.100070014125116, 248.43658919885493, -3586.1950974200968, -4000], "[3, 0]": [68.3023406485917, 261.32008867724846, 43.800034486518804, 0], "[3, 30]": [130.23292906299224, 456.17345853684276, 0, 103.12406445277695], "[2, 11]": [-4000, -4000, -17.635454298143188, -343.50779000400354], "[2, 2]": [145.7591137753054, -13.629919523098831, -4000, -4000], "[7, 1]": [51.16820419973652, 1.3120696116793447, -4000, 318.3880559516567], "[0, 5]": [-215.1992320134391, -4000, -4000, 110.56879735041115], "[1, 0]": [258.65651566945223, 72.4213670149195, 38.61958142093496, 0], "[1, 1]": [331.76856696659524, 60.5189607835015, 0, 83.41242294372742], "[3, 9]": [-4000, 229.35619429314178, -4000, 47.550244794479994], "[3, 33]": [-4000, 481.8789152579299, 139.7371505819285, -4000], "[1, 7]": [-4000, -29.419638881573064, -20.90730058701319, 66.6246556942365], "[1, 2]": [-110.87153489412049, 32.862390896971654, -4000, -4000], "[1, 37]": [523.9911139514139, 81.02774035778452, 0, 59.67772757784256], "[0, 4]": [-533.4104077624064, -4000, -741.9273209603218, -4000], "[0, 11]": [-4000, -4000, -189.8909990230066, -84.85092750258985], "[3, 8]": [-4000, 261.1298632214697, 17.667041963849158, -4000], "[5, 11]": [-4000, -4000, 277.7067601288451, 53.200432928426416], "[5, 22]": [72.17477268024336, 71.97843966001565, 522.2552928670918, 0], "[3, 29]": [87.28368749646799, 469.9414145565248, 48.731345944543996, 0], "[1, 36]": [501.8072228761284, 68.59437250146294, 39.69008499414272, 0], "[7, 5]": [-5.614850954534399, -4000, -4000, 281.12250583674535], "[4, 2]": [-42.03709320798008, 91.8780880447738, -4000, -4000], "[3, 5]": [-70.49883920545761, -4000, -4000, 7.189544393645448], "[4, 13]": [-4000, -4000, -4000, -485.67615506409265], "[4, 11]": [-4000, -4000, 101.5513673288568, -78.3780353322015], "[7, 9]": [-4000, -333.224363966654, -3603.3633846428497, 266.4554701553686], "[7, 4]": [-218.76148967293304, -4000, -828.657763948667, -4000], "[6, 13]": [-4000, -4000, -4000, -623.0016668178569], "[1, 8]": [-4000, 8.580506023719854, -215.5589539621567, -4000], "[5, 9]": [-4000, 22.460784329223642, -4000, -922.6083962644982], "[5, 4]": [-360.1397455657044, -4000, 181.00610905562505, -4000], "[3, 31]": [189.5497728291752, 493.74115545876873, -4000, -4000], "[2, 12]": [-4000, -4000, -180.2711368896201, -4000], "[1, 4]": [54.656350947791175, -4000, -550.115539899018, -4000], "[1, 10]": [-4000, -230.4486092915996, -4000, -4000], "[1, 41]": [407.2974327293747, -3214.3507660793794, -4000, 164.92700994494766], "[0, 6]": [-717.0110040839224, -4000, -4000, -4000], "[1, 9]": [-4000, -1146.1171253248083, -4000, -879.031940022], "[4, 10]": [-4000, -321.6824679716302, -4000, -4000], "[3, 11]": [-4000, -4000, 19.583060475946915, -86.96421274744534], "[7, 2]": [-38.54206260858477, -89.08748147491238, -4000, -4000], "[2, 6]": [110.89956408346839, -4000, -4000, -4000], "[6, 10]": [-4000, 2.4696902069567717, -4000, -4000], "[1, 40]": [463.910803933286, 0, -114.39324863540352, -4000], "[5, 8]": [-4000, 65.50855733300627, -81.74172747676334, -4000], "[6, 12]": [-4000, -4000, 98.7777554727764, -4000], "[3, 4]": [29.952715968350972, -4000, -779.5600936532624, -4000], "[5, 2]": [4.872366827246009, -205.06147740508771, -4000, -4000], "[4, 5]": [-148.32439986012744, -4000, -4000, -324.3280122315164], "[5, 5]": [-20.527797871650442, -4000, -4000, -161.54085915659644], "[0, 13]": [-4000, -4000, -4000, 1.883333302812476], "[1, 5]": [-75.11699278163442, -4000, -4000, 61.035103007519155], "[7, 20]": [-4000, -4000, 105.9430617151902, 477.23783379448184], "[5, 13]": [-4000, -4000, -4000, -321.7740930002978], "[1, 38]": [489.2338913944146, 117.38544423990095, -4000, -4000], "[0, 12]": [-4000, -4000, -835.5844733211133, -4000], "[4, 12]": [-4000, -4000, 46.610472586399496, -4000], "[1, 6]": [48.324707434412524, -4000, -4000, -3595.931599940126], "[0, 10]": [-4000, -531.6702658426248, -4000, -4000], "[6, 6]": [-743.9207336229613, -4000, -4000, -4000], "[4, 6]": [67.2817882445765, -3595.797872190422, -4000, -4000], "[1, 11]": [-4000, -4000, -162.64193921639944, 2.792137138162527], "[3, 10]": [-4000, 243.86708265062342, -4000, -4000],