{"[4, 8]": [-600, 10862.071226073713, 10835.117269496866, -600], "[2, 7]": [0, 10767.302170148612, 10457.20030965788, 10464.868839056031], "[2, 3]": [10070.808479643572, 0, 10098.822505870923, 10508.918525805628], "[2, 1]": [10995.670336591882, 10800.80526362169, 0, 10830.832118662658], "[2, 0]": [10786.406107298635, 10667.76449338611, 10629.4534935223, 0], "[2, 9]": [2014.1202675302702, 10388.289050494077, -600, 9087.430634597613], "[2, 2]": [9783.807845150714, 10516.452602816702, -600, -600], "[2, 5]": [10905.693671099598, 1897.297445564937, -600, 10622.727745322334], "[1, 0]": [10667.927779053312, 10356.05396916388, 10449.45461607284, 0], "[1, 9]": [-600, 9530.506869719775, -600, 7930.325752148636], "[6, 1]": [10663.071754522642, 10345.691790238141, 0, 10198.767388508302], "[6, 0]": [10578.434368559036, 10552.834993159517, 10688.002169336343, 0], "[6, 7]": [0, 10579.188135936876, 10665.25382198064, 10330.306754483554], "[6, 4]": [9215.532550628732, -600, 8480.682963157067, -600], "[7, 11]": [-600, -600, 10255.756417787108, 10936.42597545785], "[7, 3]": [10434.45045810771, 0, 10395.31623331062, 10957.86373654223], "[0, 7]": [0, 10009.793581478254, 9952.763695379126, 10126.496921001932], "[0, 3]": [10236.497596268382, 0, 10204.385007128545, 10442.617938643376], "[1, 39]": [10331.802645218815, 0, 10459.185319352455, 10484.71014710834], "[2, 4]": [9709.346467998763, -600, 10507.913458958636, -600], "[6, 3]": [10737.283906414532, 0, 10745.343129525298, 10723.039226683773], "[6, 5]": [9191.32539546132, -600, -600, 9692.184857481454], "[1, 3]": [10609.973918078918, 0, 10521.73466888229, 10611.027587092422], "[1, 7]": [0, 10244.909989930078, 10221.451999639283, 10420.614819783443], "[0, 0]": [10616.567707311753, 10194.46154996501, 10098.522283079317, 0], "[0, 9]": [-600, 9999.498033493983, -600, 8425.522690116326], "[5, 11]": [-600, -600, 10121.207719934777, 10573.447966649806], "[4, 11]": [-600, -600, 10521.464997923604, 10835.656957084655], "[3, 1]": [11019.490456976664, 11053.130757711735, 0, 11000.091078948524], "[4, 1]": [10924.06177955021, 10803.449682488446, 0, 10679.840313436063], "[4, 4]": [9356.095344232901, -600, 10874.060253097336, -600], "[1, 37]": [10104.935953444932, 10295.231168331531, 0, 10333.377423542031], "[3, 30]": [10948.794485610533, 10516.76804880663, 0, 10765.679464475017], "[0, 2]": [10421.902310623911, 10077.718088834989, -600, 48.54047269528246], "[0, 1]": [10580.274958658742, 10361.407465871935, 0, 10316.456143119938], "[0, 5]": [9798.960641617154, 561.226822108986, -600, 10561.904386434919], "[0, 11]": [-600, -600, 9934.925170516563, 10135.436075142576], "[0, 8]": [-600, 9941.487229555005, 10131.6321630929, -600], "[7, 1]": [10658.214092353084, 10573.744358436288, 0, 10628.656140266436], "[7, 0]": [10608.143905241875, 10448.745678461308, 10421.001044642402, 0], "[6, 9]": [-600, 9775.774095678134, -600, 10683.381793371816], "[6, 8]": [-600, 10328.391954191788, 10603.916822252137, -600], "[6, 12]": [-600, -600, 8842.44189814886, -600], "[1, 1]": [10587.110047476104, 10308.97100669555, 0, 10593.718959413458], "[2, 8]": [-600, 9651.718188851159, 10494.500055573393, -600], "[5, 0]": [10779.187523784321, 10733.750941672717, 10957.349662630564, 0], "[5, 3]": [10897.353164917467, 0, 11000.59245464694, 10951.485678238534], "[5, 1]": [10324.709542832956, 10364.734292914194, 0, 10716.903682568865], "[5, 9]": [-600, 8854.046990500801, -600, 10291.000941178065], "[6, 11]": [-600, -600, 10489.656258580471, 10525.901095669069], "[5, 24]": [9735.604341996146, -600, 9104.58852599503, -600], "[5, 10]": [-600, 10360.187481379622, -600, -600], "[5, 12]": [-600, -600, 10825.024714984858, -600], "[5, 26]": [-600, 10780.402992279613, 10861.266973754327, -600], "[4, 0]": [10806.378376923887, 10983.573942620704, 10841.480723372815, 0], "[4, 2]": [10237.302750734487, 9928.838948870614, -600, -600], "[4, 6]": [7486.899704157021, -600, -600, 633.4488752882819], "[4, 10]": [-600, 8520.046763863324, -600, -600], "[7, 7]": [0, 10794.402417240039, 10739.078116685445, 10906.571620358902], "[1, 8]": [-600, 9921.88990210548, 10065.792451476704, -600], "[1, 10]": [-600, 10191.532571937994, -600, -600], "[3, 3]": [10136.904403265371, 0, 10388.269617798287, 10233.685226307934], "[2, 10]": [-600, 10419.027383613322, -600, -600], "[7, 16]": [10580.799285202249, 0, 10584.614311053825, 11028.191067698172], "[6, 6]": [6463.262286063496, -600, -600, -600], "[4, 9]": [-600, 10886.309828490123, -600, 9635.703416109429], "[4, 12]": [-600, -600, 10872.462877973163, -600], "[7, 15]": [10652.841497977774, 10385.796835204957, 0, 10114.222509534968], "[2, 11]": [-600, -600, 9967.715720195414, 10371.78855260611], "[0, 4]": [7813.179586169938, -600, 9813.159925315327, -600], "[0, 13]": [649.0171537103606, -600, -600, 9576.311524774312], "[4, 3]": [10764.163960298813, 0, 10729.173512587973, 10880.358584528864], "[4, 7]": [0, 10771.850134674181, 10808.45715324241, 10864.448287190497], "[5, 22]": [10642.43842690722, 10648.38400556764, 11093.116426228637, 0], "[7, 4]": [8744.725531114518, -600, 9810.408424756004, -600], "[7, 5]": [10765.195698496298, -600, -600, 10867.094563733915], "[5, 25]": [0, 10883.198758428818, 11014.390921471826, 10886.859198071612], "[5, 4]": [10404.805457615708, 0, 11041.607900954801, -600], "[5, 8]": [-600, 10811.33964227945, 10986.429253772272, -600], "[5, 23]": [10843.82017000076, 0, 10127.806841682326, 10934.447904107055], "[5, 7]": [0, 10782.426398591428, 10914.549839687126, 10677.11863456602], "[3, 29]": [10932.947924706703, 10749.892645585962, 10901.791100827455, 0], "[0, 6]": [8935.95792888814, -600, -600, -600], "[1, 2]": [9980.986150719385, 10485.036367391394, -600, -600], "[3, 9]": [-600, 10775.027682087251, -600, 10715.288737387995], "[3, 8]": [-600, 10815.944094954357, 10651.540428053237, -600], "[1, 36]": [9924.666897805408, 10396.91967045202, 10156.724422347674, 0], "[7, 21]": [-600, -600, -600, 7486.058055126233], "[6, 13]": [-600, -600, -600, 9976.621430919777], "[3, 34]": [-600, 10933.197383559955, -600, 10129.29738394363], "[3, 11]": [-600, 623.9992367349366, 10424.563637646494, 10481.191034312062], "[3, 10]": [-600, 10129.323142132085, -600, -600], "[1, 5]": [10699.522020485208, 591.3109573607969, -600, 10686.531362261763], "[3, 33]": [-600, 10665.470698809337, 10523.868065318708, -600], "[1, 38]": [11043.714392344926, 10158.25915943329, -600, -600], "[3, 0]": [10881.649586752352, 10952.041707357317, 10809.543371522217, 0], "[3, 2]": [11006.385297941522, 11052.845435025793, -600, -600], "[3, 32]": [0, 10260.476642251282, 10513.766217055916, 10468.235982094748], "[7, 9]": [-600, 10737.543335744918, -600, 10903.702673836278], "[7, 8]": [-600, 10107.966499912229, 10350.410527011705, -600], "[3, 7]": [0, 11094.416705690996, 10993.566018556401, 10969.330185938034], "[7, 20]": [-600, -600, 10830.114562125164, 10974.234531539067], "[2, 6]": [8829.072997442936, 661.4628876978625, -600, -600], "[7, 18]": [0, 10233.372039444706, 10275.304074316806, 10187.351631306634], "[0, 12]": [-600, -600, 8378.336806193689, -600], "[3, 4]": [9039.912027399629, -600, 10033.902257403885, -600], "[6, 2]": [10500.21114703754, 10005.827539063981, -600, -600], "[5, 5]": [10754.614472401381, 470.8536494654529, -600, 10805.88573487487], "[1, 4]": [9638.35454860465, -600, 10164.560697280089, -600], "[6, 10]": [-600, 9031.735380002196, -600, -600], "[3, 12]": [-600, -600, 10298.099656182447, -600], "[4, 14]": [-600, -600, -600, -600], "[7, 17]": [10645.27744529654, -600, 1205.04368158236, 10602.113664250664], "[4, 5]": [10341.553309505663, -600, 270.95302709478756, 10271.252197078646], "[7, 12]": [-600, -600, 8873.410735336402, -600], "[3, 31]": [10653.402837000905, 10970.32628036026, -600, -600], "[3, 5]": [10886.681426481799, -600, -600, 11205.315897224014], "[2, 13]": [-600, -600, -600, 8637.082015258526], "[7, 19]": [-600, 9824.77239091082, 0, 10838.063484615072], "[5, 2]": [10651.128225514594, 10680.544183277574, 1859.2218024852607, 721.6318711849542],