{"[6, 0]": [12832.895415059798, 12689.611011328298, 12660.076654991823, -600], "[6, 7]": [-600, 12731.998062546372, 13008.288203779268, 13146.775238306185], "[6, 3]": [12882.759778017304, -600, 12823.32445081494, 13171.956407982248], "[6, 1]": [12868.184215073987, 12568.854557327262, -600, 12460.310127173485], "[6, 4]": [11575.922079653352, -600, 10375.673089451395, -600], "[0, 3]": [12939.617819125382, -600, 12894.981277532794, 12941.778314107072], "[0, 7]": [-600, 12346.807259266008, 12303.98332198133, 12301.596144729849], "[0, 1]": [12834.427095318093, 12630.09928159165, -600, 12898.359551379175], "[0, 0]": [12826.407175225751, 12561.54384631864, 12478.90610764067, -600], "[1, 3]": [13219.954144276415, 0, 13131.115946629285, 13106.055186652331], "[1, 7]": [0, 12883.170434883343, 12895.234716928617, 12923.035888415101], "[2, 3]": [11791.938212089028, -600, 12987.66336473093, 12678.013601363939], "[2, 1]": [12907.483688256245, 11759.365254614248, -600, 12794.830563156058], "[2, 0]": [13027.758642311042, 13069.500256543664, 12985.78859812417, -600], "[1, 0]": [13179.581191348987, 12915.495102604544, 13095.216661832183, -600], "[2, 7]": [-600, 12987.568440024363, 12804.398430295856, 12706.85968792628], "[1, 1]": [13169.88088262363, 12331.661673950828, 0, 12918.29436063266], "[0, 9]": [-600, 11104.460356742386, -600, 9082.087159969436], "[6, 9]": [-600, 10550.78193161181, 747.6380785259764, 12858.24718576425], "[6, 8]": [-600, 11888.650936998318, 12382.934534088678, -600], "[0, 4]": [10508.304629373499, -600, 11446.822988978573, -600], "[0, 11]": [900.6247067018642, -600, 12499.63750246123, 12345.667848199133], "[0, 5]": [12868.549994734463, -600, -600, 11837.355291659771], "[7, 1]": [12903.56585787226, 12810.490090783607, 0, 13032.10214033603], "[7, 16]": [13032.105430235557, 0, 12957.187227704935, 13253.555324464553], "[3, 1]": [13020.08515886331, 13150.247009963477, 0, 12941.584256591757], "[4, 1]": [12712.584226450675, 12893.942138631739, -600, 12709.914883897172], "[4, 0]": [12881.390291741198, 12868.2370522406, 13075.81249790644, -600], "[4, 7]": [-600, 12885.718239243011, 13063.375579088544, 12808.440198229897], "[3, 7]": [0, 13156.691337393477, 12969.36098343581, 12706.934454843857], "[3, 3]": [12905.536912533347, -600, 12869.985549945577, 12762.060137314074], "[1, 39]": [13376.848107405081, 0, 13322.297390914757, 13291.78254768658], "[6, 11]": [-600, -600, 11791.909097754544, 12750.531215919927], "[7, 7]": [0, 12868.697412808122, 12856.558423727474, 12953.93689887003], "[7, 0]": [12797.044666073853, 12640.432605065149, 12681.041568210285, -600], "[6, 2]": [12308.440600043858, 12445.292980900393, 797.5601797180561, -600], "[6, 5]": [12866.508294799465, -600, -600, 12308.88424864362], "[7, 3]": [12861.306915443918, 0, 12618.633554039046, 13112.101931357241], "[2, 4]": [12943.022453806288, -600, 10835.906970440199, -600], "[2, 9]": [1232.607618825782, 11334.263882334293, -600, 11518.315431466217], "[2, 2]": [13071.416041707125, 13077.67961875693, -600, -600], "[4, 3]": [12740.414839113162, -600, 12909.516918923555, 12720.286143515705], "[4, 9]": [-600, 12981.84032910066, -600, 12083.106124274907], "[4, 11]": [-600, -600, 12806.432262513725, 12408.102932675065], "[2, 8]": [-600, 13051.674673381458, 12907.851361953723, -600], "[4, 4]": [11181.101104102465, 2800.906081076503, 10670.860142982094, -600], "[4, 2]": [12001.876809622156, 12320.885902808468, -600, -600], "[5, 3]": [13001.333562508571, 0, 13270.15485216297, 12945.668972446118], "[5, 0]": [13118.658333063542, 13094.152791797103, 13219.788426251065, -600], "[5, 1]": [12686.794722069366, 12702.424314109074, -600, 12468.539106963242], "[5, 7]": [-600, 12641.312898918382, 13249.647651693513, 12716.742554431254], "[3, 0]": [12873.544303774745, 13155.069435407207, 12954.440022416818, 0], "[0, 2]": [12785.07127197514, 12515.258155093908, -600, -600], "[2, 5]": [12511.08598254529, -600, -600, 12310.37774438614], "[4, 10]": [-600, 12791.382582775641, -600, -600], "[4, 8]": [-600, 12844.792498055376, 13037.644623508968, -600], "[5, 8]": [-600, 12931.02278079081, 13339.305846539926, -600], "[6, 13]": [-600, -600, -600, 12956.847663724859], "[3, 29]": [13157.733643291043, 13246.988918469608, 13195.721154369, 0], "[5, 11]": [-600, 761.2202677810074, 13157.39465302652, 13055.709081617266], "[0, 13]": [746.3820804823008, -600, -600, 12629.604162605581], "[5, 25]": [0, 12855.111497863938, 13405.405694944491, 12944.386078483214], "[2, 6]": [12580.462456498264, -600, -600, -600], "[5, 4]": [12458.007779311689, -600, 13257.11951809606, -600], "[7, 11]": [-600, -600, 12779.587804204484, 12961.108713129857], "[7, 4]": [12281.841010945454, -600, 10159.4827509724, -600], "[7, 9]": [-600, 12241.115296636166, 0, 12991.013330133444], "[7, 5]": [12830.247211474063, -600, -600, 12879.49202816192], "[5, 23]": [13345.17867801379, 0, 13397.006960081182, 13358.084244296202], "[3, 32]": [0, 13376.37655239604, 13194.604932463428, 13260.978665398909], "[3, 30]": [13301.905320724129, 13327.078894613067, 0, 13334.315822233526], "[2, 10]": [-600, 12386.598020741101, -600, -600], "[7, 18]": [0, 13135.107708639684, 13220.084861829422, 13105.395274815244], "[5, 22]": [13203.152841009949, 13214.94286743724, 13251.342995906465, 0], "[1, 9]": [-600, 12683.710359495388, -600, 12013.084485727639], "[1, 37]": [13302.609836145883, 13149.753398894727, 0, 13182.764776119384], "[5, 9]": [-600, 11904.173394129028, -600, 11219.743924011731], "[3, 2]": [12977.236095964812, 13021.576650547624, -600, -600], "[3, 4]": [11520.891395687091, -600, 10566.953915047607, -600], "[1, 36]": [13268.524416947197, 13260.667577438137, 13250.562312180371, 0], "[7, 15]": [13211.246125677251, 13254.055298038853, 0, 13365.20697557892], "[0, 6]": [10730.776986406403, -600, -600, -600], "[4, 5]": [11563.71084357872, -600, -600, 11984.455324444383], "[2, 11]": [-600, -600, 12961.02693729235, 12552.500631517923], "[3, 5]": [11629.950810723158, -600, -600, 12809.283107510548], "[3, 11]": [-600, 960.0573711982167, 12794.185748056823, 12603.665396784421], "[1, 2]": [13212.613030659464, 13079.974223140987, -600, -600], "[2, 13]": [-600, -600, -600, 12795.62838055456], "[4, 6]": [10158.78768133787, -600, -600, -600], "[7, 2]": [12514.185213537201, 12685.443359537137, -600, -600], "[0, 8]": [-600, 12465.630535943947, 12552.003377125147, -600], "[1, 5]": [12164.79857140203, -600, -600, 12861.860425049836], "[7, 8]": [-600, 12531.721947338363, 12537.61288917284, -600], "[1, 4]": [13240.86910439614, -600, 11967.939817175722, -600], "[0, 12]": [-600, -600, 9381.508950762522, -600], "[3, 9]": [-600, 12257.257761240271, -600, 12679.053557108757], "[3, 12]": [-600, -600, 12600.798080114913, -600], "[6, 10]": [-600, 11881.858239083049, -600, -600], "[4, 12]": [-600, 792.7037866624416, 11277.316417435288, -600], "[1, 8]": [-600, 12727.50544952594, 12787.466897508846, -600], "[1, 11]": [-600, 998.6314052568982, 13270.791495139203, 13274.391652823291], "[5, 13]": [-600, -600, -600, 12632.479504672563], "[5, 2]": [12698.6563525693, 12257.953566339338, -600, -600], "[2, 12]": [-600, -600, 11866.360526495126, -600], "[7, 13]": [-600, -600, -600, 13245.869734503796], "[3, 8]": [-600, 13153.936511175141, 13004.290679898964, -600], "[5, 5]": [13115.278098408964, -600, -600, 13103.435514203255], "[3, 10]": [-600, 13485.447385588688, -600, -600], "[5, 24]": [13115.275835758184, -600, 13270.960571275018, -600], "[3, 31]": [13802.898629850975, 13724.12881238387, -600, -600], "[5, 27]": [-600, -600, 13392.992098429675, 13153.291372122421], "[6, 12]": [-600, -600, 8434.200893912348, -600], "[6, 6]": [7453.354554849245, -600, -600, -600], "[7, 19]": [-600, 12498.124671028456, 0, 11720.553244466766], "[1, 38]": [13271.373835602664, 13229.223609922343, -600, -600], "[1, 12]": [-600, -600, 12757.845192841643, -600], "[1, 40]": [12156.231424349073, 1663.5757364785409, 12988.354582622991, -600], "[4, 13]": [-600, -600, -600, 9208.948908399938], "[1, 10]": [-600, 12164.662271060988, -600, -600],