{"[5, 1]": [-0.7528451514219496, 23.19590616540957, -600, 353.62028951121096], "[6, 0]": [240.38889479464706, 287.5441589882468, 766.5807335110259, -600], "[6, 7]": [-600, 516.8705187516814, 640.7958611527342, 868.5422977349322], "[6, 1]": [265.84708515541513, 213.34437780365906, -600, 782.4830771521749], "[6, 3]": [511.662046506964, -600, 869.7590384072178, 644.4396629472362], "[6, 9]": [-600, 24.277895958170955, -600, 592.876980419106], "[6, 8]": [-600, 140.8306119622492, 737.9149822661396, -600], "[4, 9]": [-600, 600.347554918196, -600, 31.475433499420415], "[4, 8]": [-600, 886.4982262419792, 508.61143749477714, -600], "[4, 7]": [-600, 899.7159173220222, 668.926030282465, 531.5467371913817], "[4, 0]": [526.7678406314004, 670.6289743819622, 892.7860746626287, -600], "[4, 11]": [-600, -600, 747.0577966734559, 148.92584187007535], "[7, 7]": [-600, 56.31760925332692, 188.07529042198712, 1043.1668399061864], "[7, 3]": [560.9811844402886, -600, 537.9711462363839, 1108.728107762141], "[0, 7]": [-600, 213.11376362457005, 260.07941693510486, 761.2672537858265], "[0, 3]": [821.8391190078614, -600, 473.7947849524739, 597.9088243443327], "[0, 1]": [615.5115938481947, 478.056358447016, -600, 819.1068684093873], "[0, 0]": [714.84100049475, 247.2638035108971, 214.40388176517135, -600], "[7, 1]": [193.87096690484321, 55.09723751597442, -600, 1057.6663800112906], "[7, 0]": [401.6769988581944, 0.567451510487008, 19.639135866174822, -600], "[5, 3]": [41.830284883780045, -600, 1075.1522417829453, 192.67763998344583], "[4, 3]": [212.12760793262046, -600, 821.1795728682869, 263.3541282517766], "[4, 1]": [244.02354108179549, 794.3917921824751, -600, 207.17351748463543], "[5, 0]": [61.55222717458438, 189.51409608320853, 1078.6265377403777, -600], "[5, 7]": [-600, 585.2893358395918, 1127.8479291896301, 629.2383783259643], "[2, 3]": [769.4868608577955, -600, 207.27498131140302, 244.0726084381034], "[2, 7]": [-600, 756.4476679546586, 282.8027662088421, 240.85041502996614], "[2, 1]": [630.9416648248344, 845.1121582729384, -600, 495.10264527575623], "[2, 0]": [847.3467286110377, 611.8858343514166, 500.84750470395477, -600], "[1, 0]": [1023.1419744898244, 169.18373922002684, 52.780858563711924, -600], "[1, 7]": [-600, 21.184040663674285, -1.6411724843018018, 383.33788738221875], "[1, 3]": [1029.136150221688, -600, 38.9376322404436, 182.2053898799724], "[2, 4]": [595.8982338033941, -600, 23.970684993423465, -600], "[2, 8]": [-600, 719.8993744410529, 142.30190689476026, -600], "[2, 9]": [-600, 232.04135261688933, -600, 4.4212771669269815], "[2, 2]": [834.765155169253, 472.3707665201841, -600, -600], "[1, 1]": [1101.2517113520769, 475.49476219043305, -600, 532.6620590703861], "[3, 1]": [204.2752278018814, 1062.2962941463459, -600, 42.40733367881136], "[3, 3]": [16.833317925043765, -600, 338.87512284690763, -1.0550512522988353], "[3, 7]": [-600, 1047.0843395269756, 177.08416430036812, 36.1050670051951], "[0, 4]": [202.7239037730008, -600, 11.59642127857536, -600], "[0, 11]": [-600, -600, 103.86799904383253, 658.9095312704031], "[5, 11]": [-600, -600, 1045.6276676536222, 142.03022956845362], "[6, 4]": [4.9620094569565385, -600, 256.292995149452, -600], "[3, 32]": [0, 968.7668616217941, 47.90921647711378, 9.955166519637023], "[5, 23]": [11.42087345231346, 0, 991.0347291018146, 56.61583755445044], "[3, 29]": [306.2718616511581, 1171.7703658024693, 288.4720977685377, 0], "[1, 36]": [972.0492961027633, 54.35073902406934, 14.814238798984167, 0], "[4, 2]": [120.47199957375148, 760.0620156526682, -598.7776016459553, -600], "[6, 11]": [-600, -600, 478.5330284988579, 848.1624958496755], "[5, 8]": [-599.0905812665779, 185.53908154114131, 1037.967916089939, -600], "[5, 2]": [2.60072119521232, 317.8638868106547, -600, -600], "[4, 5]": [430.0977806522297, -600, -600, 37.428183006431496], "[5, 25]": [0, 324.0892048086498, 1187.754827185152, 336.06116432731443], "[7, 18]": [0, 19.32306948024547, 51.69578880420029, 979.27062725929], "[3, 11]": [-600, -600, 242.37558794006122, 1.2986090226161648], "[2, 5]": [672.4886030880193, -600, -600, 116.36482487591547], "[0, 5]": [805.42554546781, -600, -600, 413.1438513986649], "[7, 5]": [119.3347217068684, -600, -600, 991.030673155973], "[4, 4]": [29.60567859891447, -600, 657.3242438909174, -600], "[7, 4]": [-1.2844499602168569, -600, 25.153379483313746, -600], "[0, 13]": [-600, -600, -600, 688.7185731464581], "[6, 5]": [128.11696340338236, -600, -600, 699.4228481497761], "[0, 9]": [-600, -2.111387671113829, -600, 189.0633850301775], "[3, 8]": [-600, 909.7524767280316, 153.28333519554354, -600], "[2, 10]": [-600, 708.4065847682618, -600, -600], "[3, 0]": [587.2394895046002, 1111.3414786524397, 544.2193517056589, -600], "[0, 2]": [669.8357491100589, 106.76274373735056, -600, -600], "[5, 4]": [0.4302818691815841, -600, 522.5874370403951, -600], "[1, 5]": [889.0919784108394, -600, -600, 90.68845007548506], "[1, 37]": [1147.7271227438193, 256.5541750086201, 0, 273.8705492161203], "[3, 33]": [-600, 927.5661281160608, 34.29800622590231, -600], "[5, 22]": [16.4416711144466, 76.84091919033595, 1005.9472430038905, 0], "[0, 8]": [-600, 478.67675507106765, 44.79717583280769, -600], "[5, 9]": [-600, 1.961684155864535, -600, 102.25057319466066], "[2, 13]": [-596.8042169836335, -600, -600, 305.0664123592967], "[1, 2]": [873.9586005225408, 134.11731214832406, -600, -600], "[3, 30]": [57.49604777698238, 980.9372609482865, 0, 12.628218325973018], "[2, 11]": [-600, -600, 494.2512739243044, 48.513882369856276], "[3, 5]": [232.27700385304482, -600, -600, 1.5691577262362157], "[0, 6]": [543.4513084712767, -600, -600, -600], "[1, 39]": [967.7921137260138, 0, 9.248203042266956, 50.75793434844529], "[4, 10]": [-600, 628.2851011810736, -600, -600], "[3, 2]": [130.64453346079762, 1024.4831458242818, -600, -600], "[2, 6]": [547.9480409060416, -600, -600, -600], "[3, 4]": [2.500426022358336, -600, 87.51472251965583, -600], "[1, 13]": [-600, -600, -600, 145.08052135843155], "[1, 9]": [-600, 0.42152497737630973, -600, 15.596005811503625], "[5, 10]": [-600, 172.74453450840477, -600, -600], "[6, 12]": [-600, -600, 737.3077560673859, -600], "[7, 15]": [55.79945672531726, 14.041811569710038, 0, 977.704534436269], "[7, 16]": [286.4458721930349, 0, 280.80910593807494, 1165.25718356748], "[6, 2]": [50.865735519429464, 509.1428787040401, -600, -600], "[5, 27]": [-600, -600, 809.9529255496386, 22.760437729984424], "[5, 5]": [2.103184537134193, -600, -600, 225.1885930877205], "[4, 12]": [-600, -600, 765.5709704994775, -600], "[3, 9]": [-600, 484.69471204938566, -598.8812796869537, -0.3626411234339892], "[7, 2]": [320.78411443115664, 6.041463495764962, -600, -600], "[7, 9]": [-600, 1.000066364014865, -600, 506.5673990270816], "[2, 12]": [-600, -600, 373.0214659547192, -600], "[6, 13]": [-600, -600, -600, 564.0236880165544], "[4, 6]": [264.48182176500336, -600, -600, -600], "[7, 11]": [-600, -600, 140.20520395979344, 903.8782697702684], "[1, 4]": [442.10169233083326, -600, 1.0523484862243293, -600], "[1, 10]": [-600, 152.9915600279562, -600, -600], "[3, 34]": [-600, 278.58797466115215, 0, 0.5069903944967108], "[1, 38]": [865.4974881541592, 33.79174129276356, -600, -600], "[1, 8]": [-600, 319.84001890501867, 5.909055198075215, -600], "[1, 11]": [-600, -600, 3.035943909479044, 242.45777947028446], "[0, 12]": [-600, -600, 317.23971241013794, -600], "[6, 6]": [346.8607675388947, -600, -600, -600], "[7, 20]": [-600, -599.1913254650236, 31.366643600658588, 909.0269341059702], "[0, 10]": [-600, 262.18075064227503, -600, -600], "[5, 12]": [-600, -600, 622.3508436060075, -600], "[5, 26]": [-600, 33.91755397480289, 983.4836997056633, -600], "[4, 13]": [-600, -600, -600, 362.6604782639316], "[7, 8]": [-600, 7.266731894930366, 353.12693792756954, -600], "[1, 40]": [242.24274508229905, 0, 0.3755033574668451, -600], "[6, 10]": [-600, 340.72261705848615, -600, -600], "[7, 19]": [-600, 0.3900947849174493, 0, 285.13226045256516], "[1, 41]": [627.5290352175473, -600, -600, 16.767880596273084],