{"[6, 7]": [0, 52.05880331676088, 229.57207673708277, 120.93171478728172], "[6, 0]": [-8.654191283294303, -15.41884388864564, 186.7963950880428, -4000], "[7, 7]": [0, 32.8528018895926, 51.91356929875621, 291.1059339758434], "[7, 3]": [73.55218085922135, 0, 53.63270680153704, 334.1031432564633], "[7, 16]": [62.0182214320199, 0, 58.958563128025176, 513.2936369849488], "[6, 1]": [80.79850900041609, 18.001201243074494, -4000, 54.297620188458396], "[5, 23]": [89.08090641515585, 0, 526.6049104265069, 142.14743171655388], "[5, 1]": [-153.36167241083865, 59.03371986419841, -4000, -25.62806868253501], "[4, 3]": [-5.781684019280068, -4000, 130.19396875405096, -95.1326871538816], "[4, 1]": [17.82230285418985, 164.30899818977252, -4000, -52.96040448240081], "[5, 0]": [26.41348116475427, 84.7968428064789, 261.9820159590545, 0], "[5, 7]": [0, 135.58136654985427, 302.21482968511975, 94.35589254127906], "[6, 3]": [73.22010579495719, 0, 83.28146361242642, 218.9717949843463], "[5, 3]": [-33.23083659796204, 0, 281.8680389302102, 47.640326283893685], "[4, 0]": [37.26024404467194, 195.19505714583232, 37.19926193672883, 0], "[4, 7]": [0, 73.01612799224203, 244.78346562529208, 62.333763016470066], "[4, 9]": [-4000, -652.4588713016958, -4000, -99.8711895027493], "[4, 8]": [-4000, 117.20366744372005, 175.3679017035597, -4000], "[2, 1]": [204.05114694610947, 82.75103757423602, 0, 45.78356323422598], "[2, 3]": [-141.43258671759602, -4000, 77.5046991799108, -37.80028137498796], "[2, 4]": [-723.9531911063931, -4000, 10.309311647456923, -4000], "[2, 0]": [110.19519251707716, 188.45729585112014, 76.55035016209568, 0], "[2, 9]": [-4000, -873.2972314914675, -4000, -94.04801126747152], "[2, 5]": [-136.34757782784953, -4000, -4000, -14.437313601544881], "[2, 10]": [-4000, 54.32965005525839, -4000, -4000], "[3, 32]": [0, 514.2244357792024, 80.53109223302806, 38.309021376665235], "[7, 11]": [-4000, -4000, -23.847925074332434, 275.75304890544373], "[6, 5]": [-145.2148761958426, -4000, -3592.6477898559124, -26.534163840705947], "[6, 2]": [-152.44767220252518, -237.49085710594645, -4000, -4000], "[7, 8]": [-4000, -89.46259085316235, 33.15666110941937, -4000], "[7, 0]": [-44.50473453343397, -31.0803091115529, 18.48271354241948, -4000], "[6, 4]": [-337.75282356088894, -4000, -538.1108816028468, -4000], "[2, 7]": [-4000, 132.4858680918495, 24.846283392374897, 4.3435896519236215], "[3, 1]": [75.04524264056556, 329.4961004957271, 0, -62.9341481266459], "[3, 3]": [-27.870115700481087, -4000, 65.0358829274978, -31.069072038187866], "[6, 9]": [-4000, -342.3356197805815, -3581.8818593503947, 136.11015043990463], "[6, 11]": [-4000, -4000, 85.99370631716903, 161.61911559461453], "[7, 18]": [0, 67.9701832289206, 107.14678244490571, 507.45170173497735], "[0, 7]": [-4000, 6.041462862371009, 31.063180223531887, -28.868817426804966], "[0, 3]": [111.2625448885134, -4000, 46.41996344091518, 173.9205008388347], "[0, 1]": [118.99023400318104, 50.30921526932784, 0, 174.673364589943], "[1, 39]": [561.4700892740054, 0, 44.03286824409864, 144.08096085028944], "[5, 25]": [0, 103.57453840915485, 487.1854131862489, 98.47523249013807], "[0, 8]": [-4000, -200.5186393256854, 16.650943578076546, -4000], "[0, 0]": [116.14666135180491, -108.96915521835041, -55.87153217581843, -4000], "[0, 9]": [-4000, 66.17902277739263, -4000, -693.701645801381], "[0, 2]": [104.91091521836817, -120.89703445967213, -4000, -4000], "[7, 15]": [110.10734476383622, 78.72246565693342, 0, 474.51128357847165], "[6, 8]": [-4000, -223.88133943516556, -82.20078980638672, -4000], "[1, 3]": [317.6145247822941, 0, 20.487128941903116, 16.99987680246911], "[2, 8]": [-4000, -201.58966783322722, 59.27259442679219, -4000], "[3, 7]": [-4000, 339.425483770872, 79.37127628353988, -20.380251052868836], "[4, 4]": [-887.3593400472344, -4000, 10.526736268331627, -4000], "[3, 2]": [84.79237815215866, -49.80913549523889, -4000, -4000], "[3, 0]": [131.3599718319036, 363.50012284500934, 93.11761235128283, 0], "[3, 30]": [130.23292906299224, 553.0147071402962, 0, 103.12406445277695], "[2, 11]": [-4000, -4000, 60.67380106850079, -312.11519913025825], "[2, 2]": [60.59544532659026, -271.2874089925509, -4000, -4000], "[7, 1]": [32.696584014331044, 22.301528416139757, -4000, 234.0254823264943], "[0, 5]": [47.44106186398497, -4000, -4000, 156.43446639637324], "[1, 0]": [302.41044504328676, 66.32743274795693, 31.46402628257075, 0], "[1, 1]": [378.31762030807477, 47.14393887136371, 0, 40.982649896573776], "[3, 9]": [-4000, 244.43192217131917, -4000, 68.91168539615828], "[3, 33]": [-4000, 451.6279214106246, 148.8780846176066, -4000], "[1, 7]": [-4000, -29.419638881573064, -37.55431900686923, 34.84377890167494], "[1, 2]": [252.31751368387515, 49.47670816441289, -4000, -4000], "[1, 37]": [533.80472714072, 62.024754761364186, 0, 71.53809563542833], "[0, 4]": [-736.4570775761134, -4000, -219.65885799221684, -4000], "[0, 11]": [-4000, -4000, -205.273998291132, 74.807769213845], "[3, 8]": [-4000, 294.75492405883585, 100.22259405841439, -4000], "[5, 11]": [-4000, -4000, 249.86624634180302, 45.054833914657316], "[5, 22]": [69.64136626968785, 93.95958765083266, 529.1624851788789, 0], "[3, 29]": [95.05145205247054, 567.1310290355914, 97.1085053984206, 0], "[1, 36]": [507.44960273683535, 80.52271673690944, 60.17196206852924, 0], "[7, 5]": [-16.80926124660374, -4000, -4000, 151.44314898630475], "[4, 2]": [92.0542429294783, -238.04118206759017, -4000, -4000], "[3, 5]": [-18.314715580736863, -4000, -4000, -9.02740060631048], "[4, 13]": [-4000, -4000, -4000, -634.6288024990922], "[4, 11]": [-4000, -4000, 63.02297734028443, -63.18809347980536], "[7, 9]": [-4000, -405.67775145250783, -3603.3633846428497, 248.7928629148612], "[7, 4]": [-82.8152803128886, -4000, -849.7184771533668, -4000], "[6, 13]": [-4000, -4000, -4000, -606.3522592042725], "[1, 8]": [-4000, 60.7331510932155, -288.3214199658993, -4000], "[5, 9]": [-4000, -933.0742507724067, -4000, -425.1635321455349], "[5, 4]": [-402.95704637480327, -4000, 224.86765999723528, -4000], "[3, 31]": [189.5497728291752, 513.8860141513074, -4000, -4000], "[2, 12]": [-4000, -4000, -454.21576352759047, -4000], "[1, 4]": [267.7454749375863, -4000, -615.2930564573526, -4000], "[1, 10]": [-4000, 10.79544290111905, -4000, -4000], "[1, 41]": [506.0510592606942, -3214.3507660793794, -4000, 164.92700994494766], "[0, 6]": [5.6009686650411155, -4000, -4000, -4000], "[1, 9]": [-4000, 13.746954154786522, -4000, -1097.4807214946297], "[4, 10]": [-4000, 156.13603313159365, -4000, -4000], "[3, 11]": [-4000, -4000, 27.517896904573877, -86.96421274744534], "[7, 2]": [-82.4876848508394, 11.132728771089342, -4000, -4000], "[2, 6]": [13.484986021371945, -4000, -4000, -4000], "[6, 10]": [-4000, -696.8103737225947, -4000, -3587.960702407415], "[1, 40]": [448.913642175194, 0, -114.39324863540352, -4000], "[5, 8]": [-4000, 73.32398741064021, 205.34737574532593, -4000], "[6, 12]": [-4000, -4000, -2076.9719403405547, -4000], "[3, 4]": [-753.6995673907466, -4000, -47.79804352954413, -4000], "[5, 2]": [-53.34365407147426, -311.8056153556585, -4000, -4000], "[4, 5]": [-318.9877302583361, -4000, -4000, -355.41800201312276], "[5, 5]": [-127.98487516166966, -4000, -4000, -89.23244137034908], "[0, 13]": [-4000, -4000, -4000, -1158.5869664719705], "[1, 5]": [304.8083772847786, -4000, -3602.684737539517, 86.55656831936284], "[7, 20]": [-4000, -4000, 126.18787042402778, 448.96335793013185], "[5, 13]": [-4000, -4000, -4000, -359.9083725592908], "[1, 38]": [466.45145990969866, 112.63323077715151, -4000, -4000], "[0, 12]": [-4000, -4000, -660.955576455471, -4000], "[4, 12]": [-4000, -4000, -289.4649473877123, -4000], "[1, 6]": [204.87922617674832, -4000, -4000, -3595.931599940126], "[0, 10]": [-4000, 37.34466377184197, -4000, -4000], "[6, 6]": [-709.6228630399473, -4000, -4000, -4000], "[4, 6]": [-902.574021369803, -4000, -4000, -4000], "[1, 11]": [-4000, -4000, 26.17614621504318, -172.64956129590288], "[3, 10]": [-4000, 34.73220851851681, -4000, -4000],