{"[0, 7]": [-1000, -10.427891512484415, -10.374223590665451, 639.4059309304411], "[0, 4]": [-77.12463844590565, -1000, 520.950455101416, -1000], "[0, 5]": [-1.5083666679128551, -1000, -1000, 714.4315335820188], "[7, 5]": [376.57849499302034, -1000, -1000, -0.5], "[6, 5]": [-5.1704098858202325, -1000, -1000, 505.3532182572937], "[5, 22]": [-0.63855545, -0.5, 1011.5236446222217, 0], "[6, 0]": [-10.304338390773776, -10.548362920203829, 621.8295475924218, -1000], "[6, 1]": [-10.12585558568186, -10.11304541945184, -1000, 587.6513909754104], "[6, 7]": [-1000, -10.234891996831006, -10.122839999909612, 671.2444078310899], "[2, 1]": [-10.752280217688805, 711.2877702735394, -1000, -10.535140814905942], "[2, 0]": [667.1187129746044, -11.725526409684122, -11.429874483205683, -1000], "[2, 4]": [375.1830608073318, -1000, -2.04755, -1000], "[2, 2]": [-3.318149667716658, 684.704943579037, -1000, -1000], "[3, 2]": [599.7545803616928, -0.5, -1000, -1000], "[4, 10]": [-1000, 559.0064503420131, -1000, -1000], "[3, 1]": [-1.915714697569453, 783.1005371355029, -1000, -1.355], "[4, 1]": [-12.55561024459307, 712.4955717118472, -1000, -12.575928542835497], "[4, 0]": [-11.972423210596203, 841.2188814648166, -12.154460352885144, -1000], "[6, 11]": [-1000, -1000, -7.631598323768549, 619.5695079531047], "[4, 11]": [-1000, -1000, 477.5883306962113, -7.126136657066554], "[4, 3]": [-11.327613474434783, -1000, 443.63157493059555, -11.23303292370345], "[5, 0]": [-1.0831173866189299, -1.18146054569, 828.5666653356895, -1000], "[5, 1]": [-1.8981504500000002, -3.1529722237841566, -1000, 431.09575030026895], "[1, 3]": [783.0492775851573, -1000, -1.9106344679028653, -2.8071002500124917], "[1, 1]": [853.5772221266377, -3.151799566301032, -1000, -3.0997667537675313], "[0, 0]": [466.8955461113879, -10.88526635562978, -10.793567322856793, -1000], "[0, 1]": [-8.724723019167794, -8.916233755840008, -1000, 647.0587279973813], "[1, 7]": [-1000, 373.4519961586041, -3.0789703126355, -3.209436514038824], "[0, 11]": [-1000, -1000, -0.32422369896404085, 596.8075944862615], "[2, 7]": [-1000, 585.8657020822504, -12.838792557775216, -12.418531933363552], "[5, 25]": [-1000, -1.4259511204412767, 963.8113130106937, -0.5], "[0, 3]": [-8.304453178732452, -1000, 614.0269450552689, -8.535121406340991], "[3, 7]": [-1000, 849.7245835671489, -3.1925023033842255, -2.4417455], "[6, 9]": [-1000, -6.13861855435403, -1000, 670.9230573240501], "[7, 15]": [-0.5940500000000001, -0.6271115036103524, -1000, 701.0056026728096], "[3, 8]": [-1000, 750.2432400006247, -1.6389842327535655, -1000], "[4, 8]": [-1000, 760.4394401833879, -14.683574058968665, -1000], "[6, 3]": [-10.18741319272767, -1000, 611.9406958461475, -10.182514118965306], "[7, 18]": [-1000, -0.5, -1.3792814641423163, 799.3397317861458], "[4, 7]": [-1000, -12.541402991834092, 775.7357007506257, -12.395620337117206], "[7, 9]": [-1000, 272.58518126789534, -1000, -0.95], "[7, 1]": [-2.0377199182084547, -1.39955, -1000, 330.13991304494584], "[6, 8]": [-1000, -8.05479643646168, 600.7500851392986, -1000], "[0, 9]": [-1000, -1.6080792500153684, -1000, 594.8840599614491], "[3, 0]": [-3.2146840555421745, 863.8792994668532, -2.4762461271088867, -1000], "[4, 9]": [-1000, 470.5500105641929, -1000, -8.18682935022317], "[0, 2]": [422.2547988328015, -4.329089328057321, -1000, -1000], "[2, 3]": [483.7618622625023, -1000, -12.51788435511279, -12.351143701476692], "[1, 39]": [733.0277994558289, 0, 0, -0.5], "[2, 9]": [-1000, -8.422167287433666, -1000, 158.2520255202935], "[5, 11]": [-1000, -1000, 869.2918446697894, -0.5], "[6, 4]": [-2.817399216573797, -1000, 303.7453930826557, -1000], "[3, 32]": [-1000, 884.6306427331015, 0, 0], "[3, 3]": [181.78304236291754, -1000, -2.5556382483082314, -2.2578354050000002], "[7, 0]": [-2.9966878258804157, -2.7950044977504502, 558.2883999182923, -1000], "[3, 9]": [-1000, 607.0468736004044, -1000, -0.95], "[5, 3]": [-1.7690000000000001, -1000, 788.0704303804911, -2.9017948173026706], "[2, 10]": [-1000, 432.16219909202454, -1000, -1000], "[1, 36]": [860.8774459587634, 0, 0, 0], "[1, 2]": [797.8120651882834, -2.5391632095705012, -1000, -1000], "[1, 37]": [900.5778244397878, 0, 0, 0], "[1, 9]": [-1000, -1.3097262365441815, -1000, 182.0344372453262], "[3, 29]": [-1.408841982320618, 895.1176176358981, 0, 0], "[4, 4]": [331.25159188319986, -1000, -9.63406052992234, -1000], "[4, 2]": [-9.809004316218912, 767.7380914783174, -1000, -1000], "[5, 8]": [-1000, -1.9515242485063828, 831.6998213121926, -1000], "[5, 23]": [-0.5, -1000, 879.0105008621516, 0], "[7, 8]": [-1000, -0.6483515495000001, 513.6948947648782, -1000], "[1, 0]": [759.8346253465489, -2.6961849713362986, -2.319225305, -1000], "[6, 12]": [-1000, -1000, 338.7947838749564, -1000], "[2, 5]": [539.8439319006021, -1000, -1000, -3.3805523428208852], "[7, 7]": [-1000, -1.44405545, 646.0029892061864, -1.7195], "[7, 16]": [-0.5989505, -1000, -1.4999770377795725, 545.2749923492477], "[5, 9]": [-1000, -0.9313049374529838, -1000, 176.48834941543527], "[4, 12]": [-1000, -1000, -370.8923008338671, -1000], "[4, 5]": [537.7859765416868, -1000, -1000, -3.573048533528427], "[2, 8]": [-1000, 555.1165495576444, -1.8003493819163667, -1000], "[5, 4]": [-0.95, -1000, 648.7980128162461, -1000], "[5, 10]": [-1000, 385.0083550792099, -1000, -1000], "[3, 4]": [-65.19446633738545, -1000, 267.13725905536603, -1000], "[3, 34]": [-1000, 747.9545825437363, 0, 0], "[1, 4]": [783.3446059939162, -1000, -1.355, -1000], "[7, 3]": [-0.68257976, -1000, 479.561821451794, -0.5], "[5, 7]": [-1000, -2.6212201148549292, 909.0738805320309, -2.9645859783020034], "[6, 13]": [-1000, -1000, -1000, 575.3538806960846], "[7, 11]": [-1000, -1000, 552.3935114410702, 0], "[1, 40]": [471.321878954678, 0, 0, 0], "[5, 2]": [225.13914810561351, -1.4030215028907675, -1000, -1000], "[6, 10]": [-1000, 368.402007943107, -1000, -1000], "[6, 2]": [422.3736771167985, -2.293003402691402, -1000, -1000], "[3, 30]": [-0.962706997865197, 844.3333233529424, 0, 0], "[5, 26]": [-1000, -0.6056598931117403, 820.5938851019739, 0], "[5, 5]": [166.70795663035557, -1000, -1000, -0.7605659461230264], "[1, 8]": [-1000, 490.8272434703759, -0.5495, -1000], "[2, 12]": [-1000, -1000, -163.03181956559428, -1000], "[4, 6]": [357.27456960517577, -1000, -1000, -1000], "[1, 5]": [754.8097508954493, 0, 0, 0], "[3, 5]": [441.2102980123701, -1000, -1000, -1.9000985878357561], "[3, 12]": [-1000, -1000, 7.293819528969884, -1000], "[7, 4]": [217.60310055664803, -1000, -71.64334236518938, -1000], "[7, 13]": [-1000, -1000, -1000, 100.89305812332576], "[2, 6]": [446.0200157805645, -1000, -1000, -1000], "[5, 24]": [-0.5, -1000, 528.1107447083465, 0], "[5, 6]": [56.259792947463545, -1000, -1000, -1000], "[1, 6]": [784.4124617333086, -1000, -1000, -1000], "[0, 6]": [390.39254973909647, -1000, -1000, -1000], "[0, 12]": [-1000, -1000, 519.7676891873055, -1000], "[7, 2]": [-0.5927613695796866, 308.3311984724459, -1000, -1000], "[3, 11]": [-1000, -1000, 278.5318329563613, 0], "[1, 41]": [922.5249814265399, 0, 0, 0], "[1, 42]": [821.3162291578298, 0, 0, 0], "[1, 10]": [-1000, 83.29365566407895, -1000, -1000], "[1, 38]": [947.3688578869709, 0, 0, 0], "[6, 6]": [151.70942158296148, -1000, -1000, -1000], "[5, 28]": [-1000, -1000, 732.1332073678598, 0], "[5, 12]": [-1000, -1000, 758.0800721615415, -1000], "[3, 13]": [-1000, -1000, -1000, 21.555968313551755], "[2, 11]": [-1000, -1000, 430.8550195321116, 0], "[0, 8]": [-1000, -0.8103191270306342, 532.5573892265758, -1000], "[0, 10]": [-1000, 464.97771242866656, -1000, -1000], "[3, 6]": [195.2216916969264, -1000, -1000, -1000], "[3, 33]": [-1000, 852.58187584667, 0, 0], "[1, 14]": [-1000, -1000, -1000, -1000], "[5, 13]": [-1000, -1000, -1000, 246.92356093973262], "[7, 14]": [-1000, -1000, -1000, -1000], "[5, 27]": [-1000, -1000, 825.5287214581845, 0], "[3, 31]": [-1.1929212707860928, 704.5003575640693, 0, 0], "[4, 13]": [-1000, -1000, -1000, 284.4726189540795], "[3, 10]": [-1000, 289.7174266484107, 0, 0],