{"[6, 7]": [0, 91.77936098452682, 162.82855713504566, 162.0726556545847], "[6, 0]": [-25.889560871988458, -48.114638044864265, 117.41887108067031, -4000], "[7, 7]": [0, 37.439401782287234, 37.985530497957825, 250.53458454235547], "[7, 3]": [49.16402416451363, -4000, 54.943035767789226, 308.1955875003444], "[7, 16]": [82.94013590251623, 0, 59.87638043544364, 528.165942668523], "[6, 1]": [14.00870339203487, 4.18880580626721, -4000, 135.73325230739218], "[5, 23]": [66.34522678579012, 0, 559.0550106052366, 127.01239820392814], "[5, 1]": [-103.28314498390665, 10.291368517937176, -4000, -92.74524116289022], "[4, 3]": [19.179593081991516, -4000, 187.7729877043791, -77.62527300911816], "[4, 1]": [19.357495191951735, 169.08023455816658, -4000, -17.076579482461042], "[5, 0]": [-38.265769110862905, -36.513185738407486, 308.2349166734498, -4000], "[5, 7]": [0, 87.08093422980998, 329.08641788591876, 100.34192922914636], "[6, 3]": [95.5086339513023, -4000, 134.2712424568967, 167.6487850742205], "[5, 3]": [-51.984533384185596, -4000, 308.4603889188102, 14.46395002726034], "[4, 0]": [91.02948731068851, 102.32995380708411, 204.59271738238397, -4000], "[4, 7]": [0, 139.71242286102864, 236.16124619691323, 116.39790192486915], "[4, 9]": [-4000, 96.08550104668288, -4000, -552.0394994116439], "[4, 8]": [-4000, -3.3744674476029246, 157.37281636616362, -4000], "[2, 1]": [13.408083849946541, 183.4964315512063, -4000, 60.799097851640184], "[2, 3]": [-94.80952592491364, -4000, -34.27850045028576, -8.481559743322792], "[2, 4]": [30.281934601686434, -4000, -393.4087482790501, -4000], "[2, 0]": [54.49839640581568, 192.22996789732386, 27.17037315831012, -4000], "[2, 9]": [-4000, -734.6792480969333, -4000, -1175.9181128480132], "[2, 5]": [-140.11280090033887, -4000, -4000, 13.198055054136628], "[2, 10]": [-4000, -882.5759521622978, -4000, -4000], "[3, 32]": [0, 571.6223108752208, 139.84857102645452, 90.71554978463786], "[7, 11]": [-4000, -4000, -96.71675882884708, 223.01061642039477], "[6, 5]": [-224.972723179424, -4000, -4000, -36.62072296070451], "[6, 2]": [-373.47294321503006, -12.964245995310115, -4000, -3598.7510131816853], "[7, 8]": [-4000, -169.10866416399753, 32.63508688820262, -4000], "[7, 0]": [51.486905635742644, -75.90003987586701, -37.95726939891677, -4000], "[6, 4]": [-58.26842194695701, -4000, -934.049135104988, -4000], "[2, 7]": [-4000, 172.24534838542888, -63.9218926776359, -0.9440386997711911], "[3, 1]": [89.32296490571531, 276.6137368612864, -4000, 1.569001410045892], "[3, 3]": [96.51965884007686, -4000, -85.20608620633416, -77.20646778700876], "[6, 9]": [-4000, -457.2243060480235, -3208.89673698314, -150.6983115501149], "[6, 11]": [-4000, -4000, -230.1664708747481, 122.70573039344146], "[7, 18]": [0, 61.26924535089228, 144.25887847601797, 517.5056155740415], "[0, 7]": [-4000, 14.686602477832292, 61.974436088414905, 35.26360634257375], "[0, 3]": [84.14263601525657, -4000, 33.101326047170126, 154.81857209250202], "[0, 1]": [183.3460817179886, 20.480694797428868, -4000, 14.469375531050996], "[1, 39]": [566.4430923004676, 0, 83.07806993675773, 82.52332100847605], "[5, 25]": [0, 53.02899799898003, 535.6051753509757, 99.47877206371781], "[0, 8]": [-4000, -0.8415798674518058, -348.4532282508838, -4000], "[0, 0]": [174.18095228358916, -39.04426036595183, -52.20202606927086, -4000], "[0, 9]": [-4000, -457.22258440709845, -4000, 123.38009086581346], "[0, 2]": [18.294539014200318, -354.4725495266077, -4000, -4000], "[7, 15]": [102.18912012014201, 89.26652748828744, 0, 558.3435816349806], "[6, 8]": [-4000, -172.32411235798088, -50.209081286417174, -4000], "[1, 3]": [289.0204170739626, -4000, 26.23642511379618, 73.37699346923702], "[2, 8]": [-4000, 102.97146969950539, -203.25794530814997, -4000], "[3, 7]": [-4000, 320.8346905422765, 88.98166769951456, -18.522718573854537], "[4, 4]": [-704.6923108596095, -4000, -232.35272305137136, -4000], "[3, 2]": [23.212817467173313, 240.72437694262484, -4000, -4000], "[3, 0]": [143.70951619540892, 321.95800538248875, 1.9941971857045608, 0], "[3, 30]": [125.06061856055761, 497.72889670064495, 0, 91.89636296108365], "[2, 11]": [-4000, -4000, -230.87344816407446, -145.5967947668186], "[2, 2]": [156.63663801646072, -41.324548493583, -4000, -4000], "[7, 1]": [41.21991277933295, 11.872718925439344, -4000, 254.68796725984492], "[0, 5]": [-158.71903125707288, -4000, -4000, 164.73389454046318], "[1, 0]": [172.92447205397207, 58.48462446805666, 7.581028943894669, -4000], "[1, 1]": [317.7976927374597, 108.25317303761906, 0, 31.23061828689891], "[3, 9]": [-4000, 263.50112307484494, -4000, -283.4379244857584], "[3, 33]": [-4000, 479.48229144650145, 174.64802848598367, -4000], "[1, 7]": [-4000, -83.99369852710345, -77.37985314726018, -31.202598999123715], "[1, 2]": [247.3515686658249, -33.41517205750842, -4000, -4000], "[1, 37]": [525.2795931865322, 92.62242988514704, 0, 62.18364384658217], "[0, 4]": [-701.0416979063777, -4000, -121.10685206935678, -4000], "[0, 11]": [-3590.3134464643094, -4000, -340.0337537905165, -18.580768024402072], "[3, 8]": [-4000, 265.24687122517184, 66.10673973480178, -4000], "[5, 11]": [-4000, -4000, 303.95771763667784, 24.9941424688029], "[5, 22]": [43.89468078795253, 113.27228646556938, 542.2152258476498, 0], "[3, 29]": [107.89170260584659, 535.1732863491776, 129.77987587474803, 0], "[1, 36]": [545.5393066708631, 111.00755909119235, 62.1700569057923, 0], "[7, 5]": [75.55366479507593, -4000, -3602.78163033474, 200.04299619450117], "[4, 2]": [68.50166500528982, -74.10612559350322, -4000, -4000], "[3, 5]": [-269.69045749350465, -4000, -4000, -66.12493132037258], "[4, 13]": [-4000, -4000, -4000, -304.2335077120559], "[4, 11]": [-4000, -4000, 47.09916315854133, -199.66768208697417], "[7, 9]": [-4000, -302.8674768467512, -3593.839406196484, 213.41219263139757], "[7, 4]": [-162.56923606783894, -4000, -736.6168293236904, -4000], "[6, 13]": [-4000, -4000, -4000, -843.2789156540686], "[1, 8]": [-4000, -224.09368855982055, -142.29997736732196, -4000], "[5, 9]": [-4000, -640.2798534842832, -4000, -783.8793655100092], "[5, 4]": [-446.63212954469964, -3204.300204046054, 249.94588265614644, -4000], "[3, 31]": [150.33818090399996, 469.4483559832114, -4000, -4000], "[2, 12]": [-3601.429086618886, -4000, -704.0770137617114, -4000], "[1, 4]": [-153.57954189985867, -4000, -367.82985790994223, -4000], "[1, 10]": [-4000, -171.3537870038741, -4000, -4000], "[1, 41]": [502.2009123613279, -4000, -4000, 162.0603780590116], "[0, 6]": [-1216.2848923689141, -4000, -4000, -4000], "[1, 9]": [-4000, -1073.0603550100946, -4000, -1210.590093448492], "[4, 10]": [-4000, -310.58290218910565, -4000, -4000], "[3, 11]": [-4000, -4000, -7.7107701303899, -114.56470684138358], "[7, 2]": [-46.06010144511205, 22.200469846044655, -4000, -3574.1464759309556], "[2, 6]": [39.357169995504336, -4000, -4000, -4000], "[6, 10]": [-4000, -998.4840172397116, -3593.748135322017, -4000], "[1, 40]": [436.121906817036, 0, 115.17877292607179, -4000], "[5, 8]": [-4000, 16.91787520488758, 281.81614902973206, -4000], "[6, 12]": [-4000, -4000, -821.5056551457104, -4000], "[3, 4]": [-870.6263326851783, -4000, -94.288332255783, -4000], "[5, 2]": [-76.16694322030582, -37.95454588519219, -4000, -4000], "[4, 5]": [-27.598680042461194, -4000, -4000, -340.50495312692436], "[5, 5]": [-87.94852408169132, -4000, -4000, -146.31755807836356], "[0, 13]": [-4000, -4000, -4000, -1085.7992422314387], "[1, 5]": [227.13373885556643, -3597.9380350502643, -4000, 20.94753873503955], "[7, 20]": [-4000, -3599.8454121236923, 137.42347514862053, 398.8456386664371], "[5, 13]": [-4000, -4000, -4000, -72.60433124912508], "[1, 38]": [487.4834322273686, 133.5609487025644, -4000, -4000], "[0, 12]": [-4000, -4000, -426.1756698707551, -4000], "[4, 12]": [-4000, -3588.9058042312545, -999.3297984504886, -4000], "[1, 6]": [218.6070599338492, -4000, -4000, -4000], "[0, 10]": [-4000, -262.1303925581244, -4000, -4000], "[6, 6]": [-123.03132133202193, -4000, -4000, -4000], "[4, 6]": [-1344.0389861484925, -4000, -4000, -4000],