{"[4, 8]": [-600, 10871.712910212558, 11165.549591806064, -600], "[2, 7]": [0, 10753.672278517888, 10613.365176554044, 10599.773491252936], "[2, 3]": [10400.61767182542, 0, 10401.57675191139, 10431.46763745424], "[2, 1]": [10994.694114071412, 10879.220091614287, 0, 10872.934953048734], "[2, 0]": [10674.579883879764, 10952.314322771443, 10691.505213043443, 0], "[2, 9]": [2014.1202675302702, 9819.76969867181, -600, 9087.430634597613], "[2, 2]": [10995.50060627483, 10543.658501750653, -600, -600], "[2, 5]": [11018.203443355613, 1897.297445564937, -600, 10622.727745322334], "[1, 0]": [11084.527666909768, 10878.78762546974, 10893.374204712123, 0], "[1, 9]": [-600, 9889.152509200603, -600, 7930.325752148636], "[6, 1]": [10654.760070370467, 10293.814855123937, 0, 10301.602482917244], "[6, 0]": [10563.163035830941, 10552.834993159517, 10825.177372067117, 0], "[6, 7]": [0, 10633.43234811649, 10774.587979567399, 10663.675544178606], "[6, 4]": [9522.563743937042, -600, 8480.682963157067, -600], "[7, 11]": [-600, -600, 10255.756417787108, 10978.20607199224], "[7, 3]": [10659.469726482625, 0, 10452.542629879521, 11099.100610532028], "[0, 7]": [0, 10207.590475746347, 9909.202126632028, 10508.839306487316], "[0, 3]": [10324.144456980071, 0, 10576.650519325438, 10766.879713771514], "[1, 39]": [10331.802645218815, 0, 10555.857064721731, 10555.185209573367], "[2, 4]": [9709.346467998763, -600, 10428.396124887287, -600], "[6, 3]": [10757.992428460411, 0, 10785.540170115131, 10723.039226683773], "[6, 5]": [10248.257279044938, -600, -600, 9376.190149986774], "[1, 3]": [11048.344025010869, 0, 10913.34818186676, 10917.834124107616], "[1, 7]": [0, 10433.305528514155, 10423.463237033799, 10473.656762536799], "[0, 0]": [10800.567272885219, 10141.522327379687, 10141.296384830672, 0], "[0, 9]": [-600, 10396.787638606855, -600, 8425.522690116326], "[5, 11]": [-600, -600, 10121.207719934777, 10950.409151226759], "[4, 11]": [-600, -600, 10926.929096934753, 10711.805751048989], "[3, 1]": [11019.201825915803, 11145.11615357585, 0, 11000.091078948524], "[4, 1]": [10899.751045770307, 10755.811892539392, 0, 10679.840313436063], "[4, 4]": [9225.372986886932, -600, 11110.166139250592, -600], "[1, 37]": [11150.863430666832, 10665.361437655652, 0, 10733.529189615443], "[3, 30]": [10918.42762786759, 10516.76804880663, 0, 10808.98699645482], "[0, 2]": [10390.515753875035, 9807.921784067867, -600, -600], "[0, 1]": [10944.365293851839, 10510.374335248343, 0, 10356.102278497581], "[0, 5]": [9798.960641617154, 561.226822108986, -600, 10778.448140652212], "[0, 11]": [-600, -600, 10194.90011996575, 10667.47344853423], "[0, 8]": [-600, 9941.487229555005, 10305.245003543003, -600], "[7, 1]": [10650.035698201824, 10571.080243264329, 0, 11054.18716302075], "[7, 0]": [10519.72829298305, 10448.745678461308, 10421.001044642402, 0], "[6, 9]": [-600, 9320.247802776305, -600, 10785.830518499977], "[6, 8]": [-600, 10328.391954191788, 10721.252394797335, -600], "[6, 12]": [-600, -600, 7795.8854358874805, -600], "[1, 1]": [11121.184190809976, 10831.445196431723, 0, 10705.308726378786], "[2, 8]": [-600, 10696.896722950334, 10505.652548809558, -600], "[5, 0]": [10830.318379280492, 10733.750941672717, 10944.708945844275, 0], "[5, 3]": [10897.353164917467, 0, 10974.592066574198, 10951.485678238534], "[5, 1]": [10324.709542832956, 10364.734292914194, 0, 10678.953782714005], "[5, 9]": [-600, 8854.046990500801, -600, 10157.508168502738], "[6, 11]": [-600, -600, 10646.532571802967, 10838.098189493294], "[5, 24]": [9562.095011703681, -600, 9104.58852599503, -600], "[5, 10]": [-600, 10427.826111981634, -600, -600], "[5, 12]": [-600, -600, 10763.294758760916, -600], "[5, 26]": [-600, 10780.402992279613, 11165.55682641584, -600], "[4, 0]": [10860.385217258712, 10903.51578179548, 10894.61278747391, 0], "[4, 2]": [10325.751049793194, 9928.838948870614, -600, -600], "[4, 6]": [6430.10690224409, -600, -600, 633.4488752882819], "[4, 10]": [-600, 10434.180076165623, -600, -600], "[7, 7]": [0, 10794.402417240039, 10739.078116685445, 11068.815911217662], "[1, 8]": [-600, 10370.309501653719, 10058.06786033486, -600], "[1, 10]": [-600, 9605.011979996367, -600, -600], "[3, 3]": [10136.904403265371, 0, 10261.520724488913, 10233.685226307934], "[2, 10]": [-600, 9143.660295198271, -600, -600], "[7, 16]": [10678.800765414742, 0, 10584.614311053825, 11085.042515001704], "[6, 6]": [8261.238293398597, -600, -600, -600], "[4, 9]": [-600, 11028.977626046866, -600, 9635.703416109429], "[4, 12]": [-600, -600, 11049.011316330894, -600], "[7, 15]": [10605.309122964474, 10376.473710701526, 0, 10114.222509534968], "[2, 11]": [-600, -600, 10221.574295658176, 10351.067705695601], "[0, 4]": [8157.293107975516, -600, 7841.674460877626, -600], "[0, 13]": [649.0171537103606, -600, -600, 8412.629593457223], "[4, 3]": [10764.163960298813, 0, 10699.4406426604, 11037.722894060387], "[4, 7]": [0, 10771.850134674181, 10904.469341220984, 10996.676566944347], "[5, 22]": [10642.43842690722, 10648.38400556764, 11047.488553701427, 0], "[7, 4]": [8744.725531114518, -600, 9412.772327723655, -600], "[7, 5]": [10765.195698496298, -600, -600, 11067.762893205945], "[5, 25]": [0, 10900.590099763227, 11062.348120705577, 10895.821371247097], "[5, 4]": [10404.805457615708, 0, 11047.102626603597, -600], "[5, 8]": [-600, 10828.588012507575, 11060.667916775112, -600], "[5, 23]": [10843.82017000076, 0, 10127.806841682326, 10908.981868545057], "[5, 7]": [0, 10790.719044781154, 10973.67549544584, 10677.11863456602], "[3, 29]": [10912.813000581842, 11113.026455938887, 10925.934098184818, 0], "[0, 6]": [6843.565656603011, -600, -600, -600], "[1, 2]": [9980.986150719385, 10298.255144773728, -600, -600], "[3, 9]": [-600, 11083.090753119573, -600, 10941.938274457549], "[3, 8]": [-600, 11113.026115875908, 10811.404482656828, -600], "[1, 36]": [9825.43583991215, 10506.458560858327, 10507.664923435157, 0], "[7, 21]": [-600, -600, -600, 9103.407640527292], "[6, 13]": [-600, -600, -600, 10543.430071930372], "[3, 34]": [-600, 10176.603816306384, -600, 10627.533182329935], "[3, 11]": [-600, 623.9992367349366, 10424.563637646494, 10533.030640768957], "[3, 10]": [-600, 9186.70368523758, -600, -600], "[1, 5]": [10783.346818397982, 591.3109573607969, -600, 10887.586697111581], "[3, 33]": [-600, 11298.074750939857, 10966.348199453681, -600], "[1, 38]": [10960.715473560133, 10158.25915943329, -600, -600], "[3, 0]": [10893.935648884124, 11165.498349318663, 10885.85723766425, 0], "[3, 2]": [11006.385297941522, 11047.461178593157, -600, -600], "[3, 32]": [0, 10260.476642251282, 10692.679015596434, 10678.99005188235], "[7, 9]": [-600, 10757.333372900865, -600, 11104.810147396012], "[7, 8]": [-600, 10107.966499912229, 10374.023354818077, -600], "[3, 7]": [0, 11156.245998304868, 10993.566018556401, 10969.330185938034], "[7, 20]": [-600, -600, 10859.504499500921, 11206.599976914611], "[2, 6]": [8136.758372452619, 661.4628876978625, -600, -600], "[7, 18]": [0, 10311.586050489062, 10459.321215142016, 10187.351631306634], "[0, 12]": [-600, -600, 9085.76842786747, -600], "[3, 4]": [9039.912027399629, -600, 9600.472385130517, -600], "[6, 2]": [10573.088943343331, 10005.827539063981, -600, 614.751136934761], "[5, 5]": [10754.614472401381, 470.8536494654529, -600, 10762.427049040312], "[1, 4]": [9638.35454860465, -600, 10342.106136525897, -600], "[6, 10]": [-600, 10498.002469818999, -600, -600], "[3, 12]": [-600, -600, 10449.289453103711, -600], "[4, 14]": [-600, -600, -600, -600], "[7, 17]": [10706.321967736692, -600, 1205.04368158236, 10602.113664250664], "[4, 5]": [10629.51850343265, -600, 270.95302709478756, 10699.830558105212], "[7, 12]": [-600, -600, 9106.898190815624, -600], "[3, 31]": [10999.989127311148, 10761.600037240672, -600, -600], "[3, 5]": [11256.914399988409, -600, -600, 11205.315897224014], "[2, 13]": [-600, -600, -600, 6040.032521673949], "[7, 19]": [-600, 9958.243618172413, 0, 9833.164639621049], "[5, 2]": [10651.128225514594, 10679.990008365163, 1859.2218024852607, 721.6318711849542],