{"[6, 1]": [245.1059433370453, 214.8217235974159, -600, 737.2845707809364], "[5, 3]": [41.41220716182382, -600, 1004.4056603802225, 185.3446024484635], "[4, 4]": [20.663421079966245, -600, 549.702939131098, -600], "[4, 2]": [126.95643809453654, 697.9306824577749, -600, -600], "[6, 0]": [220.07197066989198, 257.36718632877484, 693.2243137828813, -600], "[6, 7]": [-600, 500.10824639246624, 633.3048213789226, 791.363440300014], "[6, 3]": [485.1573059800831, -600, 804.5807741518503, 621.8130808400192], "[7, 7]": [-600, 59.310632778290845, 194.83502277362734, 1008.3106706259892], "[7, 3]": [535.8746324359138, -600, 521.3112687125334, 1052.209881079605], "[7, 0]": [340.70725049239667, -0.4278811594588236, 18.417474322881166, -600], "[0, 7]": [-600, 198.61996139177836, 234.47275718642882, 714.479104360536], "[0, 0]": [683.0896895795468, 243.91092809984227, 211.2150519723523, -600], "[0, 3]": [772.7233967205729, -600, 477.0600136103862, 600.2054113572116], "[0, 1]": [596.3741709228353, 459.8535582033046, -600, 772.6638836756156], "[7, 1]": [182.01097884093943, 46.06245177351121, -600, 982.1782148447775], "[0, 9]": [-600, -0.05691065561089148, -600, 216.51137468152206], "[0, 2]": [642.7546056702444, 111.65790353252409, -600, -600], "[2, 7]": [-600, 713.0839770777255, 240.45714546738466, 213.42149150448756], "[2, 3]": [726.2468937846492, -600, 204.74930565314543, 248.94059879119231], "[2, 0]": [792.9220230361195, 622.4977508722637, 494.3828325029718, -600], "[2, 1]": [601.7965055977274, 799.2711976906634, -600, 475.5017977155792], "[3, 1]": [157.09654055810975, 977.86386247321, -600, 32.63684513783485], "[3, 3]": [290.5289714097689, -600, 16.494664906169834, -2.4740764129518227], "[1, 0]": [997.283156852153, 197.98655066421605, 56.94386255434231, -600], "[1, 1]": [1051.4960043574092, 508.9921860946612, -600, 550.6662771384699], "[1, 7]": [-600, 21.055155472343753, -2.2270856746257564, 335.5288068994783], "[0, 4]": [227.10762781644254, -600, 5.946150973748791, -598.7975659425581], "[5, 1]": [-0.3722129865586518, 318.41081824445007, -600, 22.568669555756745], "[5, 7]": [-600, 524.9262186705153, 1072.2745986232428, 554.0339424451124], "[4, 3]": [174.22291696297825, -600, 762.3952647818593, 217.02487115613638], "[4, 1]": [234.47130926134463, 737.4433315247833, -600, 209.993215968509], "[5, 0]": [52.67575009376401, 185.27230728049418, 1020.9276306523723, -600], "[4, 7]": [-600, 837.2763224816152, 613.7826122949087, 465.59824353490984], "[0, 5]": [371.2550988667811, -600, -600, 746.2446373601103], "[4, 0]": [496.7972491073224, 626.3763155669103, 833.7197533676432, -600], "[2, 4]": [555.0208065512448, -600, 31.09626864044573, -599.0256210859063], "[1, 5]": [938.4199804991418, -598.987670701979, -600, 111.22748855511205], "[2, 5]": [651.3705663423592, -600, -600, 115.44971409793978], "[2, 9]": [-598.769237764076, 189.44637006860836, -600, 4.132240772046659], "[0, 11]": [-600, -600, 113.27972956111068, 624.4056209516156], "[7, 18]": [0, 18.774132893734013, 50.39088576996352, 944.7466325956706], "[1, 39]": [923.4825475400639, 0, 11.100194721533267, 52.2460600543884], "[4, 8]": [-600, 821.0896070930356, 453.45142223739293, -600], "[4, 9]": [-600, 559.1806361009211, -600, 24.01468869647985], "[3, 7]": [-600, 989.5002413092175, 165.09148575687456, 38.52028632649564], "[1, 9]": [-600, -1.3589028985438831, -600, 25.911960458844092], "[5, 8]": [-600, 159.46992489271972, 968.1476559129896, -600], "[2, 8]": [-600, 677.6243057631824, 117.41976053669526, -600], "[6, 9]": [-600, 29.027402449552792, -600, 551.3770077149481], "[6, 11]": [-600, -600, 774.2074271845484, 418.54571053896854], "[3, 32]": [0, 924.2775897134334, 57.59299657893733, 7.951853670943551], "[6, 2]": [51.235104491911926, 462.02030438080146, -600, -600], "[5, 5]": [2.347591275714162, -600, -600, 231.8154018430886], "[4, 11]": [-600, -600, 666.0846650027243, 106.25414494598303], "[5, 11]": [-600, -600, 906.849023921813, 89.24256972909188], "[5, 2]": [2.338592209130943, 252.74806648986484, -600, -600], "[4, 5]": [389.1614967560419, -600, -600, 37.545582251811446], "[7, 4]": [18.454367981763077, -600, 0.3230974612043683, -600], "[6, 5]": [130.08897368314194, -600, -600, 651.2381678811398], "[5, 25]": [0, 267.7795819311358, 1131.0972961260404, 279.3344933784289], "[1, 2]": [924.8448507014475, 150.24499417382845, -600, -600], "[0, 8]": [-600, 422.6778764276658, 41.525233866771245, -600], "[1, 11]": [-600, -598.988703987415, 1.9723968457042391, 206.23763316953475], "[1, 3]": [996.284614083524, -600, 41.793720760132345, 194.62109343586098], "[1, 37]": [1111.8026305405863, 274.0899255650227, 0, 295.2071708585017], "[7, 15]": [58.80526033566433, 11.153022549215518, 0, 916.5070446396052], "[6, 4]": [6.784238091790391, -600, 219.56107581575668, -600], "[3, 8]": [-600, 846.2342262369157, 119.9127466409338, -600], "[6, 8]": [-600, 146.32918610637847, 684.4494662105149, -600], "[7, 8]": [-600, 4.6757189260429355, 312.2691966305173, -600], "[7, 11]": [-600, -600, 147.51529394083798, 927.1577770683743], "[6, 10]": [-600, 314.4204113039143, -598.7431209031574, -600], "[6, 13]": [-600, -600, -600, 657.6094241454504], "[3, 0]": [508.64214826574243, 1052.9439690797415, 491.3510401280169, -600], "[3, 29]": [258.9605629255866, 1103.9283716607508, 257.20217905787905, 0], "[5, 4]": [0.7433796028985183, -600, 409.32137242039903, -600], "[2, 2]": [401.1651913735552, 770.0279023267602, -600, -600], "[7, 16]": [282.2834877850444, 0, 253.00524804567658, 1104.1255951064718], "[3, 30]": [49.089900208575145, 919.4522775009218, 0, 10.43870512341703], "[3, 4]": [72.97077598090347, -600, 2.7226947923360436, -600], "[0, 13]": [-600, -600, -600, 441.854853098363], "[5, 23]": [11.85464262889389, 0, 920.4355474698053, 52.77039986321791], "[5, 22]": [12.957236543602955, 54.04027580529529, 935.0466800453923, 0], "[1, 4]": [482.44926528088394, -600, 1.8221435114730278, -600], "[1, 8]": [-600, 281.97763364637393, 4.284784434940194, -600], "[7, 9]": [-600, 1.4136675187045808, -600, 411.5305476590315], "[4, 10]": [-600, 562.3852914684455, -600, -600], "[1, 42]": [133.68574991813318, -600, -600, -600], "[2, 11]": [-600, -600, 393.36086290938806, 36.97626992296218], "[3, 9]": [-600, 353.469579850718, -600, -1.4727977905720941], "[2, 10]": [-600, 512.2663211657768, -600, -600], "[5, 9]": [-600, 71.83454168679675, -600, 1.3858941318130698], "[1, 40]": [247.3590546669726, 0, 0.7387070642996225, -600], "[4, 6]": [278.9458266222913, -600, -600, -600], "[3, 5]": [190.63100865008107, -600, -600, 1.6536240171766972], "[3, 2]": [84.4663360944947, 856.5062770702505, -600, -600], "[7, 5]": [94.6709242706974, -600, -598.7836842004194, 888.1669228892309], "[2, 6]": [648.1957721396652, -600, -600, -600], "[5, 24]": [0.4611060038439608, 0, 232.84405558379353, -600], "[6, 12]": [-600, -600, 522.7132105221693, -600], "[5, 12]": [-600, -600, 378.1258294135623, -600], "[0, 6]": [618.8719310499704, -600, -600, -598.6607926439201], "[1, 36]": [930.1346098146258, 55.92659863155971, 13.854761253083762, 0], "[1, 38]": [874.2360325304425, 34.63072089653323, -600, -600], "[3, 11]": [-600, -600, 218.02172686624422, 2.424360581377293], "[3, 34]": [-600, 238.83690374708766, 0, 0.7519612550013475], "[2, 12]": [-600, -600, 244.78133021253188, -600], "[7, 2]": [276.3806932637768, 2.357737811033448, -600, -600], "[5, 26]": [-600, 33.37351208395691, 875.5763891746325, -600], "[6, 6]": [286.0771545690263, -600, -600, -600], "[5, 27]": [-600, -600, 627.2017891292356, 18.850872800534233], "[4, 12]": [-600, -600, 675.7412243359549, -600], "[7, 20]": [-600, -600, 42.696742807170224, 846.1060920746896], "[0, 12]": [-600, -600, 229.00466372063696, -600], "[7, 12]": [-600, -600, 123.83276475681409, -600], "[7, 17]": [20.676628317164337, -600, -600, 623.2154609325828], "[3, 12]": [-600, -598.5697060149693, 110.70658785245368, -600], "[7, 19]": [-600, 0.40529534519298027, -600, 224.75917849050933], "[3, 6]": [117.43807414806342, -600, -600, -600], "[0, 10]": [-600, 217.05481959853572, -600, -600],