{"[6, 7]": [0, 40.27804660330557, 213.07760104563715, 94.62774019751043], "[6, 0]": [-37.665976608957706, -79.46839909351598, 154.3702698897148, -4000], "[7, 7]": [0, 17.04445181798621, 12.742272379197777, 343.78586179393386], "[7, 3]": [50.55793955473969, -4000, -17.830708325367098, 327.058891453321], "[7, 16]": [52.21433423447824, 0, 57.476614341857676, 518.762036674524], "[6, 1]": [-51.81291254039718, -44.01565540060487, -4000, 80.42242260508883], "[5, 23]": [47.92417195493565, 0, 508.2452289780878, 142.12578675456814], "[5, 1]": [49.74436769832375, -5.784760397482761, -4000, -11.530210036527265], "[4, 3]": [46.36302387354386, -4000, 144.46962726440827, 67.18499774696421], "[4, 1]": [39.803677501263834, 85.70906539316378, -4000, -3.50868419353921], "[5, 0]": [33.065344884685814, -4.042355335642483, 290.04615996602337, 0], "[5, 7]": [0, 34.76742519165683, 274.5494077955808, 132.45289513819984], "[6, 3]": [36.15709220603463, -4000, 161.70619474050332, 78.3048225151808], "[5, 3]": [4.062878290826858, -4000, -80.02145629916187, 160.96583204418204], "[4, 0]": [77.32826272447974, 213.07525613991783, 145.15301825887803, -4000], "[4, 7]": [0, 151.33199427047003, 147.27115593706313, 135.5907528297798], "[4, 9]": [-4000, -396.04954653604807, -4000, -4.315899614114871], "[4, 8]": [-4000, 168.7237198676747, -55.983707020440214, -4000], "[2, 1]": [253.3646499083008, 151.7631088370545, -4000, 115.35465966947632], "[2, 3]": [180.96724650971223, -4000, -102.3561555758219, 46.00528129971452], "[2, 4]": [-338.4503854179859, -3584.800491245709, 37.295511835665245, -4000], "[2, 0]": [205.5632861160301, 148.27503880806896, -50.90744830262227, -4000], "[2, 9]": [-4000, -388.00321972217597, -4000, -1114.8812606643376], "[2, 5]": [-3.2184652959011935, -4000, -4000, -263.84121358763537], "[2, 10]": [-4000, -249.0221578058164, -4000, -4000], "[3, 32]": [0, 530.6866039488273, 113.76565244528567, 50.876508973414516], "[7, 11]": [-4000, -4000, -21.485519462326693, 315.51925023560136], "[6, 5]": [-16.740170809332668, -4000, -3595.7668256113116, -53.51420387736904], "[6, 2]": [-290.5705728306178, 52.66179644676208, -4000, -4000], "[7, 8]": [-4000, 5.091313081279319, -26.78163007933296, -3576.8972705515853], "[7, 0]": [1.8521564416706706, -24.64879529786022, 28.952514662919643, -4000], "[6, 4]": [-1278.2383621954737, -4000, -610.6925795014699, -4000], "[2, 7]": [-4000, -1.7635857084239355, -71.58648088050123, 82.52188693654479], "[3, 1]": [87.18176880886384, 282.82329703870687, -4000, 7.699296260291202], "[3, 3]": [30.539901569270118, -4000, -20.927396165262806, -41.35973584435561], "[6, 9]": [-4000, -370.4768673371082, -4000, -151.41609649765678], "[6, 11]": [-4000, -4000, 155.77179391834184, 55.892851723808946], "[7, 18]": [0, 31.385966956202783, 146.9125521037366, 487.40006541580834], "[0, 7]": [-4000, 36.43005879175688, -29.69624974937533, -6.966297548825995], "[0, 3]": [48.60831950782221, -4000, 0.11811739702953883, 85.7769943854291], "[0, 1]": [149.33892419502993, 25.047925271862912, -4000, 39.50676917054197], "[1, 39]": [543.2428489576939, 0, 51.19138449510919, 132.8242070397972], "[5, 25]": [0, 44.798605295376234, 497.61044502763116, 108.45915996264502], "[0, 8]": [-4000, -12.919193305629335, -86.35699376938128, -4000], "[0, 0]": [70.76680700986373, 7.376306253767131, -1.3444243582056599, -4000], "[0, 9]": [-4000, -965.4162192495517, -4000, -378.9646753325427], "[0, 2]": [91.74645542578412, -200.17498738103424, -4000, -4000], "[7, 15]": [106.69810553042169, 72.21774931762421, 0, 514.6718181815385], "[6, 8]": [-4000, 28.777402981136998, 91.7969091470228, -4000], "[1, 3]": [17.0505651472089, -4000, -14.41788320565978, 145.83340296776257], "[2, 8]": [-4000, 100.18227420553364, -403.39152772931675, -4000], "[3, 7]": [-4000, 286.9105416088697, 87.69931064399275, -15.227864946173074], "[4, 4]": [-19.999689286681036, -4000, -336.3255647449047, -4000], "[3, 2]": [67.38695771709838, 291.78706704987746, -4000, -4000], "[3, 0]": [110.01839173864242, 343.4735649095527, -0.13475441551639822, 0], "[3, 30]": [120.23706211384385, 558.5576847708015, 0, 67.48598813554051], "[2, 11]": [-4000, -4000, -204.11985432166077, 13.266038221766767], "[2, 2]": [97.07848220854149, 142.4179656279905, -4000, -4000], "[7, 1]": [48.82985512359393, 29.060868949609837, -4000, 308.0685573199338], "[0, 5]": [58.01534231562656, -3603.5753270957234, -4000, 118.95007754010162], "[1, 0]": [243.83198596623743, 46.94838893972721, -6.5515449353215995, -4000], "[1, 1]": [222.24192075255783, 40.48006484852997, 0, 111.40421138224023], "[3, 9]": [-4000, 285.4726231434137, -4000, -435.33147837024336], "[3, 33]": [-4000, 542.5126501925831, 139.55752841465323, -4000], "[1, 7]": [-4000, 58.23350486467597, -79.82377134454887, -43.9228845539866], "[1, 2]": [198.02637823964054, 105.10527673979816, -4000, -4000], "[1, 37]": [491.20494874842257, 89.3351107656454, 0, 106.74338287479247], "[0, 4]": [-825.2213035756668, -4000, -23.84083560470893, -4000], "[0, 11]": [-4000, -4000, 38.49701075332865, -138.44952888641274], "[3, 8]": [-4000, 290.27535222326514, 32.21397362785033, -4000], "[5, 11]": [-4000, -4000, -123.3805085317851, 14.319286771689466], "[5, 22]": [62.59564759236066, 119.55843144567166, 499.32411422518715, 0], "[3, 29]": [90.89638739581099, 550.5252799211651, 29.718561547583842, 0], "[1, 36]": [519.3958428851043, 115.258040438849, 15.312008222160234, 0], "[7, 5]": [70.73771915813803, -4000, -4000, 264.0863297479662], "[4, 2]": [-2.1703979048910345, 39.02183454692182, -4000, -4000], "[3, 5]": [67.61962889955176, -4000, -4000, -33.66549232476091], "[4, 13]": [-4000, -4000, -3596.391810694925, -83.14416370315507], "[4, 11]": [-4000, -4000, 38.95316002390729, 31.998623104882803], "[7, 9]": [-4000, -199.4396953554375, -4000, -588.6328493912112], "[7, 4]": [-723.6585178359331, -4000, -21.89331902839898, -3584.5035313549456], "[6, 13]": [-4000, -4000, -4000, 40.135109141921426], "[1, 8]": [-4000, -297.26887092045837, -12.40168591447617, -4000], "[5, 9]": [-4000, 78.38158842360703, -4000, -1038.3982719843823], "[5, 4]": [15.588430926041118, -3204.300204046054, -502.4186876970476, -4000], "[3, 31]": [114.64138817043674, 510.76708964003905, -4000, -4000], "[2, 12]": [-4000, -4000, -634.3339728559808, -4000], "[1, 4]": [247.877116912041, -4000, -195.229686859967, -4000], "[1, 10]": [-4000, -408.8845171807996, -4000, -4000], "[1, 41]": [495.0858451889105, -4000, -4000, 141.92127279480067], "[0, 6]": [-496.484634337883, -4000, -4000, -4000], "[1, 9]": [-3566.024380371464, -927.5171873690695, -4000, -640.1972838667416], "[4, 10]": [-4000, -190.48375873245382, -4000, -4000], "[3, 11]": [-4000, -4000, -115.69421000266986, 18.742961753614225], "[7, 2]": [18.452536573439204, -34.56689913983696, -4000, -4000], "[2, 6]": [-372.8342975877563, -4000, -4000, -4000], "[6, 10]": [-4000, 5.862470094879244, -4000, -4000], "[1, 40]": [535.9951088564458, 0, 138.315721376955, -4000], "[5, 8]": [-4000, -153.88110861991441, 285.6396190055294, -4000], "[6, 12]": [-4000, -4000, -313.357360122953, -4000], "[3, 4]": [-634.5288371206605, -4000, -165.51959529035256, -4000], "[5, 2]": [43.34677058049992, -88.06773621111238, -4000, -4000], "[4, 5]": [30.12544945057075, -4000, -4000, -138.76583703228613], "[5, 5]": [-56.62043271160514, -3593.9789818553963, -3595.5794666853812, 54.63535681322264], "[0, 13]": [-4000, -4000, -4000, 51.36011229498639], "[1, 5]": [238.32578226974934, -4000, -4000, 51.97828628270772], "[7, 20]": [-4000, -4000, 160.05575279647073, 523.8822263676303], "[5, 13]": [-4000, -4000, -4000, -886.0605822225109], "[1, 38]": [443.27450886936424, 132.51845259071246, -4000, -4000], "[0, 12]": [-4000, -4000, -400.14705418353105, -4000], "[4, 12]": [-4000, -4000, -426.92961335402254, -4000], "[1, 6]": [184.6624638110695, -4000, -4000, -4000], "[0, 10]": [-4000, -797.3946279133128, -4000, -4000], "[6, 6]": [-171.18974944728146, -4000, -4000, -4000], "[4, 6]": [-282.92364442528776, -4000, -4000, -4000],