{"[5, 1]": [-1.8729281302567968, 20.820397854313924, -600, 233.80776807507982], "[6, 0]": [194.37173432746275, 236.2126257669461, 604.1222746982643, -600], "[6, 7]": [-600, 414.81612308274293, 518.1701522494694, 674.7068957306013], "[6, 1]": [219.57206967687344, 179.41643815302643, -600, 602.2040522429326], "[6, 3]": [408.4949005990371, -600, 677.2269269726182, 524.8020652173404], "[6, 9]": [-600, 17.78097878871935, -600, 381.943230148906], "[6, 8]": [-600, 116.2959018484189, 573.0281504027321, -600], "[4, 9]": [-600, 382.7317367270921, -600, 20.355195546660607], "[4, 8]": [-600, 684.9035815799484, 378.5941109907671, -600], "[4, 7]": [-600, 709.7557711600456, 542.7509977357604, 416.51088513474997], "[4, 0]": [417.79875758525293, 542.0106026674935, 707.0735289103628, -600], "[4, 11]": [-598.2427832724647, -600, 586.7845379710974, 119.94439998386595], "[7, 7]": [-600, 38.510132458335335, 150.8924578384443, 836.4346266796298], "[7, 3]": [439.2303121822591, -600, 415.64355332291024, 917.0880593939398], "[0, 7]": [-600, 173.58338865928872, 207.26826129618794, 571.6389761227905], "[0, 3]": [620.711226998218, -600, 379.31979934370196, 485.47733749988544], "[0, 1]": [496.4929442936979, 385.47997705968874, -600, 614.0102515519652], "[0, 0]": [550.4415131887789, 204.17308884523842, 172.12215120990305, -600], "[7, 1]": [154.20733595770292, 36.895822734758596, -600, 850.4368694606467], "[7, 0]": [264.77165765997506, -1.2305113088037936, 17.002158436580388, -600], "[5, 3]": [30.044974321478, -600, 885.2385009887687, 153.57651642238437], "[4, 3]": [178.41124306405032, -600, 651.4998445218391, 222.10462395561368], "[4, 1]": [200.73373268812054, 632.0556323034134, -600, 177.99256731145726], "[5, 0]": [41.963137323307, 150.28007040115682, 888.6328360356194, -600], "[5, 7]": [-600, 460.49070247748864, 946.1464538563581, 489.7796083990293], "[2, 3]": [599.4015968980403, -600, 169.9726261501639, 201.96844014016315], "[2, 7]": [-600, 595.3852986525311, 234.98205519197916, 194.9957445305187], "[2, 1]": [516.0035708315786, 660.9172639097484, -600, 390.13639399846863], "[2, 0]": [659.6804977088458, 497.27868796775283, 399.9461853464887, -600], "[1, 0]": [824.7019018225642, 133.12393958472404, 37.00462932207869, -600], "[1, 7]": [-600, 18.09049844148599, -3.2773544618048795, 244.13099270941433], "[1, 3]": [819.271482165239, -600, 25.591824609548667, 147.1724579254652], "[2, 4]": [371.65417309118726, -600, 14.311057089199402, -600], "[2, 8]": [-600, 560.0147203031063, 114.43324922602869, -600], "[2, 9]": [-600, 148.17171286395634, -600, 3.8570584844172635], "[2, 2]": [641.1561325784958, 359.99531435357306, -600, -600], "[1, 1]": [904.5044726496809, 377.79834332424247, -600, 420.72820232495957], "[3, 1]": [163.07699052195488, 877.4686496188568, -600, 29.604265972662695], "[3, 3]": [14.416402536918147, -600, 225.46015060287658, -4.793090291237843], "[3, 7]": [-600, 865.1808466347511, 142.06431547715377, 23.68365539696114], "[0, 4]": [123.71978715896032, -600, 7.844353521268128, -600], "[0, 11]": [-600, -600, 81.99171406575702, 515.0982622494653], "[5, 11]": [-600, -600, 851.6632257270884, 109.15893625009966], "[6, 4]": [3.1365614590790396, -600, 161.7768389746427, -600], "[3, 32]": [0, 780.2001908114121, 40.12493408955754, 7.275982363671788], "[5, 23]": [9.539343053801163, 0, 786.7583731450297, 46.006237506776245], "[3, 29]": [231.0104620339253, 993.889533347073, 214.10589191720504, 0], "[1, 36]": [767.4177657689618, 42.00858130222109, 9.34179572584179, 0], "[4, 2]": [99.3460946168337, 587.3016703042956, -600, -600], "[6, 11]": [-600, -598.8339284203594, 372.7141505069154, 651.8962959771485], "[5, 8]": [-600, 134.8959651427201, 840.8800373161724, -600], "[5, 2]": [2.1176356939633876, 205.2374839462854, -600, -600], "[4, 5]": [285.5293303542615, -598.8195620016882, -598.8398226319486, 30.64784754517575], "[5, 25]": [0, 240.19285326857477, 1005.2503347765397, 256.9597657667096], "[7, 18]": [0, 12.946744016770037, 41.85975276506941, 781.5427820876829], "[3, 11]": [-600, -600, 153.832667118985, 0.5062911529559817], "[2, 5]": [527.332469541718, -600, -600, 91.39037273660267], "[0, 5]": [597.7691564633858, -600, -600, 315.3382078247244], "[7, 5]": [91.9636701886834, -599.2238869351155, -600, 793.98439115745], "[4, 4]": [22.097674100360067, -600, 406.3919492820871, -600], "[7, 4]": [-1.2844499602168569, -600, 9.307265671098119, -600], "[0, 13]": [-600, -600, -600, 386.00572736881423], "[6, 5]": [108.38918400020161, -600, -600, 549.526438448608], "[0, 9]": [-600, -2.0408326358026994, -600, 126.07283552410689], "[3, 8]": [-600, 748.1073485475433, 111.76655683651504, -599.2526163233097], "[2, 10]": [-600, 405.81515915331556, -600, -600], "[3, 0]": [461.3422035814203, 939.5142792415627, 427.3813956735715, -600], "[0, 2]": [519.1755287034515, 85.01401810091909, -600, -600], "[5, 4]": [0.7296553211754733, -600, 307.95004840383115, -600], "[1, 5]": [711.475645950543, -600, -600, 73.66615078343725], "[1, 37]": [965.3537378593517, 197.38032223184325, 0, 204.16828038208538], "[3, 33]": [-598.8418594349247, 685.4221303794777, 26.552672121268927, -600], "[5, 22]": [10.649718970636037, 63.63807214297737, 804.5077544420578, 0], "[0, 8]": [-598.8870409010754, 299.81432863862506, 34.598342638874165, -600], "[5, 9]": [-600, 1.961684155864535, -600, 41.10542249661828], "[2, 13]": [-600, -600, -600, 114.9248962713358], "[1, 2]": [702.3871896821266, 103.09214760665391, -599.3483472951353, -598.8797067754299], "[3, 30]": [49.78434399118823, 796.4531930928814, 0, 9.937318197468558], "[2, 11]": [-600, -600, 323.7830704347653, 40.62819997039494], "[3, 5]": [157.98574092420122, -600, -600, 1.3960968007198158], "[0, 6]": [297.47329293379136, -600, -600, -600], "[1, 39]": [762.7115980523662, 0, 6.63687869356488, 41.150240358419744], "[4, 10]": [-600, 358.2350414976513, -600, -600], "[3, 2]": [94.544602968493, 831.2306183405673, -600, -600], "[2, 6]": [304.445167502583, -600, -600, -600], "[3, 4]": [1.5732872383745755, -600, 34.78102800324099, -600], "[1, 13]": [-600, -600, -600, 53.42908985000969], "[1, 9]": [-600, 0.42152497737630973, -600, 9.373164169017327], "[5, 10]": [-600, 68.36744579448353, -600, -600], "[6, 12]": [-600, -600, 428.26447669686183, -600], "[7, 15]": [46.50548827704277, 9.77482603343324, 0, 778.8544103682101], "[7, 16]": [213.9616069650758, 0, 202.85255391988062, 972.9739854046237], "[6, 2]": [36.73024417402309, 331.61376670141004, -600, -600], "[5, 27]": [-599.3609657552016, -600, 604.424033254973, 16.46692508448451], "[5, 5]": [0.6692895064732207, -600, -600, 142.84435685595918], "[4, 12]": [-600, -598.7427615803565, 462.3133816899451, -600], "[3, 9]": [-600, 275.39628833630104, -598.8812796869537, -0.030559484047304065], "[7, 2]": [189.01222641105176, 3.9588315871187914, -600, -600], "[7, 9]": [-600, 0.5562529230597044, -600, 281.82976645574803], "[2, 12]": [-600, -600, 143.99133294638736, -600], "[6, 13]": [-600, -600, -600, 312.08137948796156], "[4, 6]": [117.78177453650922, -600, -600, -600], "[7, 11]": [-600, -600, 104.49382686963295, 735.0783467111655], "[1, 4]": [247.33970738696894, -600, 0.5209058808794403, -600], "[1, 10]": [-600, 57.16493821782337, -600, -600], "[3, 34]": [-600, 179.60551788522315, 0, 0.09743453484338532], "[1, 38]": [627.4092219311212, 22.8042479177666, -600, -600], "[1, 8]": [-598.7095379939133, 198.68304648453335, 3.4629008412379654, -600], "[1, 11]": [-600, -600, 1.4974895096302006, 153.07180406934944], "[0, 12]": [-600, -600, 103.86394497357877, -598.8924170044766], "[6, 6]": [129.31995566742881, -600, -600, -600], "[7, 20]": [-600, -600, 25.126898008128148, 650.0240904459002], "[0, 10]": [-600, 92.82066115936962, -600, -600], "[5, 12]": [-600, -600, 314.0982216673412, -600], "[5, 26]": [-600, 28.836410175970755, 740.555360864676, -600], "[4, 13]": [-600, -600, -600, 132.26694192437893], "[7, 8]": [-600, 3.3492455920797943, 211.35009869583644, -598.6893754351399], "[1, 40]": [152.90791565891075, 0, 0.3687172099294415, -600],