{"[6, 1]": [228.49007691488424, 194.32184458488427, -600, 660.4411629716351], "[5, 3]": [36.10806091842722, -600, 919.5018680165053, 160.4364174638227], "[4, 4]": [17.555690035222202, -600, 431.85306080366274, -600], "[4, 2]": [109.82151866249173, 615.138507702271, -600, -600], "[6, 0]": [201.20277549812917, 241.37704245026404, 639.8598673113775, -600], "[6, 7]": [-600, 452.8103769289197, 571.5281403371176, 716.3676208270384], "[6, 3]": [435.49831681111846, -600, 721.1108006784006, 557.8878228772276], "[7, 7]": [-600, 50.71960615966848, 176.39956520931983, 911.9726982436755], "[7, 3]": [477.92329481634744, -600, 462.9701467923084, 966.9591360390025], "[7, 0]": [280.1847560182009, -0.7041519482853359, 16.412214494308714, -600], "[0, 7]": [-600, 179.43098038037445, 215.83938973059438, 632.2991915088948], "[0, 0]": [601.090215602938, 226.8612976237306, 191.3542859431468, -600], "[0, 3]": [676.2280606106555, -600, 429.81974966362463, 542.2255174551053], "[0, 1]": [538.5264249829983, 409.3740610793954, -600, 677.5050947629215], "[7, 1]": [161.60236893438858, 36.40534199746309, -600, 885.1802365853006], "[0, 9]": [-600, 0.5480373817708794, -600, 174.5103183830939], "[0, 2]": [572.3944377304285, 103.18295368408099, -600, -600], "[2, 7]": [-600, 640.7526537508264, 223.51001267080022, 194.0897862866817], "[2, 3]": [650.5747167055584, -600, 186.23903071870217, 224.58875197049235], "[2, 0]": [702.4339154271602, 564.2305688299632, 443.2905408541345, -600], "[2, 1]": [542.504143999542, 710.9807273124093, -600, 421.69190251247124], "[3, 1]": [138.66874043012803, 894.0018651480997, -600, 27.67567714899439], "[3, 3]": [248.18440705142754, -600, 14.380735114484525, -3.004815276648575], "[1, 0]": [906.1631138519224, 177.3451738806302, 47.76310108885858, -600], "[1, 1]": [960.2192483794071, 459.6556421263217, -600, 489.4234972171785], "[1, 7]": [-600, 18.76856483472612, -2.5521489377926, 273.2099554236672], "[0, 4]": [193.43351653449662, -600, 4.06680431427831, -600], "[5, 1]": [-1.1895725551871636, 260.3829619259587, -600, 21.617075404655534], "[5, 7]": [-600, 470.69272484921294, 994.0842133189221, 480.9357835042528], "[4, 3]": [158.64931565949502, -600, 675.5720592983237, 204.51574819763164], "[4, 1]": [212.22013907178433, 652.2850578626407, -600, 190.42246144510807], "[5, 0]": [42.68154760731393, 167.83909264118574, 934.1526241631716, -600], "[4, 7]": [-600, 741.8672912564767, 550.8121500820989, 414.673890192632], "[0, 5]": [326.86687053551805, -600, -600, 648.7165678010508], "[4, 0]": [442.038193442807, 567.9257856170188, 735.0935783772859, -600], "[2, 4]": [436.4409725374734, -600, 26.846808167168202, -600], "[1, 5]": [848.1927785804999, -600, -600, 99.29007846907483], "[2, 5]": [571.9830518062826, -600, -599.0874860004103, 101.60995584993503], "[2, 9]": [-598.769237764076, 146.7369013440953, -600, 4.162146985495086], "[0, 11]": [-600, -600, 101.9780554503182, 563.3141966037834], "[7, 18]": [0, 15.577095608845307, 45.86615311466319, 850.1122479868822], "[1, 39]": [826.8726173653959, 0, 9.614179614616353, 47.36607786841251], "[4, 8]": [-600, 716.1980236070024, 399.069723143994, -600], "[4, 9]": [-600, 444.6953328319739, -598.694404110992, 21.322082554636086], "[3, 7]": [-600, 904.6917838497328, 151.37735647042004, 32.42772455412607], "[1, 9]": [-600, -1.3589028985438831, -600, 15.658622136013353], "[5, 8]": [-598.4097489358439, 135.27895121872078, 882.2052810502622, -600], "[2, 8]": [-600, 600.8373960098988, 110.49470127162382, -600], "[6, 9]": [-600, 26.872010371307866, -600, 446.5575781505024], "[6, 11]": [-600, -600, 689.4909156401915, 371.9660882238154], "[3, 32]": [0, 830.7539820046765, 51.99921786285382, 6.473285789637439], "[6, 2]": [44.204533326160906, 377.70064441419754, -600, -598.8674394871399], "[5, 5]": [2.1340599721056757, -600, -600, 187.31107171304268], "[4, 11]": [-600, -600, 595.3699247334038, 94.55797865560673], "[5, 11]": [-600, -600, 822.3037279610004, 80.00598110584036], "[5, 2]": [1.5043599461383241, 203.3382395998537, -600, -599.0909159093259], "[4, 5]": [315.50918825737585, -600, -600, 31.73145622741704], "[7, 4]": [9.919280453397073, -600, 0.3230974612043683, -600], "[6, 5]": [115.28217631009215, -600, -600, 579.2469285194851], "[5, 25]": [0, 232.90024519122892, 1049.4417702980375, 244.1885871268595], "[1, 2]": [837.3698113341266, 133.75035726507977, -600, -600], "[0, 8]": [-600, 349.90195780411597, 38.135095358563554, -600], "[1, 11]": [-600, -600, 1.6336062572362724, 170.3038224355971], "[1, 3]": [899.9758523170744, -600, 35.348464013278026, 176.09657481110102], "[1, 37]": [1020.9565290673105, 238.0329037939302, 0, 253.21830942725768], "[7, 15]": [54.687976172454725, 9.944223104361635, 0, 816.6857715420624], "[6, 4]": [6.784238091790391, -600, 174.34819311736402, -599.1123014331201], "[3, 8]": [-600, 775.581059064698, 105.7281257900452, -600], "[6, 8]": [-600, 131.71675979777285, 611.185109099286, -599.1482753602374], "[7, 8]": [-600, 3.1590190596506345, 249.2385935411846, -600], "[7, 11]": [-600, -600, 128.79626517650058, 826.7739565405692], "[6, 10]": [-600, 195.5989657584787, -600, -600], "[6, 13]": [-600, -600, -600, 504.5809406516077], "[3, 0]": [457.55475692311626, 979.5141006269155, 439.58854771800554, -600], "[3, 29]": [228.9832863218571, 1032.809486021785, 218.34499500487405, 0], "[5, 4]": [0.5076247167525934, -600, 303.0273139573716, -600], "[2, 2]": [350.111747078013, 686.9372332347472, -600, -598.8357067584158], "[7, 16]": [249.82902879324212, 0, 224.62908042461888, 1019.4845712071719], "[3, 30]": [47.79650418721006, 816.3185357950808, 0, 8.856253471766387], "[3, 4]": [47.827687725481645, -600, 2.7226947923360436, -600], "[0, 13]": [-600, -600, -600, 317.69666105040665], "[5, 23]": [10.51021798445406, 0, 823.199893663081, 48.246019727929976], "[5, 22]": [11.330532761100017, 49.76854251204803, 836.8520465831739, 0], "[1, 4]": [362.2806539070343, -600, 1.670014131803661, -600], "[1, 8]": [-600, 231.78917112024152, 3.685123245626301, -600], "[7, 9]": [-600, 1.3281826019069358, -600, 317.9518250584198], "[4, 10]": [-600, 420.05735807563, -600, -600], "[1, 42]": [97.20693219987967, -600, -600, -600], "[2, 11]": [-600, -600, 333.5800726593707, 31.57893414373106], "[3, 9]": [-600, 271.59700385633334, -599.0814416042865, -1.4774344695757704], "[2, 10]": [-600, 365.70068215171773, -600, -600], "[5, 9]": [-600, 48.29188367591983, -600, 0.17517589464982514], "[1, 40]": [200.0084295225209, 0, 0.713622272916876, -600], "[4, 6]": [174.11096214509212, -600, -600, -600], "[3, 5]": [157.21236695112646, -600, -600, 1.4965844776317034], "[3, 2]": [76.6994888286257, 779.52416277961, -598.8048730572614, -600], "[7, 5]": [85.4601754774344, -600, -600, 801.7472571204063], "[2, 6]": [508.5166415337446, -600, -600, -600], "[5, 24]": [0.4463226483148287, 0, 192.54113556249152, -600], "[6, 12]": [-600, -600, 370.7300130422557, -600], "[5, 12]": [-600, -597.6679740609787, 259.95021677052034, -600], "[0, 6]": [472.5548131534854, -600, -600, -600], "[1, 36]": [837.5077479498656, 47.205934549389724, 12.278051234903629, 0], "[1, 38]": [758.4455447202547, 32.21753427303865, -600, -600], "[3, 11]": [-600, -600, 179.43523289938503, 1.637178126454933], "[3, 34]": [-600, 197.2512429345963, 0, 0.3821476849203673], "[2, 12]": [-600, -600, 151.05483700150674, -600], "[7, 2]": [214.01224627874083, 2.0499816981563312, -600, -600], "[5, 26]": [-600, 29.053305522727552, 749.5152421451306, -600], "[6, 6]": [179.01347265332888, -600, -600, -600], "[5, 27]": [-600, -600, 549.6253444356215, 18.850872800534233], "[4, 12]": [-600, -598.6969661777258, 523.9089938342498, -600], "[7, 20]": [-600, -600, 36.11201169782644, 742.3942183068344], "[0, 12]": [-600, -600, 129.11542153722067, -600], "[7, 12]": [-600, -600, 80.36271981911108, -600], "[7, 17]": [19.447682628028456, -600, -600, 545.8739183377895], "[3, 12]": [-600, -598.722016523197, 72.11288196600631, -600], "[7, 19]": [-600, 0.3880323493889427, -600, 179.68835555630457], "[3, 6]": [66.62748912703918, -600, -600, -600],