{"[6, 1]": [726.5028277420034, 625.4352269503376, -600, 1629.6008880172415], "[5, 3]": [238.54249128202716, -600, 1895.2917838120156, 542.0389078392095], "[4, 4]": [100.91480096415363, -600, 1515.8060594773608, -600], "[4, 2]": [429.1890324748902, 1598.9891888628665, -600, -600], "[6, 0]": [694.3247055666745, 692.0600551828979, 1578.4869807926275, -600], "[6, 7]": [-600, 1264.435518578984, 1410.5852021136388, 1725.8611121209908], "[6, 3]": [1231.7115230696384, -600, 1735.1685593860038, 1383.7731923807323], "[7, 7]": [-600, 343.15819282956653, 604.2119450431126, 1921.712863096505], "[7, 3]": [1325.4036820182503, -600, 1293.0876208426412, 1969.055087603366], "[7, 0]": [1258.9797461067556, 30.703598573974766, 65.24722217026496, -600], "[0, 7]": [-600, 638.950759552033, 688.4564745396187, 1616.2084639625962], "[0, 0]": [1540.4298908392466, 683.1352873579409, 668.1184775913637, -600], "[0, 3]": [1703.0993122945804, -600, 1206.7831665194938, 1380.3640075181354], "[0, 1]": [1366.1785256927044, 1197.777647424719, -600, 1704.4269258323136], "[7, 1]": [558.2932644966759, 260.3904856593496, -600, 1895.3480753923009], "[0, 9]": [-600, 16.539907395851557, -600, 972.2104955326022], "[0, 2]": [1481.6736834667336, 340.0670839623568, -600, -600], "[2, 7]": [-600, 1577.7148295444647, 638.6541690290404, 624.4855768123662], "[2, 3]": [1616.8007808463472, -600, 591.5432634432917, 668.914489156814], "[2, 0]": [1703.3169775638949, 1401.9703709514345, 1240.9459673437714, -600], "[2, 1]": [1381.1048613202513, 1712.0671383332342, -600, 1213.1361186279296], "[3, 1]": [510.75230491709215, 1855.6984389474978, -600, 210.03409946200262], "[3, 3]": [1193.9077635392578, -600, 59.71453249753151, 12.223000721311067], "[1, 0]": [1918.7808259784808, 599.1116620160163, 312.15236456655964, -600], "[1, 1]": [1962.4857051930642, 1264.1355449560813, -600, 1327.9983843120613], "[1, 7]": [-600, 76.26344916036489, 30.83702635022053, 1239.5434651507182], "[0, 4]": [910.5821579190314, -600, 28.514585156221976, -600], "[5, 1]": [29.91454445551357, 1176.025356272659, -600, 68.64114558299613], "[5, 7]": [-600, 1276.5055223426723, 1975.3970849541065, 1340.087828948843], "[4, 3]": [572.6513722888193, -600, 1643.6182570652757, 639.0507054058827], "[4, 1]": [694.2643264743563, 1620.2030056377139, -600, 633.9078208296015], "[5, 0]": [274.3277682891401, 558.1709580130336, 1923.2052544668488, -600], "[4, 7]": [-600, 1755.7489348264096, 1398.5654747683052, 1234.2742865571713], "[0, 5]": [1008.9343918245359, -600, -600, 1682.2266168354902], "[4, 0]": [1268.0833424127459, 1407.369495794785, 1747.3603338847072, -600], "[2, 4]": [1525.8712833709112, -600, 125.358407242958, -600], "[1, 5]": [1830.012630654827, -600, -600, 342.10972465838626], "[2, 5]": [1495.0693560484822, -600, -600, 354.8806619277552], "[2, 9]": [-595.864164070143, 837.6130812066015, -600, 27.666774784443078], "[0, 11]": [-600, -600, 355.77438983676865, 1473.9849208079318], "[7, 18]": [0, 97.36380886129658, 177.33735087391145, 1936.40474391529], "[1, 39]": [1924.4249846772273, 0, 71.19751695520344, 144.58346614851752], "[4, 8]": [-600, 1742.1732760097843, 1206.0242975124909, -600], "[4, 9]": [-600, 1570.8996109715192, -600, 134.84334551264774], "[3, 7]": [-600, 1860.8890134847952, 522.0862996821965, 233.13084767706133], "[1, 9]": [-600, -1.1467179356148933, -600, 443.3474655384497], "[5, 8]": [-600, 518.0636360378465, 1886.526632661151, -600], "[2, 8]": [-600, 1556.989367907056, 368.1608461049285, -600], "[6, 9]": [-600, 137.49218178169744, -600, 1551.8234604719203], "[6, 11]": [-600, -600, 1697.4686808418855, 1116.7677353289275], "[3, 32]": [0, 1888.3133522088647, 167.5353123849948, 57.92774627304159], "[6, 2]": [206.40458703367548, 1377.9249557233743, -600, -600], "[5, 5]": [19.06768038368587, -600, -600, 1077.962789663375], "[4, 11]": [-600, -600, 1485.3497407604166, 330.99428203373253], "[5, 11]": [-600, -600, 1727.019680449156, 284.4997842008711], "[5, 2]": [24.75145693939583, 1096.487807892663, -600, -600], "[4, 5]": [1412.2553642433143, -600, -600, 125.1656756992855], "[7, 4]": [407.40725905883966, -600, 3.869422531126994, -600], "[6, 5]": [403.85611556049054, -600, -600, 1501.2574895872579], "[5, 25]": [0, 832.7379235781359, 2035.5972716832575, 863.8685920340087], "[1, 2]": [1853.1921686172643, 479.0837578342271, -600, -600], "[0, 8]": [-600, 1332.3079102307472, 160.5566790836378, -600], "[1, 11]": [-600, -600, 19.333586401645427, 930.5513196207592], "[1, 3]": [1916.5199874402733, -600, 240.1182796171263, 600.3046898961845], "[1, 37]": [2028.381080740775, 837.9230059544814, 0, 877.1630725879146], "[7, 15]": [188.1661755435486, 71.01766515919316, 0, 1916.5918127618136], "[6, 4]": [40.29789490164845, -600, 885.3054803755651, -598.5391477258918], "[3, 8]": [-600, 1740.3690726255097, 360.0402808607473, -600], "[6, 8]": [-600, 443.4443246697676, 1582.5095958551556, -600], "[7, 8]": [-600, 49.741825248334976, 1241.3639991563794, -600], "[7, 11]": [-600, -600, 449.03489630744235, 1859.3046005588985], "[6, 10]": [-600, 1383.8656735511647, -600, -600], "[6, 13]": [-600, -600, -600, 1638.2050312374513], "[3, 0]": [1277.5914188530007, 1941.4956402555847, 1225.058821063752, -600], "[3, 29]": [796.0585721631275, 1996.540174760417, 752.7091968856829, 0], "[5, 4]": [9.45145808860859, -600, 1506.950774819028, -600], "[2, 2]": [1085.9748834805293, 1693.9204061883477, -600, -600], "[7, 16]": [856.3505063403775, 0, 823.6643966118316, 2023.6843666813304], "[3, 30]": [141.89277567222044, 1887.1676821445446, 0, 68.16163075448077], "[3, 4]": [591.5748747833929, -600, 4.580194617945635, -600], "[0, 13]": [-600, -600, -600, 1525.0493234131482], "[5, 23]": [66.07693991532895, 0, 1905.0250486614477, 166.9865736766025], "[5, 22]": [72.70803582975688, 155.08127871187358, 1926.874305820271, 0], "[1, 4]": [1600.1550799085426, -598.0833499240199, 14.031659263366825, -600], "[1, 8]": [-600, 1159.2246154521408, 37.84872848318676, -600], "[7, 9]": [-600, 14.249816194780806, -600, 1530.0846092470288], "[4, 10]": [-600, 1610.7488317271755, -600, -600], "[1, 42]": [672.9118491793931, -600, -600, -600], "[2, 11]": [-600, -600, 1305.1786167058046, 142.09070308532188], "[3, 9]": [-600, 1378.296938752252, -600, 4.115070167618982], "[2, 10]": [-600, 1547.7456336317084, -600, -600], "[5, 9]": [-600, 702.2218035748817, -600, 11.113341301119775], "[1, 40]": [884.9751480051787, 0, 5.425212478592801, -600], "[4, 6]": [1416.347624367084, -600, -600, -600], "[3, 5]": [954.4140744780665, -600, -600, 14.971784505367435], "[3, 2]": [294.752380593623, 1692.9471093404954, -600, -600], "[7, 5]": [286.1617262402791, -600, -600, 1761.182611620758], "[2, 6]": [1628.9206597672103, -600, -600, -600], "[5, 24]": [4.107826830369018, 0, 840.9211395998851, -600], "[6, 12]": [-600, -600, 1555.9949062107069, -600], "[5, 12]": [-600, -600, 1595.0417278277996, -600], "[0, 6]": [1613.8112847913449, -600, -600, -597.7320624963877], "[1, 36]": [1921.2763203174138, 167.82750897998073, 91.2867154535607, 0], "[1, 38]": [1887.1638382215879, 126.54850096932904, -600, -600], "[3, 11]": [-598.5505402039657, -600, 939.3893894581803, 22.159755484580206], "[3, 34]": [-600, 862.0883474327521, -600, 2.7006770667229225], "[2, 12]": [-600, -600, 1298.576440765438, -600], "[7, 2]": [1211.8610210941486, 24.856258308961646, -600, -600], "[5, 26]": [-600, 113.6842950185256, 1904.9455293790966, -600], "[6, 6]": [1441.8669438796917, -600, -600, -600], "[5, 27]": [-600, -600, 1563.1326244512043, 59.49472065184792], "[4, 12]": [-600, -600, 1652.8195930073225, -600], "[7, 20]": [-600, -600, 118.30849121542148, 1859.5686792203933], "[0, 12]": [-600, -600, 1358.4150903167445, -600], "[7, 12]": [-600, -600, 1010.5323632231546, -600], "[7, 17]": [60.437100539808426, -600, -600, 1511.199501769644], "[3, 12]": [-600, -600, 911.3449603560327, -600], "[7, 19]": [-600, 3.490558003352091, -600, 836.8021967120404], "[3, 6]": [936.479466095563, -600, -600, -600], "[0, 10]": [-600, 1287.3720872211497, -600, -600],