{"[6, 1]": [236.13186059896566, 201.5459650144538, -600, 686.87389833385], "[5, 3]": [39.0179461190529, -600, 954.2508595553257, 171.94425917400258], "[4, 4]": [18.784507391422128, -600, 475.70716252688527, -600], "[4, 2]": [115.73800958594265, 647.5476825847966, -600, -599.0703994344935], "[6, 0]": [208.77463135194398, 245.79273982028178, 665.3761384899897, -600], "[6, 7]": [-600, 475.7053006810496, 600.0561896598574, 748.4857217030677], "[6, 3]": [458.04072578424643, -600, 755.3601323309333, 583.7316781116202], "[7, 7]": [-600, 54.776929805811534, 186.43911953966423, 951.6360321696369], "[7, 3]": [502.33176253630586, -600, 486.63967634690744, 1001.6496276362199], "[7, 0]": [302.7363060974479, -0.4278811594588236, 16.412214494308714, -600], "[0, 7]": [-600, 188.792066481228, 222.83251989019436, 655.8250174587627], "[0, 0]": [624.0696038507692, 233.325987731128, 201.21313084248362, -600], "[0, 3]": [718.5137277937666, -600, 451.90848025631436, 564.7136936294389], "[0, 1]": [560.9691222212591, 430.7627129441563, -600, 719.62554524713], "[7, 1]": [170.705795222169, 40.12830845465018, -600, 923.5835335048968], "[0, 9]": [-600, -0.05691065561089148, -600, 188.10340007420078], "[0, 2]": [604.0012929943333, 107.38023285345467, -600, -600], "[2, 7]": [-600, 667.2857277385411, 231.9997664534773, 202.24504648955354], "[2, 3]": [672.6404350762484, -600, 194.1569441852674, 234.89680593349044], "[2, 0]": [737.6339122157914, 586.4104536273869, 467.682426156242, -600], "[2, 1]": [570.0956409109249, 750.9765043433038, -600, 444.80708184757515], "[3, 1]": [144.41711361223776, 932.7223050503338, -600, 29.586518679489245], "[3, 3]": [266.8048819155557, -600, 15.639982528394137, -2.7497046362592474], "[1, 0]": [942.5065755276786, 186.30182895535575, 51.38504233823518, -600], "[1, 1]": [999.2410355530009, 481.2823807106395, -600, 516.1890166826369], "[1, 7]": [-600, 18.76856483472612, -2.5521489377926, 295.10727663178784], "[0, 4]": [205.57516403661117, -600, 5.74766592171263, -600], "[5, 1]": [-0.6590595208477097, 281.11294639187486, -600, 22.568669555756745], "[5, 7]": [-600, 496.041380991001, 1026.5024739295366, 511.3045071378182], "[4, 3]": [166.05249668689038, -600, 713.1808831591892, 208.8420167520133], "[4, 1]": [221.1493605809318, 677.1311220034395, -600, 197.0610413965805], "[5, 0]": [46.90676907437829, 174.5055304146879, 968.3866843353702, -600], "[4, 7]": [-600, 779.1604024706951, 575.4727552652284, 435.20894423648724], "[0, 5]": [342.86750719483945, -598.802043076393, -600, 690.39017058952], "[4, 0]": [465.9601778297628, 590.9549616846487, 773.0601043207608, -600], "[2, 4]": [476.472661176991, -600, 27.99789435079408, -600], "[1, 5]": [881.2303074556241, -600, -600, 102.00022129923236], "[2, 5]": [605.32475596921, -600, -600, 106.90158808425562], "[2, 9]": [-598.769237764076, 162.13807152872116, -600, 4.74138215420086], "[0, 11]": [-600, -600, 103.57883579194426, 590.2406715802745], "[7, 18]": [0, 17.094814965735033, 47.17182308899874, 886.7382897147232], "[1, 39]": [865.3551029596656, 0, 9.775078038109825, 47.36607786841251], "[4, 8]": [-600, 757.1032773946438, 421.6491370500111, -600], "[4, 9]": [-600, 485.3607488705016, -600, 22.634135836924266], "[3, 7]": [-600, 941.0557810025762, 157.7953886150956, 34.566908405019376], "[1, 9]": [-600, -1.3589028985438831, -600, 18.16677890915096], "[5, 8]": [-600, 144.36197125225493, 918.4788485329369, -600], "[2, 8]": [-600, 633.2195525983739, 114.18283471317999, -600], "[6, 9]": [-600, 29.018546179214628, -600, 491.7506791141272], "[6, 11]": [-600, -600, 727.5424655228591, 393.8529810321846], "[3, 32]": [0, 868.1985110083178, 54.38329821272431, 6.473285789637439], "[6, 2]": [46.687233910406924, 413.3364997300371, -598.7698769627327, -598.8674394871399], "[5, 5]": [2.1340599721056757, -600, -600, 201.76418801313739], "[4, 11]": [-600, -600, 622.9638442752499, 100.9694008454375], "[5, 11]": [-600, -600, 851.0832229271714, 83.39831651328943], "[5, 2]": [1.7646953081001568, 223.36948548249958, -600, -600], "[4, 5]": [345.56410974466854, -600, -600, 33.31714102977161], "[7, 4]": [12.594684439850228, -600, 0.3230974612043683, -600], "[6, 5]": [120.11578183749177, -600, -600, 607.6231574427932], "[5, 25]": [0, 247.89342950860834, 1078.7258599596457, 257.3212490988676], "[1, 2]": [872.9780899136344, 138.40956236769765, -600, -600], "[0, 8]": [-600, 379.5816802180834, 40.266817383602536, -600], "[1, 11]": [-600, -600, 1.6336062572362724, 181.4271615972214], "[1, 3]": [942.0275444640647, -600, 36.91994332221002, 184.7353553271384], "[1, 37]": [1058.8430000089413, 254.36570881117473, 0, 270.2520301581196], "[7, 15]": [58.144140548512475, 10.16010829229602, 0, 854.5740430212916], "[6, 4]": [6.784238091790391, -600, 189.88498741089347, -600], "[3, 8]": [-600, 801.881694339768, 113.18685674996584, -600], "[6, 8]": [-600, 137.7517061291882, 642.56473566401, -600], "[7, 8]": [-599.0146679784453, 3.434016360129816, 271.9020891605546, -600], "[7, 11]": [-600, -600, 136.05899514622044, 867.7632662101963], "[6, 10]": [-600, 234.0250114820903, -600, -600], "[6, 13]": [-600, -600, -600, 568.509443090397], "[3, 0]": [480.23706001237883, 1010.5266967640817, 460.9301075564214, -600], "[3, 29]": [240.81228306334427, 1061.6888715575344, 233.14379139488145, 0], "[5, 4]": [0.7320581320655957, -600, 348.6822621059342, -600], "[2, 2]": [371.3701010126492, 720.0824549152899, -600, -600], "[7, 16]": [263.4861783844652, 0, 237.76788671553643, 1058.0614644040538], "[3, 30]": [47.79650418721006, 858.4887204884053, 0, 9.229124473227364], "[3, 4]": [54.991567153888475, -600, 2.7226947923360436, -600], "[0, 13]": [-600, -600, -600, 371.51818627661254], "[5, 23]": [11.004878154848045, 0, 864.6097489258275, 51.42398487723265], "[5, 22]": [11.5246812801269, 50.963340008115395, 872.0580328670806, 0], "[1, 4]": [406.77058580976956, -600, 1.6929435714785355, -600], "[1, 8]": [-600, 251.88196118920013, 3.9678174640053054, -600], "[7, 9]": [-600, 1.3646186358462076, -600, 352.1537721698991], "[4, 10]": [-600, 482.3731620372263, -598.6592292327305, -600], "[1, 42]": [112.45296711954387, -600, -600, -600], "[2, 11]": [-600, -600, 361.4142415415798, 34.36575574275739], "[3, 9]": [-600, 299.76647294022587, -600, -1.4727977905720941], "[2, 10]": [-600, 428.14196768687515, -600, -600], "[5, 9]": [-600, 56.004204465429424, -600, 0.7659185928138188], "[1, 40]": [216.98907482795542, 0, 0.7387070642996225, -600], "[4, 6]": [220.33599470286723, -598.7656357620237, -600, -600], "[3, 5]": [170.14589055122593, -600, -600, 1.6536240171766972], "[3, 2]": [79.55168221048683, 810.6345529055237, -600, -600], "[7, 5]": [89.14511073121662, -600, -600, 835.8859968795263], "[2, 6]": [564.9778512352049, -600, -600, -600], "[5, 24]": [0.4463226483148287, 0, 204.19787763854492, -600], "[6, 12]": [-600, -600, 426.5107295930317, -600], "[5, 12]": [-600, -597.6679740609787, 303.15034843211987, -600], "[0, 6]": [529.4572531314644, -600, -600, -600], "[1, 36]": [871.2737385021812, 49.4232874373654, 12.984443633299383, 0], "[1, 38]": [806.2237385635761, 32.21753427303865, -600, -600], "[3, 11]": [-600, -600, 189.75298713656036, 1.8822514043906824], "[3, 34]": [-600, 210.11401677297866, 0, 0.7409137762693425], "[2, 12]": [-600, -600, 182.17439909568415, -600], "[7, 2]": [236.13365856426495, 2.0499816981563312, -600, -600], "[5, 26]": [-600, 30.847511381445045, 806.3286579505202, -600], "[6, 6]": [227.58606644014898, -600, -600, -600], "[5, 27]": [-600, -600, 582.3908082891066, 18.850872800534233], "[4, 12]": [-600, -600, 584.0475718243366, -600], "[7, 20]": [-600, -600, 37.774861619851954, 783.6385813656694], "[0, 12]": [-600, -600, 171.79016804237244, -600], "[7, 12]": [-600, -600, 96.00719451250961, -600], "[7, 17]": [20.093435627085082, -600, -600, 576.0997803545721], "[3, 12]": [-600, -600, 86.06183004209889, -600], "[7, 19]": [-600, 0.40529534519298027, -600, 198.91876785114493], "[3, 6]": [86.09216233128565, -600, -600, -600], "[0, 10]": [-600, 169.75641436690375, -600, -600],