{"[5, 1]": [-0.7528451514219496, 23.701594573256106, -600, 378.85327856990574], "[6, 0]": [250.1542410056873, 293.0711213332345, 779.1034911781054, -600], "[6, 7]": [-600, 531.4621449812503, 664.220508654521, 907.322428909126], "[6, 1]": [271.48723297073775, 217.51421823119247, -600, 813.6622928704314], "[6, 3]": [527.9891514564847, -600, 904.4348710588689, 663.2923906519791], "[6, 9]": [-600, 25.086555258090236, -600, 641.6289455874214], "[6, 8]": [-600, 142.7328124116266, 770.8240855176657, -600], "[4, 9]": [-600, 648.0490485863857, -600, 32.195004863567], "[4, 8]": [-598.6181638017782, 917.6430764899187, 532.3018952079109, -600], "[4, 7]": [-600, 936.5511248925785, 689.6592025830851, 547.4015136343028], "[4, 0]": [544.4818785996321, 688.2398169503573, 930.0835548959819, -600], "[4, 11]": [-600, -597.2347480749816, 779.158036043221, 152.11493182599034], "[7, 7]": [-600, 59.33576821120698, 192.68925839152743, 1081.696098146701], "[7, 3]": [583.995793605416, -600, 554.5441337985834, 1144.7484735538806], "[0, 7]": [-600, 221.54763891064619, 267.4081187109508, 794.0290213382453], "[0, 3]": [857.3428731956496, -600, 491.025379074656, 616.5565290355912], "[0, 1]": [634.6739909097922, 492.7435664224761, -600, 850.7470872815001], "[0, 0]": [718.9038527238869, 252.74905843452157, 222.11570091874898, -600], "[7, 1]": [200.64577174840764, 57.26912400031633, -600, 1091.3571350731622], "[7, 0]": [430.42736764878475, 0.9752514946417564, 20.900339516354652, -600], "[5, 3]": [43.30092897828498, -600, 1116.3388778899528, 198.71572456795283], "[4, 3]": [217.29590410669667, -600, 854.7143844720825, 265.8760074374124], "[4, 1]": [246.97145253348646, 806.3933422429458, -600, 215.68672825394862], "[5, 0]": [66.0447527017778, 194.25340442485694, 1116.866532225476, -600], "[5, 7]": [-600, 603.8813520843975, 1161.2664814024972, 649.8523320863102], "[2, 3]": [794.0957269451136, -600, 211.2173155081324, 248.11507365553268], "[2, 7]": [-600, 788.2768323705028, 288.9863813111461, 244.50386295833658], "[2, 1]": [647.9495814268955, 878.3703359437529, -600, 510.64196755495874], "[2, 0]": [878.1478828603509, 630.4187772159449, 515.2354415686407, -600], "[1, 0]": [1049.4708536454075, 178.31188872109334, 56.13878557875191, -600], "[1, 7]": [-600, 22.57117536628269, -1.6411724843018018, 416.2914421163925], "[1, 3]": [1057.3266476384947, -600, 42.048649408607446, 184.55545974168214], "[2, 4]": [640.3179963008857, -598.6653634751021, 28.174832052836226, -600], "[2, 8]": [-600, 748.6846408365145, 147.31703950206926, -600], "[2, 9]": [-600, 249.26969809750673, -600, 5.10426817509023], "[2, 2]": [871.4881706343432, 492.7745444383943, -600, -600], "[1, 1]": [1134.1593244892663, 491.2958371971058, -600, 550.8801295921647], "[3, 1]": [213.70011820284117, 1092.1659705221014, -600, 44.65862015647252], "[3, 3]": [16.833317925043765, -600, 365.6647954128516, -0.012545568468970758], "[3, 7]": [-600, 1072.6629212804535, 180.75454788087478, 38.52542878811966], "[0, 4]": [224.42925507408412, -600, 12.24270224902061, -600], "[0, 11]": [-600, -600, 108.87425277933382, 686.5129926028306], "[5, 11]": [-600, -600, 1079.3548820538645, 144.7914039752415], "[6, 4]": [4.9620094569565385, -600, 275.8321463462216, -600], "[3, 32]": [0, 1010.7712693308814, 49.326372292622445, 10.712331357548072], "[5, 23]": [11.641660452859508, 0, 1031.350234775763, 60.44806933190448], "[3, 29]": [317.6328702364695, 1194.0258127272057, 303.2593610694922, 0], "[1, 36]": [1016.0982627101104, 55.17086703335253, 15.185993901784913, 0], "[4, 2]": [122.84715567774857, 788.3663458956121, -600, -600], "[6, 11]": [-600, -600, 497.26797769520044, 891.8499302137466], "[5, 8]": [-600, 192.39765112245468, 1072.5074815232613, -600], "[5, 2]": [2.60072119521232, 344.6584500195766, -600, -600], "[4, 5]": [462.6758656342922, -600, -598.6483548705487, 37.428183006431496], "[5, 25]": [0, 337.59539406381367, 1224.493874190355, 346.4455272472737], "[7, 18]": [0, 20.073571505850772, 53.2861071402111, 1024.2373099073707], "[3, 11]": [-600, -600, 266.71450242143214, 1.2986090226161648], "[2, 5]": [701.1399239716906, -600, -600, 118.97788353614727], "[0, 5]": [835.9121908594823, -600, -600, 426.4269338779741], "[7, 5]": [121.77552158065248, -600, -600, 1024.4740531678742], "[4, 4]": [30.358840305369878, -600, 702.4322296816149, -600], "[7, 4]": [-1.2844499602168569, -600, 35.18707145318658, -600], "[0, 13]": [-600, -600, -600, 736.6357954827712], "[6, 5]": [131.3854567597919, -600, -600, 727.709802816012], "[0, 9]": [-600, -2.111387671113829, -600, 199.8739032194038], "[3, 8]": [-600, 944.0253423735381, 159.84230777917963, -600], "[2, 10]": [-600, 764.0128455094829, -600, -600], "[3, 0]": [605.0128336656153, 1142.3371847839817, 564.6832331807715, -600], "[0, 2]": [704.202745726079, 111.54325057630308, -600, -600], "[5, 4]": [0.45393164463326047, -600, 585.0093505379151, -600], "[1, 5]": [918.4302150637997, -600, -600, 93.18003520349826], "[1, 37]": [1180.5917945271162, 265.99620863461456, 0, 287.8617292022452], "[3, 33]": [-600, 976.4808643374699, 34.29800622590231, -600], "[5, 22]": [16.75192698723244, 78.24037835478215, 1047.7639716349568, 0], "[0, 8]": [-600, 529.2377226747542, 46.95674516477716, -600], "[5, 9]": [-600, 1.961684155864535, -600, 118.10257843389384], "[2, 13]": [-596.8042169836335, -600, -600, 363.14172320914554], "[1, 2]": [902.7911962144043, 137.54286295898035, -600, -600], "[3, 30]": [58.226708405474646, 1015.9691039813727, 0, 13.304846558586762], "[2, 11]": [-600, -600, 536.2615232506959, 51.15128394021056], "[3, 5]": [252.7031228404487, -600, -600, 1.9268974696610166], "[0, 6]": [608.2392461371859, -600, -600, -600], "[1, 39]": [1004.6267866021403, 0, 9.476421157388883, 52.21923951367048], "[4, 10]": [-600, 696.7284227783014, -600, -600], "[3, 2]": [136.4465646946651, 1058.1429180208272, -600, -600], "[2, 6]": [600.7696843464887, -600, -600, -600], "[3, 4]": [2.500426022358336, -600, 104.91905744422284, -600], "[1, 13]": [-600, -600, -600, 171.12703736193114], "[1, 9]": [-600, 0.6258473582187927, -600, 18.41416817946304], "[5, 10]": [-600, 198.03164093092383, -600, -600], "[6, 12]": [-600, -600, 783.1834538376056, -600], "[7, 15]": [56.533432009323285, 14.690654055630107, 0, 1027.8061557895574], "[7, 16]": [297.4725563629113, 0, 290.17297583714833, 1199.7548338974225], "[6, 2]": [54.599773020815135, 557.7283877098299, -600, -600], "[5, 27]": [-600, -600, 852.9415494673898, 23.523049267242055], "[5, 5]": [2.103184537134193, -600, -600, 242.65633807581716], "[4, 12]": [-600, -600, 814.0498618009954, -600], "[3, 9]": [-600, 530.6560326237453, -598.8812796869537, -0.3626411234339892], "[7, 2]": [367.87300268393255, 6.898791821868437, -600, -600], "[7, 9]": [-600, 1.4325644273615246, -600, 554.258684889018], "[2, 12]": [-600, -600, 440.47850391739644, -600], "[6, 13]": [-600, -600, -600, 618.1915202155756], "[4, 6]": [323.6933280439688, -600, -600, -600], "[7, 11]": [-600, -600, 144.97679333213878, 938.9537505531545], "[1, 4]": [488.1539890966732, -600, 1.1483822789280915, -600], "[1, 10]": [-600, 181.76270450059872, -600, -600], "[3, 34]": [-600, 302.9497931877257, 0, 0.5069903944967108], "[1, 38]": [913.5871110426432, 34.47504416056463, -600, -600], "[1, 8]": [-600, 354.05211576525693, 5.909055198075215, -600], "[1, 11]": [-600, -600, 3.035943909479044, 270.20170020884854], "[0, 12]": [-600, -600, 382.0423091776497, -600], "[6, 6]": [402.9052026092917, -600, -600, -600], "[7, 20]": [-600, -599.1913254650236, 32.0960189565087, 958.3056120251704], "[0, 10]": [-600, 317.28843895719547, -600, -600], "[5, 12]": [-600, -600, 701.6530013076389, -600], "[5, 26]": [-600, 33.91755397480289, 1036.4510526324236, -600], "[4, 13]": [-600, -600, -600, 422.58425885273647], "[7, 8]": [-600, 7.667606658284014, 399.43867706705527, -600], "[1, 40]": [259.26401794645875, 0, 0.3755033574668451, -600], "[6, 10]": [-600, 391.0806446757437, -600, -600], "[7, 19]": [-600, 1.1350187686380002, 0, 304.9759422742748],