{"[6, 7]": [0, 74.99634993142436, 186.13728963512966, 54.58389698392041], "[6, 0]": [-8.654191283294303, -15.41884388864564, 209.40507565430698, -4000], "[7, 7]": [0, 32.8528018895926, 51.91356929875621, 294.2629080276719], "[7, 3]": [61.61601279982277, 0, 63.336933438599516, 315.76458831514884], "[7, 16]": [62.0182214320199, 0, 62.772619336297694, 518.1573477877017], "[6, 1]": [60.09680069219326, 12.167130795513025, -4000, 166.16682785562767], "[5, 23]": [89.08090641515585, 0, 544.6718984260032, 144.82886991661542], "[5, 1]": [-153.36167241083865, -62.853155518086076, -4000, -4.616374920634222], "[4, 3]": [-5.781684019280068, -4000, 167.3581610006724, -70.29322340361465], "[4, 1]": [-1.8814105487650714, 144.8867821677152, -4000, -52.96040448240081], "[5, 0]": [-14.128209218451243, 92.6249825399335, 219.63085231965462, 0], "[5, 7]": [0, 139.09081226866905, 339.30018577071075, 122.85497552206317], "[6, 3]": [62.97917054524456, 0, 105.22410122115924, 197.19080891665266], "[5, 3]": [-33.23083659796204, 0, 345.32474451481175, 47.640326283893685], "[4, 0]": [64.62091480493065, 15.238006418026359, 220.3865496944085, 0], "[4, 7]": [0, 104.64449792091813, 245.74500227299472, 102.73116331794657], "[4, 9]": [-4000, -652.4588713016958, -4000, -78.16630025283467], "[4, 8]": [-4000, 111.85372478865663, 175.1198938144067, -4000], "[2, 1]": [233.038023150918, 112.77175384599164, 0, 31.25946607755059], "[2, 3]": [-92.72602079371046, -4000, 77.6155977387796, -37.80028137498796], "[2, 4]": [-723.9531911063931, -4000, -244.27159838828803, -4000], "[2, 0]": [120.69918513478436, 173.10377235342645, 85.4122466780806, 0], "[2, 9]": [-4000, -873.2972314914675, -4000, -308.65511458461515], "[2, 5]": [-106.43448536873346, -4000, -4000, -97.99261236575833], "[2, 10]": [-4000, 74.37468595249888, -4000, -4000], "[3, 32]": [0, 573.7975594401684, 80.53109223302806, 38.309021376665235], "[7, 11]": [-4000, -4000, -12.20519987332246, 251.02447372474842], "[6, 5]": [-145.2148761958426, -4000, -4000, 66.85655296004335], "[6, 2]": [-0.8215151559324845, -237.49085710594645, -4000, -4000], "[7, 8]": [-4000, -89.46259085316235, 44.992152829970394, -4000], "[7, 0]": [-44.50473453343397, -31.0803091115529, 47.965961604110426, -4000], "[6, 4]": [-107.93534354291695, -4000, -538.1108816028468, -4000], "[2, 7]": [-4000, 93.5528932411175, -20.564413251336628, 11.31798603453629], "[3, 1]": [50.29524136961969, 329.70726622634777, 0, -62.9341481266459], "[3, 3]": [-27.870115700481087, -4000, 81.92588142830995, -31.069072038187866], "[6, 9]": [-4000, -314.98747006676524, -4000, 98.82334469064489], "[6, 11]": [-4000, -4000, 116.84744369056422, 4.511523750517419], "[7, 18]": [0, 65.45230013644134, 107.14678244490571, 525.1797463767199], "[0, 7]": [-4000, 18.35273377596998, 23.88995022133209, 6.787660985946545], "[0, 3]": [122.26485101383122, -4000, 59.39092111306658, 169.52324035765844], "[0, 1]": [84.69770504997301, 55.10446521735138, 0, 140.53673405500385], "[1, 39]": [510.602621154706, 0, 45.40604806409408, 144.08096085028944], "[5, 25]": [0, 103.57453840915485, 561.8865058028254, 104.86915136110413], "[0, 8]": [-4000, -95.60616253054751, 20.643560647651924, -4000], "[0, 0]": [37.632010881751654, -66.28453661276902, -45.874303082629694, -4000], "[0, 9]": [-4000, -1.551668623025587, -4000, -613.5906444364249], "[0, 2]": [-98.66877251661352, -81.64453509854226, -4000, -4000], "[7, 15]": [110.10734476383622, 74.86284064617242, 0, 562.0312679746577], "[6, 8]": [-4000, -167.29691689536017, 78.99430190447201, -4000], "[1, 3]": [303.62407309989754, 0, 20.487128941903116, 25.755637747689335], "[2, 8]": [-4000, -134.97911639046345, 27.67268248221126, -4000], "[3, 7]": [-4000, 323.88912096464975, 80.85332914581764, -11.595202543351864], "[4, 4]": [-887.3593400472344, -4000, 112.23107197533284, -4000], "[3, 2]": [76.38272907718182, -49.80913549523889, -4000, -4000], "[3, 0]": [132.29978769536567, 334.2360818741877, 67.87236363658235, 0], "[3, 30]": [130.23292906299224, 523.7990390101859, 0, 103.12406445277695], "[2, 11]": [-4000, -4000, 18.537919028889895, -312.11519913025825], "[2, 2]": [62.88609986406934, -225.21019818726077, -4000, -4000], "[7, 1]": [46.263629083198076, 20.017771282921924, -4000, 294.42447314341086], "[0, 5]": [7.265548856021013, -4000, -4000, -173.7032284783656], "[1, 0]": [283.61633798398185, 66.32743274795693, 3.882263017656001, 0], "[1, 1]": [359.7743896185525, 67.28146154296451, 0, 49.76563479870801], "[3, 9]": [-4000, 269.4199488343333, -4000, 68.91168539615828], "[3, 33]": [-4000, 490.4002225832129, 148.8780846176066, -4000], "[1, 7]": [-4000, -29.419638881573064, -37.55431900686923, 67.72232552042038], "[1, 2]": [255.771771863348, 49.47670816441289, -4000, -4000], "[1, 37]": [526.1293245763262, 73.30972682247834, 0, 71.53809563542833], "[0, 4]": [-736.4570775761134, -4000, -235.81443237901823, -4000], "[0, 11]": [-4000, -4000, -205.273998291132, 57.89851140824764], "[3, 8]": [-4000, 319.1392757926725, 100.22259405841439, -4000], "[5, 11]": [-4000, -3595.537495813572, 143.52685903854075, 58.445271413653785], "[5, 22]": [69.64136626968785, 93.95958765083266, 525.3068945090436, 0], "[3, 29]": [98.62884528529978, 560.5051789346221, 76.53678459703656, 0], "[1, 36]": [532.5358789582726, 80.52271673690944, 60.17196206852924, 0], "[7, 5]": [-16.80926124660374, -4000, -4000, 196.2854063766002], "[4, 2]": [62.410723569888795, -238.04118206759017, -4000, -4000], "[3, 5]": [-18.314715580736863, -4000, -4000, -57.720053275989], "[4, 13]": [-4000, -4000, -4000, -205.84289431575428], "[4, 11]": [-4000, -4000, 119.69730915722035, -237.50456029312505], "[7, 9]": [-4000, -405.67775145250783, -3603.3633846428497, 256.65962892310057], "[7, 4]": [-14.734008932051076, -4000, -757.5949404147025, -4000], "[6, 13]": [-4000, -4000, -4000, -75.4459673527191], "[1, 8]": [-4000, 112.16914386433119, -288.3214199658993, -4000], "[5, 9]": [-4000, -933.0742507724067, -4000, -162.04623051869044], "[5, 4]": [-402.95704637480327, -4000, 300.6294814228071, -4000], "[3, 31]": [189.5497728291752, 519.2275185794855, -4000, -4000], "[2, 12]": [-4000, -4000, -679.6332965926989, -4000], "[1, 4]": [217.65887516772324, -4000, -615.2930564573526, -4000], "[1, 10]": [-4000, -35.35541122821795, -4000, -4000], "[1, 41]": [457.9509363805115, -3214.3507660793794, -4000, 164.92700994494766], "[0, 6]": [-241.48987009818404, -4000, -4000, -4000], "[1, 9]": [-4000, -235.5505165134306, -4000, -1097.4807214946297], "[4, 10]": [-4000, 147.8574864681263, -4000, -4000], "[3, 11]": [-4000, -4000, -11.744283042281547, -86.96421274744534], "[7, 2]": [-82.4876848508394, 2.5300501749285846, -4000, -4000], "[2, 6]": [-166.38637261896116, -4000, -4000, -4000], "[6, 10]": [-4000, -306.47831278552974, -4000, -3587.960702407415], "[1, 40]": [464.500345747089, 0, -114.39324863540352, -4000], "[5, 8]": [-4000, 73.32398741064021, 260.92218210449283, -4000], "[6, 12]": [-4000, -4000, -1899.317552007004, -4000], "[3, 4]": [-753.6995673907466, -4000, -77.56858740492603, -4000], "[5, 2]": [-38.85276035410424, -284.07043274859785, -4000, -4000], "[4, 5]": [-49.257749465732935, -4000, -4000, -377.3627386773268], "[5, 5]": [-40.33342848399555, -4000, -4000, -161.54085915659644], "[0, 13]": [-4000, -4000, -4000, -917.8726921730189], "[1, 5]": [292.050547973758, -4000, -3602.684737539517, 76.60155326328751], "[7, 20]": [-4000, -4000, 126.18787042402778, 449.58135131739925], "[5, 13]": [-4000, -4000, -4000, -115.78238196214126], "[1, 38]": [464.0126632386397, 112.63323077715151, -4000, -4000], "[0, 12]": [-4000, -4000, -885.5813638841993, -4000], "[4, 12]": [-4000, -4000, -549.6443353253885, -4000], "[1, 6]": [215.78570815629968, -4000, -4000, -3595.931599940126], "[0, 10]": [-4000, -695.0031358327514, -4000, -4000], "[6, 6]": [-930.3733035680452, -4000, -4000, -4000], "[4, 6]": [-988.7110749071751, -4000, -4000, -4000], "[1, 11]": [-4000, -4000, 9.393703249159941, -172.64956129590288], "[3, 10]": [-4000, 102.85202939563635, -4000, -4000],