{"[2, 1]": [13550.597312029806, 13215.276365418686, 0, 13103.268235419908], "[2, 4]": [13346.627542885119, -600, 10725.253844576087, -600], "[3, 2]": [13266.06729557725, 12511.038074726528, -600, -600], "[2, 0]": [13427.798528640424, 13284.842406932425, 13215.033263593556, 0], "[1, 0]": [13216.798928529191, 13002.173069297693, 12870.258693787886, 0], "[1, 7]": [0, 11591.80914043611, 12226.620430771838, 13025.59470086058], "[1, 9]": [-600, 10870.382840603908, -600, 10580.393920962455], "[0, 2]": [13057.357166702552, 11514.681342350148, -600, -600], "[5, 0]": [13287.329419500487, 13420.182659857568, 13532.973184959263, 0], "[5, 1]": [12986.64600557553, 13124.229558516427, 0, 13027.99285211071], "[5, 9]": [850.9852390241497, 12969.293276916083, -600, 10958.113557295685], "[6, 8]": [-600, 13002.04109031029, 13418.166053181401, 798.9654448203682], "[4, 7]": [0, 13599.60460890111, 13394.79369201297, 13141.359695087596], "[4, 3]": [12746.972190292676, 0, 13284.831272791136, 12788.142287995353], "[4, 0]": [13238.742783884889, 13606.52481210986, 13456.051690437891, 0], "[3, 7]": [0, 13661.939432627796, 13367.824647525773, 13380.848148263623], "[3, 3]": [12937.286042117032, 0, 13074.207009207581, 13170.351171561582], "[2, 7]": [0, 13329.058030434337, 12876.822118767388, 12775.222128369713], "[3, 1]": [13397.622758978345, 13613.429962149692, 0, 13408.81904832295], "[3, 29]": [13514.866953677763, 13687.505922420336, 13534.364753569826, 0], "[4, 1]": [13119.227482991806, 13534.662754365627, 0, 13115.651674199169], "[4, 9]": [-600, 10752.59177728218, -600, 11688.092786942305], "[5, 8]": [-600, 13344.770367428364, 13542.130280612786, -600], "[6, 12]": [-600, -600, 13026.041589371336, -600], "[0, 7]": [0, 12820.03739340252, 12605.628783831602, 12514.734227389812], "[0, 4]": [9325.976777616514, -600, 12053.200138851309, -600], "[0, 5]": [13224.046532639299, -600, -600, 12966.379563179851], "[0, 3]": [12948.820453748629, 0, 12603.856167422337, 13321.52268111689], "[0, 0]": [12980.353456321709, 12727.559317670723, 12745.254263683775, 0], "[0, 1]": [13352.077752442954, 12808.981491563685, 0, 11871.610288628246], "[1, 3]": [12957.59575533036, 0, 12875.558371675266, 13277.497256474477], "[2, 3]": [12718.05031663116, 0, 12946.73923255279, 13290.6161432832], "[2, 2]": [13446.904427558511, 12728.584854437855, -600, -600], "[1, 36]": [12426.781926945365, 13071.909027911093, 12846.544707931505, 0], "[7, 15]": [13359.122389345972, 13365.23008052444, 0, 13473.379146086887], "[7, 0]": [13155.88919370374, 13147.290862077203, 13150.854645642967, 0], "[6, 1]": [13183.47452525892, 13236.21254521101, 0, 13123.571740006731], "[6, 3]": [13196.72512212756, 0, 13129.679237767348, 13444.190702213402], "[7, 18]": [0, 13038.210955010192, 12954.961627698645, 13633.341742943581], "[1, 39]": [13721.458009231574, 0, 13352.535367610546, 13380.495672511985], "[3, 30]": [13434.358380304597, 13701.714592429369, 0, 13473.239858312974], "[3, 4]": [13196.410084830115, -600, 11869.692964742859, -600], "[4, 2]": [12973.504215135757, 13481.796115586778, -600, -600], "[2, 9]": [-600, 12717.208846768339, -600, 12538.197345505447], "[3, 0]": [13392.099819730789, 13635.794294926103, 13509.562789988471, 0], "[6, 4]": [11827.232494784319, -600, 13129.962530117626, -600], "[6, 0]": [13212.730354597294, 13214.301909116495, 13371.4732956118, 0], "[6, 7]": [0, 13323.633006733357, 13483.989408080888, 13322.133464181845], "[7, 7]": [0, 13216.563727528683, 13226.253753806533, 13471.258637242809], "[0, 9]": [-600, 9547.68224737289, -600, 12418.802987243653], "[7, 4]": [11074.241530293362, -600, 13079.976194647079, -600], "[7, 16]": [12992.831595522784, 0, 13029.7544406955, 13562.150501358632], "[6, 9]": [-600, 13026.139198404853, 908.0708335410325, 11695.422558286591], "[1, 1]": [13535.198781399376, 13216.982043453154, 0, 13349.469871530304], "[2, 5]": [13103.354768579899, -600, -600, 11980.43458271061], "[6, 11]": [-600, -600, 13379.068787682314, 13182.772342207027], "[7, 11]": [-600, -600, 12942.741417946472, 13385.675638239296], "[7, 3]": [13168.653525415291, 0, 12760.910121447578, 13507.54655887747], "[4, 11]": [-600, -600, 12923.486692658544, 12491.6983851362], "[5, 4]": [12912.65623011016, 2561.3578876526385, 12498.453930799984, -600], "[0, 11]": [-600, -600, 12812.903508823185, 13247.528178651824], "[0, 13]": [-600, -600, -600, 13027.845336463406], "[1, 5]": [12462.580895430672, -600, -600, 13111.384364117868], "[7, 1]": [13419.419969903212, 13430.28912912262, 0, 13508.504143917717], "[4, 4]": [12684.41652774349, -600, 11303.884666655897, -600], "[3, 8]": [-600, 13772.963364706331, 13112.63611275984, -600], "[2, 8]": [-600, 12812.370190339532, 13133.957676076587, -600], "[5, 22]": [13396.137275425664, 13368.57139977915, 13712.944960156387, 0], "[5, 11]": [-600, -600, 13497.84280219061, 13433.514058402094], "[7, 8]": [-600, 13055.352241249859, 12709.352143042137, -600], "[2, 10]": [-600, 13220.583144383161, 784.4744364121816, -600], "[5, 10]": [-600, 11455.114507656368, -600, -600], "[6, 5]": [13330.536721453946, -600, -600, 13340.56821346571], "[4, 10]": [-600, 12573.31521204882, -600, -600], "[5, 23]": [13068.107023927527, 0, 12892.37212182633, 13084.28821041283], "[3, 32]": [0, 12900.208537111828, 13156.71003038682, 13059.164360742223], "[4, 5]": [12640.534275755812, -600, -600, 12700.180296183064], "[5, 7]": [0, 13303.004173785896, 13540.998025778115, 13161.427230960107], "[6, 2]": [12947.150829280557, 13217.475849806824, -600, 2047.3815428536207], "[5, 3]": [13199.083197964403, 0, 13576.962136093854, 13323.863334673284], "[4, 8]": [-600, 13664.576565761075, 13221.620219771537, -600], "[7, 13]": [-600, -600, -600, 11500.71954834272], "[5, 25]": [0, 13374.781435807567, 13512.937289978798, 13178.593200024457], "[2, 6]": [12829.764956726662, -600, -600, -600], "[2, 11]": [-600, -600, 12515.456048548418, 12453.637354581353], "[4, 12]": [-600, -600, 9587.619148749345, -600], "[0, 8]": [-600, 12964.62434652179, 12693.623286312237, -600], "[1, 2]": [12303.75098249312, 12947.990892037044, -600, -600], "[0, 6]": [10738.936091385274, -600, -600, -600], "[3, 9]": [-600, 13672.053800173668, 0, 12346.327616888559], "[3, 11]": [-600, -600, 12974.127120989253, 12827.303757281337], "[6, 13]": [-600, -600, -600, 10177.607032786658], "[7, 5]": [13441.218454987888, -600, -600, 13545.976901335474], "[1, 37]": [13633.18557073633, 13342.460140550646, 0, 13332.768576043374], "[7, 2]": [13153.860370719634, 13134.919098569848, -600, -600], "[5, 24]": [13196.39439080626, 5595.463309470702, 12862.056412365224, -600], "[5, 2]": [12822.544545803681, 11811.169104733728, -600, -600], "[4, 6]": [11147.782918959507, 794.3389688280768, -600, -600], "[5, 5]": [13431.387404993744, -600, -600, 13392.632685697981], "[4, 13]": [-600, -600, -600, 11138.774594826573], "[7, 9]": [-600, 12961.377466179816, -600, 11851.0450283048], "[3, 33]": [-600, 13855.067638372864, 13085.936625995897, -600], "[3, 5]": [12946.615743947763, -600, -600, 13108.84293198461], "[7, 20]": [-600, -600, 13195.735485666864, 13353.379860153414], "[1, 8]": [-600, 13029.593522013709, 12623.290573151853, -600], "[7, 17]": [12954.970687351703, -600, -600, 13617.073234422054], "[3, 34]": [-600, 13521.80791874203, -600, 11676.056756504266], "[3, 12]": [-600, -600, 10685.162364032249, -600], "[5, 26]": [-600, 13577.02525091327, 13662.628596351424, -600], "[1, 11]": [-600, -600, 12625.17148316619, 11956.528103859822], "[1, 40]": [13590.595177560343, 0, 12198.75551554303, -600], "[3, 31]": [13687.86917871561, 13820.283565159913, -600, -600], "[1, 38]": [13211.325308107951, 12926.885378979832, -600, -600], "[1, 4]": [13060.05224729482, -600, 12889.478887763613, -600], "[7, 19]": [-600, 13059.578591897134, 5581.191270647811, 10599.604108596595], "[1, 10]": [-600, 12766.282254573907, -600, -600], "[0, 12]": [-600, -600, 13063.177009572923, 767.3905580723494], "[7, 12]": [-600, -600, 13085.978909267094, -600], "[1, 6]": [11866.800136167503, 5832.117638878455, -600, -600],