{"[2, 1]": [12555.06103393774, 12827.008465412837, 0, 12617.169820707746], "[2, 4]": [12775.416174955917, -600, 11001.366010131078, -600], "[3, 2]": [12648.479167731412, 12773.790994291212, -600, -600], "[2, 0]": [12628.097196624294, 12778.987406079557, 12628.766258528107, 0], "[1, 0]": [12710.437173082335, 12395.60781152897, 12499.414594191352, 0], "[1, 7]": [0, 11791.34584864825, 12309.53024371749, 12708.44082412306], "[1, 9]": [-600, 10772.374313296736, -600, 9814.234208161512], "[0, 2]": [11510.45788508045, 11785.282723327371, -600, -600], "[5, 0]": [12801.248624064314, 12793.392905374943, 12799.502179615265, 0], "[5, 1]": [12459.085498519538, 12219.342294474282, 0, 12508.466806345], "[5, 9]": [850.9852390241497, 11933.29424347735, -600, 10099.628330552387], "[6, 8]": [-600, 12750.718722889722, 12366.53219138061, 774.9456831528626], "[4, 7]": [0, 12570.725514193691, 12750.08619997895, 12577.729196915667], "[4, 3]": [12303.8195336088, 0, 12254.597404945614, 12508.507262288822], "[4, 0]": [12698.013082343956, 12765.467104374104, 12324.029255700403, 0], "[3, 7]": [0, 12841.879516107614, 12704.031150619869, 12791.459216880954], "[3, 3]": [12638.015878551614, 0, 12629.348258957962, 12578.792614349295], "[2, 7]": [0, 12786.642064596046, 12450.926701591206, 12253.229894993568], "[3, 1]": [12677.875475976804, 11861.422474841056, 0, 12514.152385836045], "[3, 29]": [12678.778165572656, 12689.801311080246, 12602.311234424496, 0], "[4, 1]": [12465.272689393345, 12632.259107016656, 0, 12314.083692809894], "[4, 9]": [-600, 11798.94361241339, -600, 11222.128461878052], "[5, 8]": [-600, 12781.371122178314, 12141.465738105033, -600], "[6, 12]": [-600, -600, 12768.540760537118, -600], "[0, 7]": [0, 11940.583206908479, 11944.286860877535, 12655.861318596033], "[0, 4]": [8180.60541195444, -600, 10204.933435568888, -600], "[0, 5]": [11351.978288100887, 1452.1130139781826, -600, 12653.01698118789], "[0, 3]": [12333.052161711808, 0, 12100.07914814253, 12689.509833260032], "[0, 0]": [12294.938778590962, 11691.211549099087, 11612.44414732602, 0], "[0, 1]": [12293.779814721878, 12235.749858414198, 0, 12612.212237668014], "[1, 3]": [11997.856559785054, 0, 11741.721333932848, 12796.90370754136], "[2, 3]": [12830.468548055154, 0, 12516.228418390654, 12526.168042435223], "[2, 2]": [12655.110613600724, 12809.76915129138, -600, -600], "[1, 36]": [12854.135751975056, 12367.081855199058, 12372.919651786722, 0], "[7, 15]": [12624.567080251654, 12446.711782083414, 0, 12222.923885613362], "[7, 0]": [12468.147782922359, 12395.499251980127, 12184.032085566032, 0], "[6, 1]": [12728.853843937542, 12352.180235885726, 0, 12448.800779309378], "[6, 3]": [12244.678522973703, 0, 12834.965505420749, 12729.037092478982], "[7, 18]": [0, 12450.697140717091, 12462.247109500304, 13122.733960435442], "[1, 39]": [12428.619188587742, 0, 12644.055800796934, 12611.35555624642], "[3, 30]": [12678.304648354506, 11835.190094225525, 0, 12676.019234446425], "[3, 4]": [12015.149906559378, -600, 11789.317562225699, -600], "[4, 2]": [12405.560674047818, 12661.744711209849, -600, -600], "[2, 9]": [-600, 11753.385541160087, -600, 10966.380481906695], "[3, 0]": [12699.201049001706, 12756.582418455066, 12683.818889990574, 0], "[6, 4]": [11807.580456777363, -600, 12755.107003020154, -600], "[6, 0]": [12404.044393006807, 12773.581042245876, 12193.57082184316, 0], "[6, 7]": [0, 12693.938807792892, 12682.08082140973, 12869.75092890917], "[7, 7]": [0, 12462.150259678023, 12439.193841821974, 13048.705364850932], "[0, 9]": [-600, 9254.545157765657, -600, 11891.304357393346], "[7, 4]": [10205.56129538413, -600, 11867.032367968597, -600], "[7, 16]": [12538.601053537146, 0, 12165.787885605701, 13074.556951446353], "[6, 9]": [-600, 12755.024275988655, 908.0708335410325, 11458.7428110484], "[1, 1]": [12597.00659174374, 12552.242269085704, 0, 12753.066854346633], "[2, 5]": [12804.368209502125, 1955.413601037829, -600, 12331.244818710968], "[6, 11]": [-600, -600, 12789.675259310212, 12562.337404529417], "[7, 11]": [-600, -600, 12300.730816191048, 12676.686021579628], "[7, 3]": [12256.945545622357, 0, 11729.160224965652, 13052.422581700814], "[4, 11]": [-600, -600, 12059.971321849154, 12109.200892224828], "[5, 4]": [12536.923267528886, 2561.3578876526385, 12780.775339236088, -600], "[0, 11]": [-600, -600, 11722.896249092033, 11039.733181703421], "[0, 13]": [751.6710465636863, -600, -600, 11830.11945209952], "[1, 5]": [12462.580895430672, -600, 735.1361320136966, 12739.533881634741], "[7, 1]": [12823.760148064475, 12838.729058562029, 0, 12980.168750362314], "[4, 4]": [11173.593026267297, -600, 12581.152587548919, -600], "[3, 8]": [-600, 12770.497815640432, 12728.411271465442, -600], "[2, 8]": [-600, 12227.218794989349, 12568.90424151497, -600], "[5, 22]": [12470.634860041298, 12753.452196950688, 11671.095684662088, 0], "[5, 11]": [675.6698662473309, -600, 13039.135007256085, 13038.2408017367], "[7, 8]": [-600, 11861.192391423034, 11839.6179498579, -600], "[2, 10]": [-600, 12679.64569694747, 784.4744364121816, -600], "[5, 10]": [-600, 12434.047175958514, -600, -600], "[6, 5]": [12183.310486145521, -600, -600, 12729.602198588498], "[4, 10]": [-600, 12650.067698524645, -600, -600], "[5, 23]": [12567.244050200175, 0, 12404.933099545347, 12538.045556976722], "[3, 32]": [0, 12003.19363001515, 12690.063945837763, 11826.966397728898], "[4, 5]": [12503.090202521944, -600, -600, 11957.651992547286], "[5, 7]": [0, 12705.390921570848, 12770.295936386114, 12692.493055974408], "[6, 2]": [12465.638114604399, 12182.38388002563, -600, -600], "[5, 3]": [12865.965483902452, 0, 12880.267121376983, 12840.851574002729], "[4, 8]": [-600, 11462.691122658047, 12636.286128849504, -600], "[7, 13]": [-600, -600, -600, 10232.144103267316], "[5, 25]": [0, 12775.047267527363, 12768.05574113289, 12731.159549928281], "[2, 6]": [12793.66004578139, -600, -600, -600], "[2, 11]": [-600, -600, 12238.950162469187, 12325.50112229849], "[4, 12]": [-600, -600, 12175.771304553557, -600], "[0, 8]": [-600, 11654.870950623903, 11433.886930973767, -600], "[1, 2]": [12820.31115287933, 11350.03596924228, -600, -600], "[0, 6]": [11318.776520526371, -600, -600, -600], "[3, 9]": [-600, 12937.577447906533, 0, 11272.313117604437], "[3, 11]": [-600, -600, 11146.455902665773, 11631.110419871213], "[6, 13]": [-600, -600, -600, 10766.772535908884], "[7, 5]": [12547.462218665874, -600, -600, 12909.831205660155], "[1, 37]": [13057.835853059307, 12550.178061061337, 0, 12751.931400270201], "[7, 2]": [12550.191732236612, 12469.540463541909, -600, -600], "[5, 24]": [12258.519069264727, 5595.463309470702, 11704.889830678008, -600], "[5, 2]": [12248.169921994919, 11811.169104733728, -600, -600], "[4, 6]": [10355.595100314595, 794.3389688280768, -600, -600], "[5, 5]": [12355.749132936355, -600, -600, 12161.556072170355], "[4, 13]": [-600, -600, -600, 10288.08432685052], "[7, 9]": [-600, 11846.579478416726, -600, 10390.246849358535], "[3, 33]": [-600, 13009.005777927008, 12929.647180634713, -600], "[3, 5]": [12631.901354842685, -600, -600, 12564.133255600535], "[7, 20]": [-600, -600, 12160.177402835383, 12340.410554234384], "[1, 8]": [-600, 11953.094949339393, 11843.998305807118, -600], "[7, 17]": [12954.970687351703, -600, -600, 13022.608904670036], "[3, 34]": [-600, 10530.87807659753, -600, 10375.497893377235], "[3, 12]": [-600, -600, 11140.666495978663, -600], "[5, 26]": [-600, 12156.742055527535, 13049.143343960863, -600], "[1, 11]": [-600, -600, 12209.077835254877, 12095.411790443275], "[1, 40]": [13041.35802162275, 0, 12102.631748836637, -600], "[3, 31]": [12954.514169258353, 13004.016740300794, -600, -600], "[1, 38]": [12870.702704481342, 12501.17055216473, 667.4307516148419, -600], "[1, 4]": [12850.466211136752, -600, 11797.251301434175, -600], "[7, 19]": [-600, 12208.971826870773, 5581.191270647811, 10599.604108596595], "[1, 10]": [-600, 11555.331873713169, -600, -600], "[0, 12]": [-600, -600, 11617.452525708728, -600], "[7, 12]": [-600, -600, 11602.701374223388, -600],