{"[6, 7]": [0, 27.814308914838126, 166.74096471436425, 122.7772610790188], "[6, 0]": [-27.615478101019747, -66.30673893075604, 121.64791499341729, -4000], "[7, 7]": [0, 7.173861629341117, 38.10539476791203, 254.46987361971156], "[7, 3]": [76.12912880652873, -4000, -18.670972651572857, 294.5567947273301], "[7, 16]": [72.387269940941, 0, -6.977870134267963, 458.29765857933], "[6, 1]": [72.86914084772333, 63.24812915936381, -4000, 190.65848504842097], "[5, 23]": [113.34645887051502, 0, 440.49194654223754, 128.56965257258838], "[5, 1]": [-118.49216774337552, -164.5781521768802, -4000, -4.40317717987488], "[4, 3]": [2.1699096540128617, -4000, -224.59924169142187, -100.86022250380127], "[4, 1]": [3.759137105615856, -63.5878206067113, -4000, -104.01222428558489], "[5, 0]": [9.331538632245621, 53.5837660731722, 281.399849188239, 0], "[5, 7]": [0, -114.69966893656252, 281.24354861838344, 56.16350762705313], "[6, 3]": [37.56406702475195, -4000, 228.56514589253285, 95.51832157268589], "[5, 3]": [-48.7689883720191, -4000, -120.92122654357343, -2.4827759260282587], "[4, 0]": [-6.032629165166533, -9.180637136478964, 78.84736662646922, 0], "[4, 7]": [0, -200.45314314259474, 16.8660295736223, 2.2870955686775214], "[4, 9]": [-4000, -291.60016758582395, -4000, 6.166219256021034], "[4, 8]": [-4000, -297.64873754691416, 155.08452954251632, -3596.6823945347387], "[2, 1]": [223.0160070323886, 96.65320479077916, -4000, 11.273636841766843], "[2, 3]": [23.143194256856404, -4000, -3.2681823248048305, 35.27457927583194], "[2, 4]": [-498.48160506788327, -4000, 53.472141428233016, -4000], "[2, 0]": [-42.04699382060015, 173.79463604125107, 63.94292274296892, -4000], "[2, 9]": [-4000, 92.88662504508068, -4000, -879.7485423850494], "[2, 5]": [-491.4184878724099, -4000, -4000, -318.6990400611317], "[2, 10]": [-4000, 91.9948897513226, -4000, -4000], "[3, 32]": [0, 515.1367886842798, 88.08518006628792, 78.73889908733051], "[7, 11]": [-4000, -4000, -51.9731580305573, 287.1856368195465], "[6, 5]": [-260.19242504350393, -4000, -4000, 163.0120230013781], "[6, 2]": [-283.9410850031564, 88.16094946063575, -4000, -4000], "[7, 8]": [-4000, 33.943838333310126, -405.6648960647087, -4000], "[7, 0]": [74.64604868025748, -127.0380481728761, -123.47838678027279, -4000], "[6, 4]": [78.89733846697247, -4000, -1559.8415288432673, -4000], "[2, 7]": [-4000, -5.948644597345833, -7.462303996753871, 32.81600464226062], "[3, 1]": [47.45831629437914, 323.100352293138, 0, -15.606868819234595], "[3, 3]": [0.7841477325401232, -4000, -125.1291980186158, -95.94759126739419], "[6, 9]": [-4000, -597.1456285327489, -4000, 173.12026446552224], "[6, 11]": [-4000, -4000, 181.12680446606294, -81.4637651263008], "[7, 18]": [0, 53.38319990995859, 107.48159725340442, 505.83936142825775], "[0, 7]": [-4000, -263.7410204191473, -42.05378950561744, -278.0292596601679], "[0, 3]": [67.59819755704757, -4000, -99.57632474573514, -107.26394808955556], "[0, 1]": [115.3939877239141, -29.027917324878892, -4000, -13.922018558350663], "[1, 39]": [528.812184866205, 0, 61.21766322276066, 122.75088464520131], "[5, 25]": [0, 64.56820982280709, 453.2139768383807, 73.30557833624356], "[0, 8]": [-4000, -552.6569289741794, -2.0963294614241006, -4000], "[0, 0]": [90.57427210612634, -189.9286231622841, -236.5736371588686, -4000], "[0, 9]": [-4000, -41.00107322209084, -4000, -1231.1618089165404], "[0, 2]": [13.166192211642205, -168.49859101759347, -4000, -4000], "[7, 15]": [104.78721082821137, 68.16657237050518, 0, 492.92319534773173], "[6, 8]": [-4000, 103.26598714010154, -290.41899115911303, -4000], "[1, 3]": [288.407559075954, 0, 29.182357563543, 55.412758569660205], "[2, 8]": [-4000, -83.39119552891903, 51.80126582935539, -4000], "[3, 7]": [-4000, -68.24011107083992, 32.474421328006144, -24.33667249973169], "[4, 4]": [-966.5080077050907, -4000, 86.23154935537252, -4000], "[3, 2]": [23.528089598607405, 197.99774463221937, -4000, -3607.3565583216864], "[3, 0]": [26.487257877911837, 299.53044149372806, 104.98469542155911, 0], "[3, 30]": [106.99415539756805, 519.4939324487178, 0, 80.91061531993566], "[2, 11]": [-4000, -4000, -445.0883419115833, -60.067848790846796], "[2, 2]": [-99.37962505931128, 130.10311096418695, -4000, -4000], "[7, 1]": [161.87643685269398, -75.61949256401266, -4000, -1.7158282098810957], "[0, 5]": [-625.3078465320905, -4000, -4000, -342.8714649118979], "[1, 0]": [267.5522082657586, 19.27845625951718, -23.341902587596167, 0], "[1, 1]": [286.9472891841058, 30.081123012908158, 0, -1.6673155444618573], "[3, 9]": [-4000, 263.224685170722, -3616.160006423719, -169.2457068685656], "[3, 33]": [-4000, 484.19518962310735, 61.99083066526077, -4000], "[1, 7]": [-4000, -85.73968311514965, -51.4459870541922, 42.16157142242021], "[1, 2]": [259.3080343236776, -42.12939957172357, -4000, -4000], "[1, 37]": [551.7405432354335, 49.57091779306287, 0, 62.35712486638775], "[0, 4]": [-856.2748613569287, -4000, -1001.9389226643863, -4000], "[0, 11]": [-4000, -4000, -124.26026667685188, -708.2642716892783], "[3, 8]": [-4000, 270.2530998504398, 24.868928806658246, -4000], "[5, 11]": [-4000, -4000, 240.7191810456837, -202.5588252394836], "[5, 22]": [75.28185815028078, 65.42773620189547, 460.2162997928669, 0], "[3, 29]": [13.76007132269805, 502.4133883157449, 49.432149922029325, 0], "[1, 36]": [561.2636692874149, 103.8708341081234, 70.6196936329131, 0], "[7, 5]": [123.3967971198763, -4000, -4000, -123.92447985612091], "[4, 2]": [-374.7241723624669, -454.4586424077704, -4000, -4000], "[3, 5]": [-129.66497112198067, -4000, -4000, -40.04620200851049], "[4, 13]": [-4000, -4000, -4000, 3.1661636050042], "[4, 11]": [-4000, -4000, 8.645699636046064, -140.81406986638035], "[7, 9]": [-4000, -386.45940951807955, -4000, 265.014211321371], "[7, 4]": [-1112.113717202156, -4000, -35.02092392109231, -4000], "[6, 13]": [-4000, -4000, -4000, -244.82017673569348], "[1, 8]": [-4000, -208.22130723672203, 18.211278749952132, -4000], "[5, 9]": [-4000, -218.95664298156868, -4000, -969.3885660187702], "[5, 4]": [-733.253717524611, -4000, 175.31665294681736, -4000], "[3, 31]": [170.83701724425907, 475.9496204201744, -4000, -4000], "[2, 12]": [-4000, -4000, -121.77467833621274, -4000], "[1, 4]": [66.14064190170043, -4000, -445.66554660278734, -4000], "[1, 10]": [-4000, -37.35529532489854, -4000, -4000], "[1, 41]": [430.6260860711567, -4000, -4000, 162.16739281734584], "[0, 6]": [-1647.8863003334818, -4000, -4000, -4000], "[1, 9]": [-3579.4742598775306, -17.44846495769619, -4000, -1053.4410542084934], "[4, 10]": [-4000, -873.0815207879432, -4000, -4000], "[3, 11]": [-4000, -4000, -130.56398894260897, 2.8282121304890544], "[7, 2]": [53.89324930119478, -156.9572337197121, -4000, -4000], "[2, 6]": [-313.8997257217436, -4000, -4000, -4000], "[6, 10]": [-4000, -1264.1006050441615, -4000, -4000], "[1, 40]": [416.3046674296532, 0, 43.26240065254798, -4000], "[5, 8]": [-4000, 101.07687372501465, -239.85059781650463, -4000], "[6, 12]": [-4000, -4000, 173.93230317684356, -4000], "[3, 4]": [-885.4371404353076, -4000, 26.794858091739297, -4000], "[5, 2]": [1.2994569608844322, -292.7014948047962, -4000, -4000], "[4, 5]": [2.0204841225204584, -4000, -4000, -305.92542620651784], "[5, 5]": [-21.77291902293827, -4000, -4000, -203.74224312683393], "[0, 13]": [-4000, -4000, -4000, -251.36852860952382], "[1, 5]": [71.35197884356486, -4000, -4000, -19.44337370894298], "[7, 20]": [-4000, -4000, 132.84674989675554, 468.57012879432745], "[5, 13]": [-4000, -4000, -4000, -229.71769467683652], "[1, 38]": [529.2291636668294, 120.04210414950316, -4000, -4000], "[0, 12]": [-4000, -4000, -1626.8911437733786, -3585.0058411887912], "[4, 12]": [-4000, -4000, 18.835576634561985, -4000], "[1, 6]": [-125.87629094174147, -4000, -4000, -4000], "[0, 10]": [-4000, -392.57885666339354, -4000, -4000], "[6, 6]": [-91.43863000376588, -4000, -4000, -4000], "[4, 6]": [-1713.2084200352751, -4000, -4000, -4000], "[1, 11]": [-4000, -4000, -110.98180001747654, 1.6764017237729458],