{"[6, 7]": [0, 74.0216797664524, 234.54721281069115, 82.78036489312558], "[6, 0]": [-6.870496127576537, -151.35157823559928, 163.2230606964424, -4000], "[7, 7]": [0, -68.11229182568127, 59.77014094383551, 309.1102138250517], "[7, 3]": [129.2794722106318, 0, 70.1754438070324, 339.13838429342997], "[7, 16]": [120.85329657021657, 0, 27.985617927739806, 547.9682734837539], "[6, 1]": [59.66904760845585, 55.43794720868992, -4000, 222.06982841328212], "[5, 23]": [42.40365108172574, 0, 521.8664818568507, 134.84058679542062], "[5, 1]": [-17.491310304138516, 63.89716629316027, -4000, -42.843406328525646], "[4, 3]": [6.854270156654638, -4000, 123.85535572618696, 82.58863011557261], "[4, 1]": [34.613080669531165, 198.52477779795674, -4000, 45.52043179777196], "[5, 0]": [30.358914322606587, 96.39707574036454, 314.45878553817647, 0], "[5, 7]": [0, 74.9804672966471, 370.5914535406612, 81.22827996893508], "[6, 3]": [110.07231464171393, 0, 111.41805901542999, 228.68536798069064], "[5, 3]": [50.186709061689434, 0, 315.76045093468525, 69.47750961881717], "[4, 0]": [139.0290636378886, 218.18148133279303, 140.98619996359244, 0], "[4, 7]": [0, 175.06079603954151, 100.49564938012466, 91.65672294971412], "[4, 9]": [-4000, -577.7265343974732, -4000, -177.71586294531187], "[4, 8]": [-4000, -109.15941515655808, 152.98556285365567, -4000], "[2, 1]": [75.43524652318115, 84.15709794435163, 0, 84.15247529730703], "[2, 3]": [56.92013347372496, -4000, -91.51470923078001, 1.8419525613669814], "[2, 4]": [-80.81406713694075, -4000, -140.13133237581735, -4000], "[2, 0]": [121.81645949035769, 189.87231869558804, 96.21150727886238, 0], "[2, 9]": [-3585.0804489412512, -488.8491532547097, -4000, -1177.0937084226584], "[2, 5]": [-169.73597611711446, -4000, -4000, -68.79303105137777], "[2, 10]": [-4000, -742.997047212212, -4000, -4000], "[3, 32]": [0, 487.573617387493, 105.12431225395937, 67.92258992054107], "[7, 11]": [-3592.0651842256466, -4000, 38.53124189338685, 293.20777960990495], "[6, 5]": [67.42867625744401, -4000, -4000, 24.761670938060597], "[6, 2]": [-139.64601762437584, 3.3123911005144393, -4000, -4000], "[7, 8]": [-4000, -37.556479334986896, -165.1836077236551, -4000], "[7, 0]": [12.042525388496657, -20.265743007918893, -4.517903535472254, -4000], "[6, 4]": [-981.6321940173813, -4000, -528.1364871588296, -4000], "[2, 7]": [-4000, -230.9007378005117, -36.65141372942554, -17.513150016641607], "[3, 1]": [103.64231371916533, 303.8325906116464, 0, 31.047781573047413], "[3, 3]": [-19.0697084891883, -4000, 59.949027095586196, -12.11654038046538], "[6, 9]": [-4000, -541.394725100927, -4000, 89.11581359792191], "[6, 11]": [-4000, -4000, 136.20396923969832, 85.33174936262239], "[7, 18]": [0, 81.0712373932701, 116.04474260235034, 502.54848954488637], "[0, 7]": [-4000, -125.70638790430426, 4.726520806160447, -54.692312712345824], "[0, 3]": [39.024635423895454, 0, 17.368334608403607, 185.54340026906257], "[0, 1]": [204.78241327098038, 36.06359796256538, 0, 93.80111850080999], "[1, 39]": [544.2556749417115, 0, 71.02294117583322, 133.3312275635156], "[5, 25]": [0, 82.92680326880642, 511.02208836002006, 115.22420201581677], "[0, 8]": [-4000, -272.82983946863345, -371.29341118970524, -4000], "[0, 0]": [-227.40797567869149, -221.95998386279965, -107.91354324567072, -4000], "[0, 9]": [-4000, -502.46686370380365, -4000, -57.827688890997024], "[0, 2]": [-95.33270370671806, -228.47459983201455, -4000, -4000], "[7, 15]": [118.79392090560304, 78.88269463064215, 0, 539.3450981735631], "[6, 8]": [-4000, -76.02982447289165, 163.55922020549446, -4000], "[1, 3]": [314.5950702631814, 0, -43.546446771253684, 56.98023814216921], "[2, 8]": [-4000, 77.18582533436599, -273.064658740088, -4000], "[3, 7]": [0, 248.06577364746042, 29.59025144727216, 32.74129209843396], "[4, 4]": [-615.8686883776569, -4000, 101.16171685515098, -4000], "[3, 2]": [83.11689991752296, 208.70971278955372, -3592.613677481915, -4000], "[3, 0]": [113.80424840701257, 278.25822141159074, 90.3958353525874, 0], "[3, 30]": [157.07232667238745, 579.3679254192291, 0, 86.61197146501128], "[2, 11]": [-4000, -4000, -258.5076280438012, -2.6739438764433983], "[2, 2]": [69.21643406980964, -7.247428769602401, -4000, -4000], "[7, 1]": [83.33461156236372, 30.851452649165974, 0, 282.41983790669497], "[0, 5]": [73.78350269085882, -4000, -4000, -107.46665130419412], "[1, 0]": [300.6470717823929, 29.928042222555845, 0.0590602305479786, 0], "[1, 1]": [341.5591172286496, -49.50864235054635, 0, 76.2080527376948], "[3, 9]": [-4000, 197.82359238229284, -4000, -104.60051515932679], "[3, 33]": [-4000, 524.8507486700848, 139.66282912863994, -4000], "[1, 7]": [-4000, -67.32735539229628, -74.3472424803117, -28.02277690992283], "[1, 2]": [265.2902923583041, 76.06485865172863, -3605.4021969636233, -4000], "[1, 37]": [575.2467422501035, 49.960717870270635, 0, 48.21500659688656], "[0, 4]": [-1274.2097314220705, -4000, -579.3652294719056, -3588.4909886956107], "[0, 11]": [-3586.339133065915, -4000, 7.5239573475518515, -242.79564791527278], "[3, 8]": [-4000, 255.7610265662383, 21.49809019062246, -4000], "[5, 11]": [-4000, -4000, -113.78322856575426, 83.00540323548054], "[5, 22]": [79.64914834835577, 161.09735445393906, 493.39016328821725, 0], "[3, 29]": [61.685751799205704, 471.4314518454464, 81.38258996707549, 0], "[1, 36]": [568.8533559128429, 117.50154856487028, 57.98544081735099, 0], "[7, 5]": [82.56121636110578, -4000, -4000, 10.194238816915153], "[4, 2]": [-308.5482128810192, 96.67926017969575, -4000, -4000], "[3, 5]": [40.49195518676254, -4000, -4000, -10.81791162588344], "[4, 13]": [-4000, -4000, -4000, -1174.0898454512917], "[4, 11]": [-4000, -4000, -153.4331345710924, 83.78563893213835], "[7, 9]": [-4000, -209.39959727484072, -4000, 260.66837126989304], "[7, 4]": [-779.353803209118, -4000, -314.21014849406123, -4000], "[6, 13]": [-4000, -4000, -4000, -360.26443035344766], "[1, 8]": [-3192.2790795097976, -352.9103489058088, -129.9159938748379, -4000], "[5, 9]": [-4000, -668.9546047933856, -4000, -283.2356850017881], "[5, 4]": [-177.3655840006182, -4000, 267.9168218646917, -4000], "[3, 31]": [183.12199553149858, 490.67765489601334, -4000, -4000], "[2, 12]": [-4000, -3600.592909312749, -21.00099766803946, -4000], "[1, 4]": [230.13971946260648, -4000, -300.23363441827485, -4000], "[1, 10]": [-4000, -559.1795950476594, -4000, -4000], "[1, 41]": [432.47149917671544, -4000, -4000, 191.3069536425067], "[0, 6]": [-2052.610900921277, -4000, -4000, -4000], "[1, 9]": [-4000, -483.97019034136946, -4000, -1101.2974573592687], "[4, 10]": [-4000, -1066.217830593462, -4000, -4000], "[3, 11]": [-4000, -4000, -141.1212370627157, -19.346628241656248], "[7, 2]": [-5.052009225180948, -343.72093468506046, -4000, -4000], "[2, 6]": [-313.87250612958064, -4000, -4000, -3593.608222565601], "[6, 10]": [-4000, -145.6310754539277, -4000, -4000], "[1, 40]": [408.618745675564, 0, 49.7285881001846, -4000], "[5, 8]": [-4000, 81.01830922681492, 290.2604506953308, -4000], "[6, 12]": [-4000, -4000, -745.4808765725332, -3592.318996277714], "[3, 4]": [-118.80304005892829, -4000, -768.1328348231851, -4000], "[5, 2]": [-25.26987120798742, 19.19742087004032, -4000, -4000], "[4, 5]": [-272.76931249422785, -4000, -4000, 26.090939406001148], "[5, 5]": [20.351010776151714, -4000, -4000, -338.5263636223489], "[0, 13]": [-4000, -4000, -4000, 26.66309405702529], "[1, 5]": [167.4568391802758, -4000, -4000, 64.7340422789597], "[7, 20]": [-4000, -4000, 166.32716379424608, 480.68183957148784], "[5, 13]": [-4000, -4000, -4000, -271.91004267698], "[1, 38]": [393.77410485218246, 146.10185700631797, -4000, -4000], "[0, 12]": [-4000, -4000, -806.7431170877104, -4000], "[4, 12]": [-4000, -4000, 114.88161548137522, -4000], "[1, 6]": [-1.9296193797910242, -4000, -4000, -4000], "[0, 10]": [-4000, -1512.7680405324606, -4000, -4000], "[6, 6]": [-549.0820158776656, -4000, -4000, -4000], "[4, 6]": [-174.4299939377547, -4000, -4000, -4000], "[1, 11]": [-4000, -4000, -83.23732320972445, 16.73516552338566],