{"[6, 1]": [710.5756945951176, 613.7255861889265, -600, 1534.6525711932275], "[5, 3]": [228.90900453581986, -600, 1792.7066644713057, 527.2839003455216], "[4, 4]": [98.07316194919989, -600, 1421.4409803910323, -600], "[4, 2]": [415.52476324339403, 1500.4258496477698, -600, -600], "[6, 0]": [675.038979238635, 680.1656296951169, 1483.358605646371, -600], "[6, 7]": [-600, 1234.504952202687, 1381.4200406862474, 1612.7909596951943], "[6, 3]": [1204.844947807905, -600, 1622.8056836121052, 1350.0427348499607], "[7, 7]": [-600, 333.0703826035491, 584.3822673600627, 1816.7367737496766], "[7, 3]": [1290.6408773263527, -600, 1250.0095685960848, 1863.7367229897498], "[7, 0]": [1104.4618544125074, 30.40958682856228, 64.0520706741835, -600], "[0, 7]": [-600, 623.8548779328031, 669.5836546341963, 1507.105113220132], "[0, 0]": [1439.0004303368357, 665.0285194998378, 649.3705061382184, -600], "[0, 3]": [1580.532999273567, -600, 1176.0491372755841, 1348.5809106407028], "[0, 1]": [1330.7645470586556, 1173.1178096501396, -600, 1584.2808534075846], "[7, 1]": [540.146491276714, 251.9318549558563, -600, 1798.4851735575921], "[0, 9]": [-600, 15.320748892317848, -600, 860.9012700148377], "[0, 2]": [1394.1467033239674, 333.33031818949195, -600, -600], "[2, 7]": [-600, 1477.9924013280345, 623.9335120482565, 612.588845210488], "[2, 3]": [1507.2654395098195, -600, 576.9213328345254, 651.2929177997953], "[2, 0]": [1598.2547154560013, 1370.0187097177727, 1212.5020838119215, -600], "[2, 1]": [1341.705474278322, 1604.3131714032295, -600, 1190.524559303778], "[3, 1]": [494.9048021091451, 1763.465658597381, -600, 199.5086378938945], "[3, 3]": [1052.1245208821058, -600, 58.23279939413196, 12.223000721311067], "[1, 0]": [1807.7743342487058, 592.6073451841789, 298.10966184713425, -600], "[1, 1]": [1859.3640153733597, 1235.3163880745626, -600, 1292.0388614240292], "[1, 7]": [-600, 73.47269939305004, 29.71260614607086, 1101.4468639093445], "[0, 4]": [812.0437458153893, -600, 28.514585156221976, -600], "[5, 1]": [28.823868525791546, 1039.085625070121, -600, 67.13647424718286], "[5, 7]": [-600, 1241.8271005778524, 1863.2884507856247, 1307.5323814157537], "[4, 3]": [551.3639148499833, -600, 1559.8884349745672, 624.3231223484337], "[4, 1]": [677.2242453016098, 1525.4815682417184, -600, 619.9251461117634], "[5, 0]": [264.6068138072038, 546.6314889311741, 1822.0393631088918, -600], "[4, 7]": [-600, 1649.1696073067767, 1367.2292227132093, 1206.8357398924015], "[0, 5]": [984.9851777618175, -600, -600, 1562.4715014955123], "[4, 0]": [1242.7522591852373, 1377.4004506024958, 1642.1779753313622, -600], "[2, 4]": [1416.890226192183, -600, 118.96203549691445, -600], "[1, 5]": [1728.098110894477, -600, -598.6248091368235, 334.8212155591044], "[2, 5]": [1405.7148189491452, -600, -600, 342.8060204325446], "[2, 9]": [-595.864164070143, 740.2890246373227, -600, 27.666774784443078], "[0, 11]": [-598.0601971326151, -600, 353.39528743035277, 1390.4291667669752], "[7, 18]": [0, 95.12063486903777, 171.15331503472473, 1791.9737572649767], "[1, 39]": [1790.051620061707, 0, 68.86715170934666, 144.58346614851752], "[4, 8]": [-600, 1637.9756425846442, 1169.0992889575084, -600], "[4, 9]": [-600, 1448.8860564132121, -600, 125.65999066849434], "[3, 7]": [-600, 1771.7384531647253, 509.20607241248, 224.36752231866413], "[1, 9]": [-600, -1.1467179356148933, -600, 296.72937365788044], "[5, 8]": [-600, 500.75879533987757, 1782.2564795003968, -600], "[2, 8]": [-600, 1452.2805556764954, 361.2494748861494, -600], "[6, 9]": [-600, 133.4209182136234, -600, 1428.7731787967616], "[6, 11]": [-600, -600, 1595.1243054356153, 1091.0197379911735], "[3, 32]": [0, 1756.3424391513888, 163.39332259836388, 55.691456644948495], "[6, 2]": [189.28203415596207, 1249.4550353923764, -600, -600], "[5, 5]": [16.908990083784825, -600, -600, 896.3052090721158], "[4, 11]": [-600, -600, 1416.617476813132, 321.72961687901443], "[5, 11]": [-600, -600, 1647.7293354435785, 277.1288023500646], "[5, 2]": [23.70019454809218, 951.4773332918368, -600, -600], "[4, 5]": [1261.911059020163, -600, -600, 121.3681169028887], "[7, 4]": [275.60477487587514, -600, 2.2985611235221466, -600], "[6, 5]": [386.8421934004714, -600, -600, 1404.263125094842], "[5, 25]": [0, 810.8793534829404, 1926.158834805105, 829.651440914941], "[1, 2]": [1735.5267601122412, 463.43305494443456, -598.4042685131936, -600], "[0, 8]": [-600, 1203.3526159921278, 156.64241168769573, -600], "[1, 11]": [-600, -600, 18.18188812027216, 809.8181141363042], "[1, 3]": [1802.9643439688443, -600, 226.11042887665525, 580.9801660933213], "[1, 37]": [1927.2464426046713, 810.9297200157682, 0, 855.501302096684], "[7, 15]": [184.05718557838836, 67.96442647425937, 0, 1784.5337547886168], "[6, 4]": [37.65521817459064, -600, 797.753926506069, -600], "[3, 8]": [-600, 1641.653957676399, 350.7694561002185, -600], "[6, 8]": [-600, 432.4903795867378, 1483.7088684771961, -600], "[7, 8]": [-600, 46.28321184186919, 1084.4019078071967, -600], "[7, 11]": [-600, -600, 433.29814807597256, 1757.394442961288], "[6, 10]": [-600, 1214.975294546178, -600, -600], "[6, 13]": [-600, -600, -600, 1515.5086652015293], "[3, 0]": [1242.8385512809843, 1841.320908450859, 1196.7895606694324, -600], "[3, 29]": [779.1328432427234, 1899.368012408245, 737.7993416121321, 0], "[5, 4]": [7.424358995677229, -600, 1338.1350469528427, -600], "[2, 2]": [1056.4366286081518, 1584.8939002021707, -600, -600], "[7, 16]": [826.9767937058151, 0, 800.9402718512006, 1921.7926091808217], "[3, 30]": [139.0654984704316, 1769.9926366911095, 0, 66.45898872334345], "[3, 4]": [464.65850422296836, -600, 4.580194617945635, -600], "[0, 13]": [-600, -600, -600, 1399.0074953362791], "[5, 23]": [63.45209941193479, 0, 1776.9129721749564, 162.8872011358938], "[5, 22]": [68.85082838034918, 148.26292671579586, 1796.6876054746972, 0], "[1, 4]": [1432.3883185444056, -598.0833499240199, 12.957149395788369, -600], "[1, 8]": [-600, 1019.3147465184886, 35.62708661168489, -600], "[7, 9]": [-600, 13.175792215702696, -600, 1351.7796617629847], "[4, 10]": [-600, 1478.1798974797725, -600, -600], "[1, 42]": [535.5451211099884, -600, -600, -600], "[2, 11]": [-600, -600, 1186.5234361315988, 135.58755800473378], "[3, 9]": [-600, 1224.6061103228453, -600, 3.9654877928527563], "[2, 10]": [-600, 1412.5461486645497, -600, -600], "[5, 9]": [-600, 555.2434287913496, -600, 11.113341301119775], "[1, 40]": [793.5070639571306, 0, 5.103824772454213, -600], "[4, 6]": [1220.1454988400126, -600, -600, -600], "[3, 5]": [808.2337196869505, -600, -600, 14.971784505367435], "[3, 2]": [288.9222743022508, 1612.6275826027456, -600, -600], "[7, 5]": [281.0661224258789, -598.4276918016374, -600, 1651.106335545358], "[2, 6]": [1509.823628387892, -600, -600, -600], "[5, 24]": [4.107826830369018, 0, 737.0217074833421, -600], "[6, 12]": [-600, -600, 1445.5774101613465, -600], "[5, 12]": [-600, -600, 1399.3850291119732, -600], "[0, 6]": [1486.3233647202449, -600, -600, -597.8497392126858], "[1, 36]": [1791.6923323051176, 161.34223269146372, 88.16980553061177, 0], "[1, 38]": [1751.5144323453385, 121.29258289600348, -600, -600], "[3, 11]": [-598.5505402039657, -600, 811.530223530785, 21.62153548215694], "[3, 34]": [-600, 747.3962272245004, -600, 2.7006770667229225], "[2, 12]": [-600, -600, 1105.1576092956022, -600], "[7, 2]": [1034.9739146138452, 21.43681551736339, -600, -600], "[5, 26]": [-600, 110.92561120591422, 1783.2752873857532, -600], "[6, 6]": [1246.806604959857, -600, -600, -600], "[5, 27]": [-600, -600, 1433.6897088491635, 59.49472065184792], "[4, 12]": [-600, -600, 1552.8603837071973, -600], "[7, 20]": [-600, -600, 115.56544193010211, 1747.0753681639585], "[0, 12]": [-600, -600, 1157.9671290889155, -600], "[7, 12]": [-600, -600, 787.2065776504171, -600], "[7, 17]": [60.437100539808426, -600, -600, 1398.1729275204998], "[3, 12]": [-600, -600, 713.1845129933092, -600], "[7, 19]": [-600, 3.1731413383120155, -600, 730.2885895491211], "[3, 6]": [735.4893449913518, -600, -600, -600],