{"[5, 1]": [35.23562632230039, 60.207804833853714, -600, 1231.1128503924017], "[6, 0]": [695.6527887050154, 731.1396728181477, 1637.1193050620814, -600], "[6, 7]": [-600, 1258.5683190072039, 1405.9891902682202, 1779.2031353230068], "[6, 1]": [659.9607330025723, 589.4870539475538, -600, 1662.7688886978874], "[6, 3]": [1238.971429781514, -600, 1781.950485229085, 1396.7537874934087], "[6, 9]": [-600, 115.99217116019366, -600, 1544.2552300989457], "[6, 8]": [-600, 414.5501849369807, 1625.3648707038856, -600], "[4, 9]": [-600, 1492.0484555625928, -600, 115.60351590192683], "[4, 8]": [-600, 1784.3043826298776, 1232.7003691976265, -600], "[4, 7]": [-600, 1798.4727638917411, 1426.9518948133903, 1261.089245564165], "[4, 0]": [1270.4075688936084, 1434.2027668641879, 1792.5436170602102, -600], "[4, 11]": [-600, -600, 1606.0220532028845, 415.2422975403372], "[7, 7]": [-600, 306.38307780623325, 521.8930857018902, 1938.6787324430702], "[7, 3]": [1325.519649273297, -600, 1255.4470024938828, 1999.7983844379573], "[0, 7]": [-600, 654.1695959871826, 667.2854021917661, 1635.7534391650886], "[0, 3]": [1724.1605836041135, -600, 1184.6808297323469, 1346.9746622801276], "[0, 1]": [1378.252815006143, 1193.1482395567925, -600, 1715.4812920789318], "[0, 0]": [1577.6660343698397, 666.2812206603463, 664.5173790692342, -600], "[7, 1]": [598.7444481130202, 313.79745468503563, -600, 1955.5642899061613], "[7, 0]": [1323.092659857424, 29.14562071692428, 69.61129738184874, -600], "[5, 3]": [207.4657627130288, -600, 1957.443377539259, 529.4916281613614], "[4, 3]": [612.8718994331821, -600, 1688.2835942414297, 690.3949010741389], "[4, 1]": [657.9747782980321, 1634.9116493798117, -600, 583.3223540331647], "[5, 0]": [286.7506763698876, 553.6436552115939, 1959.614870552868, -600], "[5, 7]": [-600, 1321.8637583684585, 2003.5189454753172, 1410.9869148682978], "[2, 3]": [1644.8696027413591, -600, 593.597687821662, 661.3489420655192], "[2, 7]": [-600, 1638.3133792494982, 706.8094507841815, 697.3912034724252], "[2, 1]": [1371.0896949004791, 1738.2302226996203, -600, 1201.7789105318163], "[2, 0]": [1742.487500319943, 1369.1754809367528, 1222.9869031246703, -600], "[1, 0]": [1907.875779906594, 511.75946866132233, 279.7264735282701, -600], "[1, 7]": [-600, 61.467892586115184, 24.91363665132655, 1310.7682334781823], "[1, 3]": [1899.9461830272176, -600, 232.01212267677366, 517.6461523917644], "[2, 4]": [1503.9636360963225, -600, 120.26755214668603, -600], "[2, 8]": [-600, 1608.307163269724, 444.77876169806, -600], "[2, 9]": [-600, 846.8840528802367, -600, 32.51204671629513], "[2, 2]": [1727.9444594163867, 1168.3803195743692, -600, -600], "[1, 1]": [1983.8716060309873, 1186.5179995136239, -600, 1256.901132690429], "[3, 1]": [569.6184085394918, 1932.8385738229613, -600, 222.31552339609837], "[3, 3]": [52.306786340759665, -600, 1194.749753449714, 23.321386274237096], "[3, 7]": [-600, 1909.7475266246076, 491.7321138935785, 229.93513943199844], "[0, 4]": [905.4220250325102, -600, 37.90416345410199, -600], "[0, 11]": [-600, -600, 358.4701783847266, 1491.8991889404704], "[5, 11]": [-600, -600, 1924.8923871641166, 443.23398752732743], "[6, 4]": [40.536779624111674, -600, 1027.312281541585, -600], "[3, 32]": [0, 1931.396636632241, 154.02865801167334, 57.83820059291431], "[5, 23]": [61.671812382708, 0, 1953.6392210925808, 188.23483741622888], "[3, 29]": [851.3698168722548, 2045.725988092533, 823.084852370678, 0], "[1, 36]": [1931.673683812878, 157.28206757248358, 87.1016970956394, 0], "[4, 2]": [352.67588028243597, 1617.7251380395448, -597.6349656040845, -600], "[6, 11]": [-600, -600, 1186.4711151598879, 1764.7457408429711], "[5, 8]": [-600, 581.1209905348001, 1930.102711342775, -600], "[5, 2]": [24.269908453630805, 1197.0062906813305, -600, -598.4633931984902], "[4, 5]": [1358.1683843841265, -600, -600, 130.96674735276127], "[5, 25]": [0, 875.4305276242998, 2078.7114863083784, 938.8977575382811], "[7, 18]": [0, 98.34372424645714, 170.50648510851096, 1945.7060217759777], "[3, 11]": [-600, -600, 1053.651695015438, 21.455669282244557], "[2, 5]": [1499.6307297006383, -600, -600, 348.7035189716995], "[0, 5]": [1701.8484732292434, -600, -600, 1054.2398116458692], "[7, 5]": [343.9473442584182, -600, -598.6568356678732, 1895.9198771230992], "[4, 4]": [130.27546870745832, -600, 1637.7947718093735, -600], "[7, 4]": [1.9262334147186995, -600, 401.7794533996883, -600], "[0, 13]": [-600, -600, -600, 1614.5402546556468], "[6, 5]": [355.71902873208586, -598.073642348903, -600, 1545.6366563190015], "[0, 9]": [-600, 9.711448878516881, -600, 756.7313477778587], "[3, 8]": [-597.7912364757979, 1792.3506652157823, 453.06443141795654, -600], "[2, 10]": [-600, 1667.1984389775037, -600, -600], "[3, 0]": [1329.2712377102025, 1982.276571449926, 1292.4210325203655, -600], "[0, 2]": [1553.0470392518455, 341.9868961841866, -600, -600], "[5, 4]": [6.805387587038244, -600, 1650.572056498104, -600], "[1, 5]": [1731.0608272987151, -600, -600, 258.26216304120214], "[1, 37]": [2038.7776988447472, 750.1831325160459, 0, 772.1719993476465], "[3, 33]": [-600, 1933.1596268977933, 117.98629555472101, -600], "[5, 22]": [88.18503069277747, 179.34080327285764, 1954.557792042336, 0], "[0, 8]": [-600, 1418.491765250698, 186.32142559011746, -600], "[5, 9]": [-600, 6.323644419724665, -600, 775.8363927069621], "[2, 13]": [-600, -600, -600, 1395.5967616038367], "[1, 2]": [1780.3056414618247, 383.97336663370163, -600, -600], "[3, 30]": [157.01009848832024, 1935.595428901824, 0, 62.82316340723327], "[2, 11]": [-600, -600, 1443.4802141164023, 165.70597225774767], "[3, 5]": [913.9341306020591, -600, -600, 13.755136955661634], "[0, 6]": [1543.402799377134, -600, -600, -600], "[1, 39]": [1933.6176947620336, 0, 59.95303029052755, 159.38477656256728], "[4, 10]": [-600, 1617.475360094006, -600, -600], "[3, 2]": [414.69545280450217, 1906.4815947458221, -600, -600], "[2, 6]": [1542.2880380353351, -600, -600, -600], "[3, 4]": [9.250472370366762, -600, 693.1310775937286, -600], "[1, 13]": [-600, -600, -598.87987860579, 971.4184787523501], "[1, 9]": [-600, 4.8547622418344965, -600, 202.56082915334815], "[5, 10]": [-600, 1056.5934037747334, -600, -600], "[6, 12]": [-600, -600, 1692.7424759731932, -600], "[7, 15]": [166.34461099644474, 84.3423038104001, 0, 1963.2945780207244], "[7, 16]": [848.1395904006984, 0, 809.7711861919763, 2062.378973866901], "[6, 2]": [185.35382315642764, 1435.1334282145044, -600, -600], "[5, 27]": [-600, -600, 1827.2022791788784, 73.45773919330024], "[5, 5]": [13.42602561044836, -600, -600, 889.3510506305723], "[4, 12]": [-600, -600, 1700.5372968886063, -600], "[3, 9]": [-600, 1519.34363924895, -600, 5.0964345160707625], "[7, 2]": [1341.4490823416616, 50.69105964257397, -600, -600], "[7, 9]": [-600, 16.486322451125716, -599.0117473579022, 1591.1654780207373], "[2, 12]": [-600, -600, 1453.288624536037, -600], "[6, 13]": [-600, -600, -600, 1577.0117243252714], "[4, 6]": [1324.9797887661239, -600, -600, -600], "[7, 11]": [-600, -600, 450.0730432217768, 1819.9590159772188], "[1, 4]": [1429.848689646683, -600, 9.347942099218908, -600], "[1, 10]": [-600, 978.975315072962, -600, -600], "[3, 34]": [-600, 942.2422002548088, 0, 3.6366093285005494], "[1, 38]": [1859.929844875415, 97.0536522356047, -598.6289819212257, -600], "[1, 8]": [-600, 1266.44392253508, 42.97062775537648, -600], "[1, 11]": [-600, -600, 21.263497893941366, 1122.5607783387943], "[0, 12]": [-600, -600, 1445.797331653421, -600], "[6, 6]": [1476.983898611123, -600, -600, -600], "[7, 20]": [-600, -600, 109.14420717551334, 1920.3814295004781], "[0, 10]": [-600, 1329.8537402767442, -600, -600], "[5, 12]": [-600, -600, 1802.3431427409537, -600], "[5, 26]": [-600, 121.57807836519805, 1972.037923259169, -600], "[4, 13]": [-600, -600, -600, 1498.6473924614177], "[7, 8]": [-600, 60.43364141860399, 1359.0964020665836, -600], "[1, 40]": [854.8006000927797, 0, 3.997349569783169, -600], "[6, 10]": [-600, 1445.1382170377806, -600, -600], "[7, 19]": [-600, 5.90030116728934, 0, 986.4788534413735],