{"[6, 0]": [12562.832895005045, 12573.400555177299, 12885.599477671483, -600], "[6, 7]": [-600, 12698.488701847331, 12909.837168128459, 13076.327317778008], "[6, 3]": [12844.479270370633, -600, 12884.635516713055, 13128.474674501467], "[6, 1]": [12935.726911830476, 12615.057296007646, -600, 12648.348674198565], "[6, 4]": [11649.356794256755, -600, 10375.673089451395, -600], "[0, 3]": [12854.755306609863, -600, 12689.729297063888, 12956.561903516878], "[0, 7]": [-600, 12334.466573327012, 12324.633771040419, 12827.115165599773], "[0, 1]": [12847.893964442315, 12593.292196326825, -600, 12777.728745989029], "[0, 0]": [12815.81827583272, 12432.47092691849, 12405.112089709157, -600], "[1, 3]": [13066.972867587378, 0, 12937.110459102338, 12936.443371148289], "[1, 7]": [0, 12315.431220252178, 12593.976359632963, 12506.28269665996], "[2, 3]": [12020.5506859842, -600, 12524.237626945689, 12428.448671956909], "[2, 1]": [12785.170076670936, 12468.157703718336, -600, 12514.833094954745], "[2, 0]": [12800.156102253766, 12913.158526317384, 12759.284178668302, -600], "[1, 0]": [13034.59961808037, 12880.679190037372, 12862.450853698341, -600], "[2, 7]": [-600, 12700.704403775037, 12502.969481138443, 12451.921324352616], "[1, 1]": [13109.473537982461, 12308.925783101293, 0, 12751.082820364754], "[0, 9]": [-600, 11771.771270663809, -600, 9082.087159969436], "[6, 9]": [-600, 10900.127033968716, 747.6380785259764, 13050.138183913714], "[6, 8]": [-600, 11888.650936998318, 12418.343885926795, -600], "[0, 4]": [8433.492394394518, -600, 9675.178856010942, -600], "[0, 11]": [900.6247067018642, -600, 12343.671402023512, 12548.509075268266], "[0, 5]": [12852.60199537304, 640.1205232209379, -600, 11837.355291659771], "[7, 1]": [12879.243496638384, 12810.490090783607, 0, 12834.668676994097], "[7, 16]": [12908.116672595002, 0, 12844.316269695697, 12823.060489917698], "[3, 1]": [12974.282709370818, 13147.009897816817, 0, 12781.693121469361], "[4, 1]": [12562.775040259927, 12969.041173189458, -600, 12566.966129720458], "[4, 0]": [12817.593108615567, 13039.190588049356, 12820.753687375654, -600], "[4, 7]": [-600, 13075.470419714531, 12962.476757755196, 12783.594106088838], "[3, 7]": [0, 13165.163892810158, 12907.009763792406, 12736.40180922935], "[3, 3]": [12615.700081396639, -600, 12662.278002635716, 12637.20208037764], "[1, 39]": [13115.46533432667, 0, 13069.962456578538, 12994.944261341381], "[6, 11]": [-600, -600, 12420.591457234828, 13029.42115084097], "[7, 7]": [0, 12849.617540432986, 12863.96788405075, 12976.921569605402], "[7, 0]": [12730.929804782949, 12640.432605065149, 12664.446831516776, -600], "[6, 2]": [12208.714429206331, 11962.958472074919, -600, -600], "[6, 5]": [12315.455423792157, -600, -600, 12592.701841861694], "[7, 3]": [12801.757537738955, 0, 12548.090113801594, 12817.025392615638], "[2, 4]": [10827.234330858122, -600, 11718.518323243454, -600], "[2, 9]": [1232.607618825782, 11334.263882334293, -600, 12062.30036683071], "[2, 2]": [12709.719919081219, 12722.890519600067, -600, -600], "[4, 3]": [12368.215867869982, -600, 12921.008954109277, 12398.240476106323], "[4, 9]": [-600, 11807.04292859465, -600, 12443.10602212164], "[4, 11]": [-600, -600, 12371.958403791848, 12614.625746717049], "[2, 8]": [-600, 12596.739065712842, 12631.197465515417, -600], "[4, 4]": [11574.707679302392, 2800.906081076503, 10670.860142982094, -600], "[4, 2]": [12073.914744348913, 12568.131985287426, -600, -600], "[5, 3]": [12970.544538435823, 0, 13184.180250258829, 12945.668972446118], "[5, 0]": [13073.703292491919, 13094.152791797103, 13148.151732428656, -600], "[5, 1]": [12543.082746774355, 12551.751061926872, -600, 12468.539106963242], "[5, 7]": [-600, 12790.1584275362, 13146.810129004238, 12736.262771629978], "[3, 0]": [12807.12793322559, 13195.534925623822, 12809.648457966643, 0], "[0, 2]": [12694.912197496042, 11357.823092953953, -600, -600], "[2, 5]": [12671.026914385666, -600, -600, 12383.898700180966], "[4, 10]": [-600, 10185.898544035752, -600, -600], "[4, 8]": [-600, 13018.643800167778, 12866.165531722017, -600], "[5, 8]": [-600, 12866.173454423397, 13137.764221809775, -600], "[6, 13]": [-600, -600, -600, 11819.03426119065], "[3, 29]": [13110.895652414281, 13315.180621370619, 13026.740246656198, 0], "[5, 11]": [-600, -600, 13075.209072540278, 12933.852439235872], "[0, 13]": [746.3820804823008, -600, -600, 12722.658550275453], "[5, 25]": [0, 12801.526161081589, 13262.516538092423, 12944.386078483214], "[2, 6]": [11695.914833162082, -600, -600, -600], "[5, 4]": [12458.007779311689, -600, 13227.652175193125, -600], "[7, 11]": [-600, -600, 12733.509447340617, 12913.652244608318], "[7, 4]": [12336.630326367713, -600, 10159.4827509724, -600], "[7, 9]": [-600, 12241.115296636166, 0, 12890.375789119253], "[7, 5]": [12777.308325238018, -600, -600, 12901.755261394852], "[5, 23]": [13155.147759194257, 0, 13208.7506699165, 13194.04513779666], "[3, 32]": [0, 12943.672062618756, 13141.851276319185, 13155.55954814444], "[3, 30]": [13301.905320724129, 13331.118091766271, 0, 13289.647377572255], "[2, 10]": [-600, 12701.443096915698, -600, -600], "[7, 18]": [0, 13093.148796669055, 13101.319299388682, 13190.19860278051], "[5, 22]": [13203.152841009949, 13145.022295510636, 13312.283432654212, 0], "[1, 9]": [-600, 12304.824991965905, -600, 12013.084485727639], "[1, 37]": [13254.690712348205, 12648.341587447772, 0, 12979.779197552882], "[5, 9]": [-600, 10770.512393307903, -600, 11392.53310368905], "[3, 2]": [12653.665645836143, 11858.073159754522, -600, -600], "[3, 4]": [11715.872398780244, -600, 10566.953915047607, -600], "[1, 36]": [13176.715647228808, 12960.069607583215, 13105.494243474324, 0], "[7, 15]": [12932.523883359494, 12895.64708367833, 0, 12916.151974652086], "[0, 6]": [8867.921199104676, -600, -600, -600], "[4, 5]": [11678.17351323492, -600, -600, 12052.31153410263], "[2, 11]": [754.1798285239634, -600, 12451.259132109513, 12358.290695066122], "[3, 5]": [11629.950810723158, -600, -600, 12597.71368080831], "[3, 11]": [-600, 960.0573711982167, 12447.110706896643, 12374.225506710342], "[1, 2]": [13029.187867775063, 12962.431279029366, -600, -600], "[2, 13]": [-600, -600, -600, 10837.199963349203], "[4, 6]": [9991.276326681844, -600, -600, -600], "[7, 2]": [12514.185213537201, 12682.93069357227, -600, -600], "[0, 8]": [-600, 12279.711539041571, 12620.78007618915, -600], "[1, 5]": [12164.79857140203, -600, -600, 12746.352091349632], "[7, 8]": [-600, 12342.71490707847, 12526.652183478904, -600], "[1, 4]": [13077.02344881275, -600, 11967.939817175722, -600], "[0, 12]": [-600, -600, 10175.851653544214, -600], "[3, 9]": [-600, 12257.257761240271, -600, 12315.01312643193], "[3, 12]": [-600, -600, 11758.570753176988, -600], "[6, 10]": [-600, 11920.356497416147, -600, -600], "[4, 12]": [-600, 792.7037866624416, 12880.668416612729, -600], "[1, 8]": [-600, 12384.885312190427, 12633.168140616359, -600], "[1, 11]": [-600, 998.6314052568982, 12866.179978808337, 12856.460967278592], "[5, 13]": [-600, -600, -600, 12440.085047126118], "[5, 2]": [12457.679029973426, 12257.953566339338, -600, -600], "[2, 12]": [-600, -600, 11165.697721601247, -600], "[7, 13]": [-600, -600, -600, 13095.029915013145], "[3, 8]": [-600, 13007.751535154253, 12996.453222296826, -600], "[5, 5]": [13115.278098408964, -600, -600, 13103.435514203255], "[3, 10]": [-600, 13310.127405036455, -600, -600], "[5, 24]": [13115.275835758184, -600, 13266.160277666911, -600], "[3, 31]": [13677.43450711169, 13724.12881238387, -600, -600], "[5, 27]": [-600, -600, 12982.031659750708, 12908.65280545131], "[6, 12]": [-600, -600, 8784.224156462737, -600], "[6, 6]": [7076.899165457109, -600, -600, -600], "[7, 19]": [-600, 12501.382585845933, 0, 11720.553244466766], "[1, 38]": [13128.10019370937, 13150.8966448281, -600, -600], "[1, 12]": [-600, -600, 12764.304074384878, -600], "[1, 40]": [12156.231424349073, 1663.5757364785409, 12924.340989782942, -600], "[4, 13]": [-600, -600, -600, 11278.470569409117],