{"[6, 7]": [0, 35.74271353638011, 189.87244080723138, 89.39569647589029], "[6, 0]": [-24.37165028348897, 70.45907220032171, -91.9351073465067, -4000], "[7, 7]": [0, -34.97407034530356, 3.6770510134263263, 271.97690735364995], "[7, 3]": [21.378049542918173, -4000, 82.89199624258944, 295.68712798798583], "[7, 16]": [61.49317215632249, 0, -56.662925316351746, 518.5548687068008], "[6, 1]": [-33.76752684744713, -40.5674592575591, -4000, -321.7162507211914], "[5, 23]": [62.18080437971709, 0, 492.7453006717876, 116.28363265597093], "[5, 1]": [-3.1474754337085535, -95.3271575680229, -4000, -127.35571324646145], "[4, 3]": [81.44023986047388, -4000, -201.24095006434428, -151.7194771219338], "[4, 1]": [-39.53056463860042, 99.1438185603097, -4000, -41.58844143345508], "[5, 0]": [-6.564269471526505, 23.96831514129043, 157.58308869104835, -4000], "[5, 7]": [0, 66.09927496054941, 307.53771469064657, 14.7411867436819], "[6, 3]": [23.82182284132653, -4000, 165.52164525450092, 65.28472195281142], "[5, 3]": [-11.224157710649727, -4000, 274.98858488166724, 19.843740264573565], "[4, 0]": [34.684089401437376, 120.36402457331886, 70.59020807870132, -4000], "[4, 7]": [0, 86.22849392097018, 200.52084210937028, 28.71287052775419], "[4, 9]": [-4000, -375.5233172926723, -4000, -525.2336770689614], "[4, 8]": [-4000, -69.80500262629415, 93.22862807755021, -3319.2603752075897], "[2, 1]": [199.44108271206818, 27.8416717842008, -4000, 63.17970082148157], "[2, 3]": [174.88054099035782, -4000, -81.10261761855982, 14.95499905568964], "[2, 4]": [32.7566164100406, -4000, -505.3408226079313, -4000], "[2, 0]": [58.71195181160544, 219.11683720040156, -20.336263202561213, -4000], "[2, 9]": [-4000, -1209.459388447262, -4000, -189.45781210461863], "[2, 5]": [76.77644623562477, -4000, -4000, -342.44635631816976], "[2, 10]": [-4000, -1240.332535812592, -4000, -4000], "[3, 32]": [0, 493.0398099051856, 120.83589759756416, 57.37931881535567], "[7, 11]": [-4000, -4000, -162.65251400689303, 169.14617975496796], "[6, 5]": [-14.857336438697871, -4000, -4000, -360.28662112342414], "[6, 2]": [-365.9056414653023, -32.19413174622136, -4000, -4000], "[7, 8]": [-4000, -27.284031280263054, -159.21572762768602, -3575.2480248955612], "[7, 0]": [-13.921345333723897, -146.49581828413994, -159.08013432397692, -4000], "[6, 4]": [-715.2079790504432, -4000, 121.23241433241579, -4000], "[2, 7]": [-4000, 149.60687153871183, -120.93745014775769, -102.28218188532881], "[3, 1]": [59.490123941741366, 274.52649161613994, -4000, -1.7106384078874584], "[3, 3]": [-74.21349322179499, -4000, -65.38774882806213, -8.10967983479901], "[6, 9]": [-4000, -56.76099256556208, -3208.89673698314, -565.3878696117437], "[6, 11]": [-4000, -4000, 114.9611130639481, 3.1770844258168545], "[7, 18]": [0, 45.2884188060553, 126.48409699358184, 492.65934992924656], "[0, 7]": [-4000, -60.98862866277229, -2.0415080384289093, 146.7023847791429], "[0, 3]": [-40.57990967965838, -4000, 54.91077316711048, 198.64363825726844], "[0, 1]": [180.38837017839464, -77.15137335362793, -4000, -44.71023546448436], "[1, 39]": [497.74784775115614, 0, 78.52288864237373, 75.33339500478652], "[5, 25]": [0, 56.41747036551466, 541.68282236969, 40.763453623777245], "[0, 8]": [-4000, 12.757995916873112, -424.873968406496, -4000], "[0, 0]": [-85.54317048704124, 0.9303726044243175, -91.36706242526736, -4000], "[0, 9]": [-4000, -916.536008444532, -4000, -454.1462961520683], "[0, 2]": [-6.711822129464695, -312.86211722960144, -4000, -4000], "[7, 15]": [89.13633908944018, 75.15997757541065, 0, 503.5678994593225], "[6, 8]": [-4000, -121.76767852965658, 47.65875660940965, -4000], "[1, 3]": [273.2204821714067, -4000, -132.04142281055812, 20.25561194266732], "[2, 8]": [-4000, 0.4720759691413211, -245.20710285411477, -4000], "[3, 7]": [-4000, 277.5374216646461, 59.42047009536631, -16.509136772322123], "[4, 4]": [-91.36254758627926, -4000, -711.3301741227347, -4000], "[3, 2]": [2.9699452638907338, 231.8942729029643, -4000, -4000], "[3, 0]": [32.64279583939975, 286.66914353286154, 24.110686927430706, 0], "[3, 30]": [125.06061856055761, 517.8347860424078, 0, 83.54856048005371], "[2, 11]": [-4000, -4000, 29.182692660659704, -516.6630037479545], "[2, 2]": [97.36991437999444, -124.17616935395468, -4000, -4000], "[7, 1]": [39.31167376671216, -1.4332530699718804, -4000, 256.3074414050126], "[0, 5]": [147.87437028257725, -4000, -4000, -123.63528212616063], "[1, 0]": [282.00274980660674, 74.19997445342528, -57.33137101584139, -4000], "[1, 1]": [274.88326564019684, 17.857418970163522, 0, 73.15762041536271], "[3, 9]": [-4000, 240.01927125627734, -4000, -283.4379244857584], "[3, 33]": [-4000, 432.40380120609484, 174.64802848598367, -4000], "[1, 7]": [-4000, 10.646458434939944, -178.51302001721052, -152.87083423652945], "[1, 2]": [282.50984252183025, -0.7274141422719662, -4000, -4000], "[1, 37]": [455.7576573725108, -37.621027849922584, 0, 82.36781194000162], "[0, 4]": [-833.294845045326, -4000, 32.22751085689081, -4000], "[0, 11]": [-4000, -4000, -162.73477760430896, 95.8539523250345], "[3, 8]": [-4000, 272.3511496403662, 6.060095377882297, -4000], "[5, 11]": [-4000, -4000, -131.48685397236474, 41.018754273847186], "[5, 22]": [-30.01984569205605, 113.27228646556938, 551.4336494525729, 0], "[3, 29]": [52.30223441273801, 476.093573309443, 24.96849503165472, 0], "[1, 36]": [479.2217226350309, 105.82536134308093, 13.005469031009929, 0], "[7, 5]": [70.31580743538072, -4000, -4000, 30.14664618964059], "[4, 2]": [59.62695707290648, -121.68261400292225, -4000, -4000], "[3, 5]": [-240.52477260994112, -4000, -4000, -18.42638745508149], "[4, 13]": [-4000, -4000, -4000, -473.3529151540892], "[4, 11]": [-4000, -4000, 68.85447197052186, -532.1933284317195], "[7, 9]": [-4000, -202.24777321771106, -3593.839406196484, 216.09556883063468], "[7, 4]": [-1000.8608696231411, -4000, -4.8688455965948165, -4000], "[6, 13]": [-4000, -4000, -4000, -30.813816091834095], "[1, 8]": [-4000, -224.09368855982055, 4.004519913147294, -4000], "[5, 9]": [-4000, -28.087653725714176, -4000, -1034.8444526048704], "[5, 4]": [-270.9690365821431, -3204.300204046054, -350.5576666990235, -4000], "[3, 31]": [140.00594321045148, 436.0787107396864, -4000, -4000], "[2, 12]": [-3601.429086618886, -4000, -861.0622927307232, -4000], "[1, 4]": [291.0588632651745, -4000, -283.00167569425395, -4000], "[1, 10]": [-4000, -56.88827783279246, -4000, -4000], "[1, 41]": [451.7228617051309, -4000, -4000, 154.09941532224482], "[0, 6]": [-2023.1108987807715, -4000, -4000, -4000], "[1, 9]": [-4000, -977.9116701749668, -4000, -39.608968487390364], "[4, 10]": [-4000, -18.704835460206624, -4000, -4000], "[3, 11]": [-4000, -4000, -67.6542887697638, -135.67179763517876], "[7, 2]": [-0.7242318750342216, -62.320432608157475, -4000, -4000], "[2, 6]": [-1135.4137799015455, -4000, -4000, -4000], "[6, 10]": [-4000, -140.7951964370742, -3595.5650537317424, -4000], "[1, 40]": [458.64915419493536, 0, 98.78690697957757, -4000], "[5, 8]": [-4000, 31.67351893984291, -23.109538636709352, -4000], "[6, 12]": [-4000, -4000, -231.79743359470575, -4000], "[3, 4]": [-80.45910605795628, -4000, -885.8439742824376, -4000], "[5, 2]": [-2.5872223576946256, -261.82028567611746, -4000, -4000], "[4, 5]": [-127.73169149749808, -4000, -4000, -415.6318084275385], "[5, 5]": [15.999824373775512, -4000, -4000, -165.40854477253046], "[0, 13]": [-4000, -4000, -4000, -928.0194001979446], "[1, 5]": [235.0112434095415, -4000, -4000, 22.360573044739503], "[7, 20]": [-4000, -3599.8454121236923, 123.5423909874633, 366.46207801410634], "[5, 13]": [-4000, -4000, -4000, -547.6390642487803], "[1, 38]": [471.8727486405199, 135.70031547694762, -4000, -4000], "[0, 12]": [-3667.943411180702, -4000, -22.373653776341015, -4000], "[4, 12]": [-4000, -3588.9058042312545, -861.5496587812158, -4000], "[1, 6]": [200.88378755530022, -4000, -4000, -4000], "[0, 10]": [-4000, -637.5356213176728, -4000, -4000], "[6, 6]": [-466.0932765084996, -4000, -4000, -4000], "[4, 6]": [-1217.9622493435586, -4000, -4000, -4000],