{"[4, 8]": [-600, 10047.959420275349, 9674.110013594025, -600], "[2, 7]": [0, 9607.588743804932, 8759.774698017927, 9123.263541170616], "[2, 3]": [9116.566804019736, 0, 8698.974547322052, 9287.272143338161], "[2, 1]": [9680.723622870828, 9158.844100793616, 0, 9129.458236956503], "[2, 0]": [9257.269520100683, 9480.818261805893, 9195.80984504764, 0], "[2, 9]": [-600, 7790.99439141802, -600, 6344.038807730469], "[2, 2]": [9364.224495406896, 9179.397665370578, -600, -600], "[2, 5]": [8584.469912194794, -600, -600, 8693.514602331217], "[1, 0]": [8600.986550781345, 9153.259170126492, 9533.58413753088, 0], "[1, 9]": [-600, 9697.014553614621, -600, 7996.073273190322], "[6, 1]": [9683.631592147472, 9055.456448021452, 0, 9216.053285310116], "[6, 0]": [9074.85997890505, 9101.117508991629, 9658.72506990149, 0], "[6, 7]": [0, 8916.992825366611, 9900.208616263477, 9502.436598673625], "[6, 4]": [8955.821028492514, -600, 6342.842044570877, -600], "[7, 11]": [-600, 358.83566020968783, 9087.716154833988, 10063.49922154009], "[7, 3]": [9518.938634134416, 0, 9215.560291679181, 9914.006213680472], "[0, 7]": [0, 9067.541973669884, 9515.258045453884, 9310.747074834533], "[0, 3]": [9972.288049582952, 0, 9068.354402868874, 9269.559242171068], "[1, 39]": [9021.276913138026, 0, 8959.876854980073, 9280.74265242189], "[2, 4]": [7442.638002040044, -600, 9297.504665913983, -600], "[6, 3]": [9960.23127442831, 0, 8651.80692797647, 8951.39270796456], "[6, 5]": [9948.913756128344, -600, -600, 9484.605694782413], "[1, 3]": [9170.540277014681, 0, 9541.66898058648, 9224.4277213814], "[1, 7]": [0, 9276.386094929363, 9681.343503327433, 9140.87683690846], "[0, 0]": [8874.37280423791, 8691.55489397464, 9508.641993821435, 0], "[0, 9]": [-600, 9628.680924208858, -600, 7992.317661790755], "[5, 11]": [-600, -600, 9669.080162677223, 9421.577509603485], "[4, 11]": [-600, -600, 9018.312148435738, 9511.23109282412], "[3, 1]": [9459.9308589078, 10001.161248101509, 0, 9422.360744737072], "[4, 1]": [9255.830143536825, 9929.489145128122, 0, 9249.085764130292], "[4, 4]": [8459.871184401127, -600, 9509.226590506494, -600], "[1, 37]": [9884.389887863485, 9157.766892626929, 0, 9158.692489712163], "[3, 30]": [9588.010531540142, 9273.091952232317, 0, 9248.509031853178], "[0, 2]": [9681.723738288341, 9348.93150634941, -600, -600], "[0, 1]": [9713.32061807264, 9210.66869940633, 0, 9394.873627707806], "[0, 5]": [10091.20567519839, -600, -600, 9410.3231814767], "[0, 11]": [409.55261080074854, 406.7842733656521, 9441.10026002963, 8594.335003230137], "[0, 8]": [-600, 8551.155875119799, 9478.036269930002, -600], "[7, 1]": [9785.38152141623, 8961.576426488513, 0, 9235.773871859361], "[7, 0]": [9715.736888572497, 8934.854746332781, 9025.364715442583, 0], "[6, 9]": [-600, 7736.270295175072, -600, 9683.654882079587], "[6, 8]": [-600, 8603.057501293692, 9317.254247579553, -600], "[6, 12]": [-600, -600, 4533.864380740912, -600], "[1, 1]": [9651.532239986136, 8880.05781231321, 0, 9153.808338885], "[2, 8]": [-600, 9464.397316569939, 9133.939968920167, -600], "[5, 0]": [9329.578733088536, 9476.022020356826, 10080.322776902876, 0], "[5, 3]": [9319.898269964642, 0, 8826.33108554047, 9752.566279212031], "[5, 1]": [8896.044396692207, 8800.808666279056, 0, 8830.012009596036], "[5, 9]": [-600, 7835.942472420813, -600, 8929.255972042882], "[6, 11]": [-600, -600, 9650.239561048264, 9806.824229958122], "[5, 24]": [8248.28392086239, 1681.0648871126632, 9685.008037740927, -600], "[5, 10]": [-600, 7805.377339813119, -600, -600], "[5, 12]": [-600, 457.534485328292, 10021.569876482721, -600], "[5, 26]": [-600, 9196.472424151634, 10145.486703832503, -600], "[4, 0]": [9293.883279614738, 10072.026227982438, 9446.298185201751, 0], "[4, 2]": [8861.068232667509, 9282.795016699136, -600, -600], "[4, 6]": [7749.532002679616, -600, -600, -600], "[4, 10]": [-600, 7888.272778522816, -600, -600], "[7, 7]": [0, 8801.74459960912, 9244.207578362242, 9919.129414837138], "[1, 8]": [-600, 8998.44888090558, 9470.819931414879, -600], "[1, 10]": [-600, 9525.654525634254, -600, -600], "[3, 3]": [8921.104769127387, 0, 8873.45257979587, 8956.775931604901], "[2, 10]": [-600, 8429.394417395462, -600, -600], "[7, 16]": [9483.7748688847, 0, 9272.783306809113, 9818.709796376308], "[6, 6]": [7834.798326332228, -600, -600, -600], "[4, 9]": [-600, 8083.223434489003, -600, 8819.368864936663], "[4, 12]": [-600, 425.61370096226665, 9479.225527480201, -600], "[7, 15]": [9705.008178824348, 9112.139735612298, 0, 8852.452050981856], "[2, 11]": [-600, -600, 9029.065998875407, 9216.965255663901], "[0, 4]": [8181.946083041038, -600, 7164.860896374421, -600], "[0, 13]": [-600, -600, -600, 9588.445767197913], "[4, 3]": [9149.562697746163, 0, 9279.616125561255, 9526.547896426478], "[4, 7]": [0, 10069.216931857654, 9360.7008782178, 9466.930518287605], "[5, 22]": [9098.332383155304, 9298.067898553525, 10084.414621350714, 0], "[7, 4]": [8350.234058021204, -600, 5974.204414152351, -600], "[7, 5]": [9957.47344528988, -600, -600, 9274.25755692882], "[5, 25]": [0, 9443.707431452995, 10117.681880214373, 9625.737951611613], "[5, 4]": [8206.134896776439, -600, 10023.949978579549, -600], "[5, 8]": [255.9125109829797, 8701.199819202895, 10111.972592792183, -600], "[5, 23]": [9163.024129902376, 0, 8543.40773472552, 9532.472218253744], "[5, 7]": [0, 9287.934120413784, 10094.149288470984, 9647.854105058224], "[3, 29]": [9268.084845903802, 10071.361872407553, 9235.115971300644, 0], "[0, 6]": [9415.688930692642, -600, -600, -600], "[1, 2]": [8660.463438052286, 9343.405789458518, -600, -600], "[3, 9]": [-600, 8104.153059452385, -600, 8988.386784161263], "[3, 8]": [-600, 9515.434928627523, 9074.121768014928, -600], "[1, 36]": [8579.178067489347, 8896.11535327063, 9663.247523067079, 0], "[7, 21]": [-600, -600, -600, 10319.921233234669], "[6, 13]": [-600, -600, 423.87806471370686, 9936.655821637329], "[3, 34]": [-600, 8316.343203979015, 569.5212792522557, 9126.177342584284], "[3, 11]": [-600, -600, 8780.369508215623, 9113.730485962207], "[3, 10]": [-600, 8416.382830645152, -600, -600], "[1, 5]": [9069.789283816179, -600, -600, 9082.8389471665], "[3, 33]": [-600, 8192.897148529168, 9580.458708285945, -600], "[1, 38]": [8413.324453422183, 9216.84467106916, -600, -600], "[3, 0]": [9439.669611532256, 10079.130680515702, 9406.868548027545, 0], "[3, 2]": [9221.338969241384, 9435.602875368202, 510.1410913958048, -600], "[3, 32]": [0, 9920.379306836454, 8813.825605578428, 8964.197923206417], "[7, 9]": [-600, 8901.477162704477, -600, 10098.470935391993], "[7, 8]": [-600, 8701.794203626798, 9406.107300012925, -600], "[3, 7]": [0, 9991.155494923682, 9408.255482969222, 9308.654676244603], "[7, 20]": [-600, 512.5535414430212, 8575.69754328406, 10136.648923014684], "[2, 6]": [8095.097216764291, 502.781705618994, -600, -600], "[7, 18]": [0, 8963.371124541056, 9014.21505793673, 10075.150302369868], "[0, 12]": [-600, -600, 2753.758108155117, -600], "[3, 4]": [7655.336525191027, -600, 9053.439855387724, -600], "[6, 2]": [7723.577335860108, 9158.612703860568, 416.4509056649712, -600], "[5, 5]": [9004.941312086472, -600, -600, 8890.94592226844], "[1, 4]": [8934.677314252742, -600, 9334.637104387495, -600], "[6, 10]": [-600, 5392.927770729707, -600, -600], "[3, 12]": [-600, 549.924068863598, 9441.153161582806, -600], "[4, 14]": [-600, -600, -600, -600], "[7, 17]": [8862.530277490527, -600, -600, 10286.775454329229], "[4, 5]": [8098.039348890397, -600, -600, 8918.089723308109], "[7, 12]": [-600, -600, 5599.50419762164, -600], "[3, 31]": [9572.057431202395, 9693.8008793448, -600, -600], "[3, 5]": [8203.636801372779, -600, -600, 9079.638041249049], "[2, 13]": [-600, -600, -600, 6731.439032589105], "[7, 19]": [-600, 7604.366115529218, 1345.3819714897422, 10244.840205683127], "[5, 2]": [8917.79184758892, 9050.11965237994, 572.0598084679493, -600], "[5, 13]": [-600, -600, -600, 8399.977642960495], "[7, 2]": [8877.477571920845, 8347.430205500326, 519.802913308831, -600],