{"[5, 1]": [-0.7528451514219496, 22.468919404879692, -600, 316.9670741284762], "[6, 0]": [229.66375308601644, 276.92857802233056, 726.7027042724418, -600], "[6, 7]": [-600, 497.25129467945476, 618.8785116680007, 823.5408821802833], "[6, 1]": [256.13622139519487, 209.825734203986, -600, 739.2037050271929], "[6, 3]": [493.86113849896617, -600, 816.8595866993777, 620.9538201906257], "[6, 9]": [-600, 22.903473416675514, -600, 553.5620729202222], "[6, 8]": [-600, 133.74669996855513, 697.8176665517318, -600], "[4, 9]": [-600, 557.1405930592239, -600, 27.97575295395015], "[4, 8]": [-600, 842.4720625013978, 483.0345138440291, -600], "[4, 7]": [-600, 866.3718397220649, 643.8409271774746, 512.8842454680935], "[4, 0]": [503.6998042596633, 647.3721307060232, 863.2887556018259, -600], "[4, 11]": [-600, -600, 719.6132366618434, 145.8566337339247], "[7, 7]": [-600, 51.57052849629052, 182.06174956385314, 995.5402005363359], "[7, 3]": [536.3852647040823, -600, 513.2916329796632, 1070.8345746902312], "[0, 7]": [-600, 207.15984479561382, 252.35863250930294, 714.3909276413569], "[0, 3]": [778.5785527083697, -600, 451.7814756201019, 576.9378855997916], "[0, 1]": [588.7711072221036, 459.3665896264502, -600, 771.1534783154714], "[0, 0]": [679.2453373478826, 240.27360534918185, 206.95017794838972, -600], "[7, 1]": [187.90569361222904, 51.92180565552147, -600, 1009.9395506229283], "[7, 0]": [365.68710586632534, 0.03703236667217369, 18.940318368934037, -600], "[5, 3]": [39.40619437113234, -600, 1032.2300682564291, 184.81787900423498], "[4, 3]": [208.34713478765667, -600, 789.0377223785691, 253.85702914997904], "[4, 1]": [236.21943280078227, 765.2416432814479, -600, 202.4570865999066], "[5, 0]": [57.138373100047374, 181.77437681267966, 1039.1506989827533, -600], "[5, 7]": [-600, 559.6176455920169, 1088.1738508381807, 601.3991874991548], "[2, 3]": [732.8609038501513, -600, 200.40956072142728, 236.55699226751858], "[2, 7]": [-600, 727.9836307771112, 274.31018426198494, 229.38328189510543], "[2, 1]": [608.7527251970462, 807.4814958433653, -600, 476.714930485934], "[2, 0]": [804.1802148473646, 591.258568271409, 480.78941364024024, -600], "[1, 0]": [980.9750473004823, 163.38553318202088, 49.897049294335076, -600], "[1, 7]": [-600, 21.015001892040594, -2.363490519784184, 349.32496874537463], "[1, 3]": [982.7880052460421, -600, 35.86078358771163, 173.22717823606624], "[2, 4]": [540.5743570929053, -600, 21.109804677641886, -600], "[2, 8]": [-600, 682.3262165820476, 136.94494418469006, -600], "[2, 9]": [-600, 214.1832794236073, -600, 3.773124256277449], "[2, 2]": [786.9589492048149, 451.2017459946501, -600, -600], "[1, 1]": [1068.33246607887, 453.8226744568848, -600, 509.15027703705215], "[3, 1]": [194.57640228716534, 1025.898801906325, -600, 40.90372559785845], "[3, 3]": [16.083483449390624, -600, 310.2714704005415, -2.0013458757556686], "[3, 7]": [-600, 1006.392388018418, 172.02971498994802, 33.65727447322286], "[0, 4]": [187.95831406920743, -600, 10.688288635861415, -600], "[0, 11]": [-600, -600, 98.45434066543406, 626.8100058613196], "[5, 11]": [-600, -600, 1008.1685855989384, 135.76238564613422], "[6, 4]": [4.9620094569565385, -600, 228.4329275761277, -600], "[3, 32]": [0, 926.7332424447209, 47.21928199245697, 9.641069400522472], "[5, 23]": [11.42087345231346, 0, 944.8231243977483, 53.80324766490132], "[3, 29]": [290.20440023162325, 1132.2391314147371, 276.5266329772977, 0], "[1, 36]": [925.3028875705052, 53.06849834812589, 14.178650475660769, 0], "[4, 2]": [119.40377769581768, 726.6142626761633, -600, -600], "[6, 11]": [-598.7290237411438, -600, 457.73373814821184, 808.1405573919269], "[5, 8]": [-600, 175.1174922095781, 995.8980782259812, -600], "[5, 2]": [2.60072119521232, 286.6384060064742, -600, -600], "[4, 5]": [390.7701410780699, -600, -600, 37.05531380798423], "[5, 25]": [0, 304.08416744015335, 1144.8972093122968, 323.9572298898651], "[7, 18]": [0, 17.62532302213923, 49.63174769001899, 930.2729408834297], "[3, 11]": [-600, -600, 217.33246172099786, 0.7643917244316785], "[2, 5]": [651.4194550102457, -600, -600, 111.38776222952998], "[0, 5]": [755.3472617453106, -600, -600, 390.8872191720158], "[7, 5]": [116.18452711310003, -600, -600, 948.9414192733432], "[4, 4]": [28.87971470766778, -600, 600.5870993757633, -600], "[7, 4]": [-1.2844499602168569, -600, 18.532598105467358, -600], "[0, 13]": [-600, -600, -600, 624.2360906961682], "[6, 5]": [126.48502101966096, -600, -600, 677.0551917430531], "[0, 9]": [-600, -2.111387671113829, -600, 176.0138259303065], "[3, 8]": [-600, 875.7334968648056, 143.450012581556, -600], "[2, 10]": [-600, 643.5258107222352, -600, -600], "[3, 0]": [562.3453190611085, 1074.9765871508025, 523.3360535534563, -600], "[0, 2]": [633.2550589273936, 102.61573147162898, -600, -600], "[5, 4]": [0.41357543006388336, -600, 471.5211094699967, -600], "[1, 5]": [852.7822196171996, -600, -600, 88.22670788722674], "[1, 37]": [1119.4097452004453, 245.5310222903886, 0, 257.7165730143424], "[3, 33]": [-600, 877.7098727643748, 32.88637582176133, -600], "[5, 22]": [15.832024583809057, 74.86859922738628, 956.3224841946725, 0], "[0, 8]": [-600, 433.4641663741776, 42.03930288103967, -600], "[5, 9]": [-600, 1.961684155864535, -600, 76.17370548117738], "[2, 13]": [-596.8042169836335, -600, -600, 243.8624410848294], "[1, 2]": [841.543094839975, 126.7930672353495, -600, -600], "[3, 30]": [56.7668730484069, 935.1789594366037, 0, 12.313484787432877], "[2, 11]": [-600, -600, 448.34654511946616, 45.143735355862276], "[3, 5]": [215.58565801362823, -598.5222088493266, -600, 1.5691577262362157], "[0, 6]": [489.7957663956411, -600, -600, -600], "[1, 39]": [918.5899747868048, 0, 9.029946104156947, 49.363117651574505], "[4, 10]": [-600, 556.4252812033351, -600, -600], "[3, 2]": [123.24400127755706, 984.4492187448589, -600, -600], "[2, 6]": [489.0536682481045, -600, -600, -600], "[3, 4]": [2.500426022358336, -600, 67.70130051681815, -600], "[1, 13]": [-600, -600, -600, 121.13748002645991], "[1, 9]": [-600, 0.42152497737630973, -600, 15.769808598392064], "[5, 10]": [-600, 140.64588631081463, -600, -600], "[6, 12]": [-600, -600, 671.5022531534354, -598.6043598368794], "[7, 15]": [53.68770273105678, 13.122530070858991, 0, 936.1062869927382], "[7, 16]": [272.2141012302723, 0, 260.09258313243004, 1126.681025472589], "[6, 2]": [45.267440130788756, 469.346831365176, -600, -600], "[5, 27]": [-599.2294863048318, -600, 763.2790191105132, 21.36527260397184], "[5, 5]": [1.4550976232219197, -600, -600, 205.64332419129875], "[4, 12]": [-600, -600, 710.5967561402454, -600], "[3, 9]": [-600, 438.41307704223397, -598.8812796869537, 0.11174616053525364], "[7, 2]": [291.1679792074618, 5.6716582159411075, -600, -600], "[7, 9]": [-600, 0.9655118495222182, -600, 447.07872219675824], "[2, 12]": [-600, -600, 306.62851625908, -600], "[6, 13]": [-600, -600, -600, 507.6013507279562], "[4, 6]": [221.0705979049132, -600, -600, -600], "[7, 11]": [-598.8982089799257, -600, 133.76898867011548, 866.3524259718233], "[1, 4]": [391.8723215809211, -600, 1.0036659914074937, -600], "[1, 10]": [-600, 122.43248966290591, -600, -600], "[3, 34]": [-600, 254.83489845542917, 0, 0.5069903944967108], "[1, 38]": [811.8383220948808, 31.025075813859086, -600, -600], "[1, 8]": [-600, 287.8804800597726, 5.17348397940617, -600], "[1, 11]": [-600, -600, 2.6681079084240915, 220.17352918915458], "[0, 12]": [-600, -600, 263.32118865805535, -600], "[6, 6]": [288.8359172259313, -600, -600, -600], "[7, 20]": [-600, -599.1913254650236, 30.04803554609231, 850.4402076218563], "[0, 10]": [-600, 210.56315389457572, -600, -600], "[5, 12]": [-600, -600, 545.7435424292155, -600], "[5, 26]": [-600, 33.19848244239635, 931.3681035372723, -600], "[4, 13]": [-600, -600, -600, 294.4475013384699], "[7, 8]": [-600, 6.5071280698894975, 318.42727952573824, -600], "[1, 40]": [216.30220109339317, 0, 0.3755033574668451, -600], "[6, 10]": [-600, 276.2393199842002, -600, -600], "[7, 19]": [-600, 0.3900947849174493, 0, 264.19931546211666],