{"[2, 1]": [10629.604856015863, 10311.882476465857, 0, 10469.987390602435], "[2, 4]": [8048.935107780244, -600, 9967.79018958018, -600], "[3, 2]": [10648.154836128291, 10611.463746756452, -600, -600], "[2, 0]": [10392.228897770536, 10636.374680391556, 10514.251554327046, 0], "[1, 0]": [10640.599306469034, 10526.44087482414, 10537.361652738036, 0], "[1, 7]": [0, 10042.571904822918, 10035.245715611114, 10056.27470930174], "[1, 9]": [-600, 9905.94836446935, -600, 7888.205889396853], "[0, 2]": [10201.774178566382, 9284.003201052508, -600, -600], "[5, 0]": [10588.693990437092, 10513.257704103933, 10788.923166454038, 0], "[5, 1]": [10177.481477613128, 10237.316792659567, 0, 10429.92093202721], "[5, 9]": [850.9852390241497, 7999.951249485221, -600, 8734.78621417335], "[6, 8]": [-600, 9673.130993304592, 10074.024235740784, -600], "[4, 7]": [0, 10552.983967107763, 10588.622270836158, 10556.102364174869], "[4, 3]": [10517.49359912145, 0, 10584.523858482366, 10515.358626466026], "[4, 0]": [10631.153594807658, 10743.136294292986, 10630.024628760117, 0], "[3, 7]": [0, 10567.129283953436, 10506.202839434984, 10505.264852228263], "[3, 3]": [10537.861099661255, 0, 10504.23182371789, 10468.861014742224], "[2, 7]": [0, 10505.15569615465, 10089.021264708255, 10069.648781660542], "[3, 1]": [10651.071615940022, 10456.778453515286, 0, 10582.036494297054], "[3, 29]": [10561.55683281263, 10171.70328233338, 10526.826497362488, 0], "[4, 1]": [10545.744166359007, 10344.056893861922, 0, 10398.741421768938], "[4, 9]": [-600, 10604.915688359719, -600, 9936.949616617785], "[5, 8]": [-600, 10372.511588335236, 10775.836231191659, -600], "[6, 12]": [-600, -600, 8870.3743451858, -600], "[0, 7]": [0, 10023.587479961729, 10226.443778452038, 10454.584122789858], "[0, 4]": [8504.459721237536, -600, 7171.907806829788, -600], "[0, 5]": [10599.379656171604, -600, -600, 10302.826987248953], "[0, 3]": [10593.3702215295, 0, 10256.558328890334, 10259.939027540555], "[0, 0]": [9145.817668098596, 9979.3356930176, 10128.481941929935, 0], "[0, 1]": [10536.672737016257, 9736.542699119316, 0, 10184.775647089502], "[1, 3]": [10612.005052679708, 0, 10398.941266965552, 10435.823962347564], "[2, 3]": [9415.452904229218, 0, 10027.285711826797, 9914.279253052135], "[2, 2]": [10414.22160233479, 9394.095507203774, -600, -600], "[1, 36]": [10690.765377303036, 10243.177835830851, 10447.106433804109, 0], "[7, 15]": [9884.181167448096, 9591.89275979966, 0, 9492.725797506673], "[7, 0]": [9998.498958558102, 9981.333755910948, 9998.793837436418, 0], "[6, 1]": [9766.477434996543, 9608.457705369627, 0, 9583.661276822895], "[6, 3]": [10189.706635306517, 0, 10362.331426573779, 10729.954111231633], "[7, 18]": [0, 10442.146567208172, 10533.08101636358, 10870.152732161037], "[1, 39]": [10707.178956861138, 0, 10500.276559298449, 10499.884279666783], "[3, 30]": [10665.97573092173, 10655.749911565395, 0, 10654.221149502908], "[3, 4]": [8959.97758781372, -600, 10291.288181325493, -600], "[4, 2]": [10392.604876523847, 10495.2854997825, 1646.1480223510243, -600], "[2, 9]": [-600, 9238.289490530606, -600, 7636.10281390993], "[3, 0]": [10510.999643067353, 10570.304897254524, 10564.76010840631, 0], "[6, 4]": [6720.45927284028, -600, 7084.795750162231, 537.305073450291], "[6, 0]": [9579.673804360724, 9543.358688230343, 9320.49293117841, 0], "[6, 7]": [0, 10069.03258878545, 10644.33289985899, 10198.187249855815], "[7, 7]": [0, 10084.839750668065, 10167.035078800143, 10817.631420180247], "[0, 9]": [-600, 9669.720061681668, -600, 8061.20995895705], "[7, 4]": [9788.902047482781, -600, 7965.160226081123, -600], "[7, 16]": [10144.928627900877, 0, 10260.957646531408, 10914.185923700794], "[6, 9]": [-600, 9565.403428870335, 908.0708335410325, 8568.70786064105], "[1, 1]": [10637.475094698491, 10154.598834959033, 0, 10318.891320747272], "[2, 5]": [9732.557711798854, 539.1767483311448, -600, 9371.163450505222], "[6, 11]": [-600, -600, 10278.601264780526, 10747.868793404332], "[7, 11]": [-600, -600, 10353.682171378947, 10760.705445306348], "[7, 3]": [9963.140466251998, 0, 10259.236878320025, 10861.86554250844], "[4, 11]": [-600, -600, 10525.90114608428, 10299.610974697172], "[5, 4]": [10694.1146353256, 2561.3578876526385, 10800.74390267321, -600], "[0, 11]": [-600, -600, 10234.906357172349, 10468.661488760434], "[0, 13]": [-600, -600, -600, 10376.067100289465], "[1, 5]": [10554.908329940683, -600, -600, 10529.65533563396], "[7, 1]": [10259.55360363078, 10141.084434565062, 0, 10722.552735430698], "[4, 4]": [9100.592757300743, -600, 10561.802379612902, -600], "[3, 8]": [-600, 10617.197481532934, 10473.51711887492, -600], "[2, 8]": [-600, 10332.333008176041, 10086.551560496384, -600], "[5, 22]": [10395.111067056088, 10471.311750195177, 10709.981684583958, 0], "[5, 11]": [-600, -600, 10805.999067608922, 10595.48564738717], "[7, 8]": [-600, 10133.560276749826, 10233.741794220623, -600], "[2, 10]": [-600, 9307.00556262838, -600, -600], "[5, 10]": [-600, 9256.637164815336, -600, -600], "[6, 5]": [9754.037535075775, -600, -600, 9429.19031616187], "[4, 10]": [-600, 9083.911257969188, -600, -600], "[5, 23]": [10630.622330859422, 0, 10981.430262897256, 10475.070354359816], "[3, 32]": [0, 10770.309959732653, 10416.745907079743, 10383.993992028403], "[4, 5]": [10523.055666752121, -600, -600, 10393.790607970612], "[5, 7]": [0, 9943.097736544114, 10822.8355104195, 10517.513735292765], "[6, 2]": [9090.015581086078, 8853.516693887332, -600, -600], "[5, 3]": [10517.4341035027, 0, 10613.501315930633, 10676.157520804487], "[4, 8]": [-600, 10706.653801666393, 9885.15671496517, -600], "[7, 13]": [-600, -600, -600, 10185.68617248519], "[5, 25]": [0, 9310.901929432162, 10884.024712772656, 9722.238512300308], "[2, 6]": [7327.819433732659, -600, -600, -600], "[2, 11]": [-600, -600, 9787.855008327531, 10082.412287259507], "[4, 12]": [-600, -600, 10285.484336729485, -600], "[0, 8]": [-600, 9745.062852955345, 10054.240504567966, -600], "[1, 2]": [10654.858368238643, 10585.397481843216, -600, -600], "[0, 6]": [5138.056027819778, -600, -600, -600], "[3, 9]": [-600, 10669.06842184933, 0, 10604.614672138518], "[3, 11]": [-600, -600, 10256.321038229198, 10367.899231997577], "[6, 13]": [-600, -600, -600, 9924.660697275052], "[7, 5]": [10051.378448000627, -600, -600, 10878.369379645394], "[1, 37]": [10668.976792206011, 10403.190207897154, 0, 10330.834266504855], "[7, 2]": [9771.333810925842, 9987.762587949437, 520.9388489957862, -600], "[5, 24]": [9110.779219735161, 5595.463309470702, 10127.14728620168, -600], "[5, 2]": [10182.005512518517, 10117.073974877349, -600, -600], "[4, 6]": [9029.307273781007, -600, -600, -600], "[5, 5]": [10674.887269996769, -600, -600, 10705.901041424459], "[4, 13]": [-600, -600, -600, 10453.60729298227], "[7, 9]": [-600, 9078.233087476448, -600, 10764.853011838428], "[3, 33]": [-600, 10827.079633844207, 10568.394315190637, -600], "[3, 5]": [10638.964749540237, -600, -600, 10636.12129281062], "[7, 20]": [-600, -600, 10342.004118128276, 10969.742905616082], "[1, 8]": [-600, 10098.341529299087, 10057.03179343982, -600], "[7, 17]": [10415.448634076121, 532.1689250693521, -600, 10712.502302594443], "[3, 34]": [-600, 9635.234497108218, -600, 10398.302506378326], "[3, 12]": [-600, -600, 10219.963446980084, -600], "[5, 26]": [-600, 10546.132197395269, 10782.590700949724, -600], "[1, 11]": [-600, -600, 10025.157088471884, 10121.411348595022], "[1, 40]": [10527.991304950534, 0, 9229.19991746288, -600], "[3, 31]": [10994.984146037086, 10996.495550846292, -600, -600], "[1, 38]": [10712.968446352183, 9400.10564341481, -600, -600], "[1, 4]": [10402.223182006293, -600, 9780.316247269859, -600], "[7, 19]": [-600, 10033.578381854371, 5581.191270647811, 10806.594870907578], "[1, 10]": [-600, 9606.812923329966, -600, -600], "[0, 12]": [-600, 474.3727508916231, 10184.161267008732, -600], "[7, 12]": [-600, -600, 9674.882443031822, -600], "[1, 6]": [9905.112536767163, -600, -600, -600], "[1, 41]": [10624.937067505558, -600, -600, 10569.564154793285],