{"[6, 1]": [272.5336745079548, 239.85994474328146, -600, 882.1846219698251], "[5, 3]": [51.75249845493555, -600, 1149.183550161957, 215.3234109904033], "[4, 4]": [24.811040536623313, -600, 747.2250636989841, -600], "[4, 2]": [144.2934726778623, 847.2780831279996, -597.3308960209694, -600], "[6, 0]": [250.34870195401615, 280.6502340506924, 836.6877669631072, -600], "[6, 7]": [-600, 579.1803683244951, 719.6902388161378, 956.9304340621885], "[6, 3]": [551.5524378955495, -600, 962.8483551738884, 700.6254731268808], "[7, 7]": [-600, 75.10357426603804, 219.59368666387311, 1153.7934253527358], "[7, 3]": [622.3096644019975, -600, 605.1926126646517, 1206.481451362904], "[7, 0]": [483.3759621094078, 1.219758286470611, 21.3502138592721, -600], "[0, 7]": [-600, 224.53525738089672, 261.4405867621665, 867.0898542258561], "[0, 0]": [803.5801301917227, 269.67829571889155, 237.6191652814977, -600], "[0, 3]": [929.9018110473014, -600, 542.1854837751406, 681.4967284273948], "[0, 1]": [681.6707804547187, 531.9864781642865, -600, 936.8367617215728], "[7, 1]": [211.0975184948973, 57.31135756077462, -600, 1137.4231010421722], "[0, 9]": [-600, -1.1546510661846625, -600, 319.3247215100181], "[0, 2]": [758.4084341818754, 126.82438584197088, -600, -598.6399299566544], "[2, 7]": [-600, 847.8638931600722, 266.8723827857243, 248.59607135807715], "[2, 3]": [866.5861926460046, -600, 230.03940269417689, 271.1801817671606], "[2, 0]": [945.1623467548425, 702.4252596551671, 558.2868385532814, -600], "[2, 1]": [685.9500208805105, 959.0712677567187, -600, 544.1399624006104], "[3, 1]": [182.71657494082487, 1119.6387571154278, -600, 38.68160343919584], "[3, 3]": [423.3743853948294, -600, 20.049634055520343, -2.1660329333616932], "[1, 0]": [1160.5578586981362, 228.33289046485805, 69.21654611801911, -600], "[1, 1]": [1208.3362286073868, 591.7775844732944, -600, 640.6654046095025], "[1, 7]": [-600, 23.492602412659327, 0.3091862222730969, 473.89459810613903], "[0, 4]": [324.8534146622814, -600, 6.888421891499917, -600], "[5, 1]": [0.5465385989767684, 445.6392385362445, -600, 24.428133647693485], "[5, 7]": [-600, 598.0009644141884, 1224.4627700961007, 643.844408555012], "[4, 3]": [203.6250996460408, -600, 903.6641524765881, 242.54000437180846], "[4, 1]": [264.33534025439866, 877.8496268883955, -600, 233.2454085739479], "[5, 0]": [60.99989925990646, 208.37366537691858, 1176.0369366074933, -600], "[4, 7]": [-600, 995.5012648364986, 695.7378726214974, 538.8816178430857], "[0, 5]": [431.2625620718761, -600, -600, 912.0895881032392], "[4, 0]": [575.5504937403789, 713.3052078757147, 990.6408189456259, -600], "[2, 4]": [738.4252087567785, -598.4990775694065, 35.94314450619475, -600], "[1, 5]": [1081.9250970991327, -600, -600, 124.94615223411279], "[2, 5]": [766.830708320192, -598.4742889929566, -598.9519195049976, 134.95546848009016], "[2, 9]": [-600, 274.16672445432175, -600, 4.79688384353482], "[0, 11]": [-600, -600, 126.93163472981452, 752.6426790889127], "[7, 18]": [0, 21.15780752497812, 55.260810250285225, 1124.4653257433504], "[1, 39]": [1114.8203995755084, 0, 14.615895320838506, 57.818969125009176], "[4, 8]": [-600, 980.5781147296632, 538.109347742113, -600], "[4, 9]": [-600, 771.3197621140494, -600, 32.189694424673824], "[3, 7]": [-600, 1125.3455839311268, 189.9218733991207, 49.097193838248764], "[1, 9]": [-600, -0.8638847707926895, -600, 80.96379965677734], "[5, 8]": [-600, 191.84214767431087, 1123.1129117759733, -600], "[2, 8]": [-600, 798.1411070591056, 132.88594928160458, -600], "[6, 9]": [-600, 39.2750385275634, -600, 767.5956349212256], "[6, 11]": [-600, -600, 944.7292083115782, 484.7547607536762], "[3, 32]": [0, 1099.6138113974012, 63.93592572002842, 10.254839450161818], "[6, 2]": [66.32199273293573, 619.8243016763303, -598.837966970038, -600], "[5, 5]": [2.992795943910869, -600, -600, 343.6084883248838], "[4, 11]": [-600, -598.4287886075126, 785.7380408249446, 125.76227503821778], "[5, 11]": [-600, -600, 1006.2924203072793, 99.56686836749962], "[5, 2]": [3.0964901073066597, 363.70191261634574, -600, -600], "[4, 5]": [580.8049060372292, -600, -600, 45.83471688223715], "[7, 4]": [64.4658442827837, -600, 1.1576077817031325, -600], "[6, 5]": [152.02337235733344, -600, -600, 769.0658706767888], "[5, 25]": [0, 323.55352466132194, 1282.745885086288, 329.701760971095], "[1, 2]": [1083.1933839139497, 170.9949615983409, -600, -600], "[0, 8]": [-600, 585.2367355322295, 49.82958436915542, -600], "[1, 11]": [-600, -598.988703987415, 2.797341145344394, 290.3207196120854], "[1, 3]": [1152.8472506093844, -600, 53.22794194846024, 225.5683188665491], "[1, 37]": [1266.5527015072182, 329.5288326835031, 0, 351.35898559464613], "[7, 15]": [63.947932624789814, 13.05439979925351, 0, 1105.059811842824], "[6, 4]": [8.705778981484057, -600, 291.77040678484644, -598.6929624678056], "[3, 8]": [-600, 991.8808458210335, 136.06090472408025, -600], "[6, 8]": [-598.8035777476488, 165.9847415054468, 828.170554680063, -600], "[7, 8]": [-600, 9.843436239261107, 454.6694710108194, -600], "[7, 11]": [-600, -600, 171.65697095818047, 1093.6451833230965], "[6, 10]": [-600, 567.7523888853275, -600, -600], "[6, 13]": [-600, -600, -600, 866.626382398277], "[3, 0]": [588.6988542008061, 1199.0623366919926, 564.4580594439587, -600], "[3, 29]": [308.86730371973755, 1251.8066080696956, 297.9133132131947, 0], "[5, 4]": [1.0571408185890727, -600, 634.0861752568503, -600], "[2, 2]": [467.9477276498486, 931.6786622751919, -600, -600], "[7, 16]": [336.86165746709304, 0, 302.549656828011, 1269.5160676493238], "[3, 30]": [53.67029087008849, 1091.6114094876723, 0, 12.328630566053949], "[3, 4]": [133.30739991255516, -600, 2.7226947923360436, -600], "[0, 13]": [-600, -600, -599.1312216790418, 715.8547476756213], "[5, 23]": [14.528844873706083, 0, 1110.6719974528082, 61.47731885689444], "[5, 22]": [13.928949630067542, 60.48958272111238, 1116.9552676080737, 0], "[1, 4]": [712.3317887460731, -600, 2.387879473120187, -600], "[1, 8]": [-600, 409.4873635046261, 5.462829559629785, -600], "[7, 9]": [-600, 1.7586990611117033, -600, 641.7246552273257], "[4, 10]": [-600, 784.2798172481934, -600, -600], "[1, 42]": [219.9051550228259, -600, -600, -600], "[2, 11]": [-600, -600, 544.3665238515563, 44.696561478876156], "[3, 9]": [-600, 552.7749590211005, -600, -1.4191545825773042], "[2, 10]": [-600, 754.0697255365037, -600, -600], "[5, 9]": [-600, 152.82425222694218, -600, 3.5541956086999833], "[1, 40]": [336.06102036755317, 0, 0.7864457223266644, -600], "[4, 6]": [540.8830218890249, -600, -600, -600], "[3, 5]": [281.4655944514837, -600, -600, 2.8152981353453264], "[3, 2]": [102.33122424872926, 969.7700942412818, -600, -600], "[7, 5]": [104.42977346093733, -600, -600, 1020.9631792756614], "[2, 6]": [859.4547461211936, -600, -600, -600], "[5, 24]": [0.5587993210695432, 0, 325.42373378332223, -600], "[6, 12]": [-600, -600, 747.5796315566674, -600], "[5, 12]": [-600, -600, 666.6498049396841, -600], "[0, 6]": [836.5343897695818, -600, -600, -600], "[1, 36]": [1116.091674591342, 62.71570506468609, 16.846080607157557, 0], "[1, 38]": [1074.7778964676615, 40.177300886250755, -600, -600], "[3, 11]": [-600, -600, 303.85003469390216, 3.777181924139865], "[3, 34]": [-600, 336.94059951134943, -600, 0.7519612550013475], "[2, 12]": [-600, -600, 471.33749367488946, -600], "[7, 2]": [421.37955775329556, 5.666269629262858, -600, -600], "[5, 26]": [-600, 37.734023196216064, 1095.321710088369, -600], "[6, 6]": [565.4074839111297, -600, -600, -600], "[5, 27]": [-600, -600, 773.1523361124689, 19.691889480142258], "[4, 12]": [-600, -598.4548505787301, 898.0869596434759, -600], "[7, 20]": [-600, -600, 46.936024008872494, 1060.6728108922832], "[0, 12]": [-600, -600, 474.51703957642394, -600], "[7, 12]": [-600, -600, 259.86569406918903, -600], "[7, 17]": [23.687881369996777, -600, -600, 748.908142650818], "[3, 12]": [-600, -600, 239.60974272166277, -600], "[7, 19]": [-600, 0.40529534519298027, -600, 316.10512352639927], "[3, 6]": [246.1840584130971, -600, -600, -600],