{"[4, 8]": [1006.8662194033095, 15084.611108632718, 15327.903352868607, -600], "[0, 0]": [15000.93682269159, 14768.427795114454, 14766.730423486872, 0], "[0, 1]": [14986.664571297111, 14896.86227769109, 0, 15002.95640532612], "[1, 3]": [15245.013513813581, 0, 14959.39192868248, 15097.009824346083], "[1, 7]": [0, 15018.875543779679, 14922.155519332648, 14964.279044637984], "[2, 3]": [15158.494934490336, 0, 14915.74745273834, 14994.707641406627], "[2, 7]": [0, 14952.490218678377, 14951.990860244789, 14979.592591231836], "[2, 0]": [14687.911248193355, 14952.708604078638, 14951.831950971584, 0], "[2, 1]": [15267.98067943497, 15112.535806536893, 0, 15092.524140696409], "[1, 0]": [14849.551796121475, 15024.554651013163, 14744.138418209755, 0], "[0, 7]": [0, 14744.745302817295, 14745.421433743217, 14913.638741760484], "[0, 3]": [14897.466081870922, 0, 14846.259685146733, 15051.438345114495], "[7, 1]": [15037.353136751892, 14969.333920592462, 0, 15106.900549274525], "[7, 3]": [15029.828174191241, 0, 15037.521776559455, 15403.943271456737], "[7, 4]": [12316.044865482923, -600, 12289.10084936142, 1127.6859085759163], "[6, 5]": [15013.838138520228, -600, -600, 14802.25483219926], "[6, 3]": [14911.523980099892, 0, 13978.120878748165, 14987.505581668303], "[6, 1]": [14326.583658829042, 14498.241248561395, 0, 15115.837616681243], "[6, 4]": [13608.783320394907, -600, 11415.632698822368, -600], "[0, 4]": [11323.22649892066, -600, 14626.647007345939, -600], "[0, 11]": [-600, -600, 14851.622665168716, 14285.720038430289], "[6, 0]": [15000.81659551285, 14831.840433210791, 15025.206300137881, 0], "[6, 7]": [0, 14853.227485941796, 14948.136005750968, 14929.244541528016], "[6, 9]": [-600, 14538.106262342146, -600, 12713.268896277437], "[5, 11]": [-600, -600, 14155.624136135164, 15320.460315224344], "[4, 11]": [-600, 999.5970229029967, 15282.847248339323, 15033.35030722467], "[4, 7]": [0, 15018.553517970253, 15369.591281056913, 15245.913505934055], "[4, 0]": [15326.856633914465, 15345.812152156126, 15358.307684828958, 0], "[4, 9]": [-600, 13072.304146384387, 1508.9477444398162, 15026.509706614044], "[2, 4]": [13105.680530089867, 1528.576334147322, 14791.757305407624, -600], "[3, 2]": [15491.50779802052, 15546.096565210128, -600, -600], "[3, 0]": [15261.547983680568, 15393.923679685657, 15082.56259132098, 0], "[3, 7]": [0, 15407.707240019097, 15300.157586346437, 15329.45052648101], "[3, 3]": [14991.110671681623, 0, 15030.733754038289, 15036.148127510754], "[3, 1]": [15409.067274943629, 15433.916710077774, 0, 15403.299245633318], "[4, 1]": [15042.313809801582, 14632.097522282835, 0, 15215.603694464866], "[4, 3]": [15066.010562277597, 0, 15325.493103899593, 15086.100721945755], "[1, 1]": [15301.066733035077, 15068.019639018108, 0, 14931.627151894298], "[7, 0]": [14226.642681760934, 14654.233176067923, 14751.067653683793, 0], "[7, 7]": [0, 14774.713140505644, 14950.665948252416, 15209.608844582704], "[0, 5]": [15030.79007976571, -600, -600, 14948.879493042654], "[2, 9]": [0, 14912.316419198907, -600, 13560.028794651584], "[2, 5]": [15033.864515650888, -600, -600, 14939.147851677571], "[2, 2]": [15266.358362973697, 15146.325896732824, -600, -600], "[4, 4]": [14100.467227301508, -600, 15130.629029982532, -600], "[4, 2]": [15357.599772863705, 15376.166648751261, -600, -600], "[0, 9]": [-600, 13762.767989052083, -600, 12895.046509444794], "[6, 11]": [-600, -600, 15194.995291110237, 15191.931305333834], "[7, 5]": [13626.938891355301, -600, -600, 15163.510522798562], "[5, 0]": [15425.485451150154, 15410.591434258055, 15440.522089040362, 0], "[5, 7]": [0, 14922.44488795966, 15397.774649305116, 15361.439746508097], "[5, 3]": [15381.666519415467, 0, 15403.037134775192, 15385.73062780055], "[3, 29]": [15264.95671795086, 15457.083762902646, 15217.654711160289, 0], "[5, 1]": [15253.578043794594, 15226.542668145785, 0, 15241.096420633774], "[3, 8]": [-600, 15416.973036504396, 15208.21530211656, -600], "[2, 8]": [-600, 14924.968696820215, 14806.795199771688, -600], "[1, 4]": [14815.409888565242, 0, 13897.913177853134, -600], "[1, 2]": [13967.579515040088, 15056.719384980934, -600, -600], "[1, 8]": [-600, 14989.004959652742, 14324.220199519688, -600], "[5, 24]": [14946.435975682733, 2071.6309046997003, 11587.282862475917, -600], "[3, 32]": [0, 15474.396787608748, 15408.933174457396, 15368.620965858063], "[1, 5]": [15279.87542836721, -600, -600, 15162.700313577061], "[1, 37]": [15466.172879993004, 15142.10596058093, 0, 15141.826131988577], "[6, 8]": [-600, 14418.213035029537, 14976.11954959438, -600], "[3, 30]": [15154.033897550285, 15062.507106767533, 0, 15129.91629438863], "[6, 12]": [-600, -600, 14068.294845195622, -600], "[5, 25]": [0, 15444.742358320062, 15488.085714473296, 15443.21930181044], "[2, 11]": [-600, -600, 14900.533718623074, 14668.239554566868], "[7, 15]": [15211.754268816912, 15172.853637847913, 0, 15416.525186875793], "[7, 16]": [15077.710694587095, 0, 15136.686772412173, 15481.50015972347], "[4, 5]": [15031.900577557622, -600, -600, 15148.530879691907], "[5, 8]": [-600, 15505.227212778622, 15548.062742640246, -600], "[5, 9]": [-600, 15138.35012884919, -600, 15212.090201489518], "[5, 22]": [15272.998611724013, 15302.749264436397, 14861.583686836111, 0], "[0, 2]": [14945.565346451982, 14804.546390394711, -600, -600], "[0, 8]": [-600, 15019.222995421302, 13743.888646348762, -600], "[7, 11]": [-600, 1000.9524455367603, 15073.80697138136, 15201.659409682388], "[6, 2]": [14852.803403900336, 14305.906560600526, -600, -600], "[7, 2]": [14824.38911961639, 14639.47970063199, -600, -600], "[5, 4]": [14194.63198545832, 0, 13352.912132133719, -600], "[5, 2]": [14786.914337004422, 14671.623734797377, -600, -600], "[5, 23]": [15457.901586060187, 0, 15457.667609873679, 15458.441591532974], "[4, 12]": [-600, -600, 14954.799990237667, -600], "[1, 36]": [14603.309760334292, 15071.304604939845, 14768.137541223176, 0], "[3, 4]": [12633.729757269233, -600, 14860.670496008112, -600], "[7, 18]": [0, 14858.252101957583, 14975.369980901738, 14523.381420002293], "[1, 6]": [15010.003922641477, 1005.8089590449863, -600, -600], "[1, 10]": [-600, 14380.819902683537, -600, -600], "[7, 13]": [-600, -600, 1078.4036993819755, 14585.226781080271], "[4, 10]": [-600, 15318.455942151128, -600, -600], "[1, 9]": [-600, 12322.874591258445, -600, 11631.94652193772], "[0, 6]": [13451.935329076368, -600, -600, -600], "[1, 39]": [14721.88255234167, 0, 15017.606004231466, 15140.699785985595], "[2, 13]": [-600, -600, -600, 14438.53993463509], "[3, 5]": [15533.34543265097, -600, -600, 15536.901038194164], "[2, 10]": [-600, 14102.979773348203, -600, -600], "[3, 9]": [-600, 15433.90481505368, -600, 15028.03516562781], "[3, 11]": [-600, -600, 14715.600144216842, 14981.8593859394], "[0, 13]": [-600, -600, -600, 15071.925042701409], "[7, 9]": [-600, 14230.235512470023, 0, 13979.3364036138], "[7, 8]": [-600, 14628.368645576618, 15004.003284456312, -600], "[5, 26]": [-600, 15607.82419953688, 15631.733887413404, -600], "[6, 13]": [-600, -600, -600, 15203.077066536865], "[6, 6]": [12126.82768137889, -600, -600, -600], "[2, 6]": [11844.649259123737, -600, -600, -600], "[1, 40]": [12615.55803284645, 0, 14588.817123884684, -600], "[1, 11]": [-600, -600, 14952.540548089772, 15017.244014706188], "[6, 10]": [-600, 13362.967601432381, -600, -600], "[1, 13]": [-600, -600, -600, 13924.039144822726], "[3, 12]": [-600, -600, 14895.821005791746, -600], "[4, 6]": [15347.682735688448, -600, -600, -600], "[7, 19]": [-600, 14867.642730389438, -600, 12680.727905701546], "[4, 13]": [-600, -600, -600, 14121.132217781425], "[1, 38]": [15748.52337620672, 15589.674077148156, -600, -600], "[2, 12]": [-600, -600, 14899.565051598212, -600], "[2, 14]": [-600, -600, -600, -600], "[5, 5]": [15461.906082546902, -600, -600, 15471.54525925919], "[3, 33]": [-600, 15446.569620140694, 15242.401002244713, -600], "[3, 34]": [-600, 14622.642971274747, -600, 15069.443195616785], "[3, 31]": [15616.719043789326, 15600.981802197715, -600, -600],