{"[6, 1]": [214.31009513672308, 184.39371509535752, -600, 606.1057144267554], "[5, 3]": [32.43383224759955, -600, 865.6718589184926, 147.12890108820199], "[4, 4]": [15.676041111731545, -600, 366.58695616388064, -600], "[4, 2]": [98.90550061461212, 566.2585083820603, -600, -600], "[6, 0]": [190.8206338829283, 225.82057182711353, 594.7977820593064, -600], "[6, 7]": [-600, 420.3629983594519, 530.3109506099657, 662.0307803325427], "[6, 3]": [404.24312664993647, -600, 666.1687174744862, 514.3665430997664], "[7, 7]": [-600, 45.63149870614257, 163.49019891159926, 851.3248366944886], "[7, 3]": [433.59966118179995, -600, 423.5585354033535, 913.8493285112783], "[7, 0]": [248.40444708488332, -1.2203092641299484, 16.412214494308714, -600], "[0, 7]": [-600, 163.54302987433442, 206.27823480721406, 585.3145326546706], "[0, 0]": [564.7023289896227, 213.88332585507052, 178.4962098793546, -600], "[0, 3]": [630.4058733834573, -600, 395.55607501208124, 502.5908762807881], "[0, 1]": [497.0397333662348, 379.0259794328009, -600, 633.8577486438357], "[7, 1]": [152.71390469904114, 31.760107190203954, -600, 827.3855434051372], "[0, 9]": [-600, 0.5480373817708794, -600, 154.8082779241965], "[0, 2]": [525.5680509079498, 96.67047958284017, -600, -600], "[2, 7]": [-600, 597.5432930033116, 210.14244950011965, 183.45006610715654], "[2, 3]": [603.7583626876719, -600, 174.68027893164142, 208.94675857641187], "[2, 0]": [652.0544187169185, 525.8562765291516, 411.83677933623636, -600], "[2, 1]": [510.1228034236285, 658.1112623305258, -600, 391.6169167526057], "[3, 1]": [128.60110016124074, 839.187554488287, -600, 24.37439813935434], "[3, 3]": [217.3088055281732, -600, 12.303242862227508, -3.4497625000301397], "[1, 0]": [849.1451867358543, 161.4698947121626, 41.308256371294426, -600], "[1, 1]": [912.4700021002808, 422.6904076950737, -600, 450.67211109790975], "[1, 7]": [-600, 18.684806829012523, -2.8317366109753848, 242.65629551836813], "[0, 4]": [166.78094025269786, -600, 3.6308986180903142, -600], "[5, 1]": [-1.9225405926962449, 234.40963469263707, -600, 21.332456251606615], "[5, 7]": [-600, 434.11098347586454, 940.6655544820871, 435.02538910734023], "[4, 3]": [149.0304427803244, -600, 624.4297979537783, 190.29771065098237], "[4, 1]": [197.58304881538695, 608.385005957989, -600, 174.53272510075124], "[5, 0]": [37.949017526907475, 157.1286162255037, 874.1912208411654, -600], "[4, 7]": [-600, 681.996338936282, 510.25541886406063, 381.8802319132236], "[0, 5]": [300.72040814283713, -600, -600, 601.9887398715953], "[4, 0]": [406.49007528217703, 526.6775212671456, 679.9942082966257, -600], "[2, 4]": [374.5643386903869, -600, 24.245802017747778, -600], "[1, 5]": [791.402339598825, -600, -600, 90.77797511539603], "[2, 5]": [532.3814295666357, -600, -600, 94.6839425979938], "[2, 9]": [-600, 127.81719368735347, -600, 4.162146985495086], "[0, 11]": [-598.8037004189148, -600, 94.53788968014577, 521.0265172820582], "[7, 18]": [0, 13.116713778990416, 42.75474823386105, 787.9239780054645], "[1, 39]": [769.1139002371066, 0, 8.673263859569406, 45.29648436229027], "[4, 8]": [-600, 655.8049064368706, 360.48687137113654, -600], "[4, 9]": [-600, 381.3013004955191, -600, 19.84166065550721], "[3, 7]": [-600, 846.664461825961, 139.71252233925884, 26.653006046206915], "[1, 9]": [-600, -1.4675693723123295, -600, 9.060924503294757], "[5, 8]": [-600, 121.95943063130811, 816.2709267756387, -600], "[2, 8]": [-600, 557.6809086137855, 102.2657064852216, -599.1196706062149], "[6, 9]": [-600, 24.662790747224452, -600, 382.1717781349023], "[6, 11]": [-600, -600, 634.8742596924021, 343.9895648646784], "[3, 32]": [0, 776.485508776563, 46.65472666770073, 6.067709053007976], "[6, 2]": [40.37238468261373, 338.51977739549574, -600, -598.8674394871399], "[5, 5]": [1.6408568958105254, -600, -598.6973329664072, 162.67601749916244], "[4, 11]": [-600, -600, 545.2718804244048, 85.62659258623881], "[5, 11]": [-600, -599.1085531023798, 769.3017680166352, 69.5978232743346], "[5, 2]": [1.0099678834889607, 175.60367802349944, -600, -600], "[4, 5]": [278.4084778533453, -600, -600, 26.376417808523314], "[7, 4]": [7.738734968322014, -600, 0.20174316586827845, -600], "[6, 5]": [107.2130278283724, -600, -600, 540.0064422897802], "[5, 25]": [0, 210.3831167212545, 999.334254896522, 215.94002524530686], "[1, 2]": [786.0545723547414, 121.40997400586505, -600, -600], "[0, 8]": [-600, 309.4771064148193, 35.32029844159528, -600], "[1, 11]": [-600, -600, 1.3888870433961014, 152.86690419833212], "[1, 3]": [853.3126480078201, -600, 32.1662502567809, 164.88719702504534], "[1, 37]": [967.526095160769, 215.30638098266763, 0, 228.0642690508783], "[7, 15]": [50.4495575635157, 9.016590110046613, 0, 759.9595020479994], "[6, 4]": [5.680402116883657, -600, 151.36333948069762, -599.3594437607053], "[3, 8]": [-600, 712.9569836852411, 98.69975534417335, -600], "[6, 8]": [-600, 121.63492913269518, 559.8585842532984, -600], "[7, 8]": [-599.2929480322454, 3.1590190596506345, 218.40951848935723, -600], "[7, 11]": [-600, -600, 117.82361637684774, 766.1676451280266], "[6, 10]": [-600, 157.3374150723204, -600, -600], "[6, 13]": [-600, -600, -600, 417.51750951877426], "[3, 0]": [418.69408459216595, 923.6927791143901, 402.8202640950056, -600], "[3, 29]": [202.39463605996494, 983.6624091968428, 200.12967358017195, 0], "[5, 4]": [0.3223361826475514, -600, 253.38480427061043, -600], "[2, 2]": [320.2728138169646, 627.810092877866, -600, -600], "[7, 16]": [226.7094970950076, 0, 204.9687835194546, 968.1196439232426], "[3, 30]": [43.76841856820403, 763.3103749274051, 0, 7.689676426475142], "[3, 4]": [38.63246737708234, -600, 2.7226947923360436, -600], "[0, 13]": [-600, -600, -600, 254.97819142333736], "[5, 23]": [8.79759098965167, 0, 768.6512110292855, 43.72569193783269], "[5, 22]": [9.182810322913413, 45.09043981786767, 780.3045805208877, 0], "[1, 4]": [293.9142456882073, -600, 1.6514738155381878, -600], "[1, 8]": [-598.6604964358387, 203.24603124893906, 2.937751419655383, -599.1428880642912], "[7, 9]": [-600, 1.2996672930385234, -599.277267169538, 264.17096989502727], "[4, 10]": [-598.8652552116636, 337.100870621304, -600, -600], "[1, 42]": [79.96091426127396, -600, -600, -600], "[2, 11]": [-600, -600, 291.94316310937427, 31.57893414373106], "[3, 9]": [-600, 226.14762937267454, -600, -1.6440604263545633], "[2, 10]": [-600, 298.6760949305542, -600, -600], "[5, 9]": [-600, 39.76627633427299, -600, 0.17517589464982514], "[1, 40]": [173.19862056690923, 0, 0.7030960140283252, -600], "[4, 6]": [112.65590096820942, -598.8394156590266, -600, -600], "[3, 5]": [137.63629561797455, -600, -600, 1.2776431126796823], "[3, 2]": [66.03680215651596, 722.272463651426, -600, -600], "[7, 5]": [75.92976070964758, -600, -600, 753.0361775067621], "[2, 6]": [413.3145110404652, -598.7784662956846, -600, -600], "[5, 24]": [0.4463226483148287, 0, 174.49259858380242, -600], "[6, 12]": [-600, -600, 301.32649604488773, -600], "[5, 12]": [-600, -600, 208.60549191108524, -600], "[0, 6]": [371.60737198671677, -598.9306727871233, -600, -600], "[1, 36]": [781.4196735154349, 44.04438774029884, 11.089825649865537, 0], "[1, 38]": [686.4044565224987, 28.60599036770233, -600, -600], "[3, 11]": [-600, -600, 155.22846435197417, 1.25851673803972], "[3, 34]": [-600, 171.57867227077946, 0, 0.2179522928515728], "[2, 12]": [-600, -600, 110.62468511135819, -600], "[7, 2]": [186.85275313698273, 1.5324589774160728, -600, -600], "[5, 26]": [-600, 25.58556607160839, 680.8615880559189, -600], "[6, 6]": [133.13594647708896, -600, -600, -600], "[5, 27]": [-600, -600, 505.8847103976895, 16.95859046513199], "[4, 12]": [-600, -600, 418.9912575659769, -600], "[7, 20]": [-600, -600, 32.2359460571748, 673.4599620613884], "[0, 12]": [-600, -600, 97.13520314209991, -600], "[7, 12]": [-600, -600, 65.10528913493272, -600], "[7, 17]": [18.8371160524455, -600, -600, 495.120749899204], "[3, 12]": [-600, -598.722016523197, 51.92831661121528, -600], "[7, 19]": [-600, 0.3880323493889427, -600, 156.0552748381074],