{"[5, 1]": [-0.7528451514219496, 22.468919404879692, -600, 322.5526693916455], "[6, 0]": [232.21655054462323, 279.0941750072449, 723.6939286236143, -600], "[6, 7]": [-600, 500.69232543635894, 621.8717984624309, 829.4494987366253], "[6, 1]": [257.0867151786103, 210.59934944091802, -600, 740.343844152192], "[6, 3]": [496.3824111467549, -600, 827.2530912140932, 625.4323842721677], "[6, 9]": [-600, 22.903473416675514, -600, 555.1664692348367], "[6, 8]": [-600, 133.74669996855513, 700.2985914717624, -600], "[4, 9]": [-600, 561.632167856419, -600, 28.661708920900917], "[4, 8]": [-600, 844.4364078049092, 485.29829393117967, -600], "[4, 7]": [-600, 872.0224290998173, 646.1098439668086, 515.5610385354507], "[4, 0]": [509.0034293672582, 649.9765390401657, 869.6064032826874, -600], "[4, 11]": [-600, -600, 722.1113333681539, 145.8566337339247], "[7, 7]": [-600, 52.14527079212373, 182.59246573147402, 1003.8960659380384], "[7, 3]": [539.3018117651644, -600, 516.9867827857272, 1074.732118107374], "[0, 7]": [-600, 208.56341557984763, 252.35863250930294, 721.1414378215903], "[0, 3]": [780.4617748084837, -600, 454.4292158574529, 580.0745537174938], "[0, 1]": [592.4156051033144, 462.74124328526415, -600, 773.4880614511841], "[0, 0]": [680.3106624735644, 242.8745299662055, 208.61961466193364, -600], "[7, 1]": [188.9944880318709, 52.15645526224433, -600, 1017.8509339798816], "[7, 0]": [369.99423546561536, 0.03703236667217369, 18.940318368934037, -600], "[5, 3]": [39.84084281369407, -600, 1038.2841537343559, 185.4212513111317], "[4, 3]": [208.89929912584853, -600, 793.0234470644621, 255.98919595536364], "[4, 1]": [236.21943280078227, 765.1096392765821, -600, 202.8282347909361], "[5, 0]": [58.30003144764702, 183.39677173445565, 1042.7772392956626, -600], "[5, 7]": [-600, 562.092635084232, 1092.3257644480304, 603.8170541105717], "[2, 3]": [737.8512787385123, -600, 201.98946512026913, 236.55699226751858], "[2, 7]": [-600, 734.6794399827302, 275.6651972022895, 230.88554879963246], "[2, 1]": [611.4424330300207, 809.2555857817133, -600, 479.1414418419959], "[2, 0]": [811.6973255151435, 593.1426506941316, 483.311200060195, -600], "[1, 0]": [986.2588827030299, 163.40594590017525, 49.897049294335076, -600], "[1, 7]": [-600, 21.015001892040594, -2.016486863971039, 353.59841141162354], "[1, 3]": [989.3996753094401, -600, 35.86078358771163, 174.90319365235047], "[2, 4]": [546.5257308592669, -600, 21.957579682239924, -600], "[2, 8]": [-600, 687.437941114157, 137.48968533460393, -600], "[2, 9]": [-600, 214.5200035027809, -600, 3.773124256277449], "[2, 2]": [796.053274943247, 453.12799792565494, -600, -600], "[1, 1]": [1073.5490160020895, 456.5854277204201, -600, 514.0590606665917], "[3, 1]": [195.71249037043148, 1029.2612771152833, -600, 40.90372559785845], "[3, 3]": [16.833317925043765, -600, 313.8468789719902, -2.0013458757556686], "[3, 7]": [-600, 1013.5712275252746, 173.13727624062108, 33.93080089384873], "[0, 4]": [189.14105464146388, -600, 10.688288635861415, -600], "[0, 11]": [-600, -600, 99.06884087792012, 630.4510611177838], "[5, 11]": [-599.1979152831613, -600, 1010.595776158275, 136.41397514953647], "[6, 4]": [4.9620094569565385, -600, 232.90585983295531, -600], "[3, 32]": [0, 931.3369007322444, 47.21928199245697, 9.641069400522472], "[5, 23]": [11.42087345231346, 0, 953.2985340070627, 53.80324766490132], "[3, 29]": [292.56668617618914, 1135.703307391852, 278.7690776804007, 0], "[1, 36]": [932.0754412001083, 53.06849834812589, 14.178650475660769, 0], "[4, 2]": [119.40377769581768, 730.9902179109293, -598.8449039042157, -600], "[6, 11]": [-600, -600, 461.36193949699094, 809.198647962083], "[5, 8]": [-600, 176.15533323720874, 1002.0307506720912, -600], "[5, 2]": [2.60072119521232, 293.10261098345495, -600, -600], "[4, 5]": [398.4493506481686, -600, -600, 37.05531380798423], "[5, 25]": [0, 306.13929909320746, 1150.5984194986702, 325.3440186280695], "[7, 18]": [0, 17.921634190935844, 49.63174769001899, 934.2986504958068], "[3, 11]": [-600, -600, 220.96847375961556, 0.7643917244316785], "[2, 5]": [655.4406849776061, -600, -600, 111.38776222952998], "[0, 5]": [760.3926721242655, -600, -600, 394.055371342462], "[7, 5]": [116.18452711310003, -600, -600, 954.7813681308919], "[4, 4]": [28.87971470766778, -600, 609.7153183820628, -600], "[7, 4]": [-1.2844499602168569, -600, 19.544303791553006, -600], "[0, 13]": [-600, -600, -600, 634.0108842687831], "[6, 5]": [127.03014907916584, -600, -600, 674.982017752599], "[0, 9]": [-600, -2.111387671113829, -600, 178.9651259023253], "[3, 8]": [-600, 882.5043688005699, 145.19649476791497, -600], "[2, 10]": [-600, 652.0803394688194, -600, -600], "[3, 0]": [566.0139482540677, 1081.1008707470025, 526.5567650211094, -600], "[0, 2]": [636.8590825512574, 103.75631873778563, -600, -600], "[5, 4]": [0.41357543006388336, -600, 478.9396814388861, -600], "[1, 5]": [857.609070132501, -600, -600, 88.22670788722674], "[1, 37]": [1119.7947409618375, 246.3433971005497, 0, 259.6025892164959], "[3, 33]": [-600, 885.3780020037323, 32.88637582176133, -600], "[5, 22]": [15.832024583809057, 75.51181808548293, 963.1669607108681, 0], "[0, 8]": [-600, 440.7825936955059, 42.03930288103967, -600], "[5, 9]": [-600, 1.961684155864535, -600, 77.5918516570057], "[2, 13]": [-596.8042169836335, -600, -600, 248.85426939153461], "[1, 2]": [847.338043539496, 127.33892807454248, -600, -600], "[3, 30]": [56.7668730484069, 940.263782244243, 0, 12.313484787432877], "[2, 11]": [-600, -600, 455.35713124999353, 45.82828355242338], "[3, 5]": [217.02402168160626, -598.5222088493266, -600, 1.5691577262362157], "[0, 6]": [497.2689173553269, -600, -600, -600], "[1, 39]": [923.1914804032002, 0, 9.029946104156947, 50.045671445380584], "[4, 10]": [-600, 561.7374550792427, -600, -600], "[3, 2]": [125.71887435168594, 987.3864541857896, -600, -600], "[2, 6]": [495.8593309564363, -600, -600, -600], "[3, 4]": [2.500426022358336, -600, 70.32530312340371, -600], "[1, 13]": [-600, -600, -600, 124.33459333686204], "[1, 9]": [-600, 0.42152497737630973, -600, 15.769808598392064], "[5, 10]": [-600, 146.6111797784148, -600, -600], "[6, 12]": [-600, -600, 679.8563988212443, -600], "[7, 15]": [53.68770273105678, 13.473667918870063, 0, 940.0798883194325], "[7, 16]": [274.95893714662014, 0, 261.89405927586324, 1130.3926306821975], "[6, 2]": [45.49900435085159, 477.49825523468934, -600, -600], "[5, 27]": [-599.2294863048318, -600, 769.9856443398322, 21.36527260397184], "[5, 5]": [1.7677593106390401, -600, -600, 208.0558014953179], "[4, 12]": [-600, -600, 721.5602630707341, -600], "[3, 9]": [-600, 445.3130132739777, -598.8812796869537, 0.11174616053525364], "[7, 2]": [297.18256817309947, 5.6716582159411075, -600, -600], "[7, 9]": [-600, 1.000066364014865, -600, 454.6705734012149], "[2, 12]": [-600, -600, 312.9715482609311, -600], "[6, 13]": [-600, -600, -600, 513.3992081772341], "[4, 6]": [232.37471251593243, -600, -600, -600], "[7, 11]": [-598.8982089799257, -600, 135.50453416241754, 870.4436026131223], "[1, 4]": [396.8791160618398, -600, 1.0036659914074937, -600], "[1, 10]": [-600, 125.4588524050296, -600, -600], "[3, 34]": [-600, 258.90952547842, 0, 0.5069903944967108], "[1, 38]": [821.0741842462725, 31.025075813859086, -600, -600], "[1, 8]": [-600, 291.4267285456251, 5.17348397940617, -600], "[1, 11]": [-600, -600, 2.6681079084240915, 221.7010703583823], "[0, 12]": [-600, -600, 267.9564622841431, -600], "[6, 6]": [303.4469934448622, -600, -600, -600], "[7, 20]": [-600, -599.1913254650236, 30.04803554609231, 858.3097887027341], "[0, 10]": [-600, 217.00325792377032, -600, -600], "[5, 12]": [-600, -600, 556.9303382008736, -600], "[5, 26]": [-600, 33.19848244239635, 940.2317186316014, -600], "[4, 13]": [-600, -600, -600, 300.8217409003966], "[7, 8]": [-600, 6.51413500732697, 324.30779541417627, -600], "[1, 40]": [217.61684367483858, 0, 0.3755033574668451, -600], "[6, 10]": [-600, 286.56655408636925, -600, -600], "[7, 19]": [-600, 0.3900947849174493, 0, 267.02722363042506],