{"[5, 1]": [-0.7528451514219496, 23.701594573256106, -600, 414.79388937559474], "[6, 0]": [259.9417291831059, 301.0699039313376, 825.6059873650277, -600], "[6, 7]": [-600, 545.5866770287248, 686.7108869124089, 957.5905115712814], "[6, 1]": [279.6060557329876, 225.74402354651664, -600, 852.5797308310003], "[6, 3]": [546.5927854464371, -600, 956.3525174840848, 686.7493503590767], "[6, 9]": [-600, 25.086555258090236, -600, 708.4099964082315], "[6, 8]": [-600, 149.1138671235746, 810.3608883100413, -600], "[4, 9]": [-600, 703.4046533956755, -600, 32.94406031073638], "[4, 8]": [-600, 970.6204397735595, 552.636662586913, -600], "[4, 7]": [-600, 985.3739855216896, 711.506028952099, 567.4971258986469], "[4, 0]": [567.153747599548, 710.309761126614, 983.0976661991806, -600], "[4, 11]": [-600, -600, 832.0728736149462, 155.4346987089013], "[7, 7]": [-600, 66.28327860683234, 203.07540942319835, 1126.0083473667385], "[7, 3]": [612.1744947342182, -600, 575.6700039496102, 1186.7277031842634], "[0, 7]": [-600, 228.08763844494428, 272.64947249997846, 840.1894337915853], "[0, 3]": [912.5895051258025, -600, 507.84501784665235, 643.3296299291897], "[0, 1]": [659.9859067178746, 509.7811952350627, -600, 902.8374409918908], "[0, 0]": [769.6301626920944, 261.3831040602921, 232.24218046075228, -600], "[7, 1]": [210.42202895269995, 60.623213682211855, -600, 1132.3564134449055], "[7, 0]": [474.2939474952402, 1.8466126049066456, 20.900339516354652, -600], "[5, 3]": [45.759010228073485, -600, 1148.9498438503904, 206.7745688213237], "[4, 3]": [225.16766657812553, -600, 887.0334804251822, 269.94293946870306], "[4, 1]": [254.3213407725858, 854.7312855033031, -600, 220.3285338171081], "[5, 0]": [69.55882605471523, 201.45053650246243, 1153.2443479438793, -600], "[5, 7]": [-600, 624.417038511691, 1199.8462834471463, 675.4334732316588], "[2, 3]": [832.5695529374267, -600, 216.58033003963442, 256.1477046450032], "[2, 7]": [-600, 819.4477041310804, 295.94575203321165, 250.8575165726933], "[2, 1]": [669.8452197020331, 929.7313984284557, -600, 530.2970970566678], "[2, 0]": [931.0079365764168, 651.4380487450729, 535.3177632937461, -600], "[1, 0]": [1098.845262107688, 185.57588392173045, 58.83043181948485, -600], "[1, 7]": [-600, 23.267060141527228, -1.6243443055666071, 457.1696706194264], "[1, 3]": [1097.2878684453294, -600, 45.0209628967559, 191.44050625270154], "[2, 4]": [701.807370999541, -600, 28.298592116529804, -600], "[2, 8]": [-600, 789.6312920458187, 152.51265792886056, -600], "[2, 9]": [-600, 275.01077632094, -600, 5.807082208277443], "[2, 2]": [922.5871567210609, 518.9672868642315, -600, -598.6794729011748], "[1, 1]": [1175.6114916265733, 508.0908565308968, -600, 571.494660069667], "[3, 1]": [219.59244452584755, 1130.4260995855502, -600, 46.597927133436315], "[3, 3]": [16.833317925043765, -600, 403.54258193823944, 0.3736737943712393], "[3, 7]": [-600, 1107.967521031964, 186.90040820510384, 42.9545419671366], "[0, 4]": [238.75334230858542, -600, 12.24270224902061, -600], "[0, 11]": [-600, -600, 113.45667910572192, 724.9039977295463], "[5, 11]": [-600, -600, 1120.7628673153627, 152.2525931252482], "[6, 4]": [5.709945942893612, -600, 311.0438717415979, -600], "[3, 32]": [0, 1068.4954535739787, 53.11838918208198, 10.965423066152775], "[5, 23]": [12.615119939371603, 0, 1084.3582021812097, 62.04858595116457], "[3, 29]": [333.5454199078077, 1236.6490147409954, 312.3768267736613, 0], "[1, 36]": [1067.45627515857, 58.810046619934425, 15.55013674239491, 0], "[4, 2]": [125.61262501772714, 823.1835773643392, -600, -600], "[6, 11]": [-600, -600, 517.2187715718217, 935.6668568701557], "[5, 8]": [-600, 205.425265097798, 1115.9473555167565, -600], "[5, 2]": [2.9523246072252527, 382.7582239785921, -600, -600], "[4, 5]": [506.4668787021513, -600, -600, 37.428183006431496], "[5, 25]": [0, 351.1950596400982, 1263.9865667902052, 362.5325974515251], "[7, 18]": [0, 21.286312069074143, 54.03412441158921, 1074.7362987205327], "[3, 11]": [-600, -600, 299.4104523168212, 2.040670582883351], "[2, 5]": [728.2803906384744, -600, -600, 123.02128247132673], "[0, 5]": [888.540897960171, -600, -600, 444.1552265806473], "[7, 5]": [127.02822640968321, -600, -600, 1074.681591287513], "[4, 4]": [32.95497702391422, -600, 762.8556794769029, -600], "[7, 4]": [-0.28943238356860435, -600, 47.55803046618602, -600], "[0, 13]": [-600, -600, -600, 787.9252980418523], "[6, 5]": [135.44781839688855, -600, -600, 769.3115997250997], "[0, 9]": [-600, -1.784429517977332, -600, 219.72844361187904], "[3, 8]": [-600, 978.7960449911127, 165.52593278927887, -600], "[2, 10]": [-600, 827.6719187849327, -600, -600], "[3, 0]": [628.3811211520208, 1172.2899215402617, 586.5610722039985, -600], "[0, 2]": [742.4637004309335, 113.37038583279211, -599.1866590245131, -600], "[5, 4]": [1.5192258773434046, -600, 661.204420147829, -600], "[1, 5]": [950.3285694974197, -600, -600, 93.90810046386356], "[1, 37]": [1227.556881665659, 276.39694291174135, 0, 297.62923645309917], "[3, 33]": [-600, 1033.653302786739, 35.05557623974303, -600], "[5, 22]": [16.75192698723244, 79.71346012979878, 1104.364414366157, 0], "[0, 8]": [-600, 581.855791863085, 53.766433477511264, -600], "[5, 9]": [-600, 1.961684155864535, -600, 147.41511764567636], "[2, 13]": [-600, -600, -600, 446.04841597192797], "[1, 2]": [956.6544842622278, 143.33587886366954, -600, -600], "[3, 30]": [59.77601962603126, 1069.8663189341362, 0, 13.538992131745784], "[2, 11]": [-600, -600, 587.5074124343614, 52.434867805500396], "[3, 5]": [270.8670749804457, -600, -600, 2.315759661881917], "[0, 6]": [677.2689754987457, -600, -600, -598.5210549819915], "[1, 39]": [1057.9125308472817, 0, 10.570816526554372, 52.21923951367048], "[4, 10]": [-600, 754.6507418258155, -600, -600], "[3, 2]": [142.4010424302375, 1102.4598967050147, -600, -600], "[2, 6]": [675.3237807926151, -600, -600, -600], "[3, 4]": [2.500426022358336, -600, 133.40817168384322, -600], "[1, 13]": [-600, -600, -600, 213.85273244713133], "[1, 9]": [-600, 0.6258473582187927, -600, 23.385954835319023], "[5, 10]": [-600, 246.1824891015935, -600, -600], "[6, 12]": [-600, -600, 844.9427794270433, -600], "[7, 15]": [58.103445956286635, 15.871201826468457, 0, 1083.4811235778527], "[7, 16]": [316.77159813177013, 0, 306.27077780467715, 1241.858079938947], "[6, 2]": [59.992324165800326, 611.7374988805713, -600, -600], "[5, 27]": [-600, -600, 902.6883070804745, 24.36854844478208], "[5, 5]": [2.103184537134193, -600, -600, 259.3705517978526], "[4, 12]": [-600, -600, 873.9936582282565, -600], "[3, 9]": [-600, 587.3130771488526, -598.8812796869537, -0.06879639160153722], "[7, 2]": [427.15173398423303, 7.357857320874994, -600, -600], "[7, 9]": [-600, 1.4325644273615246, -600, 623.0155851054809], "[2, 12]": [-600, -600, 525.0279924770642, -600], "[6, 13]": [-600, -600, -600, 680.5822260692308], "[4, 6]": [393.8269531572699, -600, -600, -600], "[7, 11]": [-600, -600, 150.81273495492476, 987.0900120360653], "[1, 4]": [545.9310027404032, -600, 1.18924536684887, -600], "[1, 10]": [-600, 216.73285752633748, -600, -600], "[3, 34]": [-600, 334.9696168641691, 0, 0.5069903944967108], "[1, 38]": [969.8186164939909, 34.47504416056463, -600, -600], "[1, 8]": [-600, 399.918842537061, 5.909055198075215, -600], "[1, 11]": [-600, -600, 3.7353674573328868, 306.28174766342903], "[0, 12]": [-600, -600, 472.69248347137653, -600], "[6, 6]": [503.3108597341114, -600, -600, -600], "[7, 20]": [-600, -599.1913254650236, 32.76333537592413, 1018.0686160342952], "[0, 10]": [-600, 390.27425234084257, -600, -600], "[5, 12]": [-600, -600, 811.2556132566336, -600], "[5, 26]": [-600, 37.00220405111973, 1095.225719935435, -600], "[4, 13]": [-600, -600, -600, 517.4955864342425], "[7, 8]": [-600, 7.73225974341341, 465.5581954417365, -600], "[1, 40]": [281.32199585830904, 0, 0.3755033574668451, -600], "[6, 10]": [-600, 478.4725033919003, -598.9723771207542, -600], "[7, 19]": [-600, 1.2481915157774754, 0, 333.70567379042643], "[1, 41]": [709.8576442166384, -600, -600, 18.224312883641215],