{"[4, 8]": [-600, 2685.646031404752, 858.6059020662135, -600], "[0, 0]": [1897.3401128189544, 124.4571579808118, 125.13228375021366, 0], "[0, 1]": [459.54158834437715, 0, 0, 2866.743854500428], "[1, 3]": [3070.3971057363187, 0, 150.9238260608948, 229.86805846380668], "[1, 7]": [-600, 662.9074258756232, 0, 0], "[2, 3]": [2790.4235261492195, 0, 71.437810301661, 105.45319658746301], "[2, 7]": [-600, 2910.653031350028, 530.3220683907223, 532.1116427303355], "[2, 0]": [2887.0742037513673, 1286.676700593928, 770.1858207324933, 0], "[2, 1]": [1135.0815222225808, 2966.063955480103, 0, 1159.398807642963], "[1, 0]": [3056.7985719511676, 0, 258.87795260820496, 0], "[0, 7]": [-600, 1487.2892313809275, 0, 70.28038336372212], "[0, 3]": [1011.1078716309596, 0, 264.90981596480094, 2917.894130597117], "[7, 1]": [2260.729046650401, 0, 0, 0], "[7, 3]": [1080.2415348424106, 0, 0, 0], "[7, 4]": [970.4713286896902, -600, 0, -600], "[6, 5]": [-3.1410633268016235, -600, -600, 2036.8902702858825], "[6, 3]": [2259.0693701179835, 0, 0, 0], "[6, 1]": [880.2221818618774, 2354.480441900562, 0, 785.2909300078887], "[6, 4]": [121.8235727584389, -600, 2097.873292794214, -600], "[0, 4]": [-59.94, -600, 1879.4983420839237, -600], "[0, 11]": [-600, -600, 2829.5144508239873, 1298.1794746753203], "[6, 0]": [2421.392108039989, 755.92307779665, 290.3767892329331, 0], "[6, 7]": [-600, 1936.0583038338339, 0, 0], "[6, 9]": [-600, 2651.7638408806733, -600, 0], "[5, 11]": [-600, -600, 63.43053666469992, 668.4207683309378], "[4, 11]": [-600, -483.0671711599517, 1496.5404410429073, 0], "[4, 7]": [-600, 2015.2575689275818, 0, 0], "[4, 0]": [2421.776253579477, 0, 304.20332122847356, 0], "[4, 9]": [-600, 2681.320810323585, -600, 63.69287360433717], "[2, 4]": [2061.2738708173983, -600, 357.04519751868287, -600], "[3, 2]": [566.1832103193067, 2040.039521406868, -600, -600], "[3, 0]": [733.3768441738968, 290.95482912768796, 2817.931794429152, 0], "[3, 7]": [-600, 1168.5810161569916, 0, 0], "[3, 3]": [414.24213808791654, 0, 0, 29.66095633181183], "[3, 1]": [172.90582240816556, 2778.943097509372, 0, 302.4302941479969], "[4, 1]": [2651.564882895202, 288.9826283456331, 0, 285.73304251817996], "[4, 3]": [115.78082412110382, 0, 1285.5509784782564, 32.70252739657653], "[1, 1]": [3131.16697858578, 1124.8162608151997, 0, 1588.0907744155236], "[7, 0]": [0, 44.25891703446485, 1497.0751856793595, 0], "[7, 7]": [-600, 509.3038829090732, 0, 0], "[0, 5]": [1884.5725531506212, -600, -600, 2897.4238325506867], "[2, 9]": [-600, 2191.4099005422854, -600, 0], "[2, 5]": [2965.5509470342895, -600, -600, 145.20029393724047], "[2, 2]": [0, 2908.4290683938757, -600, -600], "[4, 4]": [965.1280112730589, -600, 0, -600], "[4, 2]": [2424.9545683615715, 13.720535252993395, -600, -524.0828156028531], "[0, 9]": [-600, 655.391082168546, -600, 0], "[6, 11]": [-600, -600, 2540.413876280554, 852.0980914155091], "[7, 5]": [803.6739333910381, -600, -600, 0], "[5, 0]": [0, 0, 1157.5586208533541, 0], "[5, 7]": [-600, 7.544978269263061, 6.643496809963749, 1073.4559577254458], "[5, 3]": [0, 0, 384.1156378443609, 0], "[3, 29]": [619.3767846860799, 802.5454980472621, 2751.2193003574343, 0], "[5, 1]": [105.57776059267982, 118.23342145276484, 0, 963.235516011224], "[3, 8]": [-600, 0, 2546.0563902348495, -600], "[2, 8]": [-600, 162.75882870949332, 2861.9360876433775, -600], "[1, 4]": [2984.9311174025042, -600, 0, -600], "[1, 2]": [3072.319299551931, 681.44865370151, -600, -600], "[1, 8]": [-600, 534.1536802755578, 0, -600], "[5, 24]": [641.2481537463565, -600, 1453.5262325368649, -600], "[3, 32]": [0, 400, 0, 576.6220780912547], "[1, 5]": [733.1275194946971, -271.9893579586873, -600, 2934.913193075009], "[1, 37]": [3155.6595846079026, 760.4702161626566, 0, 649.4034594232139], "[6, 8]": [-600, 2690.257430185764, 478.9351576254455, -498.9767212169468], "[3, 30]": [667.109614351509, 2715.5895112846283, 0, 178.8270101210542], "[6, 12]": [-600, -600, 2683.9578480629098, -527.1596459118347], "[5, 25]": [0, 849.5052162310953, 1259.0834038718988, 655.5319172967593], "[2, 11]": [-600, -600, 871.2770911719355, 207.38181526126812], "[7, 15]": [388.3850236841587, 0, 0, 1609.9381974406392], "[7, 16]": [530.3796842633383, 0, 177.24873007283097, 841.8953722632241], "[4, 5]": [1060.3514022793715, -600, -469.6625328690668, 90.80873409981135], "[5, 8]": [-600, 2689.616628696736, 79.71634565652764, -600], "[5, 9]": [-600, 828.9048289923362, -600, 0], "[5, 22]": [629.6233322719053, 599.7343546886137, 1414.7763199723242, 0], "[0, 2]": [2469.193463436042, 263.5174565479281, -600, -531.6978660186944], "[0, 8]": [-520.1499707367224, 1769.3013209825385, 188.14755071735598, -600], "[7, 11]": [-600, -600, 2799.703471536741, 258.69384631013554], "[6, 2]": [2329.9257044112683, 0, -449.037289471839, -600], "[7, 2]": [0, 1232.5793402512372, -600, -600], "[5, 4]": [281.7990787472479, 0, 0, -600], "[5, 2]": [381.4274289086345, 182.28140026353591, -600, -600], "[5, 23]": [297.98207640654397, 0, 1021.4820377532031, 384.07497540708124], "[4, 12]": [-600, -600, 343.197192935046, -600], "[1, 36]": [2888.1722141287282, 518.6259487132529, 536.9264916810035, 0], "[3, 4]": [446.50685042196005, -600, 1126.5166439058048, -600], "[7, 18]": [0, 0, 531.2844908794543, 982.6705987020991], "[1, 6]": [2919.9347038514843, -600, -600, -600], "[1, 10]": [-600, 658.2368183830973, -600, -600], "[7, 13]": [-600, -600, -600, 163.34861641149544], "[4, 10]": [-600, 2569.060896836108, -600, -600], "[1, 9]": [-600, 383.0747906547737, -600, 0], "[0, 6]": [1749.4881383334514, -600, -600, -600], "[1, 39]": [400, 0, 116.24012921497261, 2562.115659833316], "[2, 13]": [-600, -600, -600, 1248.0193868748884], "[3, 5]": [831.4383255412548, -600, -600, 585.956079150534], "[2, 10]": [-600, 2445.331606805567, -600, -600], "[3, 9]": [-600, 2183.094353050132, -600, 503.8494876622099], "[3, 11]": [-600, -600, 91.21272284262744, 687.0439390597675], "[0, 13]": [-600, -600, -600, 2873.964902926656], "[7, 9]": [-600, 468.4284152160318, 0, 0], "[7, 8]": [-600, 64.77173635588392, 1375.8614150772512, -600], "[5, 26]": [-600, 689.1996322397882, 1217.330550137539, -600], "[6, 13]": [-600, -600, -600, 1376.8371837403438], "[6, 6]": [1675.2959357943346, -600, -600, -478.14454353139746], "[2, 6]": [2785.243772780573, -600, -600, -600], "[1, 40]": [2184.3048884759673, -600, 1485.5516793889271, -600], "[1, 11]": [-600, -242.76400262845436, 806.1879650716257, 100.5185172406211], "[6, 10]": [-600, 1813.4257009868163, -600, -600], "[1, 13]": [-600, -600, -600, 781.4237415656173], "[3, 12]": [-600, -600, 1028.7660572215505, -600], "[4, 6]": [1004.6101337115515, -463.83480964760054, -600, -600], "[7, 19]": [-600, 609.2098725545304, -600, 918.4207336872693], "[4, 13]": [-600, -490.7875992186633, -600, 887.0012309475549], "[1, 38]": [3017.741233772427, 399.9414058619903, -600, -600], "[2, 12]": [-600, -600, 1333.7626181997805, -600], "[2, 14]": [-600, -600, -600, -600], "[5, 5]": [446.5650744700271, -536.9658257657809, -600, 0], "[3, 33]": [-600, 2268.150251880514, 580.8525103028987, -600], "[3, 34]": [-600, 2229.390324738479, -600, 899.8262167528807], "[3, 31]": [606.0902477963951, 2720.02986290975, -600, -600], "[5, 12]": [-600, -600, 580.0373247596956, -600], "[3, 10]": [-600, 1782.607227792146, -600, -600], "[3, 6]": [303.8869827872157, -600, -600, -600], "[0, 10]": [-220.03533302323905, 1033.348797539468, -600, -600], "[0, 12]": [-600, -600, 1767.1668289091967, -600], "[7, 20]": [-600, -600, 185.63385591508444, 2813.1973158260753], "[7, 17]": [0, -600, -600, 992.2775436861507], "[5, 27]": [-600, -600, 1176.8519717585614, 612.1797310955687], "[5, 10]": [-600, 779.819230885282, -600, -600], "[7, 12]": [-600, -600, 1275.4223745368984, -600], "[1, 41]": [400, -600, -600, 2814.2140275517595], "[4, 14]": [-600, -600, -600, -600], "[3, 13]": [-600, -600, -600, 470.59352645437014], "[6, 14]": [-600, -600, -600, -600], "[7, 6]": [538.1818738214188, -600, -600, -600], "[5, 13]": [-600, -600, -600, 106.11555626821172],