{"[4, 8]": [196.52026880036715, 10001.719888019754, 9532.216035960773, -600], "[2, 7]": [0, 9603.26142485174, 8759.774698017927, 9094.998166944799], "[2, 3]": [9116.566804019736, 0, 8698.974547322052, 9275.1505715546], "[2, 1]": [9495.96191547192, 9158.844100793616, 0, 9129.458236956503], "[2, 0]": [9106.32279383457, 9584.81824952691, 8998.877164411473, 0], "[2, 9]": [-600, 7011.714800998552, -600, 6344.038807730469], "[2, 2]": [9474.19770930652, 9136.079004808573, -600, -600], "[2, 5]": [8790.23634769537, -600, -600, 8793.410552817679], "[1, 0]": [8487.693967103198, 9083.88838675525, 9569.385894812021, 0], "[1, 9]": [-600, 9584.480412803487, -600, 7813.189080398235], "[6, 1]": [10020.41383872055, 9004.170703800562, 0, 9228.188139322885], "[6, 0]": [9074.85997890505, 9018.116624115682, 9829.57266074243, 0], "[6, 7]": [0, 8916.992825366611, 9833.652332302867, 9325.67972546104], "[6, 4]": [8505.968053883342, -600, 6342.842044570877, -600], "[7, 11]": [-600, 358.83566020968783, 9087.716154833988, 10132.41547341351], "[7, 3]": [9468.287507934121, 0, 9151.279200214523, 9805.47393056537], "[0, 7]": [0, 8881.096625707736, 9046.37634312098, 9677.931181434646], "[0, 3]": [9775.54331204637, 0, 9068.354402868874, 9269.559242171068], "[1, 39]": [9021.276913138026, 0, 8959.876854980073, 9208.515850291236], "[2, 4]": [7923.038209442203, -600, 9296.13098133011, -600], "[6, 3]": [9922.27921585125, 0, 8500.664674571768, 8888.864809951401], "[6, 5]": [9944.510106023305, -600, -600, 9435.731503474857], "[1, 3]": [9170.540277014681, 0, 9590.026878748939, 9218.945712022642], "[1, 7]": [0, 9140.005889513634, 9540.483684591914, 9084.466133025355], "[0, 0]": [8874.37280423791, 8691.55489397464, 9454.842029402485, 0], "[0, 9]": [-600, 9351.175105873117, -600, 7992.317661790755], "[5, 11]": [-600, -600, 10106.688711330551, 9295.151480044708], "[4, 11]": [-600, -600, 8814.628904668165, 9767.474042550684], "[3, 1]": [9459.9308589078, 9750.231149900288, 0, 9422.360744737072], "[4, 1]": [9255.830143536825, 9644.406998084605, 0, 9249.085764130292], "[4, 4]": [8551.37740280487, -600, 9680.670931947187, -600], "[1, 37]": [9852.924839253146, 9157.766892626929, 0, 9158.692489712163], "[3, 30]": [9390.468134573706, 9273.091952232317, 0, 9248.509031853178], "[0, 2]": [9244.317198813036, 9673.592134879678, -600, -600], "[0, 1]": [9953.891957397425, 9022.843646113432, 0, 9155.9305998796], "[0, 5]": [9793.967190153697, -600, -600, 9362.056881549677], "[0, 11]": [409.55261080074854, -600, 9526.29237556645, 8594.335003230137], "[0, 8]": [-600, 8551.155875119799, 9230.09417309059, -600], "[7, 1]": [10002.767333022257, 9095.82513610669, 0, 9235.773871859361], "[7, 0]": [9244.617669028356, 8934.854746332781, 9025.364715442583, 0], "[6, 9]": [-600, 7495.09452073725, -600, 10057.211323338], "[6, 8]": [-600, 8603.057501293692, 9455.203210384856, -600], "[6, 12]": [-600, -600, 6069.635945583052, -600], "[1, 1]": [9630.250053938607, 8880.05781231321, 0, 9153.808338885], "[2, 8]": [-600, 9478.911745306708, 8939.26771134466, -600], "[5, 0]": [9329.578733088536, 9476.022020356826, 10097.127832055927, 0], "[5, 3]": [9319.898269964642, 0, 8826.33108554047, 9491.690460005952], "[5, 1]": [8896.044396692207, 8800.808666279056, 0, 8830.012009596036], "[5, 9]": [-600, 7835.942472420813, -600, 8827.715961906177], "[6, 11]": [-600, -600, 9511.415858259108, 10069.109709360631], "[5, 24]": [8248.28392086239, 1681.0648871126632, 9556.705143564033, -600], "[5, 10]": [-600, 8087.539886296609, -600, -600], "[5, 12]": [-600, 457.534485328292, 10082.355675032799, -600], "[5, 26]": [-600, 9196.472424151634, 10072.478271240465, -600], "[4, 0]": [9281.380235712082, 10048.542177339288, 9424.067591583811, 0], "[4, 2]": [8861.068232667509, 9149.34313480273, -600, -600], "[4, 6]": [7223.083967235023, -600, -600, -600], "[4, 10]": [-600, 7643.959177945386, -600, -600], "[7, 7]": [0, 8745.601540840296, 9244.207578362242, 9807.632595127247], "[1, 8]": [-600, 8973.736081126479, 9504.633619365135, -600], "[1, 10]": [-600, 9425.62817785802, -600, -600], "[3, 3]": [9185.850736341104, 0, 9013.68847563411, 8952.140892243136], "[2, 10]": [-600, 9272.350142197183, -600, -600], "[7, 16]": [9433.353597782321, 0, 9227.422727464069, 9895.323551876607], "[6, 6]": [5208.91903029274, -600, -600, -600], "[4, 9]": [-600, 8083.223434489003, -600, 8902.791319533802], "[4, 12]": [-600, 425.61370096226665, 9792.963342279245, -600], "[7, 15]": [9890.046014502945, 9112.139735612298, 0, 8697.830134909089], "[2, 11]": [-600, -600, 8846.43813735362, 9272.994256820873], "[0, 4]": [9171.410430213811, -600, 7164.860896374421, -600], "[0, 13]": [-600, -600, -600, 9472.474821396503], "[4, 3]": [9187.443501098218, 0, 9279.616125561255, 9649.40242029281], "[4, 7]": [0, 10027.863253412052, 9360.7008782178, 9392.762487837967], "[5, 22]": [9098.332383155304, 9298.067898553525, 10104.634064681924, 0], "[7, 4]": [7519.981439256293, -600, 5974.204414152351, -600], "[7, 5]": [9852.517196797984, -600, -600, 9220.196823602071], "[5, 25]": [0, 9354.343864215096, 10185.092438091855, 9494.214973405116], "[5, 4]": [8206.134896776439, -600, 9892.962833027157, -600], "[5, 8]": [255.9125109829797, 8701.199819202895, 10116.479807255124, -600], "[5, 23]": [9163.024129902376, 0, 8543.40773472552, 9440.211151500209], "[5, 7]": [0, 9069.168920154883, 10114.101899750793, 9501.794487384499], "[3, 29]": [9268.084845903802, 9917.610455817998, 9235.115971300644, 0], "[0, 6]": [9783.523438660519, -600, -600, -600], "[1, 2]": [8660.463438052286, 9277.74546465257, -600, -600], "[3, 9]": [-600, 8104.153059452385, -600, 8842.532838598127], "[3, 8]": [-600, 9245.82729114262, 9047.684238233804, -600], "[1, 36]": [8579.178067489347, 8896.11535327063, 9590.287585293334, 0], "[7, 21]": [-600, -600, -600, 10238.231512742665], "[6, 13]": [-600, -600, 423.87806471370686, 10046.010776244217], "[3, 34]": [-600, 8316.343203979015, 569.5212792522557, 9126.177342584284], "[3, 11]": [-600, -600, 8695.373797534578, 9012.657323083302], "[3, 10]": [-600, 8152.919571132556, -600, -600], "[1, 5]": [9069.789283816179, -600, -600, 9082.8389471665], "[3, 33]": [-600, 8192.897148529168, 8791.537995687182, -600], "[1, 38]": [8413.324453422183, 9156.827560978667, -600, -600], "[3, 0]": [9439.669611532256, 9884.71692213009, 9406.868548027545, 0], "[3, 2]": [9221.338969241384, 9224.897331837034, 510.1410913958048, -600], "[3, 32]": [0, 9522.166621713892, 8813.825605578428, 8964.197923206417], "[7, 9]": [-600, 8901.477162704477, -600, 9990.8703038123], "[7, 8]": [-600, 8701.794203626798, 9171.564634840277, -600], "[3, 7]": [0, 9813.278815247926, 9408.255482969222, 9357.17817059607], "[7, 20]": [-600, 512.5535414430212, 8401.645324450797, 10187.821264906706], "[2, 6]": [8656.92453266499, 502.781705618994, -600, -600], "[7, 18]": [0, 8963.371124541056, 9014.21505793673, 9990.948366156399], "[0, 12]": [-600, -600, 3580.121812298282, -600], "[3, 4]": [7655.336525191027, -600, 8408.27025132854, -600], "[6, 2]": [7590.132978079848, 8269.957245170695, 416.4509056649712, -600], "[5, 5]": [9004.941312086472, -600, -600, 8890.94592226844], "[1, 4]": [8934.677314252742, -600, 9269.445991719289, -600], "[6, 10]": [-600, 4806.217902194275, -600, -600], "[3, 12]": [-600, 549.924068863598, 9337.642309455225, -600], "[4, 14]": [-600, -600, -600, -600], "[7, 17]": [8862.530277490527, -600, -600, 10098.332508485577], "[4, 5]": [8098.039348890397, -600, -600, 8733.71572736682], "[7, 12]": [-600, -600, 5934.438227016162, -600], "[3, 31]": [9572.057431202395, 9640.072257429621, -600, -600], "[3, 5]": [8203.636801372779, -600, -600, 9079.638041249049], "[2, 13]": [-600, -600, -600, 5060.0084832825705], "[7, 19]": [-600, 7604.366115529218, 1345.3819714897422, 10023.116555546738], "[5, 2]": [8917.79184758892, 9050.11965237994, 572.0598084679493, -600], "[5, 13]": [-600, -600, -600, 8244.979433039904], "[7, 2]": [8463.210688365318, 8925.146390759219, 519.802913308831, -600], "[1, 40]": [7892.83876029979, -600, 9207.948402457048, -600],