{"[6, 7]": [0, 6.1152225649498435, 162.35355835135857, 78.28612849930278], "[6, 0]": [56.26381419236556, 2.246808057581701, -65.42550713350545, -4000], "[7, 7]": [0, 13.41827556227762, 6.174115871620588, 279.05186689769727], "[7, 3]": [43.315804854831995, -4000, 26.374373675784494, 307.7077114716207], "[7, 16]": [49.92111696247679, 0, 69.50985486250497, 500.2833755560134], "[6, 1]": [54.86006712739756, -25.262617262383976, -4000, 24.74088008211139], "[5, 23]": [47.92417195493565, 0, 533.8531623126211, 142.12578675456814], "[5, 1]": [35.20764623796767, -19.18757908438308, -4000, -11.530210036527265], "[4, 3]": [37.56695695480753, -4000, 208.07572178420617, 52.581286239630906], "[4, 1]": [39.803677501263834, 153.64528704214115, -4000, -3.50868419353921], "[5, 0]": [31.7719359076126, -10.040616506837491, 297.3253188112476, 0], "[5, 7]": [0, -20.977100381095227, 266.7876245806361, 122.0904562850748], "[6, 3]": [34.331952295555666, -4000, 42.403575757664015, 89.69535324994231], "[5, 3]": [4.062878290826858, -4000, -80.02145629916187, 122.1380692446879], "[4, 0]": [74.31490428846809, 210.8932808194862, 158.0551771589964, -4000], "[4, 7]": [0, 193.21019950981085, 211.30731135535277, 158.47945922651758], "[4, 9]": [-4000, -396.04954653604807, -4000, -221.7175591584064], "[4, 8]": [-4000, 35.59861797680183, -55.983707020440214, -4000], "[2, 1]": [253.32009357292807, 137.0800850409438, -4000, 121.598380107502], "[2, 3]": [164.45755125969666, -4000, 37.41055884432491, 43.112576846533095], "[2, 4]": [-272.24960336341286, -3584.800491245709, -233.35233743002755, -4000], "[2, 0]": [97.94427681137624, 200.54744920353477, 47.30126685013451, -4000], "[2, 9]": [-4000, -902.7982808685988, -4000, -1114.8812606643376], "[2, 5]": [87.746877286489, -4000, -4000, -327.96811620119377], "[2, 10]": [-4000, -1509.217329761449, -4000, -4000], "[3, 32]": [0, 523.6246753486624, 113.76565244528567, 50.876508973414516], "[7, 11]": [-4000, -4000, -27.9589124905663, 289.0919691819837], "[6, 5]": [43.1456589908926, -4000, -3595.7668256113116, -53.51420387736904], "[6, 2]": [-327.9405077666744, 39.262029525933045, -4000, -4000], "[7, 8]": [-4000, 25.47696386328439, -26.78163007933296, -4000], "[7, 0]": [40.608918274753954, -24.64879529786022, 5.879971811978653, -4000], "[6, 4]": [-1278.2383621954737, -4000, 51.67550574469678, -4000], "[2, 7]": [-4000, -44.403351189578466, -71.58648088050123, 69.78630312728194], "[3, 1]": [76.57281230338653, 262.74065942167505, -4000, 3.74006287944046], "[3, 3]": [-10.373719300872384, -4000, 43.55997466580137, -41.35973584435561], "[6, 9]": [-4000, 91.51958148476889, -4000, -136.13198748154628], "[6, 11]": [-4000, -4000, 172.68888056680473, 43.5404801176397], "[7, 18]": [0, 31.385966956202783, 146.9125521037366, 520.6454651803689], "[0, 7]": [-4000, 9.650221538102866, -29.69624974937533, -23.2827783545294], "[0, 3]": [150.8880606142993, -4000, -16.163582430338376, 92.39318051168574], "[0, 1]": [43.7816105156807, 19.436885248775518, -4000, 130.87949778534147], "[1, 39]": [525.2158724590049, 0, 51.19138449510919, 132.8242070397972], "[5, 25]": [0, 45.509955288374925, 490.6578227029715, 91.18421863398862], "[0, 8]": [-4000, 26.94124254632849, -75.6509641917755, -4000], "[0, 0]": [-15.645915068525262, -1.7750035696884048, -14.719398851039383, -4000], "[0, 9]": [-4000, -347.4274311722861, -4000, -21.112649799466965], "[0, 2]": [23.22139452529204, -292.7303389332126, -4000, -4000], "[7, 15]": [106.69810553042169, 72.21774931762421, 0, 540.618458499116], "[6, 8]": [-4000, 5.267778541569697, 89.37848826203569, -4000], "[1, 3]": [-40.1542584923269, 0, -20.314658941294862, 144.75424909525074], "[2, 8]": [-4000, 63.24190297816191, -442.8754330982423, -4000], "[3, 7]": [-4000, 260.0591718251717, 87.69931064399275, -21.21143926754936], "[4, 4]": [51.01400329477323, -4000, -384.9911127098486, -4000], "[3, 2]": [67.38695771709838, 163.17605086073712, -4000, -4000], "[3, 0]": [85.48421749821667, 259.3882505070576, 58.64648722260072, 0], "[3, 30]": [118.83871403719306, 576.872967068725, 0, 67.48598813554051], "[2, 11]": [-4000, -4000, -204.11985432166077, -33.77150403432722], "[2, 2]": [120.89107318488612, 158.26977523708746, -4000, -4000], "[7, 1]": [48.82985512359393, 28.617348403328183, -4000, 324.4853090248208], "[0, 5]": [84.3369522680845, -3603.5753270957234, -4000, 49.336616363384195], "[1, 0]": [326.64248187257454, 46.94838893972721, -6.5515449353215995, -4000], "[1, 1]": [300.8013870686877, 37.16276678283019, 0, 94.58863835162474], "[3, 9]": [-4000, 315.9969070389843, -4000, -435.33147837024336], "[3, 33]": [-4000, 478.9093198466505, 139.55752841465323, -4000], "[1, 7]": [-4000, 24.204752702013934, -79.82377134454887, -43.9228845539866], "[1, 2]": [274.3733167581336, 105.10527673979816, -4000, -4000], "[1, 37]": [479.6425666706051, 89.3351107656454, 0, 105.7511789493912], "[0, 4]": [-924.97447538505, -4000, 5.550170621114311, -4000], "[0, 11]": [-4000, -4000, 25.939730501531024, -222.94218551480122], "[3, 8]": [-4000, 289.80935924307255, 30.02654153935837, -4000], "[5, 11]": [-4000, -4000, -123.3805085317851, 66.63263094798562], "[5, 22]": [62.59564759236066, 119.55843144567166, 536.7703651245906, 0], "[3, 29]": [100.41030855203249, 492.04242386222177, 29.10691610926888, 0], "[1, 36]": [508.66055421426057, 115.258040438849, 15.312008222160234, 0], "[7, 5]": [70.73771915813803, -4000, -4000, 246.87314761988708], "[4, 2]": [-15.881766659674295, 138.98508986732904, -3587.5008571925473, -4000], "[3, 5]": [34.88129282413558, -4000, -4000, -33.66549232476091], "[4, 13]": [-4000, -4000, -3596.391810694925, -453.9416897596536], "[4, 11]": [-4000, -4000, 84.08568911517627, -2.825897121683049], "[7, 9]": [-4000, -0.371195338313564, -4000, -588.6328493912112], "[7, 4]": [-723.6585178359331, -4000, 13.90791294561305, -3584.5035313549456], "[6, 13]": [-4000, -4000, -3583.826669630976, 49.76236454309698], "[1, 8]": [-4000, -297.26887092045837, -124.02254546525282, -4000], "[5, 9]": [-4000, 77.98484413770359, -4000, -1038.3982719843823], "[5, 4]": [-13.353102203238052, -3204.300204046054, -502.4186876970476, -4000], "[3, 31]": [114.64138817043674, 508.78667576892354, -4000, -4000], "[2, 12]": [-4000, -4000, -285.23178592155494, -4000], "[1, 4]": [269.6546510413658, -4000, -195.229686859967, -4000], "[1, 10]": [-4000, -547.7477403543586, -4000, -4000], "[1, 41]": [490.58364060275085, -4000, -4000, 141.92127279480067], "[0, 6]": [-30.910735112105982, -4000, -4000, -4000], "[1, 9]": [-3566.024380371464, -997.0814260155041, -4000, -426.5332081809086], "[4, 10]": [-4000, -249.28645149215112, -4000, -4000], "[3, 11]": [-4000, -4000, -115.69421000266986, 50.10722839126815], "[7, 2]": [26.292712750191598, -43.175539738657044, -4000, -4000], "[2, 6]": [-251.17980239859924, -4000, -4000, -4000], "[6, 10]": [-4000, 65.45832488071702, -4000, -4000], "[1, 40]": [547.0078259406943, 0, 138.315721376955, -4000], "[5, 8]": [-4000, -170.35470480824603, 273.9412206760367, -4000], "[6, 12]": [-4000, -4000, 89.21524740720977, -4000], "[3, 4]": [-634.5288371206605, -4000, -270.9742818041719, -4000], "[5, 2]": [31.883462536270127, -88.06773621111238, -4000, -4000], "[4, 5]": [14.57645711413694, -4000, -4000, -138.76583703228613], "[5, 5]": [-56.62043271160514, -3593.9789818553963, -3595.5794666853812, 34.16749331942636], "[0, 13]": [-4000, -4000, -4000, 56.1997075121559], "[1, 5]": [54.857510208970005, -4000, -4000, 64.99969467436993], "[7, 20]": [-4000, -4000, 160.05575279647073, 513.613345259265], "[5, 13]": [-4000, -4000, -4000, -886.0605822225109], "[1, 38]": [475.3307491451787, 132.51845259071246, -4000, -4000], "[0, 12]": [-4000, -4000, -8.03195512342757, -4000], "[4, 12]": [-4000, -4000, -726.2483646906678, -4000], "[1, 6]": [243.3681008683386, -4000, -4000, -4000], "[0, 10]": [-4000, -418.09316697722215, -4000, -4000], "[6, 6]": [-643.8281279360281, -4000, -4000, -4000], "[4, 6]": [-123.72890347789347, -4000, -4000, -4000],