{"[5, 1]": [35.23562632230039, 60.207804833853714, -600, 1115.134406346654], "[6, 0]": [683.4304704411425, 728.3823643054767, 1541.6310648574104, -600], "[6, 7]": [-600, 1240.2090906194842, 1380.4250945647418, 1675.0262964827173], "[6, 1]": [650.4822844110946, 585.7073965790316, -600, 1576.3372581433268], "[6, 3]": [1221.4242950344917, -600, 1677.4531256840214, 1373.5923283723882], "[6, 9]": [-600, 113.36239963053981, -597.9266475230583, 1432.7602063969969], "[6, 8]": [-600, 407.6961983564524, 1524.3523519131302, -600], "[4, 9]": [-600, 1418.8455256297, -600, 114.4488409981054], "[4, 8]": [-600, 1692.6481215661272, 1209.0459321449378, -600], "[4, 7]": [-600, 1709.8985175082844, 1407.6939965200631, 1252.9513190994899], "[4, 0]": [1252.1665651346016, 1415.4817908479802, 1709.2364383839179, -600], "[4, 11]": [-600, -597.7162112295548, 1530.7222307632935, 409.2037505428213], "[7, 7]": [-600, 301.5081919664276, 511.1442764889241, 1837.2342840938263], "[7, 3]": [1305.7644391185577, -600, 1234.058700824627, 1910.9170668186277], "[0, 7]": [-600, 645.3188282103791, 659.0668532340724, 1545.762239552383], "[0, 3]": [1628.0314965485152, -600, 1165.285227691558, 1325.7997700382066], "[0, 1]": [1350.7613136092361, 1172.045322363139, -600, 1619.6442884240964], "[0, 0]": [1487.896107708635, 660.8580198135784, 648.1901989631425, -600], "[7, 1]": [589.7947831129013, 308.13449621100045, -600, 1855.2700432421673], "[7, 0]": [1206.0028773981846, 29.14562071692428, 69.61129738184874, -600], "[5, 3]": [199.97254586054984, -600, 1862.418406690877, 523.9371810080926], "[4, 3]": [604.4270115033297, -600, 1610.5788890426568, 684.8221258647318], "[4, 1]": [650.0805215588498, 1546.7971064744058, -600, 579.1811867084925], "[5, 0]": [278.56717937341745, 541.9979832691329, 1871.352044838152, -600], "[5, 7]": [-600, 1300.986916919965, 1908.5328127863497, 1385.180983224488], "[2, 3]": [1552.53227695623, -600, 581.0168070100592, 645.9307306104527], "[2, 7]": [-600, 1541.4236845939545, 697.28121853452, 686.1474387758694], "[2, 1]": [1345.9437255272173, 1650.1867469350461, -600, 1188.4030455881143], "[2, 0]": [1650.984323525885, 1350.1271341464073, 1202.7884309351095, -600], "[1, 0]": [1815.054695755176, 505.4352089494787, 268.5839969640801, -600], "[1, 7]": [-600, 61.467892586115184, 24.91363665132655, 1183.6963480037168], "[1, 3]": [1802.556365004195, -600, 223.6125755614936, 509.2297560657601], "[2, 4]": [1423.3532210283495, -600, 113.04415902538419, -600], "[2, 8]": [-597.7714693878455, 1516.9012411226445, 439.9713285787314, -600], "[2, 9]": [-600, 786.972204401877, -600, 32.51204671629513], "[2, 2]": [1641.1563296117802, 1143.6138088771945, -600, -600], "[1, 1]": [1893.9362055498902, 1168.6784462405585, -600, 1232.6672790777006], "[3, 1]": [559.8479648766942, 1837.278013306765, -600, 217.56236053434915], "[3, 3]": [50.72817489424882, -600, 1079.5312330136826, 23.321386274237096], "[3, 7]": [-600, 1822.5656266077021, 486.36650220148766, 222.42165073033203], "[0, 4]": [810.6114536504562, -600, 36.5476953058928, -600], "[0, 11]": [-597.9219741957862, -600, 351.2085992120959, 1398.9950420340522], "[5, 11]": [-600, -600, 1833.5982452781845, 430.2439551434785], "[6, 4]": [37.660385367226766, -600, 913.1414311374539, -600], "[3, 32]": [0, 1828.2537415803724, 154.02865801167334, 55.80464054960978], "[5, 23]": [60.89938865496438, 0, 1837.9956984088342, 185.38377753980535], "[3, 29]": [834.8602259111099, 1951.9334575714022, 807.9806930433401, 0], "[1, 36]": [1826.6985428578425, 155.8755990441142, 83.78246599252448, 0], "[4, 2]": [347.9372819756642, 1537.0951409084066, -600, -600], "[6, 11]": [-600, -600, 1166.2712542372324, 1668.7551913049174], "[5, 8]": [-600, 570.1750244650943, 1832.9264997357677, -600], "[5, 2]": [23.184073254945442, 1058.3664055627487, -600, -598.4633931984902], "[4, 5]": [1239.872394461284, -593.9374632798994, -600, 120.33485850858332], "[5, 25]": [0, 861.0671758114983, 1984.912272543617, 921.2161850080222], "[7, 18]": [0, 97.13698126957773, 167.68646030974284, 1845.462090140691], "[3, 11]": [-600, -600, 908.9900513650524, 21.455669282244557], "[2, 5]": [1427.9395893400756, -600, -600, 345.04292054061796], "[0, 5]": [1607.492939977244, -600, -600, 1034.9404523049748], "[7, 5]": [340.18659466890693, -598.2204371230788, -600, 1801.0840838725715], "[4, 4]": [123.28622632820539, -600, 1532.7288930484617, -600], "[7, 4]": [1.9262334147186995, -600, 297.4679364083806, -600], "[0, 13]": [-600, -600, -600, 1524.3434741975243], "[6, 5]": [351.96245317170167, -598.073642348903, -600, 1478.5728545680838], "[0, 9]": [-600, 9.711448878516881, -600, 715.8400371520985], "[3, 8]": [-600, 1697.738325952012, 444.16552332253974, -600], "[2, 10]": [-600, 1565.8263746382825, -600, -600], "[3, 0]": [1312.2484774882053, 1881.5377074720905, 1272.8761763511486, -600], "[0, 2]": [1456.0738948412725, 338.0524272950337, -600, -600], "[5, 4]": [6.310942496223349, -600, 1512.2408922710608, -600], "[1, 5]": [1644.4340019849385, -600, -598.6560905963452, 253.34557033174855], "[1, 37]": [1946.9965404670058, 737.7875535655616, 0, 765.0854809116713], "[3, 33]": [-600, 1823.1256406749176, 116.5280045777631, -600], "[5, 22]": [86.10775539509297, 177.95669796928738, 1857.7841190003335, 0], "[0, 8]": [-600, 1296.237040480633, 177.3819066783024, -600], "[5, 9]": [-600, 4.948025409937978, -600, 604.8078964695426], "[2, 13]": [-600, -600, -600, 1252.1191254778428], "[1, 2]": [1680.6901976558402, 377.3366299182262, -600, -600], "[3, 30]": [152.78942586233674, 1836.8786237637546, 0, 61.732316826170106], "[2, 11]": [-600, -600, 1329.6174806298027, 157.77553314076977], "[3, 5]": [813.2750794023663, -600, -600, 13.755136955661634], "[0, 6]": [1453.4274819711088, -600, -600, -600], "[1, 39]": [1825.0439856416588, 0, 58.94161769935895, 159.38477656256728], "[4, 10]": [-600, 1526.7312526493672, -600, -600], "[3, 2]": [411.275807073498, 1805.502363238039, -597.8619364923915, -600], "[2, 6]": [1460.145485431356, -600, -600, -600], "[3, 4]": [9.250472370366762, -600, 553.8164814055625, -600], "[1, 13]": [-600, -600, -598.87987860579, 812.9044689813924], "[1, 9]": [-600, 4.8547622418344965, -600, 131.8301246203063], "[5, 10]": [-600, 883.9711459052079, -600, -600], "[6, 12]": [-600, -600, 1593.5621831068854, -600], "[7, 15]": [164.87954709413185, 83.12323498449136, 0, 1853.8740764536742], "[7, 16]": [832.3056469762532, 0, 798.5359154633034, 1972.716923370578], "[6, 2]": [181.0622914627423, 1333.472445743064, -600, -600], "[5, 27]": [-600, -600, 1720.4084477805818, 71.97821604669063], "[5, 5]": [13.42602561044836, -600, -600, 776.9310905558798], "[4, 12]": [-600, -600, 1628.9028553454423, -600], "[3, 9]": [-600, 1392.267019673307, -600, 4.399357564750523], "[7, 2]": [1201.528489752225, 46.688145597478126, -600, -600], "[7, 9]": [-600, 13.564069573140094, -599.0117473579022, 1454.8826176558268], "[2, 12]": [-600, -600, 1303.321209898493, -600], "[6, 13]": [-600, -600, -600, 1450.8627254952016], "[4, 6]": [1163.537704554752, -600, -600, -600], "[7, 11]": [-600, -600, 446.42999794512167, 1717.5115204284896], "[1, 4]": [1282.2717705319433, -600, 9.347942099218908, -600], "[1, 10]": [-600, 794.7972001072285, -600, -600], "[3, 34]": [-600, 842.4058928756722, 0, 3.6366093285005494], "[1, 38]": [1745.4468810501066, 95.65782077491092, -598.6289819212257, -600], "[1, 8]": [-600, 1124.5171639566463, 42.97062775537648, -600], "[1, 11]": [-600, -600, 20.147977824240815, 970.8411572338922], "[0, 12]": [-600, -600, 1306.0617107717424, -600], "[6, 6]": [1330.4026343058993, -600, -600, -600], "[7, 20]": [-600, -600, 107.64827560300243, 1816.1040570627908], "[0, 10]": [-600, 1155.0787892243145, -600, -600], "[5, 12]": [-600, -600, 1677.330192308228, -600], "[5, 26]": [-600, 118.67566790589572, 1869.2875850701982, -600], "[4, 13]": [-600, -600, -600, 1343.6153284703998], "[7, 8]": [-600, 54.4103089999157, 1222.4418368746897, -600], "[1, 40]": [735.4177357632782, 0, 3.997349569783169, -600], "[6, 10]": [-600, 1303.0427740881478, -600, -600],