{"[4, 8]": [-600, 10940.631720346712, 11117.140308563086, -600], "[2, 7]": [0, 10800.96669661831, 10768.475959290428, 10665.175862025251], "[2, 3]": [10568.169913701475, 0, 10558.408715326554, 10697.132696779878], "[2, 1]": [11077.82137367559, 11062.254024039523, 0, 11055.908937513526], "[2, 0]": [10659.669949877984, 11050.14964294831, 10956.222571492597, 0], "[2, 9]": [2014.1202675302702, 10512.885859233322, -600, 9087.430634597613], "[2, 2]": [10360.691087079234, 10773.952049766032, -600, -600], "[2, 5]": [10972.211739601851, 1897.297445564937, -600, 10622.727745322334], "[1, 0]": [11151.78465220469, 10878.78762546974, 10979.771819811192, 0], "[1, 9]": [-600, 9747.658913807009, -600, 7930.325752148636], "[6, 1]": [10752.7311916018, 10619.196980687624, 0, 10940.673001767742], "[6, 0]": [10759.814733218214, 10552.834993159517, 10566.79758260195, 0], "[6, 7]": [0, 10703.398393187299, 10652.607754863353, 11106.560400223985], "[6, 4]": [10458.72028046933, -600, 8480.682963157067, -600], "[7, 11]": [-600, -600, 10709.506367399852, 11164.602927265292], "[7, 3]": [10702.14325966216, 0, 10650.574720259261, 11271.220194471955], "[0, 7]": [0, 10179.85093303137, 10569.395021231127, 9600.700988557586], "[0, 3]": [9958.20133976129, 0, 10630.836018574464, 10911.139287630878], "[1, 39]": [10331.802645218815, 0, 10760.354543113244, 10871.515236767209], "[2, 4]": [9220.29604929485, -600, 10697.556330725134, -600], "[6, 3]": [10757.992428460411, 0, 10827.960636756621, 11151.721840397926], "[6, 5]": [10706.639907638672, -600, -600, 9617.142176126252], "[1, 3]": [11210.468724025886, 0, 10946.827855677479, 11081.94085074865], "[1, 7]": [0, 10589.638638735249, 10651.150897452748, 10674.020195203855], "[0, 0]": [9948.446343932423, 10293.848239384626, 10379.071659370657, 0], "[0, 9]": [-600, 10737.508486001836, -600, 9371.767300898462], "[5, 11]": [-600, -600, 11197.624525421632, 11115.359527190147], "[4, 11]": [560.2130670048527, -600, 10570.641631293063, 10840.37720200116], "[3, 1]": [11143.61202110259, 11145.758835817369, 0, 11141.052103383783], "[4, 1]": [10894.184155073326, 10979.848249362283, 0, 10710.789378707932], "[4, 4]": [9099.269703498718, -600, 11125.857182145808, -600], "[1, 37]": [11125.278127751535, 10889.567683841933, 0, 10908.198333645298], "[3, 30]": [10897.428797270686, 10424.29091557727, 0, 10956.485789265938], "[0, 2]": [11016.623682186782, 10737.628858880664, -600, -600], "[0, 1]": [11023.062325324594, 10602.5129925096, 0, 10831.950566280359], "[0, 5]": [10933.338346090432, 561.226822108986, -600, 10826.209555377232], "[0, 11]": [-600, -600, 10405.646632586804, 10418.033766631492], "[0, 8]": [-600, 10152.76940178492, 10086.996602671386, -600], "[7, 1]": [10638.610723761534, 10662.393170794036, 0, 11258.680987178674], "[7, 0]": [10796.368458232011, 10641.062361824797, 10635.622525589653, 0], "[6, 9]": [-600, 10706.231112854279, -600, 9237.51350609243], "[6, 8]": [521.6340850155805, 10853.288440888422, 10414.718329425941, -600], "[6, 12]": [-600, -600, 11005.154159532838, -600], "[1, 1]": [11065.67035079833, 10935.117033107172, 0, 10660.116915815108], "[2, 8]": [-600, 10577.226134634198, 10686.827296326554, -600], "[5, 0]": [11106.458245991393, 11072.267203910167, 11269.122246255543, 0], "[5, 3]": [10937.319556738821, 0, 11179.731114856642, 11024.359653368949], "[5, 1]": [10608.63212699433, 10673.779245497231, 0, 10651.486442628127], "[5, 9]": [-600, 8702.183662044534, -600, 10167.856712865494], "[6, 11]": [-600, -600, 11049.880941399264, 9992.672829772891], "[5, 24]": [9282.729441461765, -600, 11409.274120068076, -600], "[5, 10]": [-600, 10116.567037340303, -600, -600], "[5, 12]": [-600, -600, 9766.681714509956, -600], "[5, 26]": [-600, 10780.402992279613, 11199.842342614073, -600], "[4, 0]": [10980.29945503157, 11004.449803563224, 11028.010522401257, 0], "[4, 2]": [10776.048162457022, 10945.990074910957, -600, -600], "[4, 6]": [8223.580776628967, -600, -600, 633.4488752882819], "[4, 10]": [-600, 10769.313708023474, -600, -600], "[7, 7]": [0, 10794.402417240039, 10801.55438468384, 11025.179067248351], "[1, 8]": [-600, 10297.375319025638, 10462.137607545237, -600], "[1, 10]": [-600, 10814.551955121467, -600, -600], "[3, 3]": [10049.624230109941, 0, 10261.520724488913, 10764.244105090174], "[2, 10]": [-600, 10727.522044083593, -600, -600], "[7, 16]": [10653.343431466319, 0, 10646.920119359338, 11321.122171160023], "[6, 6]": [8502.720133012932, -600, -600, -600], "[4, 9]": [-600, 9864.13936518134, -600, 9323.228630282067], "[4, 12]": [-600, -600, 11021.646024172518, -600], "[7, 15]": [11022.148005906944, 10901.159247278265, 0, 10114.222509534968], "[2, 11]": [-600, -600, 10128.847275946799, 10597.95717148166], "[0, 4]": [8235.849211931103, -600, 9987.991432167983, -600], "[0, 13]": [649.0171537103606, -600, -600, 9337.689106416423], "[4, 3]": [10730.139253086036, 0, 10952.268562973759, 10755.925064371], "[4, 7]": [0, 10963.964856170902, 10968.158415847256, 11026.339544934173], "[5, 22]": [10642.43842690722, 10648.38400556764, 10773.45828492958, 0], "[7, 4]": [8744.725531114518, -600, 9407.704803190622, -600], "[7, 5]": [10765.195698496298, -600, -600, 11210.351745160047], "[5, 25]": [0, 11152.112724968656, 11207.29664118892, 11139.72649303299], "[5, 4]": [10404.805457615708, 0, 11279.489956414345, -600], "[5, 8]": [-600, 10838.7029438657, 11242.167848426245, -600], "[5, 23]": [10924.252450970434, 0, 10924.579710199987, 10978.671903316612], "[5, 7]": [0, 11173.976806969928, 11190.510724938435, 11183.372637873648], "[3, 29]": [11020.07838354162, 11080.732143276526, 10966.650448929076, 0], "[0, 6]": [9226.56554765192, 461.94328317076724, -600, -600], "[1, 2]": [9980.986150719385, 10898.255251706376, -600, -600], "[3, 9]": [-600, 11356.172692390208, -600, 11175.236875262692], "[3, 8]": [-600, 11117.837059394482, 10931.484353531618, -600], "[1, 36]": [11108.976042976581, 10684.626227648885, 10798.673898078729, 0], "[7, 21]": [-600, -600, -600, 10128.365072157958], "[6, 13]": [-600, -600, -600, 10282.699192041136], "[3, 34]": [-600, 10176.603816306384, -600, 11080.22390456454], "[3, 11]": [-600, 623.9992367349366, 10842.744695352847, 10864.767279344807], "[3, 10]": [-600, 10852.759709353255, -600, -600], "[1, 5]": [11174.55831178842, 591.3109573607969, -600, 11030.495458717189], "[3, 33]": [-600, 11041.67678669542, 11120.746707236012, -600], "[1, 38]": [10254.74224185104, 10793.754099337291, -600, -600], "[3, 0]": [10897.367808125191, 11072.356055019372, 10964.104202936627, 0], "[3, 2]": [11320.662462206892, 11473.981875334317, -600, -600], "[3, 32]": [0, 10032.387896523336, 10878.67251530293, 10875.001417849013], "[7, 9]": [-600, 10757.333372900865, -600, 11249.843532157092], "[7, 8]": [-600, 10405.447560998175, 10394.62900213139, -600], "[3, 7]": [0, 11160.374400894481, 11070.434830649781, 10969.330185938034], "[7, 20]": [-600, -600, 10988.489584765952, 11317.659077128406], "[2, 6]": [9286.169605229115, 661.4628876978625, -600, -600], "[7, 18]": [0, 10458.752295165248, 10545.848228072624, 10187.351631306634], "[0, 12]": [-600, -600, 9874.467216738072, -600], "[3, 4]": [10582.637524251124, -600, 10729.070398281663, -600], "[6, 2]": [10032.996236193609, 10592.375178840026, -600, 614.751136934761], "[5, 5]": [10923.163451834647, 470.8536494654529, -600, 10762.427049040312], "[1, 4]": [9638.35454860465, -600, 10482.451543158542, -600], "[6, 10]": [-600, 10701.556572632238, -600, -600], "[3, 12]": [-600, -600, 10231.454132113078, -600], "[4, 14]": [-600, -600, -600, -600], "[7, 17]": [11044.395722977697, -600, 1205.04368158236, 10959.758627209367], "[4, 5]": [10896.14645042679, -600, 270.95302709478756, 10999.37328044141], "[7, 12]": [-600, -600, 10124.270968962166, -600], "[3, 31]": [11211.557225965747, 11233.41146965077, -600, -600], "[3, 5]": [11299.427601391737, -600, -600, 11331.367871021457], "[2, 13]": [-600, -600, -600, 6667.601720009319], "[7, 19]": [-600, 10398.221221047119, 0, 9833.164639621049],