{"[5, 1]": [35.23562632230039, 60.207804833853714, -600, 1143.253593650861], "[6, 0]": [684.3400621301429, 729.3786583353168, 1559.8806837238913, -600], "[6, 7]": [-600, 1247.0077966501444, 1388.206443734337, 1702.358385293392], "[6, 1]": [654.2014553437314, 586.6747505457656, -600, 1600.4461425223108], "[6, 3]": [1227.0124244697404, -600, 1705.8650453659377, 1382.6261362670937], "[6, 9]": [-600, 114.54696384410151, -597.9266475230583, 1473.9315553235851], "[6, 8]": [-600, 409.96136596059824, 1554.7640762490207, -600], "[4, 9]": [-600, 1419.2913568346742, -600, 114.4488409981054], "[4, 8]": [-600, 1716.8952619153206, 1216.4850890491527, -600], "[4, 7]": [-600, 1728.2748294552523, 1412.5848331050897, 1255.4535357398229], "[4, 0]": [1258.5774864712364, 1419.0367020101296, 1721.7912931879782, -600], "[4, 11]": [-600, -600, 1542.650316536578, 411.5396150153957], "[7, 7]": [-600, 302.4403586481732, 515.2970956427203, 1864.7319064676326], "[7, 3]": [1312.5206386076939, -600, 1241.566854545418, 1934.660727648741], "[0, 7]": [-600, 647.8246656075396, 662.6317557282804, 1564.3358261207024], "[0, 3]": [1646.898290600912, -600, 1169.1330554728936, 1332.670205264829], "[0, 1]": [1356.1688709895702, 1178.9972371908204, -600, 1642.2061599520164], "[0, 0]": [1494.3689626630023, 663.313568555259, 653.3759150162745, -600], "[7, 1]": [593.642069629189, 309.9390509238196, -600, 1879.1621222246288], "[7, 0]": [1233.5138913516028, 29.14562071692428, 69.61129738184874, -600], "[5, 3]": [201.14290829073266, -600, 1886.4398982369464, 526.1279005714388], "[4, 3]": [608.4375631082969, -600, 1621.531490766041, 687.5206368178016], "[4, 1]": [653.5429676259778, 1572.7252731830447, -600, 581.1785831994719], "[5, 0]": [283.31747377576323, 544.998554995167, 1894.8274400508287, -600], "[5, 7]": [-600, 1307.1565668620967, 1937.2359249507945, 1393.9197436996992], "[2, 3]": [1556.8954514457162, -600, 583.9111006648751, 650.4360058431314], "[2, 7]": [-600, 1559.3893176130211, 700.6576153506434, 689.3778762427868], "[2, 1]": [1354.660985606189, 1669.9578583363036, -600, 1192.9650122963665], "[2, 0]": [1668.7716320382237, 1356.2749840116076, 1210.1990440703235, -600], "[1, 0]": [1831.346939727642, 506.41486916941085, 273.09825185744376, -600], "[1, 7]": [-600, 61.467892586115184, 24.91363665132655, 1214.7338869119515], "[1, 3]": [1828.2361767924674, -600, 227.04954147116564, 513.3804804237536], "[2, 4]": [1450.6500939680438, -600, 113.04415902538419, -600], "[2, 8]": [-600, 1537.209772483471, 441.0678341744882, -600], "[2, 9]": [-600, 797.551310316458, -600, 32.51204671629513], "[2, 2]": [1656.8941068033523, 1151.9976286116791, -600, -600], "[1, 1]": [1911.351398109419, 1175.1760161591974, -600, 1238.8122495960984], "[3, 1]": [564.6510492552112, 1857.4595895444056, -600, 218.1581901702547], "[3, 3]": [50.72817489424882, -600, 1111.4727797257867, 23.321386274237096], "[3, 7]": [-600, 1845.6300361081635, 488.489097181792, 224.4915057128374], "[0, 4]": [832.3849692287012, -600, 37.90416345410199, -600], "[0, 11]": [-600, -600, 352.403179410339, 1425.4825657568488], "[5, 11]": [-600, -600, 1851.8569573277243, 434.8989019530313], "[6, 4]": [39.07855433690521, -600, 939.9502397877374, -600], "[3, 32]": [0, 1855.035106255945, 154.02865801167334, 55.80464054960978], "[5, 23]": [60.89938865496438, 0, 1866.5870634842577, 188.23483741622888], "[3, 29]": [838.999445969291, 1972.0226530018754, 811.6499252891142, 0], "[1, 36]": [1853.24621795942, 155.8755990441142, 83.78246599252448, 0], "[4, 2]": [350.1944480949285, 1554.2832033837003, -600, -600], "[6, 11]": [-600, -600, 1173.4648933124595, 1689.6120559003825], "[5, 8]": [-600, 574.0445403119973, 1858.814690558045, -600], "[5, 2]": [24.269908453630805, 1092.482461834437, -600, -598.4633931984902], "[4, 5]": [1267.7326455881619, -593.9374632798994, -600, 123.32271774538147], "[5, 25]": [0, 865.2216289410511, 2003.693892124067, 927.437181736784], "[7, 18]": [0, 97.13698126957773, 169.0653597056575, 1866.6210956108453], "[3, 11]": [-600, -600, 944.1735379637906, 21.455669282244557], "[2, 5]": [1432.0212713076646, -600, -600, 346.25002241149156], "[0, 5]": [1627.6038107519842, -600, -600, 1040.817765222133], "[7, 5]": [341.4391866747831, -598.2204371230788, -600, 1830.0470733282652], "[4, 4]": [123.28622632820539, -600, 1561.0668929176254, -600], "[7, 4]": [1.9262334147186995, -600, 323.2986378155907, -600], "[0, 13]": [-600, -600, -600, 1542.4043169184235], "[6, 5]": [354.4367618207122, -598.073642348903, -600, 1505.3544571608816], "[0, 9]": [-600, 9.711448878516881, -600, 724.2471875823798], "[3, 8]": [-600, 1726.5481358763886, 447.4896563963227, -600], "[2, 10]": [-600, 1594.9765539795728, -600, -600], "[3, 0]": [1318.0103204701038, 1908.1761469769078, 1279.4264734617052, -600], "[0, 2]": [1485.3606925322345, 340.8231575480069, -600, -600], "[5, 4]": [6.548476478377933, -600, 1551.1435666383027, -600], "[1, 5]": [1661.7584214089602, -600, -598.6560905963452, 255.72937075502077], "[1, 37]": [1968.0439577382076, 742.208673669246, 0, 768.2179859291477], "[3, 33]": [-600, 1852.2413720411084, 116.5280045777631, -600], "[5, 22]": [87.09725227441979, 177.95669796928738, 1885.2190744384714, 0], "[0, 8]": [-600, 1327.3467386425853, 178.7504843153001, -600], "[5, 9]": [-600, 4.948025409937978, -600, 650.1962404367537], "[2, 13]": [-600, -600, -600, 1300.686744401702], "[1, 2]": [1706.0995926992132, 380.62994786619237, -600, -600], "[3, 30]": [152.78942586233674, 1864.521343507692, 0, 61.732316826170106], "[2, 11]": [-600, -600, 1353.7976539252184, 158.94663239815978], "[3, 5]": [835.2506471326295, -600, -600, 13.755136955661634], "[0, 6]": [1486.7852018632068, -600, -600, -600], "[1, 39]": [1852.8563296561688, 0, 58.94161769935895, 159.38477656256728], "[4, 10]": [-600, 1561.368108870323, -597.7120500205152, -600], "[3, 2]": [413.5564942539236, 1830.6861217697326, -595.7435278926218, -600], "[2, 6]": [1478.5569736770228, -600, -600, -600], "[3, 4]": [9.250472370366762, -600, 588.0037967938908, -600], "[1, 13]": [-600, -600, -598.87987860579, 855.9571240935686], "[1, 9]": [-600, 4.8547622418344965, -600, 148.45029613004937], "[5, 10]": [-600, 923.4979427331887, -600, -600], "[6, 12]": [-600, -600, 1618.6493799158397, -600], "[7, 15]": [164.87954709413185, 83.12323498449136, 0, 1880.2042238353624], "[7, 16]": [836.8135050772455, 0, 802.0175319548887, 1993.2630199092732], "[6, 2]": [182.45969660709466, 1370.222808154739, -600, -600], "[5, 27]": [-600, -600, 1747.7660306309128, 73.45773919330024], "[5, 5]": [13.42602561044836, -600, -600, 796.5566134808321], "[4, 12]": [-600, -600, 1649.316301283245, -600], "[3, 9]": [-600, 1428.5373279590035, -600, 4.7135472793760345], "[7, 2]": [1234.533156009905, 46.95304359399539, -600, -600], "[7, 9]": [-600, 14.061101200213113, -599.0117473579022, 1487.2874973175185], "[2, 12]": [-600, -600, 1346.7509633710436, -600], "[6, 13]": [-600, -600, -600, 1493.3438977484798], "[4, 6]": [1203.491807050665, -600, -600, -600], "[7, 11]": [-600, -600, 447.5287317051755, 1741.1931856331655], "[1, 4]": [1318.8983469135746, -600, 9.347942099218908, -600], "[1, 10]": [-600, 840.7650898160396, -600, -600], "[3, 34]": [-600, 870.1700347947452, 0, 3.6366093285005494], "[1, 38]": [1773.593640022055, 95.65782077491092, -598.6289819212257, -600], "[1, 8]": [-600, 1160.0871945259066, 42.97062775537648, -600], "[1, 11]": [-600, -600, 21.11488171757502, 1010.036926868212], "[0, 12]": [-600, -600, 1344.7985219274683, -600], "[6, 6]": [1364.2051023312058, -600, -600, -600], "[7, 20]": [-600, -600, 107.64827560300243, 1840.7950142086197], "[0, 10]": [-600, 1202.0006900740616, -600, -600], "[5, 12]": [-600, -600, 1708.875511986064, -600], "[5, 26]": [-600, 120.10927178211249, 1894.2854301784505, -600], "[4, 13]": [-600, -600, -600, 1386.0184568388304], "[7, 8]": [-600, 54.4103089999157, 1257.7005867375547, -600], "[1, 40]": [758.734566770573, 0, 3.997349569783169, -600], "[6, 10]": [-600, 1337.3449913285071, -600, -600],