{"[5, 1]": [-1.043857905152708, 21.767020983628445, -600, 279.52503793959323], "[6, 0]": [214.6571831552955, 259.57433534411297, 685.5102187258443, -600], "[6, 7]": [-600, 467.1621262944785, 582.1961699405264, 766.8957321162264], "[6, 1]": [246.26245754637694, 199.2938565038606, -600, 683.619049138851], "[6, 3]": [460.35552763753185, -600, 765.0817517270204, 583.2975870558319], "[6, 9]": [-600, 21.58848003879447, -600, 490.1787399033629], "[6, 8]": [-600, 126.41908270581652, 649.8623664916579, -600], "[4, 9]": [-600, 489.0412324695493, -600, 25.35677816417129], "[4, 8]": [-600, 778.1817576232353, 441.92630327624977, -600], "[4, 7]": [-600, 801.6289468769236, 600.8465482145394, 472.4203258151256], "[4, 0]": [472.45875067962186, 606.5444417779877, 797.86537322427, -600], "[4, 11]": [-600, -600, 666.3193428657376, 135.0569632402419], "[7, 7]": [-600, 44.790993408960084, 167.3894792911921, 936.0364481241501], "[7, 3]": [498.31259398864034, -600, 474.0642864812385, 1014.7000937680339], "[0, 7]": [-600, 194.23088822746482, 235.22371961235694, 662.0061450708395], "[0, 3]": [710.4732237919997, -600, 428.5591228177544, 539.5553129842802], "[0, 1]": [551.8392353047061, 436.4346041104975, -600, 707.5754192171929], "[0, 0]": [621.2621292741505, 229.85088975185772, 195.8828405182934, -600], "[7, 1]": [172.25814821161862, 44.91317392870256, -600, 945.0941400558629], "[7, 0]": [320.90436104497684, -0.6424050049850673, 17.636618271248878, -600], "[5, 3]": [36.41929297466488, -600, 971.908577456452, 170.74429511848064], "[4, 3]": [199.31690179449618, -600, 727.7413743352797, 243.15477525507433], "[4, 1]": [224.8610808485125, 706.1430257217762, -600, 193.1939114669589], "[5, 0]": [50.909504585034114, 163.67426388662736, 978.1802627747146, -600], "[5, 7]": [-600, 522.368522569558, 1035.0667037571302, 557.0976993574745], "[2, 3]": [679.2528413971936, -600, 187.04137783278773, 224.93855004332482], "[2, 7]": [-600, 679.7430626444169, 260.57447876369713, 216.40198391206707], "[2, 1]": [576.5980406915958, 750.5505133213046, -600, 440.22123539485506], "[2, 0]": [752.4721266899963, 560.8685529338463, 450.2415041726684, -600], "[1, 0]": [922.7999562052056, 154.24086705838945, 45.26336569707449, -600], "[1, 7]": [-600, 19.790874122233546, -3.0327530456163454, 304.94070188116945], "[1, 3]": [911.2419639388924, -600, 31.99241939441646, 163.41339729091342], "[2, 4]": [473.7050271831117, -600, 17.307136205084447, -600], "[2, 8]": [-600, 631.9349783336245, 126.02042303415894, -600], "[2, 9]": [-600, 179.88505258283232, -600, 3.773124256277449], "[2, 2]": [731.2919984279712, 414.41785853579455, -600, -600], "[1, 1]": [999.5296311695918, 426.37792091465843, -600, 474.66016609156515], "[3, 1]": [184.8648880213348, 963.6728087282885, -600, 35.93466966483274], "[3, 3]": [15.372754582504925, -600, 269.7479668525836, -3.5254776848056233], "[3, 7]": [-600, 952.765121014653, 161.577473501653, 29.35848954491288], "[0, 4]": [154.10417839935806, -600, 8.371439232917442, -600], "[0, 11]": [-600, -600, 93.76922598862457, 573.8076629713374], "[5, 11]": [-600, -600, 945.0924103917378, 127.61033898423604], "[6, 4]": [4.3212301606311865, -600, 211.66628656465426, -600], "[3, 32]": [0, 867.4390175646022, 43.83192655996184, 8.811931284702519], "[5, 23]": [10.612711595621152, 0, 877.8843278389205, 49.58508284131223], "[3, 29]": [265.0564717796179, 1071.4836523161732, 249.53520649152514, 0], "[1, 36]": [862.1927219606808, 48.9126154775573, 12.144518872008737, 0], "[4, 2]": [112.34917416884, 670.5799354344682, -600, -600], "[6, 11]": [-600, -600, 423.4021491525828, 745.8787490038012], "[5, 8]": [-600, 159.78793022247953, 937.033489446864, -600], "[5, 2]": [2.346514745951358, 251.05781522736342, -600, -600], "[4, 5]": [348.294858662156, -600, -600, 34.89658764602382], "[5, 25]": [0, 278.5594860961862, 1092.5953321512602, 297.0635687073069], "[7, 18]": [0, 15.569325996455868, 46.38642749189485, 868.5326020052833], "[3, 11]": [-600, -600, 186.4181252780264, 0.7643917244316785], "[2, 5]": [598.8636743128955, -600, -600, 103.2607199890897], "[0, 5]": [686.6946401880773, -600, -600, 358.66691132578995], "[7, 5]": [106.2363876805646, -599.1622785485529, -600, 888.8041686024162], "[4, 4]": [26.400366745936704, -600, 516.9937600356814, -600], "[7, 4]": [-1.2844499602168569, -600, 13.849017301786738, -600], "[0, 13]": [-600, -600, -600, 527.8233188083792], "[6, 5]": [121.47110394890238, -600, -600, 629.3776195626752], "[0, 9]": [-600, -2.0408326358026994, -600, 157.2300255913696], "[3, 8]": [-600, 824.3784282268397, 128.47411075846858, -600], "[2, 10]": [-600, 553.3802494010896, -600, -600], "[3, 0]": [522.9294130842428, 1016.6665168567508, 486.822369043146, -600], "[0, 2]": [586.1227216795647, 96.74710525571868, -600, -600], "[5, 4]": [0.1327197670163249, -600, 404.9330080339165, -600], "[1, 5]": [792.7281070051785, -600, -600, 83.30617321725538], "[1, 37]": [1053.419433525967, 228.95964207679188, 0, 233.9257723854531], "[3, 33]": [-600, 795.3390558402211, 28.952270665530342, -600], "[5, 22]": [13.04937343544729, 69.05176769863179, 892.9447024360007, 0], "[0, 8]": [-600, 369.80268476101475, 39.36270725310728, -600], "[5, 9]": [-600, 1.961684155864535, -600, 54.91758968255982], "[2, 13]": [-598.8099628311018, -600, -600, 179.19838268007084], "[1, 2]": [785.5085752062632, 119.05604738717365, -600, -600], "[3, 30]": [54.7113425221373, 879.8112771399908, 0, 11.557791233930567], "[2, 11]": [-600, -600, 392.4801552492529, 42.05949230174287], "[3, 5]": [189.90629855876645, -598.5222088493266, -600, 1.5691577262362157], "[0, 6]": [414.70153027004284, -600, -600, -600], "[1, 39]": [855.4785366114655, 0, 8.438151781928438, 44.98716692902088], "[4, 10]": [-600, 471.91972705764243, -600, -600], "[3, 2]": [112.89079512080956, 922.101593192999, -600, -600], "[2, 6]": [409.2216622394229, -600, -600, -600], "[3, 4]": [2.2357363637195875, -600, 51.99711766996088, -600], "[1, 13]": [-600, -600, -600, 95.30764372327185], "[1, 9]": [-600, 0.42152497737630973, -600, 12.369068289597703], "[5, 10]": [-600, 106.39512540859359, -600, -600], "[6, 12]": [-600, -600, 571.5168138433927, -598.6625019693996], "[7, 15]": [51.250297626497314, 11.36373109471544, 0, 866.6153195919524], "[7, 16]": [247.69679187322308, 0, 236.21733970581184, 1064.552852715277], "[6, 2]": [40.564597583024465, 410.14403851623456, -600, -600], "[5, 27]": [-599.2294863048318, -600, 702.0391184185868, 18.652380688174524], "[5, 5]": [1.1706048107940799, -600, -600, 184.62096657164378], "[4, 12]": [-600, -600, 610.1619581705874, -600], "[3, 9]": [-600, 362.14296430149335, -598.8812796869537, -0.019780110408461386], "[7, 2]": [244.67309813885166, 5.080460180059905, -600, -600], "[7, 9]": [-600, 0.8926773936295348, -600, 375.95390669368993], "[2, 12]": [-600, -600, 225.7809256773081, -600], "[6, 13]": [-600, -600, -600, 419.84656066185914], "[4, 6]": [173.07198625227653, -600, -600, -600], "[7, 11]": [-600, -599.1631492488295, 125.39854497025534, 807.5902940254248], "[1, 4]": [325.6859416264116, -600, 0.9910242447186067, -600], "[1, 10]": [-600, 88.97074477302264, -600, -600], "[3, 34]": [-600, 222.46037629034353, 0, 0.09743453484338532], "[1, 38]": [736.1740277389199, 26.785718287666185, -600, -600], "[1, 8]": [-598.6206926860492, 246.19933808691476, 4.514438201068257, -600], "[1, 11]": [-600, -600, 2.037820002426458, 189.01038933979612], "[0, 12]": [-600, -600, 186.75495922787232, -598.8603169390345], "[6, 6]": [218.91517129567686, -600, -600, -600], "[7, 20]": [-600, -599.1913254650236, 26.82806009190723, 767.233565022144], "[0, 10]": [-600, 152.79506265447145, -600, -600], "[5, 12]": [-600, -600, 426.621422408872, -600], "[5, 26]": [-600, 31.854299880177344, 848.9468490994335, -600], "[4, 13]": [-600, -600, -600, 221.1803736461104], "[7, 8]": [-600, 5.509782832623782, 268.95755949223513, -600], "[1, 40]": [190.10088267690273, 0, 0.3755033574668451, -600], "[6, 10]": [-600, 200.62663271118151, -600, -600], "[7, 19]": [-600, 0.3900947849174493, 0, 235.3605725450565],