{"[6, 1]": [264.4004025544018, 232.7945833248115, -600, 813.4448895810659], "[5, 3]": [48.73459533268965, -600, 1095.9579006883293, 206.9999064533264], "[4, 4]": [22.42361350719021, -600, 668.8485674095007, -600], "[4, 2]": [137.99963378343497, 789.0004534045889, -600, -600], "[6, 0]": [241.15576410596304, 270.5643990022512, 780.1078482880752, -600], "[6, 7]": [-600, 549.7621431478805, 690.8970761139411, 896.4998119017139], "[6, 3]": [529.1321784440928, -600, 903.612930553985, 672.0648709393561], "[7, 7]": [-600, 68.16585377246992, 212.17839614567882, 1097.8207825631694], "[7, 3]": [588.8578003657651, -600, 577.1252327417316, 1149.1181584067388], "[7, 0]": [421.040549066768, 0.33079937698434003, 21.02145209675687, -600], "[0, 7]": [-600, 214.03331302606495, 251.06044644610185, 798.5981896724137], "[0, 0]": [757.5937534196187, 259.84902342500675, 228.36108934739008, -600], "[0, 3]": [866.4431363724028, -600, 516.8533854369787, 652.5523978889369], "[0, 1]": [647.1311474605947, 505.18943306148475, -600, 868.6106304816175], "[7, 1]": [199.65413528058315, 52.61269370574076, -600, 1072.7954256527364], "[0, 9]": [-600, -0.9283072330014943, -600, 275.88779709565875], "[0, 2]": [716.3212042860636, 121.4580145039562, -600, -600], "[2, 7]": [-600, 788.9665112963701, 256.9420158552979, 234.94436740942842], "[2, 3]": [803.4447117797741, -600, 222.52975311567485, 264.34148963035005], "[2, 0]": [883.4428289901628, 670.1076146972904, 539.9711953575285, -600], "[2, 1]": [657.1945157709073, 892.9743956661196, -600, 523.7161326239456], "[3, 1]": [173.52397942895635, 1068.2432034983472, -600, 36.19075963742686], "[3, 3]": [373.6579127396709, -600, 17.996304668881972, -2.1660329333616932], "[1, 0]": [1090.4642569215837, 217.83104648759758, 64.91290897140247, -600], "[1, 1]": [1143.2801294815458, 557.3757236123242, -600, 608.5708834773967], "[1, 7]": [-600, 23.492602412659327, -1.1129369213613833, 405.97543947334583], "[0, 4]": [276.8298310164941, -600, 6.181002053720026, -598.7975659425581], "[5, 1]": [-0.3722129865586518, 385.9845405232503, -600, 24.428133647693485], "[5, 7]": [-600, 568.3882802796525, 1156.2210648323978, 616.3394953376952], "[4, 3]": [192.0893676384925, -600, 843.1292842838662, 235.1767914753763], "[4, 1]": [252.99487986086658, 820.0760358155752, -600, 225.65533838241183], "[5, 0]": [58.779458061074095, 199.9625163073547, 1118.8081525080895, -600], "[4, 7]": [-600, 932.7118070563193, 663.6208638834466, 512.8605130722743], "[0, 5]": [408.5841808659224, -600, -600, 842.5427397865479], "[4, 0]": [545.6511274995885, 682.3039294323983, 920.8061967522037, -600], "[2, 4]": [667.7339842849727, -600, 34.4016240995327, -600], "[1, 5]": [1013.50010622615, -600, -600, 119.03344585091574], "[2, 5]": [712.8024040070412, -600, -598.9519195049976, 126.34158050495688], "[2, 9]": [-600, 236.4817592370967, -600, 4.79688384353482], "[0, 11]": [-600, -600, 122.65528527096959, 700.8805191991821], "[7, 18]": [0, 20.742979640061954, 55.260810250285225, 1048.7270009206575], "[1, 39]": [1043.0104191755233, 0, 13.27417410209083, 56.30696533600241], "[4, 8]": [-600, 920.0023663155474, 505.8665655591303, -600], "[4, 9]": [-600, 678.6682797078297, -600, 28.402652006875016], "[3, 7]": [-600, 1061.2633089404628, 182.75805257152157, 45.56857625903328], "[1, 9]": [-600, -0.8638847707926895, -600, 50.84794885948113], "[5, 8]": [-600, 179.11786495133717, 1062.922507581522, -600], "[2, 8]": [-600, 750.4944119165895, 127.4562524271789, -600], "[6, 9]": [-600, 34.881098468837216, -600, 682.4623218385026], "[6, 11]": [-600, -600, 878.5610271178263, 458.6925398522053], "[3, 32]": [0, 1031.503548903481, 61.6860869635821, 9.726719153889812], "[6, 2]": [59.194455892122434, 545.1252907750577, -600, -600], "[5, 5]": [2.607028509272342, -600, -600, 291.1150144755508], "[4, 11]": [-600, -600, 746.7819353999308, 118.64366834979168], "[5, 11]": [-600, -600, 973.6743296063103, 95.27847780385693], "[5, 2]": [2.9636993620455545, 312.027399514064, -600, -600], "[4, 5]": [500.75342184439484, -600, -600, 42.48063765416278], "[7, 4]": [45.25793238843823, -600, 0.3230974612043683, -600], "[6, 5]": [145.30529037007253, -600, -600, 721.5343654855174], "[5, 25]": [0, 298.3854598782578, 1219.9914609356981, 314.3479112079326], "[1, 2]": [1020.4916246754948, 163.6573320302714, -600, -600], "[0, 8]": [-600, 513.8523364750408, 46.74565810083314, -600], "[1, 11]": [-600, -598.988703987415, 1.9723968457042391, 253.89087438678368], "[1, 3]": [1094.7917450982288, -600, 48.516292090559, 214.06300457302396], "[1, 37]": [1204.6976603021799, 308.91951100339645, 0, 335.470209253231], "[7, 15]": [60.86771527184015, 12.353179458190397, 0, 1033.3053904315302], "[6, 4]": [7.978430505616897, -600, 264.60840173228047, -600], "[3, 8]": [-600, 936.8464111855534, 132.70174424132196, -600], "[6, 8]": [-600, 162.21522726643633, 770.4588114125993, -598.5322529597745], "[7, 8]": [-600, 8.09148816655556, 393.35166208334516, -600], "[7, 11]": [-600, -600, 163.7820397288842, 1021.1176350077924], "[6, 10]": [-600, 467.99338432664274, -600, -600], "[6, 13]": [-600, -600, -600, 788.5693236769952], "[3, 0]": [557.6703103908998, 1140.7152955731588, 540.1913560714913, -600], "[3, 29]": [293.43299650433374, 1191.5670977606153, 287.1243581704501, 0], "[5, 4]": [1.0110946217485228, -600, 550.533274228195, -600], "[2, 2]": [442.4195011540308, 862.0439271288518, -600, -600], "[7, 16]": [313.40907796715203, 0, 288.14078776522274, 1201.3119974441765], "[3, 30]": [52.07447052439601, 1025.7725078693113, 0, 12.082636367404398], "[3, 4]": [108.04320865687103, -600, 2.7226947923360436, -600], "[0, 13]": [-600, -600, -599.1312216790418, 613.9901771142369], "[5, 23]": [13.125185806886265, 0, 1030.5311152505633, 54.98480058863034], "[5, 22]": [13.59523028083543, 59.01216559504989, 1043.2399408774745, 0], "[1, 4]": [614.4324873807883, -600, 1.9107855089721217, -600], "[1, 8]": [-600, 352.51759230060424, 5.017321292040871, -600], "[7, 9]": [-600, 1.5908329286475822, -600, 547.9398824120547], "[4, 10]": [-600, 701.5359881224815, -600, -600], "[1, 42]": [184.1497099294204, -600, -600, -600], "[2, 11]": [-598.7220520308722, -600, 478.7877117840455, 42.709362549695506], "[3, 9]": [-600, 477.0478930281576, -600, -1.444256512955961], "[2, 10]": [-598.54422125739, 649.8438871476604, -600, -600], "[5, 9]": [-600, 122.06431254168515, -600, 2.7899635050391454], "[1, 40]": [295.360703458217, 0, 0.7387070642996225, -600], "[4, 6]": [430.2459390431864, -600, -600, -600], "[3, 5]": [240.52872334174205, -600, -600, 2.5678728770373738], "[3, 2]": [94.32649342388649, 931.9045619338862, -600, -600], "[7, 5]": [102.46592580641843, -600, -598.7073877802269, 975.9385953205566], "[2, 6]": [766.4455902831075, -600, -600, -600], "[5, 24]": [0.4611060038439608, 0, 280.1682528206791, -600], "[6, 12]": [-600, -600, 649.8701014867731, -600], "[5, 12]": [-600, -600, 529.8609554137821, -600], "[0, 6]": [760.4575624331355, -600, -600, -600], "[1, 36]": [1038.9759919818166, 61.28616123090587, 16.846080607157557, 0], "[1, 38]": [996.0066348628462, 37.93359558888464, -600, -600], "[3, 11]": [-600, -600, 268.17138389567975, 2.424360581377293], "[3, 34]": [-600, 290.39272601060514, -600, 0.7519612550013475], "[2, 12]": [-600, -600, 384.4626252598309, -600], "[7, 2]": [358.29587129569796, 4.389303017247778, -600, -600], "[5, 26]": [-600, 36.208352245694655, 1010.7649932141113, -600], "[6, 6]": [454.3765792325228, -600, -600, -600], "[5, 27]": [-600, -600, 709.8508182604338, 18.850872800534233], "[4, 12]": [-600, -600, 823.0108774041234, -600], "[7, 20]": [-600, -600, 45.462490977001195, 979.6027824730612], "[0, 12]": [-600, -600, 367.4634419576497, -600], "[7, 12]": [-600, -600, 194.48618706572478, -600], "[7, 17]": [22.83762909616933, -600, -600, 700.7046132987392], "[3, 12]": [-600, -600, 190.92705132187143, -600], "[7, 19]": [-600, 0.40529534519298027, -600, 273.9973762901263], "[3, 6]": [188.17262115504656, -600, -600, -600], "[0, 10]": [-600, 353.0608747799145, -600, -600],