{"[4, 8]": [-600, 16888.694119763517, 17187.77002925822, -600], "[0, 0]": [17109.65760116274, 16733.826281253987, 16794.301575540838, 0], "[0, 1]": [17185.277796915318, 16961.34758358878, 0, 17098.805053136213], "[1, 3]": [17263.271116611668, 0, 16966.836391327037, 17000.893746301685], "[1, 7]": [0, 16906.375955155803, 16912.228661448527, 16928.36980305243], "[2, 3]": [16480.90086410412, 0, 16776.811979215934, 16907.805096905227], "[2, 7]": [0, 17050.187421500417, 16666.53203016708, 16811.07627050386], "[2, 0]": [16939.856852640667, 17048.784878829876, 16980.216585114136, 0], "[2, 1]": [17058.038186139267, 17104.506380955863, 0, 16987.13069393295], "[1, 0]": [17256.349303265757, 17042.196207250825, 17072.721565999258, 0], "[0, 7]": [0, 16959.390738609705, 16790.778088072057, 17076.679127134972], "[0, 3]": [16989.185634251564, 0, 16820.901512530818, 17166.548203721883], "[7, 1]": [17158.503955222986, 17223.517409842156, 0, 17267.016052152678], "[7, 3]": [17132.059769379368, 0, 16874.00245181718, 17329.706991133815], "[7, 4]": [15397.9405264033, -600, 14245.619707683198, -600], "[6, 5]": [17036.72901562138, -600, -600, 16694.505136565924], "[6, 3]": [17103.430329156727, 0, 16980.16446388926, 17271.264694488695], "[6, 1]": [16980.749210909744, 16562.81475988252, 0, 17257.58368875342], "[6, 4]": [14303.020243714313, -600, 13039.677630531032, -600], "[0, 4]": [14238.383324656315, -600, 16337.500727020024, -600], "[0, 11]": [-600, -600, 16972.15318291519, 17059.33790852357], "[6, 0]": [17007.241988784335, 16655.781755376684, 17164.68887099617, 0], "[6, 7]": [0, 17021.486403948973, 17189.985107702072, 17074.77282084763], "[6, 9]": [-600, 14833.306813102186, -600, 16551.871205195348], "[5, 11]": [-600, -600, 15817.785580732965, 17053.06312469761], "[4, 11]": [-600, -600, 17165.207802754132, 17032.206380406842], "[4, 7]": [0, 16997.16881472576, 17228.822729492218, 17112.36774755805], "[4, 0]": [17144.17853243608, 17134.99293744419, 15445.722425806249, 0], "[4, 9]": [-600, 14817.073141270283, 1508.9477444398162, 16823.888465995697], "[2, 4]": [17150.766419458625, 1528.576334147322, 14589.80519758484, -600], "[3, 2]": [17394.47734079967, 17394.175506209598, -600, -600], "[3, 0]": [17308.056961235205, 17395.163982379712, 17009.139549463318, 0], "[3, 7]": [0, 17330.055949292222, 17111.96924657592, 17278.49968875873], "[3, 3]": [17141.744862796288, 0, 17080.855460533396, 17125.353488809444], "[3, 1]": [17241.29873783731, 16483.08884336102, 0, 17197.031857880043], "[4, 1]": [17139.47185196977, 17174.213254793867, 0, 17046.540594511487], "[4, 3]": [16730.66634883972, 0, 17185.77533755174, 17053.721768630858], "[1, 1]": [17331.27520771196, 16982.26068085406, 0, 16949.11321898841], "[7, 0]": [16811.765205193686, 16670.913805446326, 16944.21723302819, 0], "[7, 7]": [0, 17049.96739392715, 17005.380726466294, 17272.902024497427], "[0, 5]": [17134.787656390807, 1176.0614475414202, -600, 16685.315932285026], "[2, 9]": [0, 16174.18821537887, -600, 14071.887228633155], "[2, 5]": [16880.023329981028, -600, -600, 16623.709534711656], "[2, 2]": [17238.180110522215, 16805.69445738797, 1148.290738938538, -600], "[4, 4]": [16488.082286375495, -600, 14913.478585898649, -600], "[4, 2]": [17161.196891692427, 15396.030648017342, -600, -600], "[0, 9]": [-600, 13831.016471582656, -600, 14465.926938249295], "[6, 11]": [-600, -600, 15556.435573675899, 16900.809122881765], "[7, 5]": [17224.828975061955, -600, -600, 17390.491365030713], "[5, 0]": [17288.322293817364, 17282.98184760663, 17295.15053926282, 0], "[5, 7]": [0, 17115.225252226504, 17401.593556951, 17208.559019025743], "[5, 3]": [17321.6178076533, 0, 17371.46141603791, 17299.271757776478], "[3, 29]": [17434.654712258787, 17514.68424356616, 17254.901116530054, 0], "[5, 1]": [17067.682645968143, 17069.323253040664, 0, 17164.457859501712], "[3, 8]": [-600, 17040.80265110094, 17068.296652599285, -600], "[2, 8]": [-600, 16920.90147605452, 16723.379090600072, -600], "[1, 4]": [17146.401214540383, 0, 15491.650401795847, -600], "[1, 2]": [17057.60743288077, 15544.491295945145, -600, -600], "[1, 8]": [-600, 16869.212541332166, 16654.28460773613, -600], "[5, 24]": [17149.31761470029, 2071.6309046997003, 10384.125451103455, -600], "[3, 32]": [0, 16500.018411628695, 17041.65527386909, 17108.173876185167], "[1, 5]": [17409.453161176476, -600, -600, 17174.89862754551], "[1, 37]": [17532.373273886653, 17190.268195740297, 0, 17150.657550101572], "[6, 8]": [-600, 14792.32471740685, 16519.245955235114, -600], "[3, 30]": [17306.185886471667, 17026.147414906376, 0, 17269.861703645918], "[6, 12]": [-600, -600, 14371.104912343275, -600], "[5, 25]": [0, 16977.900598763965, 17515.57562544453, 17328.408614996144], "[2, 11]": [-600, -600, 16631.061824898974, 16766.82573278392], "[7, 15]": [17236.480653646355, 17128.799893514617, 0, 17172.649872320468], "[7, 16]": [17264.21821432143, 0, 17145.34457057432, 17411.52831751122], "[4, 5]": [17124.001808513738, -600, -600, 17089.35737382835], "[5, 8]": [-600, 16975.135693428958, 17211.3669764853, -600], "[5, 9]": [-600, 16501.4391660173, -600, 15834.355276698807], "[5, 22]": [17254.248989334534, 17252.385345981776, 17400.7419311982, 0], "[0, 2]": [16554.863224622644, 16811.6477659103, -600, -600], "[0, 8]": [-600, 16935.089437324837, 16820.791985856453, -600], "[7, 11]": [-600, 1183.1984867844426, 16922.368927830445, 17303.768239834506], "[6, 2]": [16629.421803599584, 16483.69427427837, -600, -600], "[7, 2]": [17037.73648892637, 16986.346248039008, -600, -600], "[5, 4]": [16312.276202492058, 0, 17293.78156723423, -600], "[5, 2]": [16945.632503687222, 16872.011519662792, -600, -600], "[5, 23]": [17263.907234962047, 0, 17365.951909099866, 17297.0423491321], "[4, 12]": [-600, -600, 13769.20946690163, -600], "[1, 36]": [16725.71708599237, 17006.41136480527, 16979.79695132242, 0], "[3, 4]": [12329.365327219344, -600, 16921.220824323922, -600], "[7, 18]": [0, 17149.653244323817, 17162.35360651547, 16965.491172354163], "[1, 6]": [17080.47617571504, -600, 1490.6822390907932, -600], "[1, 10]": [-600, 14723.690663152893, -600, -600], "[7, 13]": [-600, -600, -600, 17440.420786645354], "[4, 10]": [-600, 15068.226054267696, -600, -600], "[1, 9]": [-600, 13450.599056449217, -600, 14810.63279753021], "[0, 6]": [15785.1517505175, -600, -600, -600], "[1, 39]": [17382.080885262265, 0, 17094.221032446145, 17136.910759686136], "[2, 13]": [-600, -600, -600, 13461.53362209398], "[3, 5]": [17163.980927683326, -600, -600, 17186.555163708825], "[2, 10]": [-600, 13935.42348241693, -600, -600], "[3, 9]": [-600, 16130.199136393132, -600, 16922.96249185177], "[3, 11]": [-600, -600, 16964.299580156185, 17025.240861831473], "[0, 13]": [-600, -600, -600, 15466.964995928854], "[7, 9]": [-600, 16851.31279673605, 0, 16503.123124821035], "[7, 8]": [-600, 16851.2474068556, 16682.150814949226, -600], "[5, 26]": [-600, 16748.440286280005, 15884.455394577813, -600], "[6, 13]": [-600, -600, -600, 16891.49468937006], "[6, 6]": [15200.409093271155, -600, -600, 2953.9234758953207], "[2, 6]": [15850.296791170511, -600, -600, -600], "[1, 40]": [16099.18632775866, 0, 16759.274182557587, -600], "[1, 11]": [-600, -600, 16686.659253369042, 16853.1275738068], "[6, 10]": [-600, 15593.050087081243, -600, -600], "[1, 13]": [1473.2223887538976, -600, -600, 15337.445831997005], "[3, 12]": [-600, -600, 16535.337063777184, -600], "[4, 6]": [17159.493587280544, -600, -600, -600], "[7, 19]": [-600, 16933.423331438804, -600, 12680.727905701546], "[4, 13]": [-600, -600, -600, 17036.820640245995], "[1, 38]": [16194.315253761764, 16964.35315687264, -600, -600], "[2, 12]": [-600, -600, 16641.203268326186, -600], "[2, 14]": [-600, -600, -600, -600], "[5, 5]": [17111.04275086427, -600, -600, 17142.517677964865], "[3, 33]": [-600, 16701.073760720647, 17004.847636781644, -600], "[3, 34]": [-600, 14439.033601475203, -600, 17105.054952137645], "[3, 31]": [17476.925942510134, 15744.789930222374, -600, -600], "[5, 12]": [-600, -600, 17240.518312031185, -600],