{"[6, 0]": [7116.418212638344, 7267.733443083189, 6927.623884262471, -600], "[6, 7]": [-600, 7325.229734713306, 7650.335197772438, 7520.718683575161], "[6, 3]": [7383.002923341475, -600, 6987.059544137972, 7554.486380300224], "[6, 1]": [7125.821729007907, 7294.088675089307, -600, 7132.196748576913], "[6, 4]": [6456.008880668618, -600, 6971.4516842230505, -600], "[0, 3]": [7586.346287947639, -600, 7269.422534629844, 7678.64275029584], "[0, 7]": [-600, 7470.521420924294, 7002.859780505663, 7014.115359739181], "[0, 1]": [7241.450382058714, 7176.104679608072, -600, 7647.645877326966], "[0, 0]": [7297.531606806329, 7469.61714416783, 7192.561588684284, -600], "[1, 3]": [7781.593346294459, 0, 7598.719461723325, 7534.77926864513], "[1, 7]": [0, 7441.1417011330495, 7303.816771203096, 7316.477325957606], "[2, 3]": [7057.273487125751, -600, 6912.135011362545, 7307.927325044739], "[2, 1]": [7712.372887064598, 7335.297289517195, -600, 7264.8305182133245], "[2, 0]": [7441.161220957706, 7674.395459854778, 7315.753445564941, -600], "[1, 0]": [7752.41456977595, 7370.205558058296, 7295.877017715009, -600], "[2, 7]": [-600, 6990.260852066747, 7190.446552080693, 7116.287077756062], "[1, 1]": [7770.978337619115, 7460.85253954684, 0, 7306.405377728503], "[0, 9]": [-600, 6655.560533530989, -600, 5564.456167846627], "[6, 9]": [-600, 7070.996664829402, -600, 6153.803025726661], "[6, 8]": [-600, 7246.8422624585855, 7064.206075805811, -600], "[0, 4]": [4784.773200475426, -600, 7511.650522504208, -600], "[0, 11]": [-600, -600, 7327.503297170788, 7548.543175640866], "[0, 5]": [6772.998127778427, -600, -600, 7693.6050401360435], "[7, 1]": [7326.419607687751, 7239.838863997332, 0, 7221.683541064998], "[7, 16]": [7465.871437405401, 0, 7415.78072032382, 7764.020209268539], "[3, 1]": [7457.262292396189, 7812.070456169314, 0, 7438.274958369652], "[4, 1]": [7305.773321067302, 7474.449463256803, -600, 7305.8677889235805], "[4, 0]": [7498.0932774952, 7542.484861995439, 7531.469426159878, -600], "[4, 7]": [-600, 7362.520006899589, 7752.731827992753, 7446.598730802274], "[3, 7]": [0, 7810.934906646914, 7543.164384046121, 7525.335241529797], "[3, 3]": [7100.517548866511, -600, 7255.928460604431, 7259.917058760876], "[1, 39]": [7884.395878504856, 0, 7713.451769608535, 7723.277982143739], "[6, 11]": [-600, -600, 7474.528673222573, 6928.385256687819], "[7, 7]": [0, 7422.878109795181, 7363.889130250533, 7686.9103141062715], "[7, 0]": [7246.557333826806, 7253.870561501304, 7378.660097571537, -600], "[6, 2]": [6634.145486871475, 7018.157250066025, -600, -600], "[6, 5]": [7255.726419528733, -600, -600, 6829.707085618811], "[7, 3]": [7385.666502850516, 0, 7385.913765839766, 7493.684320457174], "[2, 4]": [7519.499586542746, -600, 6157.707887721744, -600], "[2, 9]": [-600, 5983.249060417113, -600, 7300.3266356907825], "[2, 2]": [6876.108864295325, 7517.1680105730975, -600, -600], "[4, 3]": [7426.409346469299, -600, 7262.787807305345, 7265.2021251209235], "[4, 9]": [-600, 5900.610458225661, -600, 7240.218410858752], "[4, 11]": [-600, -600, 7200.521547166009, 6957.282109234845], "[2, 8]": [-600, 7148.770097491717, 6829.424735437598, -600], "[4, 4]": [7198.719826042824, 5032.053975320849, 6884.465605170151, -600], "[4, 2]": [6972.933815307397, 7275.853738062474, -600, -600], "[5, 3]": [7550.060909825768, 0, 7581.946820226221, 7559.128403084062], "[5, 0]": [7519.435546031565, 7517.588353409061, 7554.897927715568, -600], "[5, 1]": [7093.257756703408, 7233.2614697748795, -600, 7137.45025927214], "[5, 7]": [-600, 7328.450838376379, 7752.584855376342, 7513.080993518837], "[3, 0]": [7559.753567138812, 7831.062732540406, 7365.628975019156, 0], "[0, 2]": [6679.845466409021, 7319.0054072122775, 34.6349527468692, -600], "[2, 5]": [6750.624272927601, -600, -600, 7357.213676606609], "[4, 10]": [-600, 5136.574255489933, -600, -600], "[4, 8]": [-600, 7394.386953822249, 6459.04872729841, -600], "[5, 8]": [-600, 7532.187357927199, 7692.727964190169, -600], "[6, 13]": [-600, -600, -600, 3221.1296028825436], "[3, 29]": [7276.338961027764, 7870.353802902611, 7456.012318161146, 0], "[5, 11]": [-600, -600, 7390.303975881537, 7445.738860779351], "[0, 13]": [-600, -600, -600, 7557.98754163982], "[5, 25]": [0, 7453.117165710892, 7858.714421112289, 7610.913383881962], "[2, 6]": [7453.523715709377, -600, -600, -600], "[5, 4]": [7194.017855093474, -600, 6919.250556942294, -600], "[7, 11]": [-600, -600, 7397.690440343911, 7501.193451195866], "[7, 4]": [5257.961569183978, -600, 7210.181882443242, -600], "[7, 9]": [-600, 7218.335147401582, 1338.9137625889161, 6739.263457069941], "[7, 5]": [7415.131901233936, -600, -600, 7698.761012858642], "[5, 23]": [7391.948265860779, 0, 7870.066192695312, 7394.003997601476], "[3, 32]": [0, 7936.2042775432155, 7536.51880927025, 7616.422701370539], "[3, 30]": [7820.52604582046, 7881.337663008004, 0, 7826.328993165503], "[2, 10]": [224.51532931050463, 3057.116448362912, -600, -600], "[7, 18]": [0, 7677.783009556815, 7667.151840925263, 7931.008165997704], "[5, 22]": [7493.278729165159, 7568.709641050787, 7905.3123628103385, 0], "[1, 9]": [-600, 6097.177459097986, -600, 7014.984683063832], "[1, 37]": [7877.923618001179, 7550.889156593078, 0, 7593.396552361004], "[5, 9]": [-600, 6703.782713576291, 675.2445485921746, 6025.460483109752], "[3, 2]": [7396.79775304257, 7740.255523648243, 185.40992337599596, -600], "[3, 4]": [7027.254472355669, -600, 5660.76099177288, -600], "[1, 36]": [8000.270464205287, 7639.433753117448, 7637.465200636281, 0], "[7, 15]": [7376.127995751222, 7403.491376316101, 0, 7353.499047336447], "[0, 6]": [7351.671470005057, -600, -600, -600], "[4, 5]": [7000.838248232879, -600, -600, 7204.622065611761], "[2, 11]": [-600, -600, 6872.241216195692, 7137.732225790257], "[3, 5]": [7313.906423120954, -600, -600, 7297.327807729727], "[3, 11]": [-600, -600, 7134.05099882797, 7227.621512895377], "[1, 2]": [7669.072957327927, 7477.842093525306, -600, -600], "[2, 13]": [-600, -600, -600, 4780.077937420438], "[4, 6]": [6957.744584916999, -600, -600, -600], "[7, 2]": [7368.708418916576, 7259.053281662377, -600, -600], "[0, 8]": [-600, 7369.2389782343125, 6755.032113897785, 220.47248580709856], "[1, 5]": [7699.102209644849, -600, -600, 7673.889590577002], "[7, 8]": [-600, 7080.192386091554, 7033.798100481085, -600], "[1, 4]": [7648.389026684225, -600, 7124.576408851718, -600], "[0, 12]": [-600, -600, 7371.479181756604, -600], "[3, 9]": [-600, 7716.422216281875, -600, 6884.664454790102], "[3, 12]": [-600, -600, 6617.356451345199, -600], "[6, 10]": [-600, 4883.222228025327, -600, -600], "[4, 12]": [-600, -600, 6704.5443096174995, -600], "[1, 8]": [-600, 6661.3252504896645, 7254.15856561355, -600], "[1, 11]": [-600, -600, 6996.108080199774, 7184.513857547122], "[5, 13]": [-600, -600, -600, 6858.693345583693], "[5, 2]": [7135.689564167084, 7059.181302074947, -600, -600], "[2, 12]": [-600, -600, 6740.667300406876, -600], "[7, 13]": [541.62143527546, -600, -600, 7075.885149026057], "[3, 8]": [-600, 7722.074859063791, 7416.340735347612, -600], "[5, 5]": [7283.038167476507, -600, -600, 7280.408336058385], "[3, 10]": [-600, 7672.679801517669, 478.17670240859866, -600], "[5, 24]": [7264.765663168369, -600, 7079.498236059666, -600], "[3, 31]": [7737.92141068228, 7831.85981671813, -600, -600], "[5, 27]": [-600, -600, 6984.944206973506, 7633.88590157636], "[6, 12]": [-600, -600, 7266.784821705558, -600], "[6, 6]": [5612.874412560484, -600, -600, -600], "[7, 19]": [-600, 7521.013967373515, 966.2368823347756, 7125.17763212671], "[1, 38]": [7672.458623171171, 7444.145667266614, -600, -600], "[1, 12]": [-600, -600, 6870.82006419563, -600], "[1, 40]": [7356.29280162138, 1663.5757364785409, 7041.66727231688, -600], "[4, 13]": [-600, -600, -600, 5805.141286333141], "[1, 10]": [-600, 5787.998948088909, -600, -600], "[7, 17]": [7564.789394816048, -600, -600, 7691.953912737604], "[1, 6]": [7696.036122927582, -600, -600, -600], "[1, 41]": [7917.221806404993, -600, -600, 7854.586994348562],