{"[4, 8]": [-600, 8958.306406420485, 9409.613960858233, -600], "[2, 7]": [0, 9030.022339288276, 8647.060916512355, 8808.302736800602], "[2, 3]": [8778.180063130125, 0, 8703.438856284423, 9285.358169103083], "[2, 1]": [8940.442189773014, 9134.464506294398, 0, 8859.304137503095], "[2, 0]": [8809.851904280933, 9220.694809569974, 8184.026136937611, 0], "[2, 9]": [-600, 6619.571651823029, -600, 5761.990842252173], "[2, 2]": [9417.349184684901, 8362.259727547851, 251.46746674219798, -600], "[2, 5]": [8261.12022687821, -600, 380.76410856395546, 8769.259806111728], "[1, 0]": [8696.758856552528, 9170.545709763652, 8653.977851459806, 0], "[1, 9]": [-600, 5407.251000131841, -600, 6854.947595232881], "[6, 1]": [8667.214046875224, 8925.464092639402, 0, 8052.325811029871], "[6, 0]": [8806.609513747282, 9406.843223741456, 9069.427166072357, 0], "[6, 7]": [0, 9059.3052851495, 9043.920810216023, 9350.247617481338], "[6, 4]": [7813.2889533208145, -600, 9344.521786986987, 494.7215961315728], "[7, 11]": [-600, -600, 8138.473753898685, 9477.78888065634], "[7, 3]": [8882.3334060872, 0, 8614.831785479237, 9746.344435354627], "[0, 7]": [0, 8751.70290761495, 8491.475077558522, 8658.174592694726], "[0, 3]": [8884.129021394101, 0, 8437.609799326367, 9217.304482545145], "[1, 39]": [8773.16340375036, 0, 8759.88018358274, 9315.48101786415], "[2, 4]": [9384.273950418405, -600, 7600.967054278619, -600], "[6, 3]": [8531.106988884823, 0, 9134.862932387467, 9433.12324343901], "[6, 5]": [8319.873021250922, 470.62492376541104, -600, 8745.858542052896], "[1, 3]": [8786.033654877341, 0, 8797.265065963573, 9360.43552305537], "[1, 7]": [0, 8812.445921635588, 8631.866541381949, 8691.886528492923], "[0, 0]": [9216.122910158949, 8851.890278654475, 8376.864750332656, 0], "[0, 9]": [-600, 7283.152083260395, -600, 5548.166028958969], "[5, 11]": [-600, -600, 9034.736725592435, 9249.519793101566], "[4, 11]": [-600, -600, 9427.976273982084, 8289.731541808915], "[3, 1]": [9212.80465049351, 9527.662537055392, 0, 9248.945858494873], "[4, 1]": [8837.108666935032, 9161.121570506388, 0, 8876.264177004077], "[4, 4]": [7863.153207095142, -600, 9475.666741852821, -600], "[1, 37]": [9094.020547480804, 9123.50843454733, 0, 9086.074023569972], "[3, 30]": [9043.730276025948, 7924.472867088452, 0, 8704.701664996832], "[0, 2]": [8038.067033575666, 9074.822209400516, -600, -600], "[0, 1]": [8934.222334563778, 8984.668866749465, 0, 9151.98616758295], "[0, 5]": [9049.713024179817, -600, -600, 8311.369988661518], "[0, 11]": [-600, -600, 7937.0895791893645, 8571.692506121595], "[0, 8]": [-600, 7643.513367884465, 8077.695250759574, -600], "[7, 1]": [9022.688402159696, 8953.39207027497, 0, 9376.355245147597], "[7, 0]": [8036.369382914473, 8270.111059507453, 8599.12999020177, 0], "[6, 9]": [-600, 8021.041881338025, 653.9726555964326, 6337.752633348946], "[6, 8]": [344.24853116247016, 8256.106817987788, 9194.00062822971, 404.0076354048165], "[6, 12]": [-600, -600, 6785.3601881494715, -600], "[1, 1]": [8893.507196270639, 9057.014088334128, 0, 9217.494710625891], "[2, 8]": [-600, 8614.231371111504, 8477.975610049281, -600], "[5, 0]": [9042.141842943225, 9420.377489112303, 8838.682488660723, 0], "[5, 3]": [9073.391589784133, 0, 9154.042028163432, 9520.500774853177], "[5, 1]": [8942.41266078616, 8962.203090120984, 0, 9077.813350488046], "[5, 9]": [-600, 7170.875753358255, -600, 8012.868040291102], "[6, 11]": [-600, -600, 8814.535211441333, 9277.383167770216], "[5, 24]": [7764.319852812354, -600, 9378.275046557132, -600], "[5, 10]": [-600, 6420.73039772244, -600, -600], "[5, 12]": [-600, -600, 9259.68762265355, -600], "[5, 26]": [-600, 9045.361471427266, 9406.016320224573, -600], "[4, 0]": [8978.956731467673, 9377.958556833748, 9044.538422453266, 0], "[4, 2]": [8398.047075923027, 9072.482331413823, -600, -600], "[4, 6]": [7162.359210498463, 397.7253801361121, -600, -600], "[4, 10]": [-600, 6817.492824223428, -600, -600], "[7, 7]": [0, 9126.153062688913, 9153.83752764604, 9544.040727328987], "[1, 8]": [-600, 8183.175051994935, 8108.488166554078, -600], "[1, 10]": [-600, 5269.123600609387, -600, -600], "[3, 3]": [8380.967145680632, 0, 8653.467327603157, 8527.914056584508], "[2, 10]": [388.46438529496027, 3439.3761741617163, -600, -600], "[7, 16]": [9046.621390691509, 0, 8502.698682777122, 9792.489745868428], "[6, 6]": [6565.598790235457, -600, -600, -600], "[4, 9]": [-600, 7846.985903100175, -600, 6826.985070609229], "[4, 12]": [-600, -600, 8903.95770195577, -600], "[7, 15]": [9354.023907601895, 9389.861317228742, 0, 9405.22683035725], "[2, 11]": [-600, -600, 8088.703546832216, 8455.517382098671], "[0, 4]": [8981.007746346451, -600, 7962.25776619876, -600], "[0, 13]": [401.1996221230726, -600, -600, 2958.8735091055787], "[4, 3]": [8836.381851809978, 0, 8641.02317757397, 9528.332403249977], "[4, 7]": [0, 9243.926110481394, 9222.682316640441, 9502.284676653046], "[5, 22]": [8926.702661608657, 9369.886135515222, 8016.008971592065, 0], "[7, 4]": [6302.20816114537, -600, 7005.771455878446, -600], "[7, 5]": [8763.520688526014, -600, -600, 9587.003041725242], "[5, 25]": [0, 8823.019077261315, 9531.021513482863, 9334.196149612564], "[5, 4]": [8559.960448149493, -600, 9237.11872861098, -600], "[5, 8]": [-600, 9093.433365518065, 8751.15515016566, -600], "[5, 23]": [9203.208347333535, 0, 9235.700390005895, 9466.3878529116], "[5, 7]": [0, 9173.089829493605, 9088.958918706998, 9337.225286433011], "[3, 29]": [9112.102997924694, 9672.866844405526, 8839.32360368411, 0], "[0, 6]": [7407.275128999079, 318.154273160136, -600, -600], "[1, 2]": [9137.773949992154, 8136.456126903516, -600, -600], "[3, 9]": [-600, 9496.414102029974, -600, 8108.968300831269], "[3, 8]": [-600, 9586.626274101383, 9185.247731523408, -600], "[1, 36]": [8951.266490137532, 9205.548349250248, 9068.451817010739, 0], "[7, 21]": [-600, -600, -600, 7426.6398709912855], "[6, 13]": [-600, -600, -600, 4564.921278576039], "[3, 34]": [-600, 8013.593491504089, -600, 7487.500818241605], "[3, 11]": [-600, -600, 8669.16864798033, 8567.3078138935], "[3, 10]": [-600, 9298.852159566288, -600, -600], "[1, 5]": [9139.201939188686, -600, -600, 9030.3096149458], "[3, 33]": [-600, 9604.65487969837, 9200.429373312165, -600], "[1, 38]": [9082.041888844395, 9170.70553727585, -600, -600], "[3, 0]": [8656.960384316497, 9614.550374353792, 8969.665919394625, 0], "[3, 2]": [8701.490243723265, 9611.384860019158, -600, -600], "[3, 32]": [0, 9414.085761058279, 9130.35143184594, 9001.627964673637], "[7, 9]": [-600, 8865.502075806025, -600, 9409.124306869473], "[7, 8]": [-600, 8119.860999167026, 8661.050565650821, -600], "[3, 7]": [0, 9529.064370449449, 9094.404389298199, 9077.705340519018], "[7, 20]": [-600, -600, 8804.90462176634, 9299.51194551016], "[2, 6]": [8008.618509669114, -600, -600, -600], "[7, 18]": [0, 8556.196574854592, 8581.4564641502, 9428.771971481825], "[0, 12]": [-600, -600, 6791.645263018035, -600], "[3, 4]": [6665.247699271082, -600, 7609.5934784041065, -600], "[6, 2]": [8085.318876708832, 7743.166055358127, 408.22133230093186, -600], "[5, 5]": [8600.022324460822, -600, -600, 8276.032720360912], "[1, 4]": [9148.39657254492, -600, 8133.8699013013465, -600], "[6, 10]": [-600, 6444.583242337926, -600, -600], "[3, 12]": [-600, -600, 8037.352108467362, -600], "[4, 14]": [-600, -600, -600, -600], "[7, 17]": [7991.632153754605, -600, -600, 9233.443659530843], "[4, 5]": [7628.063524909317, -600, 414.7491438447819, 8456.25187791978], "[7, 12]": [-600, -600, 7699.632603715491, -600], "[3, 31]": [8874.17988969319, 9533.636963174711, 648.8134921842618, -600], "[3, 5]": [8322.955381161206, -600, -600, 8646.827049391562], "[2, 13]": [-600, -600, -600, 2926.4826075164315], "[7, 19]": [-600, 6998.140707378241, -600, 8618.24943319556], "[5, 2]": [8632.87134454215, 8631.610970191436, -600, -600], "[5, 13]": [-600, -600, -600, 4189.731444128844], "[7, 2]": [8489.792848895144, 8950.162823000337, -600, -600], "[1, 40]": [8887.708774588331, -600, 7609.926505058407, -600],