{"[5, 1]": [35.23562632230039, 60.207804833853714, -600, 1131.6567300516058], "[6, 0]": [683.4304704411425, 729.3786583353168, 1556.4308032530232, -600], "[6, 7]": [-600, 1244.631514562346, 1385.1530417394888, 1691.8163214539932], "[6, 1]": [652.3298253354282, 585.7073965790316, -600, 1588.297198597159], "[6, 3]": [1225.1466187299393, -600, 1690.0163287491723, 1379.8400884150462], "[6, 9]": [-600, 114.54696384410151, -597.9266475230583, 1457.9205143446084], "[6, 8]": [-600, 408.8171334140773, 1542.132972626247, -600], "[4, 9]": [-600, 1429.501942594354, -600, 114.4488409981054], "[4, 8]": [-600, 1709.090771971805, 1214.477143444977, -600], "[4, 7]": [-600, 1719.8459611943983, 1410.206188971311, 1254.2360544789874], "[4, 0]": [1256.8562377440505, 1417.691721842575, 1715.9250217922438, -600], "[4, 11]": [-600, -600, 1533.9075213311535, 410.40903359682915], "[7, 7]": [-600, 302.4403586481732, 513.2048343313347, 1859.6439037345763], "[7, 3]": [1309.4342986236602, -600, 1239.036100351581, 1924.974705249697], "[0, 7]": [-600, 645.3188282103791, 660.8342271916393, 1560.5084221934717], "[0, 3]": [1641.4741377820176, -600, 1167.877560294698, 1329.736564706189], "[0, 1]": [1354.705723036966, 1176.3581228077974, -600, 1637.8838871960409], "[0, 0]": [1490.8446456526055, 662.644052031236, 649.0883929438787, -600], "[7, 1]": [591.7706143508485, 309.0290755184993, -600, 1871.197562889463], "[7, 0]": [1221.2978170236297, 29.14562071692428, 69.61129738184874, -600], "[5, 3]": [199.97254586054984, -600, 1878.2665884309836, 525.0305698072717], "[4, 3]": [606.0061172918543, -600, 1626.232873096819, 687.5206368178016], "[4, 1]": [651.7293491679535, 1558.6969447190013, -600, 580.2156825822406], "[5, 0]": [280.13205946222564, 543.9952695023759, 1884.6379589736612, -600], "[5, 7]": [-600, 1305.346208689214, 1921.9771889272197, 1391.3933058091145], "[2, 3]": [1558.6728411636616, -600, 581.9763026772316, 649.5388767139033], "[2, 7]": [-600, 1547.7810472505794, 698.9505683443132, 687.6598192933689], "[2, 1]": [1352.9434351790633, 1660.8482753528351, -600, 1190.858371880393], "[2, 0]": [1656.243158819467, 1353.242741062467, 1207.6146416780116, -600], "[1, 0]": [1817.951307877192, 506.41486916941085, 271.28881669822226, -600], "[1, 7]": [-600, 61.467892586115184, 24.91363665132655, 1201.349903951214], "[1, 3]": [1817.6684774373346, -600, 226.28933730285118, 511.3091016419971], "[2, 4]": [1447.6061345360272, -600, 113.04415902538419, -600], "[2, 8]": [-600, 1526.4145633012695, 441.0678341744882, -600], "[2, 9]": [-600, 787.8801697294308, -600, 32.51204671629513], "[2, 2]": [1650.0522645913973, 1148.4525339170473, -600, -600], "[1, 1]": [1904.1483341966332, 1173.04341631027, -600, 1236.0730586604293], "[3, 1]": [563.6525773077619, 1847.1675764060437, -600, 218.1581901702547], "[3, 3]": [50.72817489424882, -600, 1098.8029221139177, 23.321386274237096], "[3, 7]": [-600, 1830.2517678231545, 487.4184545593055, 223.62242401766326], "[0, 4]": [817.4427983640376, -600, 37.90416345410199, -600], "[0, 11]": [-600, -600, 352.403179410339, 1413.3670132045272], "[5, 11]": [-600, -600, 1842.6981992005367, 431.427486139279], "[6, 4]": [39.07855433690521, -600, 927.6475413629183, -600], "[3, 32]": [0, 1845.281513656368, 154.02865801167334, 55.80464054960978], "[5, 23]": [60.89938865496438, 0, 1855.7581421027025, 188.23483741622888], "[3, 29]": [838.2769816807565, 1964.6847937434595, 809.4113614604288, 0], "[1, 36]": [1841.9655753149052, 155.8755990441142, 83.78246599252448, 0], "[4, 2]": [350.1944480949285, 1549.2228747202464, -600, -600], "[6, 11]": [-600, -600, 1171.3535015773627, 1684.591457295312], "[5, 8]": [-600, 572.0958033828168, 1847.3459044288384, -600], "[5, 2]": [24.269908453630805, 1078.934717124783, -600, -598.4633931984902], "[4, 5]": [1258.9661980384724, -593.9374632798994, -600, 123.32271774538147], "[5, 25]": [0, 863.0941238956599, 2000.2638771587335, 925.3517583477892], "[7, 18]": [0, 97.13698126957773, 169.0653597056575, 1859.1285447852144], "[3, 11]": [-600, -600, 928.3401149830439, 21.455669282244557], "[2, 5]": [1428.808595782102, -600, -600, 345.04292054061796], "[0, 5]": [1618.6517191039907, -600, -600, 1037.4685312688841], "[7, 5]": [340.18659466890693, -598.2204371230788, -600, 1820.773680246727], "[4, 4]": [123.28622632820539, -600, 1547.086739976, -600], "[7, 4]": [1.9262334147186995, -600, 311.85054122124114, -600], "[0, 13]": [-600, -600, -600, 1533.8035195579844], "[6, 5]": [351.96245317170167, -598.073642348903, -600, 1495.1812625403513], "[0, 9]": [-600, 9.711448878516881, -600, 717.73390950499], "[3, 8]": [-600, 1715.3253300830975, 445.2562937339309, -600], "[2, 10]": [-600, 1586.1074205804728, -600, -600], "[3, 0]": [1314.9850744821542, 1898.3534435206539, 1277.0402474938717, -600], "[0, 2]": [1471.871483335215, 339.2001991000237, -600, -600], "[5, 4]": [6.548476478377933, -600, 1533.141534722078, -600], "[1, 5]": [1654.4457408102835, -600, -598.6560905963452, 254.64485283942554], "[1, 37]": [1956.2316190394681, 741.4743599914191, 0, 766.6539618892583], "[3, 33]": [-600, 1836.2961970131123, 116.5280045777631, -600], "[5, 22]": [86.10775539509297, 177.95669796928738, 1876.4576421135794, 0], "[0, 8]": [-600, 1315.2814514102693, 178.7504843153001, -600], "[5, 9]": [-600, 4.948025409937978, -600, 634.1004963184065], "[2, 13]": [-600, -600, -600, 1280.479345446341], "[1, 2]": [1697.5974711851977, 379.5309398172929, -600, -600], "[3, 30]": [152.78942586233674, 1851.4887354402395, 0, 61.732316826170106], "[2, 11]": [-600, -600, 1341.8737392240914, 158.94663239815978], "[3, 5]": [827.5341045575015, -600, -600, 13.755136955661634], "[0, 6]": [1475.1561565763043, -600, -600, -600], "[1, 39]": [1841.7542278146987, 0, 58.94161769935895, 159.38477656256728], "[4, 10]": [-600, 1548.1295371942238, -597.7120500205152, -600], "[3, 2]": [412.40691903770715, 1820.2357168828203, -597.8619364923915, -600], "[2, 6]": [1466.181114707972, -600, -600, -600], "[3, 4]": [9.250472370366762, -600, 573.9566939081664, -600], "[1, 13]": [-600, -600, -598.87987860579, 838.1627650723946], "[1, 9]": [-600, 4.8547622418344965, -600, 143.19076089106147], "[5, 10]": [-600, 909.9959725406803, -600, -600], "[6, 12]": [-600, -600, 1602.6836643152706, -600], "[7, 15]": [164.87954709413185, 83.12323498449136, 0, 1870.6548704878103], "[7, 16]": [833.0422430535695, 0, 801.4040666584638, 1985.8304327110288], "[6, 2]": [182.45969660709466, 1354.8917224207707, -600, -600], "[5, 27]": [-600, -600, 1735.068595322015, 71.97821604669063], "[5, 5]": [13.42602561044836, -600, -600, 789.7145854694426], "[4, 12]": [-600, -600, 1641.9589586316401, -600], "[3, 9]": [-600, 1411.317881372349, -600, 4.7135472793760345], "[7, 2]": [1218.7913721756536, 46.688145597478126, -600, -600], "[7, 9]": [-600, 13.564069573140094, -599.0117473579022, 1475.6402551846124], "[2, 12]": [-600, -600, 1333.0185154507064, -600], "[6, 13]": [-600, -600, -600, 1475.604477577683], "[4, 6]": [1184.3225837700086, -600, -600, -600], "[7, 11]": [-600, -600, 447.5287317051755, 1729.533079244309], "[1, 4]": [1307.1637223061603, -600, 9.347942099218908, -600], "[1, 10]": [-600, 825.3605657276173, -600, -600], "[3, 34]": [-600, 859.2014769221508, 0, 3.6366093285005494], "[1, 38]": [1764.530021197164, 95.65782077491092, -598.6289819212257, -600], "[1, 8]": [-600, 1145.8763921903972, 42.97062775537648, -600], "[1, 11]": [-600, -600, 20.147977824240815, 991.2377493906492], "[0, 12]": [-600, -600, 1328.8314584756718, -600], "[6, 6]": [1350.3320093070581, -600, -600, -600], "[7, 20]": [-600, -600, 107.64827560300243, 1831.4767364182346], "[0, 10]": [-600, 1186.5776896414457, -600, -600], "[5, 12]": [-600, -600, 1697.5822031513383, -600], "[5, 26]": [-600, 118.67566790589572, 1884.968846144428, -600], "[4, 13]": [-600, -600, -600, 1364.7378554856966], "[7, 8]": [-600, 54.4103089999157, 1241.5582635614041, -600], "[1, 40]": [745.273121920839, 0, 3.997349569783169, -600], "[6, 10]": [-600, 1324.6454843101149, -600, -600],