{"[5, 1]": [34.180789657719544, 60.207804833853714, -600, 1036.8931324295522], "[6, 0]": [671.0400559783193, 716.1528894753642, 1478.657613602954, -600], "[6, 7]": [-600, 1220.9288775504383, 1358.7026039637822, 1610.4793954744935], "[6, 1]": [643.2824215505468, 577.4371438741963, -600, 1516.9807162149693], "[6, 3]": [1204.4803266962203, -600, 1617.8957561936288, 1356.2917404792204], "[6, 9]": [-600, 110.6313853807747, -597.9266475230583, 1370.898480420916], "[6, 8]": [-600, 406.5783337123815, 1480.5009945860245, -600], "[4, 9]": [-600, 1350.9160915143225, -600, 110.21506007508584], "[4, 8]": [-600, 1642.4491913807424, 1185.6563612693374, -600], "[4, 7]": [-600, 1653.2337834864677, 1387.107753131666, 1235.58164628168], "[4, 0]": [1231.7125606944423, 1398.0484627782132, 1646.5392655865421, -600], "[4, 11]": [-600, -600, 1491.2153293551826, 401.2110523294868], "[7, 7]": [-600, 297.14026550030275, 503.73782514656693, 1782.940024734557], "[7, 3]": [1282.998453302517, -600, 1213.2148877958339, 1859.8433660773358], "[0, 7]": [-600, 631.3286471771509, 648.6119050772112, 1492.680237745221], "[0, 3]": [1571.0839116609995, -600, 1141.7535744264437, 1303.8101924399211], "[0, 1]": [1327.577580419964, 1152.9694022006402, -600, 1563.4890783173616], "[0, 0]": [1418.0211079074404, 654.1864772443085, 633.8153779664249, -600], "[7, 1]": [576.8432165917593, 303.35240266503513, -600, 1806.1665502599915], "[7, 0]": [1132.504331863665, 29.14562071692428, 68.44202077527778, -600], "[5, 3]": [198.29507000949877, -600, 1813.4467455301772, 517.6680443489374], "[4, 3]": [596.5477476936744, -600, 1561.3885675094805, 675.9029082617495], "[4, 1]": [636.780468518945, 1494.566219335009, -600, 572.6064537357871], "[5, 0]": [268.7319494046357, 533.7009210788023, 1811.1931409134138, -600], "[5, 7]": [-600, 1280.329593865713, 1861.3239000284002, 1363.85251155713], "[2, 3]": [1494.8057253607121, -600, 572.9000813459144, 639.1408806404496], "[2, 7]": [-600, 1494.0519586440466, 685.7192932913237, 678.0164765946125], "[2, 1]": [1328.2426904634315, 1593.1808697610327, -600, 1171.5920144745182], "[2, 0]": [1594.0269173047004, 1333.8714174185084, 1185.357697132009, -600], "[1, 0]": [1756.8688772405196, 495.9494840826266, 264.8425410650339, -600], "[1, 7]": [-600, 60.089317267274744, 22.61791849544923, 1090.757513855004], "[1, 3]": [1756.6422357932477, -600, 215.89294306521015, 506.18420952243815], "[2, 4]": [1352.7214294058606, -600, 111.70376453888395, -600], "[2, 8]": [-600, 1455.218332859166, 430.35556555374166, -600], "[2, 9]": [-600, 736.7335886004851, -600, 31.353475285469415], "[2, 2]": [1585.256260907441, 1116.3620164226475, -600, -600], "[1, 1]": [1838.3651910954973, 1150.6617664657347, -600, 1213.3672770004782], "[3, 1]": [553.2622187917589, 1792.1632269640697, -600, 208.96206645964418], "[3, 3]": [50.72817489424882, -600, 999.3897186083357, 23.321386274237096], "[3, 7]": [-600, 1772.492074533788, 475.64295983635026, 214.47611979023938], "[0, 4]": [748.0591650033937, -600, 35.20237052730343, -600], "[0, 11]": [-600, -600, 339.8305166763453, 1359.836838513149], "[5, 11]": [-600, -600, 1768.6914549009766, 422.2793211827687], "[6, 4]": [33.465624252806805, -600, 833.5559545603722, -600], "[3, 32]": [0, 1753.509242893897, 151.33275228935682, 54.260444026826626], "[5, 23]": [60.24019559255673, 0, 1764.2428657200242, 182.60841422250235], "[3, 29]": [820.9736585599957, 1893.1406815356802, 795.5917819624167, 0], "[1, 36]": [1754.2007851310639, 155.8755990441142, 82.83866390865522, 0], "[4, 2]": [342.2757935755565, 1482.9793520929238, -600, -600], "[6, 11]": [-600, -600, 1141.5978452940046, 1602.8163463395633], "[5, 8]": [-600, 562.7110701445631, 1776.8706701748035, -600], "[5, 2]": [23.184073254945442, 976.2392927861476, -600, -598.4633931984902], "[4, 5]": [1152.8768902517713, -596.0205569479988, -600, 114.9072062758302], "[5, 25]": [0, 845.7064167486299, 1929.1114137742468, 903.2820093341873], "[7, 18]": [0, 95.72144684247023, 166.3491578937976, 1762.2402306554904], "[3, 11]": [-600, -600, 824.6515622023202, 21.455669282244557], "[2, 5]": [1374.087103867906, -600, -600, 339.40196073787274], "[0, 5]": [1550.5418084833937, -600, -600, 1009.9253526583221], "[7, 5]": [333.20889713225324, -598.7022860363082, -600, 1738.7657587250199], "[4, 4]": [120.58053628723812, -600, 1464.1930806853802, -600], "[7, 4]": [1.9262334147186995, -600, 223.6394064948366, -600], "[0, 13]": [-600, -600, -600, 1465.0480482126445], "[6, 5]": [346.07097468217967, -600, -600, 1425.6365029157785], "[0, 9]": [-600, 9.711448878516881, -600, 670.9614081806737], "[3, 8]": [-600, 1654.6979772890597, 437.5220760049941, -600], "[2, 10]": [-600, 1500.6271582442573, -600, -600], "[3, 0]": [1293.44616709222, 1828.812623943172, 1248.661311219007, -600], "[0, 2]": [1393.7674036821927, 330.3174217174382, -600, -600], "[5, 4]": [6.310942496223349, -600, 1407.003096150801, -600], "[1, 5]": [1593.8268171744642, -600, -600, 252.06625404095968], "[1, 37]": [1887.293374809225, 716.741929579232, 0, 754.0674054850192], "[3, 33]": [-600, 1751.2595674015502, 113.73137180671017, -600], "[5, 22]": [83.21891455124054, 171.31200106640196, 1785.6737526250608, 0], "[0, 8]": [-600, 1228.5539336906772, 169.3437160795178, -600], "[5, 9]": [-600, 4.948025409937978, -600, 519.2215094323267], "[2, 13]": [-600, -600, -600, 1129.2517526839008], "[1, 2]": [1624.5096826282006, 370.9596496453114, -598.3881886058823, -600], "[3, 30]": [150.20225149807266, 1763.1071967039052, 0, 61.02992173184019], "[2, 11]": [-600, -600, 1238.3938838020595, 152.5957737966054], "[3, 5]": [757.952216463892, -600, -600, 13.755136955661634], "[0, 6]": [1369.8322185535674, -600, -600, -600], "[1, 39]": [1758.310057095271, 0, 58.112732424840864, 156.66437975206685], "[4, 10]": [-600, 1449.3545349858277, -600, -600], "[3, 2]": [403.538146570031, 1750.710226464244, -600, -600], "[2, 6]": [1376.600454160267, -600, -600, -600], "[3, 4]": [9.250472370366762, -600, 476.26333411295593, -600], "[1, 13]": [-600, -600, -598.87987860579, 702.9754773351236], "[1, 9]": [-600, 4.8547622418344965, -600, 95.54222454798195], "[5, 10]": [-600, 762.2584826499153, -600, -600], "[6, 12]": [-600, -600, 1525.3793263678128, -600], "[7, 15]": [163.6730446540382, 80.97577550944852, 0, 1782.4740721704811], "[7, 16]": [812.7266723144207, 0, 775.9704723195995, 1916.374867539806], "[6, 2]": [177.01311369060335, 1281.7076769403568, -600, -600], "[5, 27]": [-600, -600, 1640.8751801990252, 70.4835303704217], "[5, 5]": [13.42602561044836, -600, -600, 723.078626749811], "[4, 12]": [-600, -600, 1556.9015937535287, -600], "[3, 9]": [-600, 1313.5964101870002, -600, 4.264316060143447], "[7, 2]": [1107.4324001976956, 46.443421982398036, -600, -600], "[7, 9]": [-600, 12.292895316641884, -599.0117473579022, 1345.07917345858], "[2, 12]": [-600, -600, 1172.268731613454, -600], "[6, 13]": [-600, -600, -600, 1386.6406976694902], "[4, 6]": [1028.1036190625462, -600, -600, -600], "[7, 11]": [-600, -600, 438.05759571284557, 1665.1745451286367], "[1, 4]": [1191.66556099715, -600, 9.347942099218908, -600], "[1, 10]": [-600, 687.5623120313813, -600, -600], "[3, 34]": [-600, 786.4257412312453, 0, 3.6366093285005494], "[1, 38]": [1664.7743917998168, 94.3264631464499, -598.6289819212257, -600], "[1, 8]": [-600, 1024.1354949346646, 37.65854852637163, -600], "[1, 11]": [-600, -600, 14.6742199167899, 871.8889412266416], "[0, 12]": [-600, -600, 1193.999037075982, -600], "[6, 6]": [1212.8795399106743, -600, -600, -600], "[7, 20]": [-600, -600, 106.24307345821298, 1733.2457236888033], "[0, 10]": [-600, 1034.788229163293, -600, -600], "[5, 12]": [-600, -600, 1565.2418261859225, -600], "[5, 26]": [-600, 115.94080424362245, 1796.6458235612315, -600], "[4, 13]": [-600, -600, -600, 1233.817209146753], "[7, 8]": [-600, 52.180989077942435, 1137.921747731821, -600], "[1, 40]": [669.9391160414557, 0, 3.997349569783169, -600], "[6, 10]": [-600, 1194.107067175877, -600, -600], "[7, 19]": [-600, 5.472685718938553, 0, 799.3281825776819],