{"[6, 7]": [0, 76.26804090785619, 191.89640041742362, 4.4021572544938365], "[6, 0]": [16.811018050255182, 25.999689111419144, 90.84043754266955, -4000], "[7, 7]": [0, -55.786003574024356, 82.56834692944398, 243.45079288719393], "[7, 3]": [26.550183314559263, -4000, -74.64085981228686, 293.7027580991447], "[7, 16]": [63.82650607130951, 0, 42.27473070184669, 482.23565339381264], "[6, 1]": [-36.0689537940534, 40.43155882405888, -4000, -49.65163681895459], "[5, 23]": [62.18080437971709, 0, 520.9164925259108, 116.28363265597093], "[5, 1]": [-23.028640935471767, -95.3271575680229, -4000, -143.30714547142688], "[4, 3]": [40.11278034580579, -4000, -191.9943733132232, -175.49036522839944], "[4, 1]": [45.27216770810921, -18.389421213643715, -4000, -7.053740708643745], "[5, 0]": [-4.253397103032246, 22.371854844394363, 313.3269592721069, -4000], "[5, 7]": [0, 84.30832900234014, 355.24534778119755, 15.283881928395946], "[6, 3]": [64.15386473056178, -4000, 175.70331560206594, 90.73748956175913], "[5, 3]": [-19.925308840148887, -4000, 301.58221253712986, 22.06921329104123], "[4, 0]": [47.83611294831156, 194.14053526676716, 83.51088441544637, -4000], "[4, 7]": [0, 191.73210145764065, 136.95313300754492, 71.26888615569547], "[4, 9]": [-4000, 15.002621518579303, -4000, -402.03131651153626], "[4, 8]": [-4000, 12.977400385156304, 51.1631895848277, -4000], "[2, 1]": [99.95445368951155, 171.2125578887289, -4000, 51.92743461183036], "[2, 3]": [-18.35349689870537, -4000, -45.673594532852064, 64.45726923276769], "[2, 4]": [91.90368425650918, -4000, -390.80877671521927, -4000], "[2, 0]": [136.75304017485658, 172.16340949487477, -17.530015007244305, -4000], "[2, 9]": [-4000, -318.64207785892745, -4000, -1175.9181128480132], "[2, 5]": [-154.47716683213753, -3586.9950330599772, -4000, -15.562973174172619], "[2, 10]": [-4000, -1086.1273803435633, -4000, -4000], "[3, 32]": [0, 484.7226935456853, 120.83589759756416, 57.37931881535567], "[7, 11]": [-4000, -4000, -183.3487306609842, 193.69461359713534], "[6, 5]": [-266.6881485292995, -4000, -4000, -108.008691838791], "[6, 2]": [-15.493560023568172, -230.88490473401066, -4000, -4000], "[7, 8]": [-4000, -48.370759143849305, -229.6094167507846, -4000], "[7, 0]": [-5.853495347070435, -146.49581828413994, -159.08013432397692, -4000], "[6, 4]": [-715.2079790504432, -4000, 43.65771963646857, -4000], "[2, 7]": [-4000, -112.998720563935, -98.05545843503792, 38.11209765213516], "[3, 1]": [76.52001879804799, 207.34933376418786, -4000, 1.569001410045892], "[3, 3]": [-84.96712595838804, -4000, 7.524785348509153, -64.05692086736548], "[6, 9]": [-4000, 29.710200092390256, -3208.89673698314, -395.688368435635], "[6, 11]": [-4000, -4000, 14.199560078306927, 103.47639843949467], "[7, 18]": [0, 60.054928016812056, 144.25887847601797, 524.9523480813632], "[0, 7]": [-4000, -119.96328276964518, -105.28537802561085, 155.82198034453413], "[0, 3]": [84.52911029637694, -4000, 48.1349332527797, 217.36249733244432], "[0, 1]": [227.89060119856512, 8.439364132130322, -4000, 27.516395897332107], "[1, 39]": [517.41517294217, 0, 83.07806993675773, 75.33339500478652], "[5, 25]": [0, 51.82439830185708, 535.3403274685835, 51.40032961084119], "[0, 8]": [-4000, -99.19228621756572, -609.4830262303194, -4000], "[0, 0]": [-1.7052239639793996, 31.384969344360993, -46.276479542122814, -4000], "[0, 9]": [-4000, -1014.0331403165808, -4000, -563.2151088670659], "[0, 2]": [-145.7665910243317, -388.50601923918873, -4000, -4000], "[7, 15]": [89.13633908944018, 75.15997757541065, 0, 487.13855166377846], "[6, 8]": [-4000, 51.09971600004787, -163.9087675264719, -4000], "[1, 3]": [304.77365795350084, -4000, -183.04386685106422, 16.010422892170453], "[2, 8]": [-4000, 8.154474632795036, -245.20710285411477, -4000], "[3, 7]": [-4000, 282.0387897665988, 72.01104098901028, 1.1298122888662006], "[4, 4]": [-52.87143326842362, -4000, -711.3301741227347, -4000], "[3, 2]": [1.4444893621796642, 139.03934462573082, -4000, -4000], "[3, 0]": [54.838757916415474, 270.56375603219664, 29.712900655619464, 0], "[3, 30]": [125.06061856055761, 567.2303754581881, 0, 83.54856048005371], "[2, 11]": [-4000, -4000, -400.1171802298117, -33.28637881693405], "[2, 2]": [9.301544608063658, 120.74580844250306, -4000, -4000], "[7, 1]": [39.46117721039147, -4.594345839813425, -4000, 284.0581854417686], "[0, 5]": [-277.8437934432055, -4000, -4000, 144.7331962371299], "[1, 0]": [269.14489651252387, 89.64357728850808, -48.619381721474284, -4000], "[1, 1]": [211.0292055267783, 1.640528390360291, 0, 39.85676923547299], "[3, 9]": [-4000, 248.89184494792772, -4000, -283.4379244857584], "[3, 33]": [-4000, 490.3470274675235, 174.64802848598367, -4000], "[1, 7]": [-4000, -98.381881866969, -120.30942562511416, 40.740464100604896], "[1, 2]": [270.6117364220782, -8.652604161325023, -4000, -4000], "[1, 37]": [482.8324257895498, 12.699987213386281, 0, 52.685902513076705], "[0, 4]": [-927.6786818348882, -4000, 46.32162812949247, -4000], "[0, 11]": [-4000, -4000, -20.37822920246642, 69.22870538886697], "[3, 8]": [-4000, 213.58416888417247, 0.911225249732293, -4000], "[5, 11]": [-4000, -4000, 190.8238551792202, 34.00429232789186], "[5, 22]": [-30.01984569205605, 113.27228646556938, 518.8380393006343, 0], "[3, 29]": [63.11888188328719, 497.41843587419214, 12.53559400766969, 0], "[1, 36]": [480.89211893895725, 105.82536134308093, 13.005469031009929, 0], "[7, 5]": [73.23407907260696, -4000, -4000, 200.5697711909187], "[4, 2]": [-116.11343196258349, 76.89416813915736, -4000, -4000], "[3, 5]": [-269.69045749350465, -4000, -4000, -67.23216670188769], "[4, 13]": [-4000, -4000, -4000, -625.323120247158], "[4, 11]": [-4000, -4000, -401.0333547402923, -250.7962321313227], "[7, 9]": [-4000, -189.77669035020264, -3593.839406196484, 164.43765665024122], "[7, 4]": [-1112.6405540528351, -4000, -10.939049074067437, -4000], "[6, 13]": [-4000, -4000, -4000, -1365.9333324526046], "[1, 8]": [-4000, -224.09368855982055, -184.7411868531049, -4000], "[5, 9]": [-4000, 0.5614170969198016, -4000, -1034.8444526048704], "[5, 4]": [-373.7268136549581, -3204.300204046054, 66.68487503877793, -4000], "[3, 31]": [150.33818090399996, 426.3774835503158, -4000, -4000], "[2, 12]": [-3601.429086618886, -4000, -189.94231014979056, -4000], "[1, 4]": [237.47432086440273, -4000, -283.00167569425395, -4000], "[1, 10]": [-4000, -379.5326658035174, -4000, -4000], "[1, 41]": [436.5968079539224, -4000, -4000, 162.0603780590116], "[0, 6]": [-993.1816274146511, -4000, -4000, -4000], "[1, 9]": [-4000, -1076.744625021251, -4000, -717.3326399211521], "[4, 10]": [-4000, 7.6326702602449545, -4000, -4000], "[3, 11]": [-4000, -4000, -23.402514461368263, -114.56470684138358], "[7, 2]": [14.909652390583485, -62.320432608157475, -4000, -3574.1464759309556], "[2, 6]": [-57.19994477026711, -4000, -4000, -4000], "[6, 10]": [-4000, -172.94569858889338, -3593.748135322017, -4000], "[1, 40]": [470.30278506115656, 0, 98.78690697957757, -4000], "[5, 8]": [-4000, 26.90375365216722, -83.73497148858502, -4000], "[6, 12]": [-4000, -4000, 76.81872781880772, -4000], "[3, 4]": [-87.48782928672598, -4000, -885.8439742824376, -4000], "[5, 2]": [-50.980896040595866, -261.82028567611746, -4000, -4000], "[4, 5]": [-163.4425983446974, -4000, -4000, -450.15284787822736], "[5, 5]": [-83.0095236503233, -4000, -4000, -165.40854477253046], "[0, 13]": [-4000, -4000, -4000, -1462.4760101738664], "[1, 5]": [238.04835650785924, -4000, -4000, 15.695224377845262], "[7, 20]": [-4000, -3599.8454121236923, 123.5423909874633, 357.4943905567693], "[5, 13]": [-4000, -4000, -4000, -633.4808783447681], "[1, 38]": [365.4590189289023, 137.88119383460824, -4000, -4000], "[0, 12]": [-4000, -4000, -82.68460167471511, -4000], "[4, 12]": [-4000, -3588.9058042312545, -870.8626443357066, -4000], "[1, 6]": [216.15685367489428, -4000, -4000, -4000], "[0, 10]": [-4000, -2390.839122663586, -4000, -4000], "[6, 6]": [-191.22809457128704, -4000, -4000, -4000], "[4, 6]": [-404.53451219074094, -4000, -4000, -4000],