{"[6, 7]": [0, 64.20348953636056, 209.7155952774418, 91.96091974537018], "[6, 0]": [26.248276304341456, 42.206986499258356, 152.95082712384885, -4000], "[7, 7]": [0, -41.071371026784114, 95.85106711964879, 267.7732349657106], "[7, 3]": [38.94604049121688, -4000, -36.05220786233097, 264.89539937298366], "[7, 16]": [64.68516416544334, 0, 52.51075904877514, 445.7620619547374], "[6, 1]": [-36.0689537940534, 94.12023115142222, -4000, -49.65163681895459], "[5, 23]": [62.18080437971709, 0, 517.1342684498655, 116.28363265597093], "[5, 1]": [15.338580007280116, -95.3271575680229, -4000, -143.30714547142688], "[4, 3]": [35.00075854781515, -4000, -191.9943733132232, -175.49036522839944], "[4, 1]": [40.56913105124827, -72.79064324957747, -4000, -14.922694634067554], "[5, 0]": [-6.564269471526505, 23.96831514129043, 301.08943696127596, -4000], "[5, 7]": [0, 79.47104975105705, 349.25785415102814, -33.29747008521764], "[6, 3]": [58.909133495647126, -4000, 11.34546783167687, 213.62802143553242], "[5, 3]": [-19.925308840148887, -4000, 287.2200674231127, 22.06921329104123], "[4, 0]": [45.5015942893725, 181.02816123260183, 106.87521214164234, -4000], "[4, 7]": [0, 203.18365073714142, 136.95313300754492, 71.26888615569547], "[4, 9]": [-4000, 68.65913056448593, -4000, -377.29591415052244], "[4, 8]": [-4000, -17.558164708684764, 83.28617835524626, -4000], "[2, 1]": [99.95445368951155, 173.42054794675852, -4000, 48.44955256395081], "[2, 3]": [-88.70143496390344, -4000, -77.24384616392689, 46.00238651895908], "[2, 4]": [80.43548551856188, -4000, -549.4862328062981, -4000], "[2, 0]": [65.10006692416515, 198.06439426598382, -82.9522395894545, -4000], "[2, 9]": [-4000, -419.5558224973314, -4000, -1175.9181128480132], "[2, 5]": [-154.47716683213753, -3586.9950330599772, -4000, -13.963641661048452], "[2, 10]": [-4000, -438.4172029828086, -4000, -4000], "[3, 32]": [0, 487.25294176947307, 120.83589759756416, 57.37931881535567], "[7, 11]": [-4000, -4000, -183.3487306609842, 215.8157439537651], "[6, 5]": [-266.6881485292995, -4000, -4000, 27.47877143696434], "[6, 2]": [32.25345106140286, -200.4786432179678, -4000, -4000], "[7, 8]": [-4000, 37.76864545439247, -229.6094167507846, -4000], "[7, 0]": [36.27870497381683, -146.49581828413994, -159.08013432397692, -4000], "[6, 4]": [-715.2079790504432, -4000, -63.025084954029225, -4000], "[2, 7]": [-4000, -112.998720563935, -84.4157500041832, 46.35596730836895], "[3, 1]": [74.1779043363689, 244.0768204280545, -4000, 1.569001410045892], "[3, 3]": [-84.96712595838804, -4000, 15.319446358051714, -64.05692086736548], "[6, 9]": [-4000, 49.95442910706414, -3208.89673698314, -395.688368435635], "[6, 11]": [-4000, -4000, -19.58761688683235, 127.35039452171415], "[7, 18]": [0, 60.054928016812056, 144.25887847601797, 490.93775285255066], "[0, 7]": [-4000, -119.96328276964518, -105.28537802561085, 143.09951004795946], "[0, 3]": [94.84678413719745, -4000, 29.554347926999867, 194.72730060558297], "[0, 1]": [226.99740268394072, 22.827802334704398, -4000, 74.42371175636148], "[1, 39]": [521.617541527984, 0, 78.52288864237373, 75.33339500478652], "[5, 25]": [0, 58.85075600008425, 546.4475858667954, 51.40032961084119], "[0, 8]": [-4000, 35.13516884064357, -609.4830262303194, -4000], "[0, 0]": [181.65361458459705, 8.221174260809583, -46.276479542122814, -4000], "[0, 9]": [-4000, -1014.0331403165808, -4000, -137.6063645065483], "[0, 2]": [-11.314033792868294, -388.50601923918873, -4000, -4000], "[7, 15]": [89.13633908944018, 75.15997757541065, 0, 514.3114613799125], "[6, 8]": [-4000, -228.18950239145488, 132.4655609263054, -4000], "[1, 3]": [269.4223857958972, -4000, -142.42524686213173, 16.010422892170453], "[2, 8]": [-4000, -7.6858205048557835, -245.20710285411477, -4000], "[3, 7]": [-4000, 263.1858952184411, 72.01104098901028, -15.176487319823213], "[4, 4]": [-201.42793158124718, -4000, -711.3301741227347, -4000], "[3, 2]": [1.4444893621796642, 205.9130209321088, -4000, -4000], "[3, 0]": [48.30202905171969, 248.41468104174152, 28.454973032748565, 0], "[3, 30]": [125.06061856055761, 504.0226252905393, 0, 83.54856048005371], "[2, 11]": [-4000, -4000, -355.6735618142933, -21.539402468227074], "[2, 2]": [103.8089176180838, -300.7100894873165, -4000, -4000], "[7, 1]": [39.46117721039147, -5.120666616961794, -4000, 277.8184388233738], "[0, 5]": [-277.8437934432055, -4000, -4000, 135.53913909104125], "[1, 0]": [304.7934018126047, 93.19389055450176, -62.753208213917894, -4000], "[1, 1]": [289.3944891532443, 21.558505600526203, 0, 36.1540408344567], "[3, 9]": [-4000, 251.89758252565537, -4000, -283.4379244857584], "[3, 33]": [-4000, 485.5308590862987, 174.64802848598367, -4000], "[1, 7]": [-4000, -98.381881866969, -120.30942562511416, 48.02685908150941], "[1, 2]": [275.22668117375633, -8.652604161325023, -4000, -4000], "[1, 37]": [483.9688071134859, 14.254635733040143, 0, 50.35997003408177], "[0, 4]": [-927.6786818348882, -4000, 55.638315819304786, -4000], "[0, 11]": [-4000, -4000, -2.3819961448379203, 90.69165169390604], "[3, 8]": [-4000, 164.7682474056118, 0.911225249732293, -4000], "[5, 11]": [-4000, -4000, 307.15547547115455, 34.00429232789186], "[5, 22]": [-30.01984569205605, 113.27228646556938, 549.9839839560572, 0], "[3, 29]": [62.66120227597386, 531.9119942828527, 12.53559400766969, 0], "[1, 36]": [517.5265200086832, 105.82536134308093, 13.005469031009929, 0], "[7, 5]": [73.23407907260696, -4000, -4000, 135.86668675790975], "[4, 2]": [30.670155302041195, -81.01413676104485, -4000, -4000], "[3, 5]": [-269.69045749350465, -4000, -4000, -95.04675191803702], "[4, 13]": [-4000, -4000, -4000, -783.3788625378927], "[4, 11]": [-4000, -4000, -401.0333547402923, -276.9763513383966], "[7, 9]": [-4000, -189.77669035020264, -3593.839406196484, 187.95246247721587], "[7, 4]": [-1112.6405540528351, -4000, 65.55181761224887, -4000], "[6, 13]": [-4000, -4000, -4000, -1456.369160880522], "[1, 8]": [-4000, -224.09368855982055, -127.23188363767557, -4000], "[5, 9]": [-4000, 34.10102740415448, -4000, -1034.8444526048704], "[5, 4]": [-373.7268136549581, -3204.300204046054, 93.33993631480529, -4000], "[3, 31]": [150.33818090399996, 436.78733709399813, -4000, -4000], "[2, 12]": [-3601.429086618886, -4000, -392.13644681826753, -4000], "[1, 4]": [226.99559668254082, -4000, -283.00167569425395, -4000], "[1, 10]": [-4000, -412.4603073679637, -4000, -4000], "[1, 41]": [439.5967677621917, -4000, -4000, 162.0603780590116], "[0, 6]": [-993.1816274146511, -4000, -4000, -4000], "[1, 9]": [-4000, -1076.744625021251, -4000, -53.12442743035994], "[4, 10]": [-4000, -59.82125815671192, -4000, -4000], "[3, 11]": [-4000, -4000, -16.96399660711908, -114.56470684138358], "[7, 2]": [30.013027660711813, -62.320432608157475, -4000, -3574.1464759309556], "[2, 6]": [-20.53952023019265, -4000, -4000, -4000], "[6, 10]": [-4000, 38.19335328677314, -3593.748135322017, -4000], "[1, 40]": [435.5004334085654, 0, 98.78690697957757, -4000], "[5, 8]": [-4000, 55.70232723425961, -68.65323796973183, -4000], "[6, 12]": [-4000, -4000, -23.988909801862285, -4000], "[3, 4]": [-283.552926225991, -4000, -885.8439742824376, -4000], "[5, 2]": [-19.127336140450097, -261.82028567611746, -4000, -4000], "[4, 5]": [-153.01635304634425, -4000, -4000, -450.15284787822736], "[5, 5]": [-74.16543768607997, -4000, -4000, -165.40854477253046], "[0, 13]": [-4000, -4000, -4000, -1388.662610576392], "[1, 5]": [98.1468232666983, -4000, -4000, 15.695224377845262], "[7, 20]": [-4000, -3599.8454121236923, 123.5423909874633, 363.6135559063131], "[5, 13]": [-4000, -4000, -4000, -574.6878891124016], "[1, 38]": [428.47177891191154, 137.88119383460824, -4000, -4000], "[0, 12]": [-4000, -4000, 55.712964072918545, -4000], "[4, 12]": [-4000, -3588.9058042312545, -469.25708487221675, -4000], "[1, 6]": [218.14355829111955, -4000, -4000, -4000], "[0, 10]": [-4000, -1595.6772101378124, -4000, -4000], "[6, 6]": [-395.82390237716766, -4000, -4000, -4000], "[4, 6]": [-1423.4530332040515, -4000, -4000, -4000],