{"[4, 8]": [-600, 11005.745766355734, 10940.172915282556, -600], "[2, 7]": [0, 11110.431078128388, 10788.331739483365, 10665.175862025251], "[2, 3]": [10568.169913701475, 0, 10616.531695721693, 10750.30948684236], "[2, 1]": [11022.041391069552, 11140.219668529684, 0, 10985.355700993008], "[2, 0]": [10725.574961721662, 11145.598899436263, 10891.524583348786, 0], "[2, 9]": [2014.1202675302702, 10729.173884912141, -600, 9087.430634597613], "[2, 2]": [10985.71371274802, 10490.061377413293, -600, -600], "[2, 5]": [11020.222496531835, 1897.297445564937, -600, 10622.727745322334], "[1, 0]": [11145.242086043072, 10878.78762546974, 10893.374204712123, 0], "[1, 9]": [-600, 9061.486360502717, -600, 7930.325752148636], "[6, 1]": [10591.275319457338, 10488.161748706018, 0, 10576.124925136213], "[6, 0]": [10633.176114032465, 10552.834993159517, 10566.79758260195, 0], "[6, 7]": [0, 10703.398393187299, 10652.607754863353, 10756.122708950877], "[6, 4]": [9411.395238339228, -600, 8480.682963157067, -600], "[7, 11]": [-600, -600, 10255.756417787108, 11183.818567633838], "[7, 3]": [10789.629705051557, 0, 10415.164064870016, 11274.611421274807], "[0, 7]": [0, 9960.19614925281, 9909.202126632028, 10582.329291264386], "[0, 3]": [10060.020705566632, 0, 10576.650519325438, 10917.402111548496], "[1, 39]": [10331.802645218815, 0, 10575.217634532053, 10704.046423808648], "[2, 4]": [9569.285992292891, -600, 10605.146896803444, -600], "[6, 3]": [10757.992428460411, 0, 10908.287790062874, 11004.23145326496], "[6, 5]": [10014.214561743125, -600, -600, 9617.142176126252], "[1, 3]": [11224.977195061594, 0, 10946.827855677479, 11081.94085074865], "[1, 7]": [0, 10596.52353826852, 10423.463237033799, 10552.019340697074], "[0, 0]": [10852.963665339037, 10141.522327379687, 10015.501146674125, 0], "[0, 9]": [-600, 9434.565800789564, -600, 8425.522690116326], "[5, 11]": [-600, -600, 10121.207719934777, 11028.497573538647], "[4, 11]": [560.2130670048527, -600, 10684.049004418403, 11001.444648020019], "[3, 1]": [11019.201825915803, 11040.128282481053, 0, 11000.091078948524], "[4, 1]": [10990.853695945005, 10879.485500913559, 0, 10784.913202247346], "[4, 4]": [9099.269703498718, -600, 11059.093601491726, -600], "[1, 37]": [11085.28973415104, 10847.237247299332, 0, 10908.198333645298], "[3, 30]": [10917.57721694381, 10424.29091557727, 0, 10891.579574280891], "[0, 2]": [10770.323744072986, 10407.949630585254, -600, -600], "[0, 1]": [10897.118810428554, 10574.936889737019, 0, 10772.75694862167], "[0, 5]": [9676.39093670799, 561.226822108986, -600, 10882.848711471916], "[0, 11]": [-600, -600, 10194.90011996575, 10692.644937705869], "[0, 8]": [-600, 9824.300191733475, 10067.499364338042, -600], "[7, 1]": [10650.035698201824, 10662.979343213634, 0, 11257.346514178982], "[7, 0]": [10628.036670019406, 10642.368739665559, 10622.034377869062, 0], "[6, 9]": [-600, 10352.653371948249, -600, 9405.195922861363], "[6, 8]": [-600, 10299.260204632772, 10512.742457975814, -600], "[6, 12]": [-600, -600, 9880.75665126163, -600], "[1, 1]": [11167.818891220339, 10848.83139870808, 0, 10666.02588490823], "[2, 8]": [-600, 10586.580172465525, 10642.160767405136, -600], "[5, 0]": [10916.52300672107, 11023.71411055647, 11056.889922384778, 0], "[5, 3]": [10897.353164917467, 0, 10996.854445211868, 11009.266621575029], "[5, 1]": [10501.131726582866, 10480.583286556943, 0, 10365.327254775297], "[5, 9]": [-600, 8702.183662044534, -600, 9938.17424888961], "[6, 11]": [-600, -600, 10928.015110893097, 10643.452938829285], "[5, 24]": [9282.729441461765, -600, 11260.96127148855, -600], "[5, 10]": [-600, 10364.661540105164, -600, -600], "[5, 12]": [-600, -600, 10042.665908804613, -600], "[5, 26]": [-600, 10780.402992279613, 11307.400868542203, -600], "[4, 0]": [10953.836867889459, 10942.924569821944, 11027.129534645896, 0], "[4, 2]": [10776.048162457022, 10951.362246529743, -600, -600], "[4, 6]": [7687.003253513275, -600, -600, 633.4488752882819], "[4, 10]": [-600, 9748.439245116011, -600, -600], "[7, 7]": [0, 10794.402417240039, 10801.55438468384, 10969.358146051716], "[1, 8]": [-600, 10073.310858871386, 10169.805969911822, -600], "[1, 10]": [-600, 10396.804366829923, -600, -600], "[3, 3]": [10049.624230109941, 0, 10261.520724488913, 10743.925790352032], "[2, 10]": [-600, 10026.595696143819, -600, -600], "[7, 16]": [10701.036125760145, 0, 10584.614311053825, 11281.390211957336], "[6, 6]": [6705.418131408585, -600, -600, -600], "[4, 9]": [-600, 11033.46575258931, -600, 9495.979652177333], "[4, 12]": [-600, -600, 11050.985046085914, -600], "[7, 15]": [10701.430782921458, 10718.924702687513, 0, 10114.222509534968], "[2, 11]": [-600, -600, 10193.916658817407, 10550.676781362527], "[0, 4]": [8474.190443613004, -600, 8265.178179861923, -600], "[0, 13]": [649.0171537103606, -600, -600, 7325.9805957308145], "[4, 3]": [10751.876679493238, 0, 11013.894575605926, 10778.13330107295], "[4, 7]": [0, 10963.964856170902, 10968.83077003595, 11001.971422073477], "[5, 22]": [10642.43842690722, 10648.38400556764, 10858.736941258176, 0], "[7, 4]": [8744.725531114518, -600, 9515.704233821256, -600], "[7, 5]": [10765.195698496298, -600, -600, 11212.626816648928], "[5, 25]": [0, 10923.77682410864, 10907.724013314571, 10989.972807475588], "[5, 4]": [10404.805457615708, 0, 11078.423896859354, -600], "[5, 8]": [-600, 10847.926840194823, 10936.133068495903, -600], "[5, 23]": [10898.137752498564, 0, 10127.806841682326, 10985.146821870967], "[5, 7]": [0, 10958.830143814104, 10890.773381413215, 10991.242916572946], "[3, 29]": [10920.170971397894, 11349.081736116637, 10912.83275346715, 0], "[0, 6]": [7955.215601271142, -600, -600, -600], "[1, 2]": [9980.986150719385, 10528.71048397776, -600, -600], "[3, 9]": [-600, 11104.343186388569, -600, 11063.370238446554], "[3, 8]": [-600, 11191.541107082092, 10858.707151966431, -600], "[1, 36]": [11130.208540335087, 10684.307679698319, 10798.673898078729, 0], "[7, 21]": [-600, -600, -600, 9141.074618432984], "[6, 13]": [-600, -600, -600, 9153.416721017165], "[3, 34]": [-600, 10176.603816306384, -600, 10909.252828840585], "[3, 11]": [-600, 623.9992367349366, 10424.563637646494, 10629.898373726077], "[3, 10]": [-600, 10897.271006692083, -600, -600], "[1, 5]": [10947.498522750036, 591.3109573607969, -600, 11027.412956465205], "[3, 33]": [-600, 11173.802646531953, 10966.348199453681, -600], "[1, 38]": [10727.091288403537, 10158.25915943329, -600, -600], "[3, 0]": [10911.944046930745, 11240.280208970724, 10885.85723766425, 0], "[3, 2]": [11099.901317438464, 11125.587311218604, -600, -600], "[3, 32]": [0, 10137.071490531327, 11015.98618885, 10806.060973807736], "[7, 9]": [-600, 10757.333372900865, -600, 11158.671870246677], "[7, 8]": [-600, 10107.966499912229, 10139.504049026771, -600], "[3, 7]": [0, 11136.231814407061, 10993.566018556401, 10969.330185938034], "[7, 20]": [-600, -600, 10859.504499500921, 11365.308786012612], "[2, 6]": [9627.762893998673, 661.4628876978625, -600, -600], "[7, 18]": [0, 10458.752295165248, 10559.946718475849, 10187.351631306634], "[0, 12]": [-600, -600, 9217.719725431609, -600], "[3, 4]": [10582.637524251124, -600, 10796.941819091197, -600], "[6, 2]": [10032.996236193609, 10457.930625211975, -600, 614.751136934761], "[5, 5]": [10846.615992266445, 470.8536494654529, -600, 10762.427049040312], "[1, 4]": [9638.35454860465, -600, 10354.87515763559, -600], "[6, 10]": [-600, 10405.304547201513, -600, -600], "[3, 12]": [-600, -600, 10657.354625924068, -600], "[4, 14]": [-600, -600, -600, -600], "[7, 17]": [10775.575806747096, -600, 1205.04368158236, 10880.42039247332], "[4, 5]": [10896.14645042679, -600, 270.95302709478756, 11001.068521424459], "[7, 12]": [-600, -600, 9336.036768481159, -600], "[3, 31]": [11184.896982532471, 11102.346797233298, -600, -600], "[3, 5]": [11299.427601391737, -600, -600, 11271.226502563644], "[2, 13]": [-600, -600, -600, 6402.5422890693635], "[7, 19]": [-600, 10114.244968564157, 0, 9833.164639621049],