{"[2, 1]": [10504.672587651725, 10311.882476465857, 0, 10469.987390602435], "[2, 4]": [8295.272661230383, -600, 9992.91058262796, -600], "[3, 2]": [10529.77947660255, 10551.903151573286, -600, -600], "[2, 0]": [10402.22015437463, 10614.815976869359, 10405.948077928566, 0], "[1, 0]": [10612.169450520414, 10247.279119535162, 10290.17071626383, 0], "[1, 7]": [0, 9982.127173239856, 9980.87471688307, 10019.507066857535], "[1, 9]": [-600, 9745.21235316512, -600, 7888.205889396853], "[0, 2]": [8992.763996329912, 10394.052349983402, -600, -600], "[5, 0]": [10450.568355543366, 10513.257704103933, 10835.227678554158, 0], "[5, 1]": [10177.481477613128, 10237.316792659567, 0, 10529.278109423965], "[5, 9]": [850.9852390241497, 7999.951249485221, -600, 9542.097444832405], "[6, 8]": [-600, 9648.124922566714, 10202.709899310552, -600], "[4, 7]": [0, 10781.786612151864, 10552.764557998878, 10552.102489829655], "[4, 3]": [10517.49359912145, 0, 10607.165730016757, 10525.360826813034], "[4, 0]": [10564.301575577721, 10844.592962485229, 10643.469332705048, 0], "[3, 7]": [0, 10427.24898488038, 10406.085899902308, 10443.172899929777], "[3, 3]": [10409.743955665646, 0, 10280.473190383971, 10404.619162342375], "[2, 7]": [0, 10357.46035346235, 10122.21182574118, 10069.648781660542], "[3, 1]": [10478.766953676837, 10456.778453515286, 0, 10363.530228465246], "[3, 29]": [10395.373733230972, 10171.70328233338, 10372.097237044209, 0], "[4, 1]": [10461.304489758586, 10146.28836330037, 0, 10132.50011804236], "[4, 9]": [-600, 9408.550889833674, -600, 10527.179965268024], "[5, 8]": [-600, 10372.511588335236, 10810.634140491344, -600], "[6, 12]": [-600, -600, 10255.301009716663, -600], "[0, 7]": [0, 9817.254971419132, 9958.447434381154, 10514.477831077085], "[0, 4]": [8886.562554799426, -600, 7171.907806829788, -600], "[0, 5]": [10759.385681450784, -600, -600, 10258.963735972558], "[0, 3]": [10699.699460473988, 0, 10078.503697362241, 10294.840821699314], "[0, 0]": [9145.817668098596, 9496.772999291527, 9881.581583878782, 0], "[0, 1]": [10552.754047968478, 9878.805048850336, 0, 10108.133253481334], "[1, 3]": [10435.124735358218, 0, 10365.92631883916, 10339.560593841603], "[2, 3]": [9454.384882282924, 0, 10118.99507209165, 9942.058757262032], "[2, 2]": [10462.928041608176, 9515.764963700567, -600, -600], "[1, 36]": [10839.496216129723, 10187.75229892431, 10447.106433804109, 0], "[7, 15]": [10104.482270009878, 9591.89275979966, 0, 9492.725797506673], "[7, 0]": [9797.514956874275, 9798.954941924072, 10191.718103555944, 0], "[6, 1]": [10242.842493974196, 9608.457705369627, 0, 9695.03916825585], "[6, 3]": [10189.706635306517, 0, 10362.331426573779, 10837.949995182636], "[7, 18]": [0, 10442.146567208172, 10533.08101636358, 10848.521499224993], "[1, 39]": [10655.611073608214, 0, 10500.276559298449, 10499.884279666783], "[3, 30]": [10615.098849718112, 10580.442258758581, 0, 10619.753170750262], "[3, 4]": [8959.97758781372, -600, 10040.34644470041, -600], "[4, 2]": [10392.604876523847, 10742.407469645876, 1646.1480223510243, -600], "[2, 9]": [-600, 9755.875671967462, -600, 7636.10281390993], "[3, 0]": [10447.774574507754, 10429.362160413893, 10410.367423345653, 0], "[6, 4]": [6720.45927284028, -600, 8119.872232122341, 537.305073450291], "[6, 0]": [9718.294839307651, 9294.21746566479, 9320.49293117841, 0], "[6, 7]": [0, 10069.03258878545, 10764.679467454724, 10354.518563646201], "[7, 7]": [0, 10087.68250611233, 10167.035078800143, 10780.482084409206], "[0, 9]": [-600, 8537.114743025324, -600, 7655.144447144513], "[7, 4]": [8231.679637232559, -600, 7108.704203473011, -600], "[7, 16]": [10064.998934811501, 0, 10282.247194022084, 10908.391076178992], "[6, 9]": [-600, 10350.073779970808, 908.0708335410325, 8568.70786064105], "[1, 1]": [10669.558129571873, 10154.598834959033, 0, 10318.891320747272], "[2, 5]": [9768.27231906559, 539.1767483311448, -600, 9371.163450505222], "[6, 11]": [-600, -600, 10278.601264780526, 10769.313135101818], "[7, 11]": [-600, -600, 10355.634356554167, 10953.705047314294], "[7, 3]": [10005.83478334328, 0, 10341.157270206048, 10838.58306605835], "[4, 11]": [-600, 524.6595796702888, 9537.073476256228, 10563.648094206554], "[5, 4]": [10694.1146353256, 2561.3578876526385, 10799.675339638507, -600], "[0, 11]": [-600, -600, 10090.48331200736, 10251.251104662815], "[0, 13]": [-600, -600, -600, 9152.237177490517], "[1, 5]": [10284.538578417838, -600, -600, 10346.508785048243], "[7, 1]": [10259.55360363078, 10141.084434565062, 0, 10522.82410311829], "[4, 4]": [9100.592757300743, -600, 10630.558330419744, -600], "[3, 8]": [-600, 10356.00977871334, 10357.723626558556, -600], "[2, 8]": [-600, 10290.987852988459, 9928.56436455731, -600], "[5, 22]": [10395.111067056088, 10471.311750195177, 10902.89046585205, 0], "[5, 11]": [-600, -600, 10867.394768193433, 10595.48564738717], "[7, 8]": [-600, 9799.50251221046, 10049.791079067274, -600], "[2, 10]": [-600, 9834.927179779193, -600, -600], "[5, 10]": [-600, 9454.998720933489, -600, -600], "[6, 5]": [9439.62708333015, -600, -600, 9034.370026495657], "[4, 10]": [-600, 9081.32817319697, -600, -600], "[5, 23]": [10630.622330859422, 0, 11039.31872195701, 10475.070354359816], "[3, 32]": [0, 10583.060775544569, 10416.745907079743, 10383.993992028403], "[4, 5]": [10423.191418931658, -600, -600, 10393.790607970612], "[5, 7]": [0, 9964.95392902207, 10823.855046223774, 10540.696148922476], "[6, 2]": [9761.030122570304, 8853.516693887332, -600, -600], "[5, 3]": [10517.4341035027, 0, 10827.08413959481, 10611.63464334143], "[4, 8]": [-600, 10697.818856189415, 10172.158054408217, -600], "[7, 13]": [-600, -600, -600, 10886.39153591701], "[5, 25]": [0, 9349.191395053456, 10916.823535833515, 9896.746399816513], "[2, 6]": [6843.247272738547, -600, -600, -600], "[2, 11]": [-600, -600, 9787.855008327531, 10000.16469564102], "[4, 12]": [-600, -600, 10600.224970251478, -600], "[0, 8]": [-600, 9288.923408168945, 10198.942300788513, -600], "[1, 2]": [10602.375779098806, 10372.863711598244, -600, -600], "[0, 6]": [10597.444349929021, -600, -600, -600], "[3, 9]": [-600, 10569.22651085445, 0, 10575.865810499054], "[3, 11]": [-600, -600, 10259.066404057536, 10224.13528789619], "[6, 13]": [-600, -600, -600, 9435.31223117733], "[7, 5]": [10051.378448000627, -600, -600, 10792.023672101968], "[1, 37]": [10790.469727854172, 10341.059394343505, 0, 10330.834266504855], "[7, 2]": [9667.958004310416, 9580.777903789816, 520.9388489957862, -600], "[5, 24]": [9110.779219735161, 5595.463309470702, 10344.384593273478, -600], "[5, 2]": [10182.005512518517, 10117.073974877349, -600, -600], "[4, 6]": [7317.849864112858, -600, -600, -600], "[5, 5]": [10674.887269996769, -600, -600, 10705.901041424459], "[4, 13]": [-600, -600, -600, 10476.543660025201], "[7, 9]": [-600, 9171.698735631926, -600, 10898.296081769206], "[3, 33]": [-600, 10862.269869487227, 10541.150487308749, -600], "[3, 5]": [10626.83652030351, -600, -600, 10616.88797976476], "[7, 20]": [-600, -600, 10342.004118128276, 11024.928388526356], "[1, 8]": [-600, 9727.892488864556, 9893.632564388792, -600], "[7, 17]": [10415.448634076121, -600, -600, 10928.447897204022], "[3, 34]": [-600, 9635.234497108218, -600, 10366.508560263213], "[3, 12]": [-600, -600, 9961.604008791248, -600], "[5, 26]": [-600, 10546.132197395269, 10704.105283801371, -600], "[1, 11]": [-600, -600, 9996.19756400586, 10016.481706436027], "[1, 40]": [9991.066702631631, 0, 9229.19991746288, -600], "[3, 31]": [10994.984146037086, 10944.001710073368, -600, -600], "[1, 38]": [10399.333812402476, 9400.10564341481, -600, -600], "[1, 4]": [10314.511154737076, -600, 9780.316247269859, -600], "[7, 19]": [-600, 10033.578381854371, 5581.191270647811, 11023.741723761183], "[1, 10]": [-600, 9970.031290470908, -600, -600], "[0, 12]": [-600, -600, 6425.582836085824, -600], "[7, 12]": [-600, -600, 9114.964142880295, -600], "[1, 6]": [9978.46725438464, -600, -600, -600], "[1, 41]": [10634.876514045907, -600, -600, 10451.22862933357],