{"[6, 1]": [729.3307700648602, 631.2759912121663, -600, 1709.319717631753], "[5, 3]": [241.7931590583135, -600, 1965.2905936952868, 546.3066138502596], "[4, 4]": [102.4310748118675, -600, 1580.761094867195, -600], "[4, 2]": [431.5602810124045, 1683.9183630573177, -600, -600], "[6, 0]": [703.3905058812259, 696.4980408691454, 1642.7928458940316, -600], "[6, 7]": [-600, 1275.1752661932467, 1421.4402811892373, 1788.6909516366168], "[6, 3]": [1242.0023597099969, -600, 1798.8301700308373, 1393.9131856122065], "[7, 7]": [-600, 349.9848155355235, 613.8521043145364, 1996.396480947081], "[7, 3]": [1341.0621006571564, -600, 1306.4454720330466, 2038.1291694463887], "[7, 0]": [1360.3485636491655, 30.703598573974766, 66.85001363897155, -600], "[0, 7]": [-600, 645.8290791146709, 693.1674274219426, 1694.332977400072], "[0, 0]": [1607.505653650152, 685.1228462394181, 672.4427523261415, -600], "[0, 3]": [1765.9812358384788, -600, 1222.2794658183932, 1393.0051436720087], "[0, 1]": [1381.3547396380843, 1207.5740503509155, -600, 1776.0709733156593], "[7, 1]": [562.8040380804988, 268.41359367501644, -600, 1967.4441085436788], "[0, 9]": [-600, 16.539907395851557, -600, 1062.0460364113446], "[0, 2]": [1531.3274187522613, 347.26206958009203, -600, -600], "[2, 7]": [-600, 1661.4619466672016, 644.9486353907322, 629.5996844160098], "[2, 3]": [1697.2093963661773, -600, 596.0340860799782, 678.697179883569], "[2, 0]": [1780.8188325550443, 1419.5146895395171, 1250.884479303373, -600], "[2, 1]": [1393.5008012564238, 1795.3961537173086, -600, 1225.899025452848], "[3, 1]": [519.7847198380633, 1931.8783842234263, -600, 213.53801540576944], "[3, 3]": [1300.198300415205, -600, 62.32450835988256, 13.469988280278764], "[1, 0]": [1995.3624316871653, 603.9130109978804, 313.873372125934, -600], "[1, 1]": [2040.2334476533465, 1277.3910566885263, -600, 1342.1472298285578], "[1, 7]": [-600, 76.26344916036489, 30.83702635022053, 1345.2644916439397], "[0, 4]": [1010.1115059319083, -600, 28.514585156221976, -600], "[5, 1]": [29.91454445551357, 1277.05324514625, -600, 68.64114558299613], "[5, 7]": [-600, 1288.2570199446006, 2034.9982271267497, 1355.4783968330428], "[4, 3]": [575.8339212580715, -600, 1722.5053888964194, 643.0854690558814], "[4, 1]": [700.9060269628714, 1696.329922109302, -600, 637.6364345762133], "[5, 0]": [276.9322140637, 562.300690154719, 2005.0193516366326, -600], "[4, 7]": [-600, 1833.8733856532444, 1410.5880545153088, 1241.3374274975959], "[0, 5]": [1017.5119750250859, -600, -600, 1751.9671394243117], "[4, 0]": [1282.5468147484632, 1417.001277932998, 1826.8305829918886, -600], "[2, 4]": [1605.3473775296534, -600, 125.358407242958, -600], "[1, 5]": [1906.0586513652024, -600, -600, 348.58998130880343], "[2, 5]": [1573.065866173274, -600, -600, 357.30532061201046], "[2, 9]": [-595.864164070143, 897.7642092636496, -600, 29.205805951127047], "[0, 11]": [-600, -600, 359.65774680476994, 1563.0379559021299], "[7, 18]": [0, 99.72314200511497, 178.80315502431816, 2014.4386453858642], "[1, 39]": [2003.547044823836, 0, 73.86066631898197, 144.58346614851752], "[4, 8]": [-600, 1819.069812873481, 1215.8664335191636, -600], "[4, 9]": [-600, 1644.8825073474075, -600, 137.60292768844562], "[3, 7]": [-600, 1947.5796046282865, 525.3548406460093, 234.65660041496676], "[1, 9]": [-600, -1.1467179356148933, -600, 573.7229210962506], "[5, 8]": [-600, 523.5197923550355, 1963.6485240572226, -600], "[2, 8]": [-600, 1626.7379576478647, 370.57449648890866, -600], "[6, 9]": [-600, 138.98417521116517, -600, 1633.7583287980829], "[6, 11]": [-600, -600, 1779.2555251583046, 1129.5284606410944], "[3, 32]": [0, 1965.957667901542, 167.5353123849948, 57.92774627304159], "[6, 2]": [209.25195291758527, 1465.6235342740674, -600, -600], "[5, 5]": [19.06768038368587, -600, -600, 1206.6954621569123], "[4, 11]": [-600, -600, 1565.500481348099, 339.92654604088295], "[5, 11]": [-600, -597.7769325916577, 1787.813763620051, 285.8703293484398], "[5, 2]": [24.75145693939583, 1204.3951934619156, -600, -600], "[4, 5]": [1519.8986418338864, -600, -600, 128.2386695052436], "[7, 4]": [527.7714686250218, -600, 3.869422531126994, -600], "[6, 5]": [408.78327946888635, -600, -600, 1585.822211904492], "[5, 25]": [0, 838.7602460302658, 2108.764648017528, 872.4316168612968], "[1, 2]": [1934.6811086755388, 484.36604807630255, -600, -600], "[0, 8]": [-595.8040988195693, 1409.041716337313, 165.04491743742756, -600], "[1, 11]": [-600, -600, 19.333586401645427, 1029.6738203782013], "[1, 3]": [1988.2562192033968, -600, 244.4118633862355, 608.6205536440668], "[1, 37]": [2110.6797681514004, 847.0635242200734, 0, 884.5996351579424], "[7, 15]": [188.1661755435486, 72.18074911956718, 0, 2001.4244326316486], "[6, 4]": [41.82958291884604, -600, 965.739486998952, -598.5391477258918], "[3, 8]": [-600, 1839.4634683182385, 363.774820152237, -600], "[6, 8]": [-600, 452.6194860447259, 1666.1558400999718, -600], "[7, 8]": [-600, 49.741825248334976, 1349.5615682020461, -597.4645014112532], "[7, 11]": [-600, -600, 453.70862268127513, 1944.9113510237792], "[6, 10]": [-600, 1477.0386952567226, -600, -600], "[6, 13]": [-600, -600, -600, 1722.31294232662], "[3, 0]": [1289.1384734989733, 2011.995387445309, 1236.7909141120344, -600], "[3, 29]": [808.6931781937564, 2066.051758286178, 761.2033424822683, 0], "[5, 4]": [9.901658662389186, -600, 1613.202107929518, -600], "[2, 2]": [1095.065932437023, 1773.8796539426921, -600, -600], "[7, 16]": [864.3495605007745, 0, 832.7975808558117, 2103.0837953559853], "[3, 30]": [141.89277567222044, 1979.0260371978186, 0, 68.16163075448077], "[3, 4]": [695.5158186784981, -600, 4.580194617945635, -600], "[0, 13]": [-600, -600, -600, 1632.9566398625896], "[5, 23]": [67.16523049742916, 0, 1992.9931936657379, 168.53641756027955], "[5, 22]": [73.74690261169025, 155.08127871187358, 2009.9911942863255, 0], "[1, 4]": [1710.8963598500898, -598.0833499240199, 14.031659263366825, -600], "[1, 8]": [-600, 1268.618003002702, 40.24855965324887, -600], "[7, 9]": [-600, 14.249816194780806, -600, 1654.9194672894675], "[4, 10]": [-600, 1696.3670597829205, -600, -600], "[1, 42]": [781.3286407997462, -600, -600, -600], "[2, 11]": [-600, -600, 1414.6607954360095, 144.96627908724943], "[3, 9]": [-600, 1509.9277881163741, -600, 4.115070167618982], "[2, 10]": [-600, 1649.9392393537798, -600, -600], "[5, 9]": [-600, 806.7776654062667, -600, 11.113341301119775], "[1, 40]": [979.1012227415657, 0, 5.425212478592801, -600], "[4, 6]": [1534.681681534656, -600, -600, -600], "[3, 5]": [1079.388190964881, -600, -600, 16.18156446958404], "[3, 2]": [300.125489183872, 1746.9584910930434, -600, -600], "[7, 5]": [288.93943448236354, -600, -600, 1815.761334159168], "[2, 6]": [1701.6330574533442, -600, -600, -600], "[5, 24]": [4.107826830369018, 0, 920.3058864270973, -600], "[6, 12]": [-600, -600, 1656.8900530464637, -600], "[5, 12]": [-600, -600, 1718.8557161630135, -600], "[0, 6]": [1695.2792567152592, -600, -600, -597.7320624963877], "[1, 36]": [2013.597442571351, 171.9708035187109, 91.2867154535607, 0], "[1, 38]": [1974.8456151360085, 127.90940387304188, -600, -600], "[3, 11]": [-598.5505402039657, -600, 1033.1263764233217, 22.159755484580206], "[3, 34]": [-600, 963.7433783500643, -600, 2.7006770667229225], "[2, 12]": [-600, -600, 1411.7722774448812, -600], "[7, 2]": [1327.3847356025215, 24.856258308961646, -600, -600], "[5, 26]": [-600, 113.6842950185256, 1984.9866166185316, -600], "[6, 6]": [1522.1186822492582, -600, -600, -600], "[5, 27]": [-600, -600, 1640.484384531924, 59.49472065184792], "[4, 12]": [-600, -600, 1737.4614300575047, -600], "[7, 20]": [-600, -600, 121.37539939576064, 1942.636130123021], "[0, 12]": [-600, -600, 1489.086837323269, -600], "[7, 12]": [-600, -600, 1159.233258802854, -600], "[7, 17]": [60.437100539808426, -600, -600, 1585.1526782668438], "[3, 12]": [-600, -600, 1041.2853934795244, -600], "[7, 19]": [-600, 3.490558003352091, -600, 914.8154960765712], "[3, 6]": [1075.6994497837252, -600, -600, -600],