{"[6, 7]": [0, 69.47648713148506, 208.44964289027962, 123.5965577951082], "[6, 0]": [-49.97388323280394, 17.94736635962641, -66.0173572013471, -4000], "[7, 7]": [0, -3.2284981145151566, 38.10539476791203, 273.9595791210423], "[7, 3]": [78.2502398003095, -4000, -40.00773940222803, 294.319709822242], "[7, 16]": [86.84595833014995, 0, -21.893800845545734, 455.51027573053534], "[6, 1]": [81.50797912814419, 31.318371854800027, -4000, 9.593026471136731], "[5, 23]": [113.34645887051502, 0, 437.0338790458684, 128.56965257258838], "[5, 1]": [-118.49216774337552, -164.5781521768802, -4000, 54.92288776389166], "[4, 3]": [-90.56971338174658, -4000, -117.19572682975048, 38.28608258841915], "[4, 1]": [-12.816432721571694, -83.39466638186416, -4000, -94.18382126807279], "[5, 0]": [9.331538632245621, 53.5837660731722, 278.4091336899848, 0], "[5, 7]": [0, -39.67622404106168, 291.5647571712694, 43.08658365987069], "[6, 3]": [63.73069943401795, -4000, 169.33690582724265, 91.91998108821636], "[5, 3]": [-48.7689883720191, -4000, -120.92122654357343, 42.54541669558056], "[4, 0]": [-9.184695819186498, 193.91059781978575, -11.983128325634695, -4000], "[4, 7]": [0, -61.489258883253655, 61.46813267905739, 8.641407783861016], "[4, 9]": [-4000, -563.5626171380752, -4000, -15.048405407760091], "[4, 8]": [-4000, 47.079597989237314, -255.50526808596214, -4000], "[2, 1]": [206.64468279417176, -283.78563508389954, -4000, 23.244935460473467], "[2, 3]": [-43.901638141896285, -4000, -13.06953153428454, 50.83959253015424], "[2, 4]": [69.58410374761945, -4000, -479.51125856531104, -4000], "[2, 0]": [-275.3559586099499, 77.8054068800136, 23.966576183207316, -4000], "[2, 9]": [-4000, 102.21344445102864, -4000, -805.3170438031626], "[2, 5]": [47.357726221118796, -4000, -4000, -717.7298491209187], "[2, 10]": [-4000, 84.2194240392273, -4000, -4000], "[3, 32]": [0, 473.02155006117823, 88.08518006628792, 78.73889908733051], "[7, 11]": [-4000, -4000, -61.02471069451263, 267.38359246298256], "[6, 5]": [56.165447283511654, -4000, -4000, -271.664631926441], "[6, 2]": [-283.9410850031564, 28.588975425602488, -4000, -4000], "[7, 8]": [-4000, 2.417802483787126, -405.6648960647087, -4000], "[7, 0]": [49.931571666191054, -106.61710903319215, -123.47838678027279, -4000], "[6, 4]": [40.7293517063783, -4000, -1559.8415288432673, -4000], "[2, 7]": [-4000, -3.8331089712357027, 59.24611605216003, 10.560668754101544], "[3, 1]": [33.53879048016221, 331.86951028042955, 0, -15.606868819234595], "[3, 3]": [-19.629737703269747, -4000, -125.1291980186158, -108.47586986321481], "[6, 9]": [-4000, -597.1456285327489, -4000, 128.42714365646526], "[6, 11]": [-4000, -4000, 163.70594139971155, -31.626250967043138], "[7, 18]": [0, 53.38319990995859, 93.36548041408892, 504.25618183395034], "[0, 7]": [-4000, -227.90951482148523, 10.448526864510596, -237.53892601801533], "[0, 3]": [106.5752645996012, -4000, -97.30797229098222, -73.30713201165653], "[0, 1]": [104.86256029298238, 13.72644054149563, -4000, -208.5419906634106], "[1, 39]": [438.3942557939633, 0, 61.21766322276066, 122.75088464520131], "[5, 25]": [0, 64.56820982280709, 467.70335359645895, 73.30557833624356], "[0, 8]": [-4000, -552.6569289741794, -379.6800215457703, -4000], "[0, 0]": [98.17292499357102, -157.87592316531348, -236.5736371588686, -4000], "[0, 9]": [-4000, 12.345150724782542, -4000, -1231.1618089165404], "[0, 2]": [22.61222301281867, -313.3012323712245, -4000, -4000], "[7, 15]": [104.78721082821137, 68.16657237050518, 0, 503.35342431053516], "[6, 8]": [-4000, -46.9456004183399, -290.41899115911303, -4000], "[1, 3]": [290.47976327297204, 0, 29.182357563543, 55.412758569660205], "[2, 8]": [-4000, -243.99218042350998, 41.4496909963844, -4000], "[3, 7]": [-4000, -34.22646075415254, 62.32376766870651, -24.33667249973169], "[4, 4]": [-966.5080077050907, -4000, 73.4861416763143, -4000], "[3, 2]": [47.56759311288392, -45.36525322940201, -4000, -3607.3565583216864], "[3, 0]": [-5.938304526794358, 382.78910455912853, 59.45854998757241, 0], "[3, 30]": [106.99415539756805, 518.7923259572276, 0, 80.91061531993566], "[2, 11]": [-4000, -4000, -449.4173159394907, -537.4897604534492], "[2, 2]": [-167.45282808619703, 108.49899159175507, -3596.911441183321, -4000], "[7, 1]": [66.64354492838598, -75.61949256401266, -4000, 25.157655707435772], "[0, 5]": [-431.6530192476282, -4000, -4000, 140.6051302766927], "[1, 0]": [-154.75382263136893, 82.53467303621639, -23.341902587596167, -4000], "[1, 1]": [252.75519766651996, 59.08250285056594, 0, 2.0293720429606106], "[3, 9]": [-4000, 219.02255637638288, -3616.160006423719, -169.2457068685656], "[3, 33]": [-4000, 435.8226543390022, 61.99083066526077, -4000], "[1, 7]": [-4000, -69.72510003006093, -57.817057863318716, -39.66557256703338], "[1, 2]": [264.14724451815925, -39.48101602885839, -4000, -4000], "[1, 37]": [484.28700822166445, 63.25006641294419, 0, 70.10855167542185], "[0, 4]": [73.20504181527426, -4000, -1001.9389226643863, -4000], "[0, 11]": [-4000, -4000, -95.56653135466463, -708.2642716892783], "[3, 8]": [-4000, 232.15039744547133, 31.9260799476382, -4000], "[5, 11]": [-4000, -4000, 102.56825573172137, -180.73654069323183], "[5, 22]": [75.28185815028078, 65.42773620189547, 453.0592039144933, 0], "[3, 29]": [6.201229318790414, 508.1644246048658, 48.78910028212293, 0], "[1, 36]": [500.0914345272974, 103.8708341081234, 70.6196936329131, 0], "[7, 5]": [54.60024347561798, -4000, -4000, -123.92447985612091], "[4, 2]": [43.42305754723969, -454.4586424077704, -4000, -4000], "[3, 5]": [-24.118737401766193, -4000, -4000, -138.6850595828353], "[4, 13]": [-4000, -4000, -4000, -16.36595700357251], "[4, 11]": [-4000, -4000, -13.559393212298035, -52.010514115955075], "[7, 9]": [-4000, -386.45940951807955, -4000, 258.88604278232236], "[7, 4]": [-1085.5685959143696, -4000, -124.35935021402322, -4000], "[6, 13]": [-4000, -4000, -4000, -279.89311939324864], "[1, 8]": [-4000, -208.22130723672203, -16.824400159100925, -4000], "[5, 9]": [-4000, -128.20769599069197, -4000, -969.3885660187702], "[5, 4]": [-733.253717524611, -4000, 66.91721040652175, -4000], "[3, 31]": [170.83701724425907, 478.66088791010446, -4000, -4000], "[2, 12]": [-4000, -4000, -1091.2072645869432, -4000], "[1, 4]": [277.11504838803455, -4000, -445.66554660278734, -4000], "[1, 10]": [-4000, -15.1503184230777, -4000, -4000], "[1, 41]": [537.025840839076, -4000, -4000, 162.16739281734584], "[0, 6]": [-40.541175518756994, -4000, -4000, -4000], "[1, 9]": [-4000, -57.61084888730814, -4000, -1053.4410542084934], "[4, 10]": [-4000, 50.461680259459584, -4000, -4000], "[3, 11]": [-4000, -4000, -240.58823153948356, -18.861042385806524], "[7, 2]": [30.78555663996121, -156.9572337197121, -4000, -4000], "[2, 6]": [-97.75692808667611, -4000, -4000, -4000], "[6, 10]": [-4000, -991.7272885118424, -4000, -4000], "[1, 40]": [370.8808455508821, 0, 43.26240065254798, -4000], "[5, 8]": [-4000, -26.846658299276815, -239.85059781650463, -4000], "[6, 12]": [-4000, -4000, -113.72282180217427, -4000], "[3, 4]": [-885.4371404353076, -4000, 4.7263465017672495, -4000], "[5, 2]": [-163.1277967308277, -292.7014948047962, -4000, -4000], "[4, 5]": [-15.10365021654567, -4000, -4000, -232.4779979238951], "[5, 5]": [-31.867514471940016, -4000, -4000, -203.74224312683393], "[0, 13]": [-4000, -4000, -4000, 22.62030780284626], "[1, 5]": [280.75961647525156, -4000, -4000, -22.422476793409253], "[7, 20]": [-4000, -4000, 132.84674989675554, 420.7744865257668], "[5, 13]": [-4000, -4000, -4000, 11.195009384813053], "[1, 38]": [467.1343613952159, 120.04210414950316, -4000, -4000], "[0, 12]": [-4000, -4000, -2304.12217078071, -4000], "[4, 12]": [-4000, -4000, -68.32374943024092, -4000], "[1, 6]": [193.87100334632822, -4000, -4000, -4000], "[0, 10]": [-4000, -319.5116590167438, -4000, -4000], "[6, 6]": [-653.8011002078455, -4000, -4000, -4000], "[4, 6]": [-1895.9071163923138, -4000, -4000, -4000], "[1, 11]": [-4000, -4000, -110.98180001747654, -106.05754459316844],