{"[6, 7]": [0, 90.86482446017767, 140.54572312403323, 114.28661858472364], "[6, 0]": [21.34402430942973, -90.5814219791178, -14.669567807085002, -4000], "[7, 7]": [0, 28.15299350465801, 0.08407460798127708, 253.9420814510259], "[7, 3]": [30.46274500141312, -4000, 94.31251529230067, 301.65541416672124], "[7, 16]": [42.97492298225551, 0, 73.42880185616467, 550.6631485697454], "[6, 1]": [16.057067144233805, -23.454872259967708, -4000, -51.578582172258905], "[5, 23]": [47.92417195493565, 0, 540.4499271626692, 142.12578675456814], "[5, 1]": [17.825351538769475, -5.784760397482761, -4000, -15.092148701922355], "[4, 3]": [60.585535268913794, -4000, 194.08263690873454, 61.88194934553567], "[4, 1]": [12.35952823451423, 148.41018474899957, -4000, 44.87823856419188], "[5, 0]": [9.970304312601685, -4.042355335642483, -53.44546561518018, 0], "[5, 7]": [0, 62.283145097614394, 286.80944006326865, 114.69281530697698], "[6, 3]": [-35.755573104243, -4000, 120.73370307782933, 79.04475536548699], "[5, 3]": [7.928050989730657, -4000, -15.144545868865773, 165.78907972916633], "[4, 0]": [68.39499020594441, 97.96493922183353, 173.1106030701477, -4000], "[4, 7]": [0, 128.2365254815045, 217.6792910547596, 79.12914757854453], "[4, 9]": [-4000, 147.52548155768457, -4000, -628.2603648263571], "[4, 8]": [-4000, -125.23775322070998, 182.6546135059649, -4000], "[2, 1]": [90.81579936217682, 181.37295645488973, -4000, 59.425241147893274], "[2, 3]": [177.66658931233817, -4000, -49.86060450022161, 24.125998433569883], "[2, 4]": [159.7646672617175, -3584.800491245709, -381.3497922278765, -4000], "[2, 0]": [135.50065252961812, 198.65910568760535, 44.581958824247245, -4000], "[2, 9]": [-4000, -96.93569143392394, -4000, -1114.8812606643376], "[2, 5]": [-251.58712323243574, -4000, -4000, 107.35134445995946], "[2, 10]": [-4000, -1716.7578305059353, -4000, -4000], "[3, 32]": [0, 508.4721509657178, 97.7369765350646, 48.1586860690018], "[7, 11]": [-4000, -4000, 0.7171211599138037, 233.5082198765025], "[6, 5]": [-409.84243797607735, -4000, -3595.7668256113116, -128.30702290440624], "[6, 2]": [-65.1014999914641, 39.75143582504945, -3591.569483755624, -4000], "[7, 8]": [-4000, 21.484037243298015, -69.69136417937293, -4000], "[7, 0]": [44.654009759905996, -14.548335161361923, 1.8499135603661836, -4000], "[6, 4]": [-1153.3054617830858, -4000, 44.86643162867704, -4000], "[2, 7]": [-4000, 82.82084721089569, -5.689807325379826, -64.40263774164552], "[3, 1]": [125.89596886410439, -59.52549062605909, -4000, 17.13701167592852], "[3, 3]": [77.91488706000085, -4000, -40.19421583844877, -74.98911058136348], "[6, 9]": [-4000, 40.2223052749028, -4000, -355.5212353303883], "[6, 11]": [-4000, -4000, -205.2215167607478, 71.55059979147936], "[7, 18]": [0, 35.25694945745853, 108.97969243764067, 562.461346971597], "[0, 7]": [-4000, 10.371033663095792, -29.710971215282747, 147.47060762084928], "[0, 3]": [147.79796181791596, -4000, 59.79178416818796, 113.86568389297967], "[0, 1]": [57.89509917579009, -63.66914788854371, -4000, 132.95837562775716], "[1, 39]": [509.0551659704654, 0, 39.0032296564047, 134.43059734283696], "[5, 25]": [0, 24.94738903962442, 510.7245036362309, 118.04200818363265], "[0, 8]": [-4000, -29.850538338689816, -129.28839695057707, -4000], "[0, 0]": [130.7347956251758, -13.43891433400095, -95.71101946711345, -4000], "[0, 9]": [-4000, -965.4162192495517, -4000, -8.557330535809157], "[0, 2]": [21.533211549204914, -137.344922370067, -4000, -4000], "[7, 15]": [99.42172843151775, 72.21800579905415, 0, 515.0239693317865], "[6, 8]": [-4000, 45.16813325295599, -233.07949789018684, -4000], "[1, 3]": [311.7840063492594, -4000, -78.64132473362388, 49.39430372963966], "[2, 8]": [-4000, 61.3900614001807, -206.13016549627247, -4000], "[3, 7]": [-4000, 313.4108397143765, 76.65284650949745, -30.692138070584736], "[4, 4]": [-302.8359002028559, -4000, 66.2119224618362, -4000], "[3, 2]": [73.332554254759, 246.6643686317037, -4000, -4000], "[3, 0]": [92.26566068253035, 336.05189650071577, 31.462656215572462, 0], "[3, 30]": [120.23706211384385, 548.2982266675922, 0, 67.48598813554051], "[2, 11]": [-4000, -4000, -358.38279319568255, -378.09490151623015], "[2, 2]": [-39.938419431195456, 186.0605911612729, -4000, -4000], "[7, 1]": [51.87620790872394, 36.20062190629689, -4000, 295.1533452382793], "[0, 5]": [124.83498311394891, -4000, -4000, 36.78765391312654], "[1, 0]": [322.0271112355969, 31.403611431401302, 2.2930013392891517, -4000], "[1, 1]": [334.6737571502341, 78.50603316068876, 0, 101.00386575105341], "[3, 9]": [-4000, 264.6666063724007, -4000, -435.33147837024336], "[3, 33]": [-4000, 533.0219130809086, 98.47144864276463, -4000], "[1, 7]": [-4000, 29.04261843066269, -76.20906617272219, -57.49706852907031], "[1, 2]": [283.8565823429313, -92.0999112423804, -4000, -4000], "[1, 37]": [492.97029862598913, 72.42850153249881, 0, 118.03681587917673], "[0, 4]": [-244.78797559867363, -4000, -665.2568269657911, -4000], "[0, 11]": [-4000, -4000, 47.459532294590886, -142.92845894840997], "[3, 8]": [-4000, 310.53698436886293, 53.372099219769375, -4000], "[5, 11]": [-4000, -4000, -53.24922305139865, 93.63728056855257], "[5, 22]": [62.59564759236066, 119.55843144567166, 546.3007906412682, 0], "[3, 29]": [99.31935440307086, 511.82153763166576, 36.123281367973036, 0], "[1, 36]": [533.9503385808292, 108.0300019444791, 15.312008222160234, 0], "[7, 5]": [66.03509645938206, -4000, -4000, 187.2036471758302], "[4, 2]": [114.3268103620141, -148.91651871923855, -4000, -4000], "[3, 5]": [41.337046791824015, -4000, -4000, -69.69959814601262], "[4, 13]": [-4000, -4000, -3240.7308646914853, -21.248301620542424], "[4, 11]": [-4000, -4000, 48.254328220034495, -49.5216968512639], "[7, 9]": [-4000, 14.751139721604677, -4000, -588.6328493912112], "[7, 4]": [-675.5579012405381, -4000, -141.0224095399368, -3584.5035313549456], "[6, 13]": [-4000, -4000, -4000, -131.70042148018686], "[1, 8]": [-4000, -297.26887092045837, -23.675730886101935, -4000], "[5, 9]": [-4000, 46.67260811946441, -4000, -936.1438786114877], "[5, 4]": [-27.901831926198234, -3204.300204046054, -502.4186876970476, -4000], "[3, 31]": [114.64138817043674, 480.31666011563306, -4000, -4000], "[2, 12]": [-4000, -4000, -604.537641413203, -4000], "[1, 4]": [265.16162782779816, -4000, -195.229686859967, -4000], "[1, 10]": [-4000, -759.2060151942237, -4000, -4000], "[1, 41]": [453.488096238342, -4000, -4000, 141.92127279480067], "[0, 6]": [-956.4394534242446, -4000, -4000, -4000], "[1, 9]": [-3566.024380371464, -835.7961037723462, -4000, -273.0730563580007], "[4, 10]": [-4000, 108.10124634467869, -4000, -4000], "[3, 11]": [-4000, -4000, -115.69421000266986, 19.830809577407017], "[7, 2]": [36.07609422801594, -34.56689913983696, -4000, -4000], "[2, 6]": [109.02170799309812, -4000, -4000, -4000], "[6, 10]": [-4000, -552.7415987172737, -4000, -4000], "[1, 40]": [467.5941093531244, 0, 138.315721376955, -4000], "[5, 8]": [-4000, -67.17631370380951, 219.216446212098, -4000], "[6, 12]": [-4000, -4000, 60.79642452121379, -4000], "[3, 4]": [-634.5288371206605, -4000, -100.86866078425106, -4000], "[5, 2]": [1.777231223290462, -38.80881204037131, -4000, -4000], "[4, 5]": [23.94567232742521, -4000, -4000, -64.43221142646223], "[5, 5]": [-56.62043271160514, -3593.9789818553963, -3595.5794666853812, 55.02154511190069], "[0, 13]": [-4000, -4000, -4000, 13.742815766166629], "[1, 5]": [276.8090777161299, -4000, -4000, 55.241546775771056], "[7, 20]": [-4000, -4000, 160.05575279647073, 460.72459697887837], "[5, 13]": [-4000, -4000, -4000, -682.396613669687], "[1, 38]": [519.7030395516526, 120.9106933951704, -4000, -4000], "[0, 12]": [-4000, -4000, 28.60954131925809, -4000], "[4, 12]": [-4000, -4000, -519.7552072292369, -4000], "[1, 6]": [194.57759153261492, -4000, -4000, -4000], "[0, 10]": [-4000, -1144.1366942746977, -4000, -4000], "[6, 6]": [-629.8156303289769, -4000, -4000, -4000], "[4, 6]": [-298.6124270795931, -4000, -4000, -4000],