{"[5, 1]": [-1.043857905152708, 21.767020983628445, -600, 289.6204236838408], "[6, 0]": [218.58075117719966, 263.78171829506834, 698.0425102003147, -600], "[6, 7]": [-600, 477.362988869381, 592.4928853813809, 778.6369217333994], "[6, 1]": [248.18639350347163, 202.57932321593825, -600, 697.3907478020516], "[6, 3]": [468.18009384482895, -600, 782.1225869433761, 593.1053436633234], "[6, 9]": [-600, 21.58848003879447, -600, 508.77264082061663], "[6, 8]": [-600, 126.97286325384937, 663.6948143496484, -600], "[4, 9]": [-600, 512.1271000923452, -600, 25.999107525075182], "[4, 8]": [-600, 793.1822594548198, 454.44120454587267, -600], "[4, 7]": [-600, 825.272228219725, 612.3207712512462, 482.01747552922205], "[4, 0]": [481.95079542367404, 615.198344237882, 817.5478265127982, -600], "[4, 11]": [-600, -600, 683.4415292593112, 135.5841841569841], "[7, 7]": [-600, 46.68241466996941, 170.7952770649113, 950.3820016568291], "[7, 3]": [507.71841034552125, -600, 483.97106246293947, 1027.1320881668382], "[0, 7]": [-600, 196.0021048620536, 237.9423011177116, 672.0922492661061], "[0, 3]": [726.8380911151829, -600, 434.2694132633688, 550.9999169014322], "[0, 1]": [563.0730437630322, 444.346007551509, -600, 723.7476737609097], "[0, 0]": [637.0748777319633, 232.28568223139155, 198.96089041810913, -600], "[7, 1]": [174.10103366756718, 48.45590199976386, -600, 961.9139511977066], "[7, 0]": [333.3734594082307, -0.6424050049850673, 18.2780543894359, -600], "[5, 3]": [36.954406312231896, -600, 987.2434869969803, 172.77646377706174], "[4, 3]": [201.14089293004926, -600, 743.5065627229417, 247.33161521691517], "[4, 1]": [228.29288894960052, 721.4572252905265, -600, 194.9585416738209], "[5, 0]": [52.75734795599595, 168.40310734557733, 997.0693121286806, -600], "[5, 7]": [-600, 533.1374362489418, 1048.422442479339, 569.9161831153996], "[2, 3]": [690.8329117289261, -600, 192.97803757814134, 229.26523578642195], "[2, 7]": [-600, 691.2258565185523, 263.2546526127312, 218.13717314098582], "[2, 1]": [583.1278867725074, 761.4004651286759, -600, 449.990860463897], "[2, 0]": [764.0684629750999, 569.2612939372127, 455.9109554582786, -600], "[1, 0]": [934.2650232919193, 157.49320123246036, 46.322782160753256, -600], "[1, 7]": [-600, 20.388667436223393, -3.0327530456163454, 314.0609977638689], "[1, 3]": [927.7575528984055, -600, 33.642975485614784, 167.01466992924333], "[2, 4]": [491.4179729372982, -600, 18.533262392067495, -600], "[2, 8]": [-598.4680050213087, 647.1618047882198, 128.64738463352447, -600], "[2, 9]": [-600, 191.59069009554636, -600, 3.773124256277449], "[2, 2]": [743.5488113855123, 423.66205853643186, -600, -600], "[1, 1]": [1013.9932679421615, 433.46761889540267, -600, 483.53904257657723], "[3, 1]": [186.94546823129787, 979.1980358555946, -600, 37.148613267136646], "[3, 3]": [15.372754582504925, -600, 275.95628888358186, -3.2551666850311425], "[3, 7]": [-600, 960.5016929561582, 167.78307728997197, 30.139492608238307], "[0, 4]": [159.39131764499328, -600, 8.371439232917442, -600], "[0, 11]": [-600, -600, 94.3902901307613, 584.9529525558712], "[5, 11]": [-600, -600, 962.5984332243665, 129.8442034859795], "[6, 4]": [4.3212301606311865, -600, 218.37293909338666, -600], "[3, 32]": [0, 883.028504261234, 44.46669141460786, 8.811931284702519], "[5, 23]": [10.78185175757533, 0, 897.1765558996174, 50.26771392772216], "[3, 29]": [270.74169425747755, 1084.5854748519548, 255.54361348255335, 0], "[1, 36]": [879.0964595999604, 50.06358313227991, 12.144518872008737, 0], "[4, 2]": [114.47060454115554, 687.1789087661112, -600, -600], "[6, 11]": [-600, -600, 431.04288392067065, 760.4708453782926], "[5, 8]": [-600, 161.80520416747558, 950.4128078131952, -600], "[5, 2]": [2.346514745951358, 259.225997135419, -600, -600], "[4, 5]": [359.2743354150031, -600, -600, 35.59465897653155], "[5, 25]": [0, 285.99383064568553, 1106.0911272750761, 305.7060012301188], "[7, 18]": [0, 15.875225052444845, 47.6231646644245, 880.8654901590165], "[3, 11]": [-600, -600, 192.99259086093457, 0.7643917244316785], "[2, 5]": [614.1315959684798, -600, -600, 106.14028921443993], "[0, 5]": [701.1397762507597, -600, -600, 367.3101620049688], "[7, 5]": [109.07170524705494, -600, -600, 904.9001091524692], "[4, 4]": [26.86045225658196, -600, 534.4508907409602, -600], "[7, 4]": [-1.2844499602168569, -600, 14.531854143177982, -600], "[0, 13]": [-600, -600, -600, 551.467787229865], "[6, 5]": [122.60847574595921, -600, -598.6496130171049, 639.0504277821315], "[0, 9]": [-600, -2.0408326358026994, -600, 163.49605772553082], "[3, 8]": [-600, 837.6566957382429, 129.52395478062303, -600], "[2, 10]": [-600, 576.28450454555, -600, -600], "[3, 0]": [532.0361857573673, 1033.7280740820154, 497.40721032185184, -600], "[0, 2]": [597.7588716857464, 99.89111842803783, -600, -600], "[5, 4]": [0.1327197670163249, -600, 420.780454567417, -600], "[1, 5]": [810.292070550088, -600, -600, 83.90581536672336], "[1, 37]": [1063.3315407952816, 233.26384908248684, 0, 240.55602488558677], "[3, 33]": [-600, 818.2580280404719, 28.952270665530342, -600], "[5, 22]": [14.298508925067598, 70.8903289650373, 909.4717719367102, 0], "[0, 8]": [-600, 382.4762600627332, 39.98690306084187, -600], "[5, 9]": [-600, 1.961684155864535, -600, 62.259486464893634], "[2, 13]": [-598.8099628311018, -600, -600, 195.45589118672655], "[1, 2]": [799.2411649410182, 120.49150685103628, -600, -600], "[3, 30]": [54.7113425221373, 891.5853383514323, 0, 11.557791233930567], "[2, 11]": [-600, -600, 406.11871542628046, 43.045215587079326], "[3, 5]": [196.40474277676287, -598.5222088493266, -600, 1.5691577262362157], "[0, 6]": [428.0897206894205, -600, -600, -600], "[1, 39]": [873.6558115628575, 0, 8.799885384872399, 45.620654192878014], "[4, 10]": [-600, 491.2422010933653, -600, -600], "[3, 2]": [116.91155431787259, 937.1255795437083, -600, -600], "[2, 6]": [424.6315075185495, -600, -600, -600], "[3, 4]": [2.2357363637195875, -600, 56.405261820567226, -600], "[1, 13]": [-600, -600, -600, 99.85017117616819], "[1, 9]": [-600, 0.42152497737630973, -600, 13.63042561116266], "[5, 10]": [-600, 113.63948557269084, -600, -600], "[6, 12]": [-600, -600, 596.7295498916296, -600], "[7, 15]": [52.33776517450835, 11.601277585497005, 0, 882.8731526475101], "[7, 16]": [254.57326862464222, 0, 243.67896851372802, 1079.7015962224666], "[6, 2]": [41.209786783244056, 423.1825838920355, -600, -600], "[5, 27]": [-599.2294863048318, -600, 718.7056150498553, 19.941601794483837], "[5, 5]": [1.1706048107940799, -600, -600, 187.53134393376988], "[4, 12]": [-600, -600, 635.0659060363299, -600], "[3, 9]": [-600, 381.1282960121438, -598.8812796869537, -0.019780110408461386], "[7, 2]": [256.71333544934697, 5.080460180059905, -600, -600], "[7, 9]": [-600, 0.9384435735304016, -600, 394.5663881332383], "[2, 12]": [-600, -600, 248.2308975791632, -600], "[6, 13]": [-600, -600, -600, 438.3356021056513], "[4, 6]": [180.49591513483935, -600, -600, -600], "[7, 11]": [-600, -600, 127.9733882178283, 823.3192071715694], "[1, 4]": [344.3364956557549, -600, 1.0036659914074937, -600], "[1, 10]": [-600, 94.87790858994825, -600, -600], "[3, 34]": [-600, 226.40676313088528, 0, 0.09743453484338532], "[1, 38]": [755.2965763214335, 28.573344193684402, -600, -600], "[1, 8]": [-598.6206926860492, 254.96901263381844, 4.514438201068257, -600], "[1, 11]": [-600, -600, 2.037820002426458, 199.55696330312207], "[0, 12]": [-600, -600, 206.74020966721565, -598.8603169390345], "[6, 6]": [236.12324403795898, -600, -600, -600], "[7, 20]": [-600, -599.1913254650236, 28.727839184294794, 787.8275373331472], "[0, 10]": [-600, 165.74470343928851, -600, -600], "[5, 12]": [-600, -600, 456.93516696379595, -600], "[5, 26]": [-600, 31.854299880177344, 867.4058732269982, -600], "[4, 13]": [-600, -600, -600, 233.78414599474348], "[7, 8]": [-600, 5.831512571670064, 280.3078293721924, -600], "[1, 40]": [198.54875142051236, 0, 0.3755033574668451, -600], "[6, 10]": [-600, 213.0932604534833, -600, -600], "[7, 19]": [-600, 0.3900947849174493, 0, 239.4478185601545],