{"[6, 7]": [0, 28.572582382417572, 212.33818080051913, 99.65533725235012], "[6, 0]": [-174.03444889213523, -81.37927461563305, 157.7472662905406, -4000], "[7, 7]": [0, -32.0918619803786, 45.12822722233713, 284.02558607218594], "[7, 3]": [-18.60228764840947, -4000, 20.956615704671755, 253.70248359140453], "[7, 16]": [31.26521932697593, 0, 31.245427735925663, 483.4651820568102], "[6, 1]": [26.624765179007326, -164.271552208291, -4000, -146.20392299091446], "[5, 23]": [67.11941329411422, 0, 522.0236119220739, 125.02629284096466], "[5, 1]": [-154.7326937632459, 60.467865007014666, -4000, -207.07980727075386], "[4, 3]": [-40.66693014490775, -4000, -119.89868266245047, -1.9368395176030626], "[4, 1]": [-3.508223776017232, 111.78122617520519, -4000, 8.542864925128878], "[5, 0]": [-49.4905939133941, 76.34783016870084, 283.90477572257095, 0], "[5, 7]": [0, -50.069371894324675, 345.18233604084963, 22.966490483952043], "[6, 3]": [28.218841683715063, 0, 167.1982043930568, 51.099016895576206], "[5, 3]": [-10.413859702911978, 0, 179.26878488069906, 63.52043736755117], "[4, 0]": [83.89358348835535, 184.28153484000111, 93.23188007027406, 0], "[4, 7]": [0, -83.95647719459939, 236.67537227750373, 52.80749558459155], "[4, 9]": [-4000, -835.9176793534136, -4000, -899.383217574926], "[4, 8]": [-4000, 80.60349696801545, -264.63263515774037, -4000], "[2, 1]": [-32.30966196850287, 104.31239141035037, -4000, -22.74032981253931], "[2, 3]": [29.488679356833373, -4000, -47.98378268354656, 89.03241715351223], "[2, 4]": [118.41054393799281, -4000, -789.0108608490918, -4000], "[2, 0]": [69.21754338384413, 121.75925852499869, -24.0285747362273, -4000], "[2, 9]": [-4000, -661.0912305108526, -4000, -961.5776938945019], "[2, 5]": [-393.18176403628263, -4000, -4000, -143.8506292073962], "[2, 10]": [-4000, -45.74009745745607, -4000, -4000], "[3, 32]": [0, 550.0006051870894, 76.50688478222689, 37.48537904742149], "[7, 11]": [-4000, -4000, 36.3880593869048, 290.4628760038578], "[6, 5]": [2.78704439853869, -4000, -4000, -581.6964558385303], "[6, 2]": [8.858034106785368, -467.3161566582942, -4000, -4000], "[7, 8]": [-4000, -131.4825225805693, -5.333825170997259, -4000], "[7, 0]": [-63.73576607019206, -73.0889755307021, 7.625303522807878, -4000], "[6, 4]": [-484.45459297512616, -4000, -1019.3330078409113, -4000], "[2, 7]": [-4000, 111.13791707198362, -51.11404822277332, -9.736620972944305], "[3, 1]": [58.37334542954107, 280.57483537542925, 0, -16.56860658231689], "[3, 3]": [40.10534678687285, -4000, -59.71417167076656, -31.069072038187866], "[6, 9]": [-4000, -874.4769420033207, -4000, 46.48547242630055], "[6, 11]": [-4000, -4000, 96.01567498697031, -269.59223479856837], "[7, 18]": [0, 56.30589842831821, 107.14678244490571, 511.71128579615385], "[0, 7]": [-4000, -114.51527704374683, 70.40002646230694, -74.80953728988194], "[0, 3]": [178.14215735728408, -4000, 44.778402801537055, 42.74371165246484], "[0, 1]": [241.61982591413118, 105.66979233569755, 0, 146.42439548966786], "[1, 39]": [470.83158341625915, 0, 45.40604806409408, 143.29845886502326], "[5, 25]": [0, 60.51989395079314, 537.4597686125662, 72.81549414863271], "[0, 8]": [-4000, -334.76906908935314, -43.04202296958733, -4000], "[0, 0]": [198.37905457754496, -62.00732813296021, -82.72774994729232, -4000], "[0, 9]": [-4000, -652.983434457155, -4000, 77.13109692035668], "[0, 2]": [160.8811311002061, -182.31535277943536, -3797.2422276282787, -4000], "[7, 15]": [98.2951520135205, 44.05776590153896, 0, 507.6930716178184], "[6, 8]": [-4000, -473.2166859694578, 136.5214238600713, -4000], "[1, 3]": [-23.32584633404892, 0, -58.16839710294998, 77.95842150573067], "[2, 8]": [-4000, -452.99701402694274, -59.40668721331876, -4000], "[3, 7]": [-4000, 259.6662261689047, 58.93095028959046, 26.19622838007636], "[4, 4]": [24.682508124572166, -4000, -690.676933281698, -4000], "[3, 2]": [28.333607731205788, 232.98722984896426, -4000, -4000], "[3, 0]": [37.257997009127365, 258.20530734298484, 88.90952975778781, 0], "[3, 30]": [130.23292906299224, 488.81328182583894, 0, 103.12406445277695], "[2, 11]": [-4000, -4000, -558.4184886054603, -257.1127685228741], "[2, 2]": [127.65245440047731, -5.778679531520876, -4000, -4000], "[7, 1]": [47.696013769085305, 13.422304199351819, -4000, 288.8785044702885], "[0, 5]": [122.72222568962934, -4000, -4000, 60.60955700241909], "[1, 0]": [-3.0267716152914517, 153.87599907289055, 39.383606545663675, 0], "[1, 1]": [45.0684063076018, 142.25865059178292, 0, 53.510394651370234], "[3, 9]": [-4000, 226.1817158707779, -4000, 47.550244794479994], "[3, 33]": [-4000, 541.1959153447744, 134.13516662913477, -4000], "[1, 7]": [-4000, -29.419638881573064, -99.26009222979914, 32.06479854256054], "[1, 2]": [-110.87153489412049, 139.8859193038078, -4000, -4000], "[1, 37]": [439.6708500564889, 76.0783221714213, 0, 67.81073858835013], "[0, 4]": [107.30574808699205, -4000, -825.2376272544838, -4000], "[0, 11]": [-4000, -4000, 38.18761677533328, -172.0753982598525], "[3, 8]": [-4000, 232.59397263877167, 17.667041963849158, -4000], "[5, 11]": [-4000, -4000, -154.85406009782253, -3.05813751059038], "[5, 22]": [72.17477268024336, 70.90047635983007, 546.7407097131547, 0], "[3, 29]": [44.252804522255644, 545.6891517758428, 56.09336782525599, 0], "[1, 36]": [513.2276766035228, 68.59437250146294, 39.69008499414272, 0], "[7, 5]": [-5.614850954534399, -4000, -4000, 246.98304248215183], "[4, 2]": [-110.77002237428735, 46.60257708843994, -4000, -4000], "[3, 5]": [-70.49883920545761, -4000, -4000, 13.389506658817691], "[4, 13]": [-4000, -4000, -4000, -2203.420501461395], "[4, 11]": [-4000, -4000, -200.28210747122495, 1.1681429174499711], "[7, 9]": [-4000, -333.224363966654, -3603.3633846428497, 265.86273167024586], "[7, 4]": [-113.72966637848654, -4000, -828.657763948667, -4000], "[6, 13]": [-4000, -4000, -4000, -17.643444730009193], "[1, 8]": [-4000, -74.50771322823206, -188.1291979425682, -4000], "[5, 9]": [-4000, -805.6970184003651, -4000, -965.3232602194724], "[5, 4]": [-360.1397455657044, -4000, -165.22806850316235, -4000], "[3, 31]": [178.46195443292595, 486.6028442016879, -4000, -4000], "[2, 12]": [-4000, -4000, -1344.8265128641474, -4000], "[1, 4]": [114.76289148618133, -4000, -550.115539899018, -4000], "[1, 10]": [-4000, -46.45344985222424, -4000, -4000], "[1, 41]": [419.35244442480155, -3214.3507660793794, -4000, 164.92700994494766], "[0, 6]": [64.51074039318264, -4000, -4000, -4000], "[1, 9]": [-4000, -1146.1171253248083, -4000, -770.1079737534612], "[4, 10]": [-4000, -1190.7176510791205, -4000, -4000], "[3, 11]": [-4000, -4000, -295.6908250160049, -174.47713342005272], "[7, 2]": [-159.3719646187368, -15.499246905540522, -4000, -4000], "[2, 6]": [-684.3624861496496, -4000, -4000, -4000], "[6, 10]": [-4000, 33.20297086342172, -4000, -4000], "[1, 40]": [436.7855789567269, 0, -114.39324863540352, -4000], "[5, 8]": [-4000, -106.70738770093028, 266.59547890927325, -4000], "[6, 12]": [-4000, -4000, -1492.8205585974251, -4000], "[3, 4]": [-140.11116948132502, -4000, -779.5600936532624, -4000], "[5, 2]": [-104.73550045236671, -205.06147740508771, -4000, -4000], "[4, 5]": [-465.2328685461055, -4000, -4000, 0.04609832240088074], "[5, 5]": [-132.20000302924444, -4000, -4000, -161.54085915659644], "[0, 13]": [-4000, -4000, -4000, 74.73957115838797], "[1, 5]": [99.47858857411359, -4000, -4000, -42.520051503757415], "[7, 20]": [-4000, -4000, 105.9430617151902, 446.9783637282363], "[5, 13]": [-4000, -4000, -4000, -173.70002222847546], "[1, 38]": [431.78723509128804, 117.38544423990095, -4000, -4000], "[0, 12]": [-4000, -4000, -1397.774290835212, -4000], "[4, 12]": [-4000, -4000, -88.95182410040377, -4000], "[1, 6]": [93.96700863931099, -4000, -4000, -3595.931599940126], "[0, 10]": [-4000, -602.5525616385512, -4000, -4000], "[6, 6]": [-1026.2857459362274, -4000, -4000, -4000], "[4, 6]": [-5.229343420887385, -3595.797872190422, -4000, -4000], "[1, 11]": [-4000, -4000, -159.25829684296312, -249.40360411100505], "[3, 10]": [-4000, 201.03645938179338, -4000, -4000],