{"[6, 7]": [0, 92.366991670183, 214.36643729441698, 169.29409761348], "[6, 0]": [9.691691386713352, 30.36424505364322, 137.448465000264, -4000], "[7, 7]": [0, 15.435411064982967, 97.97332506390893, 324.72836453087893], "[7, 3]": [102.09779030652236, 0, 41.889577513186765, 330.14965280555197], "[7, 16]": [108.39418385312817, 0, 87.5988320586534, 557.4761372358299], "[6, 1]": [13.663283385480419, 14.76832178236376, -4000, 73.17604892243375], "[5, 23]": [90.43158594036578, 0, 524.4828949569409, 159.37007223639677], "[5, 1]": [18.62945788052074, 102.50773696785464, 0, 13.401972832060734], "[4, 3]": [0.9960514226896204, 0, 148.3947597237489, 21.334502573091818], "[4, 1]": [71.33198472512605, 178.81001466557132, 0, 77.16811610663281], "[5, 0]": [64.02619029193289, 111.84693006012994, 302.7143293883178, 0], "[5, 7]": [0, 79.06982208707156, 337.33320146417304, 134.61678410163017], "[6, 3]": [49.55404064348605, 0, 248.74631754222537, 159.89199274053533], "[5, 3]": [73.62086905774356, 0, 275.5034459468803, 88.9519760816839], "[4, 0]": [127.57790989210535, 140.96062215340976, 152.5481374585619, 0], "[4, 7]": [0, 167.83530016096927, 154.84160372205298, 112.15971878911672], "[4, 9]": [-4000, -99.97949216297924, -4000, -530.775124875984], "[4, 8]": [-4000, 103.91210626202472, 194.11910642574975, -4000], "[2, 1]": [238.51979336210957, 176.35094509832112, 0, 150.35916403011103], "[2, 3]": [225.692358911957, -4000, 35.79267531342162, 107.89400350117714], "[2, 4]": [149.95470977163995, -4000, -355.7255328901277, -4000], "[2, 0]": [170.13584265325818, 242.3111847190191, 145.07047195200343, 0], "[2, 9]": [-4000, -727.1266456257604, -4000, -176.62429778081247], "[2, 5]": [217.18779509189946, -4000, -4000, -179.16538648465306], "[2, 10]": [-4000, -776.0668773432656, -4000, -4000], "[3, 32]": [0, 544.0124880334017, 108.33304250604203, 89.85445699572168], "[7, 11]": [-4000, -4000, 30.67185058383115, 365.16605441927163], "[6, 5]": [-51.594902251391105, -4000, -4000, 6.597634268288573], "[6, 2]": [-121.36744541664164, 55.00205926761353, -3229.158688325897, -4000], "[7, 8]": [-4000, -75.18924556766137, 43.17575757175305, -4000], "[7, 0]": [86.4112961188315, -35.83708076343129, -2.232887052717814, 0], "[6, 4]": [-40.174305350771, -4000, -691.2964547514072, -4000], "[2, 7]": [-4000, 213.13580004317646, -3.5746884733828566, 78.53559045851728], "[3, 1]": [135.09886093583364, 301.8258969928247, 0, 31.051513975214018], "[3, 3]": [-25.572409145124517, -4000, -6.38822498991739, 18.214388638924166], "[6, 9]": [-4000, -411.0027005014894, -4000, -166.83153195235406], "[6, 11]": [-4000, -4000, 176.82690556567434, 67.96932823910987], "[7, 18]": [0, 77.3598486160504, 145.95430665788132, 567.5434110740729], "[0, 7]": [-4000, -50.24330230206769, 45.6011146861574, -4.561672706878422], "[0, 3]": [143.19333699772073, 0, 26.55597260947877, 199.15343545561436], "[0, 1]": [196.20250542030175, 122.45949113821818, 0, 122.89082170099805], "[1, 39]": [557.8743131991621, 0, 82.59166513562887, 156.98095194158677], "[5, 25]": [0, 83.78001088293048, 505.96121296403237, 113.55040056112675], "[0, 8]": [-4000, 95.01276477871143, -82.68892098419644, -4000], "[0, 0]": [146.94153487162473, 33.8878483177767, -45.29163354439484, -4000], "[0, 9]": [-4000, -733.0448925651549, -4000, 88.60030341798627], "[0, 2]": [-169.90734320530055, 100.94237006740853, -4000, -4000], "[7, 15]": [113.30288166785762, 87.04309293436955, 0, 579.9978543023527], "[6, 8]": [-4000, -52.053070043547194, 113.94450275983235, -3592.1367009946102], "[1, 3]": [290.38692857111744, 0, 54.7908691948711, 132.71365951970563], "[2, 8]": [-4000, 10.551928118335404, -6.3053609416749765, -4000], "[3, 7]": [0, 331.6148842050688, 98.0852059826242, 18.883876524282826], "[4, 4]": [23.52000010492985, -4000, -502.5213082810063, -4000], "[3, 2]": [144.01101654689342, 272.56888939640703, -4000, -4000], "[3, 0]": [150.58518616463408, 369.7731711998797, 123.05475662755924, 0], "[3, 30]": [169.09055846082046, 581.5181478679364, 0, 89.54509042403498], "[2, 11]": [-4000, -4000, -49.91452039496363, -20.032672071887742], "[2, 2]": [192.69034601928394, 91.8940364132216, -4000, -4000], "[7, 1]": [113.795708874713, 45.78107741542573, 0, 312.01704048289696], "[0, 5]": [-133.92837107329825, -4000, -4000, 102.76897704661002], "[1, 0]": [295.83939909498235, 81.79917712903767, 32.04116855337615, 0], "[1, 1]": [312.1001499537113, 122.78164465998918, 0, 166.8333162922093], "[3, 9]": [-4000, 321.3306656205585, -4000, -142.11952522350734], "[3, 33]": [-4000, 509.09300166193634, 156.26004899635006, -4000], "[1, 7]": [0, 65.0579627161958, -71.65936267550165, 28.158066508971586], "[1, 2]": [310.39060113453667, 85.8873850727419, -4000, -4000], "[1, 37]": [517.8865110038863, 77.07466479806016, 0, 137.22820131840083], "[0, 4]": [50.04268264918396, -4000, -600.0330053058285, -3588.4909886956107], "[0, 11]": [-4000, -4000, -75.52951330560886, 90.46207481303064], "[3, 8]": [-4000, 354.11049530006864, 129.20077539091338, -4000], "[5, 11]": [-4000, -4000, 239.86891849577984, 148.71260388623114], "[5, 22]": [86.4398887772281, 164.49579613526785, 559.8856656299411, 0], "[3, 29]": [143.7313584961551, 552.6406995434921, 111.16807968434877, 0], "[1, 36]": [555.6876151971386, 106.1908449814308, 54.23427946172591, 0], "[7, 5]": [125.85968881173862, -4000, -4000, 239.68371479404627], "[4, 2]": [-0.8566987110832933, -375.44928719973785, -4000, -4000], "[3, 5]": [75.46062693222694, -4000, -4000, -0.8624519212812736], "[4, 13]": [-4000, -4000, -4000, -366.15713256485236], "[4, 11]": [-4000, -3589.2420746089633, 76.58264841213335, -6.846811303470325], "[7, 9]": [-4000, -262.5232827323725, -4000, 214.46976159074183], "[7, 4]": [-69.9540521236556, -4000, -680.8737060504029, -4000], "[6, 13]": [-4000, -4000, -4000, -233.90596004333966], "[1, 8]": [-4000, 43.842530016927356, -20.027399430742967, -4000], "[5, 9]": [-4000, -27.867440089314904, -3569.243212252235, -857.2111190575146], "[5, 4]": [-341.2254301609926, -4000, 131.9550332126912, -4000], "[3, 31]": [202.34896504445572, 573.5987391332153, -4000, -4000], "[2, 12]": [-4000, -4000, -289.2401582217816, -4000], "[1, 4]": [297.47755227790736, -4000, -372.5609560365308, -4000], "[1, 10]": [-4000, -573.771210970556, -4000, -4000], "[1, 41]": [543.8267962532212, -4000, -4000, 196.27925255384724], "[0, 6]": [-21.018439011383705, -4000, -4000, -4000], "[1, 9]": [-4000, -855.8374275694229, -4000, -78.48881508957095], "[4, 10]": [-4000, -28.334843402243628, -4000, -4000], "[3, 11]": [-4000, -4000, -21.776281731003326, 10.954006474819412], "[7, 2]": [-268.42445555726675, 39.20572576770186, -4000, -4000], "[2, 6]": [17.351374252207687, -4000, -4000, -4000], "[6, 10]": [-4000, -732.6335681795783, -4000, -4000], "[1, 40]": [526.3623038155719, 0, 53.379680946826824, -4000], "[5, 8]": [-4000, 110.98458356868886, 281.1409921056788, -4000], "[6, 12]": [-4000, -4000, -375.59889952459025, -4000], "[3, 4]": [20.40658493906286, -4000, -705.5911959912814, -4000], "[5, 2]": [62.2775120862022, -57.66843227088892, -4000, -4000], "[4, 5]": [-71.95440329634938, -4000, -4000, 33.7439679489181], "[5, 5]": [-245.5009376063411, -3205.424615166985, -3572.305268662147, 67.7686413435372], "[0, 13]": [-4000, -4000, -4000, -848.8620592696537], "[1, 5]": [-40.734899160153674, -4000, -4000, 170.06763369952247], "[7, 20]": [-4000, -4000, 177.2012719211567, 514.6491497485061], "[5, 13]": [-4000, -4000, -4000, 28.475406822630525], "[1, 38]": [510.192185093374, 157.50575403978397, -4000, -4000], "[0, 12]": [-4000, -4000, -317.0839844353777, -4000], "[4, 12]": [-4000, -4000, -1117.3128628998466, -4000], "[1, 6]": [255.34221175115127, -4000, -4000, -4000], "[0, 10]": [-4000, -1169.4144793747505, -4000, -4000], "[6, 6]": [-370.88724200303176, -4000, -4000, -4000], "[4, 6]": [-128.95037191711182, -4000, -4000, -4000], "[1, 11]": [-4000, -3589.262921102978, -1.2226743076165159, 77.29504153901507], "[3, 10]": [-4000, 271.5371099969918, -4000, -4000],