{"[6, 1]": [1312.4155322696508, 1179.7132296674695, -600, 2496.303255264499], "[5, 3]": [630.7819538009242, -600, 2760.3975766454805, 1059.4390302138954], "[4, 4]": [253.3931888375919, -600, 2339.647646511063, -600], "[4, 2]": [839.9375328150998, 2476.9373946398437, -600, -600], "[6, 0]": [1303.1675053980598, 1291.7910046017598, 2431.970434381076, -600], "[6, 7]": [-600, 2023.8211846599295, 2197.289131688404, 2595.1778101508453], "[6, 3]": [2004.8879654536954, -600, 2602.0896980677935, 2177.466303791722], "[7, 7]": [-600, 827.0586636485162, 1143.5289248142226, 2792.7608032482653], "[7, 3]": [2106.0866891717887, -600, 2059.3840548019243, 2840.8783872003396], "[7, 0]": [2184.7679828746036, 95.83188208138233, 145.62054019025481, -600], "[0, 7]": [-600, 1214.922833045026, 1279.1058525272927, 2474.7085319589796], "[0, 0]": [2373.543319679211, 1272.2643865530483, 1252.4333985698138, -600], "[0, 3]": [2573.079300181437, -600, 1989.0411762942092, 2171.704633271727], "[0, 1]": [2145.6607162830373, 1951.564301560878, -600, 2573.2168279601065], "[7, 1]": [1049.4341805604993, 679.8734900817412, -600, 2775.170733130337], "[0, 9]": [-600, 52.41255688110648, -600, 1873.3340446167804], "[0, 2]": [2309.915408465011, 681.8878257800483, -600, -600], "[2, 7]": [-600, 2443.210161221668, 1194.0042452787113, 1192.9646782403324], "[2, 3]": [2497.4012421948123, -600, 1218.1809430420087, 1274.291325491765], "[2, 0]": [2571.938274521544, 2179.5788717284345, 2010.9349244761756, -600], "[2, 1]": [2151.6116445270663, 2585.1932700863695, -600, 1984.9495684035867], "[3, 1]": [914.158412442009, 2729.462900178257, -600, 581.4064099600121], "[3, 3]": [2165.4033213081125, -600, 135.46242657154846, 77.32195804739506], "[1, 0]": [2795.2318427721343, 1121.4615306224764, 790.2754856421234, -600], "[1, 1]": [2837.2463236496747, 2033.8417856601852, -600, 2107.7832137210826], "[1, 7]": [-600, 162.7516801844758, 92.78005752705835, 2190.4193977124814], "[0, 4]": [1795.4480770679745, -600, 73.32171995362646, -600], "[5, 1]": [80.78257046973025, 2112.412576657757, -600, 137.20626341056789], "[5, 7]": [-600, 2042.6616068041571, 2832.1249982213494, 2119.6424262228265], "[4, 3]": [1116.8264362929551, -600, 2518.826714049503, 1202.4538235533787], "[4, 1]": [1270.7903825866222, 2486.096386246424, -600, 1241.1911465385597], "[5, 0]": [681.9524066012859, 1053.4061708444895, 2803.64593251884, -600], "[4, 7]": [-600, 2624.540238675263, 2160.3969786085286, 1989.6405393507473], "[0, 5]": [1734.8813927786248, -600, -600, 2548.844794201231], "[4, 0]": [2057.0680952090324, 2202.6474912626336, 2617.4892105187514, -600], "[2, 4]": [2378.1991064637173, -600, 278.59337186099805, -600], "[1, 5]": [2708.239229477353, -600, -597.7898929954933, 650.6092735265132], "[2, 5]": [2372.9613325331297, -600, -600, 687.0051302061288], "[2, 9]": [-600, 1560.5860805111636, -600, 55.84886712105607], "[0, 11]": [-600, -600, 726.0878538777649, 2352.103042631038], "[7, 18]": [0, 214.37615373274687, 345.44728626912564, 2835.0367322269344], "[1, 39]": [2817.7397627805417, 0, 206.32761044124788, 309.3010091768778], "[4, 8]": [-600, 2611.8449156723764, 1953.5868846559708, -600], "[4, 9]": [-600, 2422.497909740017, -600, 282.87263082461385], "[3, 7]": [-600, 2728.8269104673727, 1026.0496212516723, 621.1171116148889], "[1, 9]": [-600, 9.48412612937788, -600, 1370.225544116896], "[5, 8]": [-600, 965.4638415126007, 2766.4617276835775, -600], "[2, 8]": [-600, 2411.327732881129, 711.9476059256189, -600], "[6, 9]": [-600, 319.3227695591463, -600, 2436.4639832448206], "[6, 11]": [-600, -600, 2570.8199639136446, 1870.0264546163005], "[3, 32]": [0, 2766.2441000291565, 334.44703147398917, 200.8402241286501], "[6, 2]": [422.2336171295999, 2245.9834070195766, -600, -600], "[5, 5]": [60.87888007795161, -600, -600, 2133.8095272910177], "[4, 11]": [-600, -600, 2327.2522766395664, 674.5842209766829], "[5, 11]": [-600, -600, 2589.7264493852617, 596.8302811977437], "[5, 2]": [66.20754321741369, 2064.3795714068915, -600, -600], "[4, 5]": [2355.9336100526834, -600, -597.2374090472905, 289.4279818007696], "[7, 4]": [1178.5793508014306, -600, 12.55134797989894, -600], "[6, 5]": [829.608421935744, -600, -600, 2382.4465687722777], "[5, 25]": [0, 1474.6132197437246, 2900.775210353016, 1561.4598111004789], "[1, 2]": [2738.4908175641067, 958.4581475841263, -600, -600], "[0, 8]": [-600, 2197.21447044859, 338.49801658928027, -600], "[1, 11]": [-600, -597.6279055691854, 37.135281314942425, 1879.5395783942], "[1, 3]": [2787.5067209133317, -600, 659.0361569188086, 1089.08471821663], "[1, 37]": [2901.0008391677343, 1497.802015301055, 0, 1580.29191214257], "[7, 15]": [326.0126057407858, 204.24865780574027, 0, 2817.4269016202948], "[6, 4]": [127.23901033575746, -600, 1703.099597402403, -600], "[3, 8]": [-600, 2636.7620774759152, 725.4032465173221, -600], "[6, 8]": [-600, 855.6300661525685, 2452.9467127633834, -596.8337331780567], "[7, 8]": [-600, 134.95735023308816, 2160.702251724496, -600], "[7, 11]": [-600, -600, 866.7638490040615, 2753.2120382899566], "[6, 10]": [-600, 2250.9685292548465, -600, -600], "[6, 13]": [-600, -600, -600, 2509.720631492642], "[3, 0]": [2051.0350654567237, 2790.92451279157, 2005.1850840414481, -600], "[3, 29]": [1433.7187297971052, 2846.6114587817124, 1379.8623985455, 0], "[5, 4]": [34.10406260099153, -600, 2488.4136801660848, -600], "[2, 2]": [1835.1140257332047, 2558.361281145872, -600, -600], "[7, 16]": [1537.096997530297, 0, 1490.4659339978584, 2904.3044930281926], "[3, 30]": [318.25210283900617, 2784.630971110068, 0, 185.03106317587145], "[3, 4]": [1421.6601751406383, -600, 18.046058140659973, -600], "[0, 13]": [-600, -600, -600, 2442.358109313045], "[5, 23]": [186.02328013993875, 0, 2812.442406259546, 336.01877746253615], "[5, 22]": [192.22725428068156, 297.3203156322908, 2826.910286468994, 0], "[1, 4]": [2569.907367638888, -598.0833499240199, 41.928386441451934, -600], "[1, 8]": [-600, 2109.885537271309, 96.32194056159406, -600], "[7, 9]": [-600, 39.803414239487005, -600, 2521.265667297734], "[4, 10]": [-600, 2494.5549259247678, -600, -600], "[1, 42]": [1513.8536490237996, -600, -600, -600], "[2, 11]": [-600, -600, 2219.224073649389, 328.11739954670145], "[3, 9]": [-600, 2391.1384380159175, -600, 27.40426017660264], "[2, 10]": [-600, 2443.311041227072, -600, -600], "[5, 9]": [-600, 1645.6304655501017, -600, 32.07405495378664], "[1, 40]": [1834.1761449406663, 0, 8.362131960697328, -600], "[4, 6]": [2364.2092489648226, -600, -600, -600], "[3, 5]": [1973.3106903909681, -600, -600, 47.006953151494336], "[3, 2]": [575.1105650383136, 2559.204956484362, -600, -600], "[7, 5]": [584.4379481910196, -600, -600, 2631.559486074853], "[2, 6]": [2498.5843131211545, -600, -600, -600], "[5, 24]": [17.519109561565546, 0, 1656.7644738360818, -600], "[6, 12]": [-600, -600, 2444.345812255796, -600], "[5, 12]": [-600, -600, 2588.282258479131, -600], "[0, 6]": [2495.7057654983855, -600, -600, -600], "[1, 36]": [2831.9060471958182, 334.93965019174016, 202.89169175422794, 0], "[1, 38]": [2802.325497068819, 281.8846028990043, -600, -600], "[3, 11]": [-600, -600, 1852.795326084434, 54.101730359889906], "[3, 34]": [-600, 1724.9034460180371, -600, 10.006815670729047], "[2, 12]": [-600, -600, 2217.8016654831054, -600], "[7, 2]": [2157.926277989753, 82.44115648277578, -600, -600], "[5, 26]": [-600, 241.71470944318824, 2799.7275224404743, -600], "[6, 6]": [2340.8832964400885, -600, -600, -600], "[5, 27]": [-600, -600, 2483.2439926540387, 126.99124802017181], "[4, 12]": [-600, -600, 2518.6853600375916, -600], "[7, 20]": [-597.1513489730226, -600, 252.3590549730962, 2751.4490982255825], "[0, 12]": [-600, -600, 2278.9089006291124, -600], "[7, 12]": [-600, -600, 2049.829465596988, -600], "[7, 17]": [124.00729122557956, -600, -600, 2443.7228522361934], "[3, 12]": [-600, -600, 1925.439359483536, -600], "[7, 19]": [-600, 10.552088078620361, -600, 1638.0908394184441], "[3, 6]": [1982.1839488191774, -600, -600, -600],