{"[6, 7]": [0, 38.76569434078482, 162.17349349490257, -40.637007081986354], "[6, 0]": [19.27016120574651, -92.54432437828808, -69.64695750537376, -4000], "[7, 7]": [0, -32.0918619803786, 31.16372532069954, 310.8174460932007], "[7, 3]": [33.50016434437963, 0, 86.51641561917133, 305.3089116793971], "[7, 16]": [74.66041770047391, 0, 43.08697441103793, 534.0598039076231], "[6, 1]": [-77.35352264265211, 52.46298809191907, -4000, -328.667142395671], "[5, 23]": [75.71618842379648, 0, 492.74797275724325, 125.02629284096466], "[5, 1]": [-129.89698282340427, 31.471165083345745, -4000, -337.78519467344603], "[4, 3]": [-47.75127989248603, -4000, -187.36245532713633, 12.478286038610904], "[4, 1]": [2.5278699621272622, 176.8106763685897, -4000, 10.701533231278773], "[5, 0]": [-59.685851941988716, 73.74164994537252, 288.6908590985508, 0], "[5, 7]": [0, 56.35001487338875, 295.0626900617615, 65.93543375341349], "[6, 3]": [81.01160971827923, 0, 138.35241066465233, 195.78086015481605], "[5, 3]": [-13.65416580510494, 0, 323.1226357338372, 99.16077444650398], "[4, 0]": [84.26886841300188, 184.12609265339347, -49.704168927948174, 0], "[4, 7]": [0, 137.22846852514593, 203.61550900685643, 72.3237754456759], "[4, 9]": [-4000, 108.25851093499661, -4000, -637.9987242510578], "[4, 8]": [-4000, 147.13757224415457, -252.03873382234866, -4000], "[2, 1]": [148.4345113323912, 151.40115536707248, 0, 88.18590350413012], "[2, 3]": [157.45900938620935, -4000, 16.963608564398136, 62.58548248304082], "[2, 4]": [128.6587026549712, -4000, -747.0595235956037, -4000], "[2, 0]": [78.70261430715782, 196.22093259561402, -89.16899815001473, -4000], "[2, 9]": [-4000, -365.09236804399814, -4000, 69.13044185588562], "[2, 5]": [-282.21562524050967, -4000, -4000, 52.65817248519145], "[2, 10]": [-4000, -1291.0996066130929, -4000, -4000], "[3, 32]": [0, 548.9520281566977, 76.50688478222689, 37.48537904742149], "[7, 11]": [-4000, -4000, 33.5692987483471, 251.60949321630156], "[6, 5]": [-553.6852412086979, -4000, -4000, -479.4574818493821], "[6, 2]": [-231.8878704328589, -281.8884772000103, -4000, -4000], "[7, 8]": [-4000, -131.4825225805693, -95.06837491705473, -4000], "[7, 0]": [-63.73576607019206, -73.0889755307021, 95.89747420793111, -4000], "[6, 4]": [-618.4477176885946, -4000, 78.41132390420641, -4000], "[2, 7]": [-4000, 24.434147903922028, 44.144649491491535, 12.750371791927172], "[3, 1]": [51.2418311055784, 261.59767240340614, 0, -27.808595239827678], "[3, 3]": [90.65935795714078, -4000, -18.995207184376873, -31.069072038187866], "[6, 9]": [-4000, -38.494203101788955, -4000, -935.0277163503306], "[6, 11]": [-4000, -4000, -94.43396216727962, 85.97220922860188], "[7, 18]": [0, 62.09303089253002, 107.14678244490571, 548.8732024762147], "[0, 7]": [-4000, -50.17907283668566, -37.045626512998915, 76.02663817956095], "[0, 3]": [98.48791599791188, -4000, 65.65763401239097, 148.24574333236745], "[0, 1]": [218.24478646431834, 25.72399425994865, 0, 123.14492797473211], "[1, 39]": [561.89435102117, 0, 45.40604806409408, 144.08096085028944], "[5, 25]": [0, 88.842943279897, 536.6957208938458, 89.56608293259173], "[0, 8]": [-4000, -479.7062071886128, -140.7222260207155, -4000], "[0, 0]": [79.65048925812857, -76.77905343021997, -70.87301010802983, -4000], "[0, 9]": [-4000, -537.7910385165304, -4000, -15.146310623763137], "[0, 2]": [-208.5035103518181, -312.39263299257055, -3797.2422276282787, -4000], "[7, 15]": [98.2951520135205, 54.80924161523357, 0, 526.2547584539276], "[6, 8]": [-4000, -326.7020694935702, 95.61505609192777, -4000], "[1, 3]": [265.69310217555136, 0, -16.777743297989236, 41.77864647186634], "[2, 8]": [-4000, 153.83253634197, -147.10158492876937, -4000], "[3, 7]": [-4000, 312.46107566975763, 53.035874201150065, 22.87091568382899], "[4, 4]": [36.158162617467454, -4000, -569.0099516045314, -4000], "[3, 2]": [19.35707142666545, 203.94009904140478, -3586.1950974200968, -4000], "[3, 0]": [90.75925187383555, 327.52062515635515, 26.753160232683918, 0], "[3, 30]": [130.23292906299224, 527.3071168456631, 0, 103.12406445277695], "[2, 11]": [-4000, -4000, -58.82744910597714, -494.36939518874937], "[2, 2]": [-171.892410341812, 156.80723867502866, -4000, -4000], "[7, 1]": [62.412276143948006, 1.3120696116793447, -4000, 308.4949216289697], "[0, 5]": [-1.4979312514253067, -4000, -4000, -233.32791783146604], "[1, 0]": [278.6438252173463, 72.72309019564405, 32.85450522509966, 0], "[1, 1]": [310.88342325913186, -1.447795409144618, 0, 107.90205088885385], "[3, 9]": [-4000, 303.24729813865855, -4000, 47.550244794479994], "[3, 33]": [-4000, 536.2377248040987, 139.7371505819285, -4000], "[1, 7]": [-4000, -29.419638881573064, -31.542501987059225, 116.49548620815284], "[1, 2]": [297.43611607531045, 85.06485707332429, -4000, -4000], "[1, 37]": [523.0105144221286, 72.70782409609093, 0, 56.34665590194949], "[0, 4]": [-711.673688392596, -4000, -109.41591407797534, -4000], "[0, 11]": [-3587.1932944974633, -4000, 5.549632801787795, -169.05453837927888], "[3, 8]": [-4000, 319.83896892965726, 11.189031502345536, -4000], "[5, 11]": [-4000, -3595.537495813572, 205.1952555587901, 53.200432928426416], "[5, 22]": [72.17477268024336, 79.81971605552576, 501.2950219628854, 0], "[3, 29]": [92.2753035073052, 523.6803676347238, 43.39959423465496, 0], "[1, 36]": [498.10723307624744, 68.59437250146294, 39.69008499414272, 0], "[7, 5]": [-2.5595150371212965, -4000, -4000, 200.27457786529058], "[4, 2]": [-12.31739740085764, 54.96016163243257, -4000, -4000], "[3, 5]": [-70.49883920545761, -4000, -4000, 57.222832956600996], "[4, 13]": [-4000, -4000, -4000, -924.0334106438444], "[4, 11]": [-4000, -4000, 83.77850614877121, -78.3780353322015], "[7, 9]": [-4000, -333.224363966654, -3603.3633846428497, 161.49873924236547], "[7, 4]": [-297.42125136534446, -4000, -828.657763948667, -4000], "[6, 13]": [-4000, -4000, -4000, -2340.9161641973405], "[1, 8]": [-4000, -40.378378859036346, -254.49527968372522, -4000], "[5, 9]": [-4000, -41.253153519295694, -4000, -922.6083962644982], "[5, 4]": [-360.1397455657044, -4000, 189.80940214061695, -4000], "[3, 31]": [189.5497728291752, 474.8113849408092, -4000, -4000], "[2, 12]": [-4000, -4000, -913.6209033900559, -4000], "[1, 4]": [257.25883818743785, -4000, -550.115539899018, -4000], "[1, 10]": [-4000, -829.421047353648, -4000, -4000], "[1, 41]": [429.4770439095863, -3214.3507660793794, -4000, 164.92700994494766], "[0, 6]": [-1216.5372581994682, -4000, -4000, -4000], "[1, 9]": [-4000, -340.28948226945744, -4000, -1097.4807214946297], "[4, 10]": [-4000, -84.84065149165377, -4000, -4000], "[3, 11]": [-4000, -4000, -7.27719218404653, -86.96421274744534], "[7, 2]": [-26.225230551197562, -71.04179933089021, -4000, -4000], "[2, 6]": [67.99664616383927, -4000, -4000, -4000], "[6, 10]": [-4000, -148.58449707327335, -4000, -4000], "[1, 40]": [476.86035020290996, 0, -114.39324863540352, -4000], "[5, 8]": [-4000, 76.03402321543354, 278.4939181597552, -4000], "[6, 12]": [-4000, -4000, -130.2349106035374, -4000], "[3, 4]": [33.57889337977387, -4000, -779.5600936532624, -4000], "[5, 2]": [-0.9922314754977442, -205.06147740508771, -4000, -4000], "[4, 5]": [-126.50772270238643, -4000, -4000, -18.44145128630874], "[5, 5]": [-2.0330202349667585, -4000, -4000, -161.54085915659644], "[0, 13]": [-4000, -4000, -4000, -170.7978275801799], "[1, 5]": [-113.96058981319703, -4000, -4000, 70.40931859313503], "[7, 20]": [-4000, -4000, 105.9430617151902, 467.8187622077516], "[5, 13]": [-4000, -4000, -4000, -561.4547135910012], "[1, 38]": [483.15917404508224, 117.38544423990095, -4000, -4000], "[0, 12]": [-4000, -4000, -794.0866991201333, -4000], "[4, 12]": [-4000, -4000, -505.6920564164596, -4000], "[1, 6]": [213.64436140624576, -4000, -4000, -3595.931599940126], "[0, 10]": [-4000, -459.1040443977475, -4000, -4000], "[6, 6]": [-974.3422320156583, -4000, -4000, -4000], "[4, 6]": [-108.21600834981693, -3595.797872190422, -4000, -4000], "[1, 11]": [-4000, -4000, -187.24410456968658, -124.9380899563123],