{"[5, 1]": [-0.7528451514219496, 24.496720189958562, -600, 473.8294054577833], "[6, 0]": [271.4921252427645, 308.36189057852323, 874.8675075493051, -600], "[6, 7]": [-600, 573.3088888337148, 714.0374155274452, 1027.6028091567116], "[6, 1]": [283.8106683696225, 230.7901851148654, -600, 925.0531003427709], "[6, 3]": [564.3555655439335, -600, 1030.2835536583682, 715.8952592027454], "[6, 9]": [-600, 28.10233322321309, -600, 784.4745821099859], "[6, 8]": [-600, 153.97106109406403, 879.024406107856, -600], "[4, 9]": [-600, 779.293253045544, -600, 33.11479312869624], "[4, 8]": [-600, 1040.1800678073012, 577.3429967650302, -600], "[4, 7]": [-600, 1055.3734059296519, 741.8947277589446, 584.794812370666], "[4, 0]": [590.9061858111437, 736.3277120581439, 1053.1457195041169, -600], "[4, 11]": [-600, -600, 886.2517855874545, 162.02031105559743], "[7, 7]": [-600, 71.54300269508107, 209.64473724977793, 1187.1844344867104], "[7, 3]": [643.2767427195639, -600, 601.3220055523609, 1261.5449961697364], "[0, 7]": [-600, 238.03345851638852, 278.661211375943, 900.0027065702916], "[0, 3]": [976.0202071738621, -600, 531.6214193044466, 672.722363271005], "[0, 1]": [689.0479667095667, 527.5786435816456, -600, 971.095949233111], "[0, 0]": [824.0905061741234, 275.9520603538738, 243.18030034567204, -600], "[7, 1]": [218.52379887370756, 67.13310588858354, -600, 1205.4969530271997], "[7, 0]": [540.6244679930044, 1.8466126049066456, 20.900339516354652, -600], "[5, 3]": [49.805565086219076, -600, 1224.7933050496, 213.92107724018283], "[4, 3]": [233.1626108721367, -600, 954.6178332769489, 274.3100888974307], "[4, 1]": [261.4555220331669, 903.88882464961, -600, 226.44030186709037], "[5, 0]": [74.0023180046898, 211.66872013021043, 1227.4148683451915, -600], "[5, 7]": [-600, 655.3113041889812, 1265.9334610403941, 709.8670881710399], "[2, 3]": [899.1619706540118, -600, 226.4408735812916, 260.2079999375898], "[2, 7]": [-600, 891.2859435609906, 305.8057191193109, 263.44361400875084], "[2, 1]": [702.0480821537774, 999.6787161231102, -600, 548.9394132737258], "[2, 0]": [995.9261318588842, 679.2277989742286, 556.6426816318716, -600], "[1, 0]": [1164.3548226381038, 194.51513929206894, 62.30021200120249, -600], "[1, 7]": [-600, 25.343438794299253, -1.6243443055666071, 533.3314957893125], "[1, 3]": [1166.2110037125565, -600, 47.91523194370025, 197.16706481190496], "[2, 4]": [776.3255392479017, -600, 32.97957220128058, -600], "[2, 8]": [-600, 849.8274835532571, 155.95363334094307, -600], "[2, 9]": [-600, 312.6162943732666, -600, 7.074890389814117], "[2, 2]": [991.8330345661537, 543.9550846834993, -600, -600], "[1, 1]": [1247.7486246106794, 535.4780184094079, -600, 596.2918509269181], "[3, 1]": [228.45928703423544, 1192.044058437654, -600, 49.42348741609761], "[3, 3]": [18.545134095061428, -600, 464.5372800275534, 0.3736737943712393], "[3, 7]": [-600, 1173.1028408262866, 192.26602913149108, 45.88940485168232], "[0, 4]": [285.7056127185359, -600, 12.76544990308368, -600], "[0, 11]": [-600, -600, 122.78082413370302, 776.9525467182101], "[5, 11]": [-600, -600, 1180.221583341055, 158.0397231538227], "[6, 4]": [8.120309195421493, -600, 363.1450282518634, -600], "[3, 32]": [0, 1151.2895907331222, 56.25592123177233, 11.685028991980879], "[5, 23]": [12.879585552522165, 0, 1165.1108743317482, 64.6562066406781], "[3, 29]": [350.3949863266201, 1296.352606775996, 326.050154337518, 0], "[1, 36]": [1142.2771953783363, 58.810046619934425, 16.824826922011685, 0], "[4, 2]": [129.2788888146041, 880.6872927661277, -600, -600], "[6, 11]": [-600, -600, 539.964985486534, 1013.5185298269013], "[5, 8]": [-600, 215.68795064643976, 1187.1675901670444, -600], "[5, 2]": [2.9523246072252527, 444.47399904795583, -600, -600], "[4, 5]": [570.3568894202778, -600, -600, 39.65535029644706], "[5, 25]": [0, 364.36613372198735, 1335.283235968977, 385.03910734883254], "[7, 18]": [0, 21.286312069074143, 54.03412441158921, 1151.7652183120424], "[3, 11]": [-600, -600, 350.42319072784943, 2.040670582883351], "[2, 5]": [782.9980938354869, -600, -600, 130.88322889030778], "[0, 5]": [960.8707145808987, -600, -600, 468.03388383666396], "[7, 5]": [130.79181186591825, -600, -600, 1152.516583222904], "[4, 4]": [35.3650736458185, -598.6299801157367, 850.2268113214614, -600], "[7, 4]": [-0.28943238356860435, -600, 78.80744326729739, -600], "[0, 13]": [-600, -600, -600, 874.9063249869052], "[6, 5]": [142.63856399515578, -600, -600, 824.4055174228623], "[0, 9]": [-600, -1.784429517977332, -600, 240.3052613670933], "[3, 8]": [-600, 1036.3853514199463, 173.6398474985748, -600], "[2, 10]": [-600, 907.8984783885047, -600, -600], "[3, 0]": [658.0587599326944, 1237.006721233339, 614.4420358020601, -600], "[0, 2]": [798.7228565423385, 118.28128742670684, -599.1866590245131, -600], "[5, 4]": [1.5658056821110689, -600, 767.1079597112131, -600], "[1, 5]": [1009.2313305770585, -600, -600, 95.4360832420684], "[1, 37]": [1291.0939220585751, 286.01942408713387, 0, 310.25779518122835], "[3, 33]": [-600, 1123.9348963900213, 38.31453673829189, -600], "[5, 22]": [17.12864666474511, 81.25434720327276, 1183.0838633182796, 0], "[0, 8]": [-600, 661.2370961949443, 58.81909829248369, -600], "[5, 9]": [-600, 1.961684155864535, -599.240809170249, 201.5442999303921], "[2, 13]": [-598.6526144662043, -600, -600, 557.2892252207056], "[1, 2]": [1011.98163114073, 147.8381297419355, -600, -600], "[3, 30]": [62.2158455122062, 1143.7351062825378, 0, 14.739049630439753], "[2, 11]": [-600, -600, 668.9397401123591, 58.35813198028497], "[3, 5]": [302.3147601273856, -600, -600, 2.315759661881917], "[0, 6]": [775.7453518780502, -600, -600, -600], "[1, 39]": [1137.4100037847172, 0, 10.863667837185655, 53.83536128716515], "[4, 10]": [-600, 838.1723719343851, -600, -600], "[3, 2]": [146.53926672773943, 1160.4015400646601, -600, -600], "[2, 6]": [769.9420179328187, -600, -600, -600], "[3, 4]": [2.500426022358336, -600, 183.42803452878192, -600], "[1, 13]": [-600, -600, -600, 274.47356017937943], "[1, 9]": [-600, 0.6258473582187927, -600, 34.09964427990082], "[5, 10]": [-600, 317.48462158233724, -600, -600], "[6, 12]": [-600, -600, 934.8050054458237, -600], "[7, 15]": [59.79433690488357, 17.24468709965984, 0, 1160.627992173113], "[7, 16]": [329.351453455142, 0, 316.9176982159072, 1315.747245750306], "[6, 2]": [63.86415341125685, 685.5242094474053, -600, -600], "[5, 27]": [-600, -600, 984.4625434227253, 25.26313196232677], "[5, 5]": [2.95123301223693, -600, -600, 293.65435778319187], "[4, 12]": [-600, -600, 956.1725044683886, -600], "[3, 9]": [-600, 684.8520391306796, -598.8812796869537, -0.06879639160153722], "[7, 2]": [522.3022706197622, 9.328907162880938, -600, -600], "[7, 9]": [-600, 1.4325644273615246, -600, 722.4895428742237], "[2, 12]": [-600, -600, 642.0531143291141, -600], "[6, 13]": [-600, -600, -598.3935960769386, 780.9960711978794], "[4, 6]": [505.6287012876976, -600, -600, -600], "[7, 11]": [-600, -600, 161.5527618199582, 1055.1565461368434], "[1, 4]": [636.424243398324, -600, 1.18924536684887, -600], "[1, 10]": [-600, 286.7873092076727, -600, -600], "[3, 34]": [-600, 383.11461771727767, 0, 0.5069903944967108], "[1, 38]": [1059.1115910500941, 35.23079124589897, -600, -600], "[1, 8]": [-600, 485.6706509497462, 6.371724585309061, -600], "[1, 11]": [-600, -600, 4.708830622821581, 371.50357061379185], "[0, 12]": [-600, -600, 614.0860150533055, -600], "[6, 6]": [621.0718647115837, -600, -600, -600], "[7, 20]": [-600, -599.1913254650236, 33.478973470838326, 1104.8417487711981], "[0, 10]": [-600, 493.4160416055217, -600, -600], "[5, 12]": [-600, -600, 939.6960065827576, -600], "[5, 26]": [-600, 37.00220405111973, 1176.59614480381, -600], "[4, 13]": [-600, -600, -600, 642.8404927290137], "[7, 8]": [-600, 8.296480157054075, 560.0799582850357, -600], "[1, 40]": [320.12667766025805, 0, 0.3755033574668451, -600], "[6, 10]": [-600, 601.9762247590149, -600, -600], "[7, 19]": [-600, 1.2481915157774754, 0, 384.11707668490345], "[1, 41]": [782.381092957786, -600, -600, 19.054975634970198],