{"[5, 1]": [148.93844382147478, 232.54176147254515, -600, 2815.095384209865], "[6, 0]": [2042.7398290833012, 2048.8429703544666, 3140.0043342132017, -600], "[6, 7]": [-600, 2870.937416667431, 3023.2640319350917, 3314.532078922755], "[6, 1]": [1945.4525665452193, 1833.947054627679, -600, 3215.5753723818375], "[6, 3]": [2843.3889752178825, -600, 3313.8294931836676, 3007.082304184136], "[6, 9]": [-600, 471.77067862835656, -600, 3047.477246527327], "[6, 8]": [-600, 1321.5446566148485, 3172.795753214325, -600], "[4, 9]": [-600, 2940.167106087707, -600, 401.1369759356107], "[4, 8]": [-596.260926642801, 3321.477809176795, 2782.4532064186637, -600], "[4, 7]": [-600, 3337.3264413347865, 3041.6669219960604, 2876.31095270366], "[4, 0]": [2879.089763312367, 3044.063557730462, 3335.0600387892205, -600], "[4, 11]": [-600, -600, 3169.208688289992, 1363.5395509451023], "[7, 7]": [-600, 1360.2094065637273, 1620.0946589280134, 3475.04285703501], "[7, 3]": [2933.215627000874, -600, 2863.9959607240303, 3523.48298551332], "[0, 7]": [-600, 1951.0558012809233, 1972.7256435131678, 3165.672531388391], "[0, 3]": [3255.23787440759, -600, 2776.5488155332855, 2958.5999563143882], "[0, 1]": [2973.8791460655384, 2811.3160454405415, -600, 3246.3581079737573], "[0, 0]": [3085.9078788034553, 1992.582486430171, 1952.5596750150398, -600], "[7, 1]": [1733.0271979332, 1361.3710173822885, -600, 3481.4298224518016], "[7, 0]": [2925.314126970696, 190.2242373791637, 253.69188778924175, -600], "[5, 3]": [1130.9476660463197, -600, 3504.530091668794, 1639.713034529621], "[4, 3]": [1848.9291560305749, -600, 3222.084953421683, 1956.224331294338], "[4, 1]": [1828.0652596037942, 3160.6236463328255, -600, 1801.290780551289], "[5, 0]": [1310.2850879160562, 1650.5450145146165, 3510.647196072705, -600], "[5, 7]": [-600, 2941.425469820305, 3539.959800467974, 3012.595261252843], "[2, 3]": [3173.6903070662456, -600, 1795.7502040386216, 1895.6064078256752], "[2, 7]": [-600, 3159.9974502289756, 2053.2265006640305, 2021.7992315023555], "[2, 1]": [2990.920668323995, 3273.6432183787197, -600, 2807.2562739732393], "[2, 0]": [3277.5033457906948, 2984.1267612481724, 2827.463759306709, -600], "[1, 0]": [3448.9700188075153, 1604.5168405462248, 1356.3953823724514, -600], "[1, 7]": [-600, 288.1358476412568, 188.62604953406796, 2905.0105466095347], "[1, 3]": [3435.033095581242, -600, 1217.0892809773927, 1595.8219459591774], "[2, 4]": [2992.5941805079306, -600, 420.9972636155964, -600], "[2, 8]": [-600, 3155.3812657786266, 1428.6081599818942, -600], "[2, 9]": [-594.5721930369361, 2287.520339898014, -600, 111.27715955987931], "[2, 2]": [3269.560306574536, 2739.080773063936, -600, -600], "[1, 1]": [3512.9774930714907, 2793.5858922313414, -600, 2852.893196896459], "[3, 1]": [1670.9002943308672, 3478.1338767056322, -600, 1113.269628936262], "[3, 3]": [259.91695136019285, -600, 2780.2125944814957, 152.16778416974574], "[3, 7]": [-600, 3455.686151590152, 1547.0008518015097, 1152.238070579745], "[0, 4]": [2301.6850028365093, -600, 159.70479331774828, -600], "[0, 11]": [-600, -600, 1184.423641647443, 3031.385605200767], "[5, 11]": [-600, -600, 3471.869087975734, 1274.063791971763], "[6, 4]": [173.58204282726138, -600, 2637.833541701401, -596.2455380115288], "[3, 32]": [0, 3495.0224019942007, 534.8508042485889, 375.44458153066313], "[5, 23]": [320.47381455583167, 0, 3525.5115752533748, 591.6015977594972], "[3, 29]": [2280.0059483225373, 3577.275586456239, 2236.7825284409764, 0], "[1, 36]": [3503.0639558114235, 538.1225844467893, 469.59819039099625, 0], "[4, 2]": [1130.8788549569963, 3156.521343949275, -600, -600], "[6, 11]": [-600, -600, 2759.8559595374586, 3292.3146449831256], "[5, 8]": [-600, 1674.8072672513542, 3485.7006460867824, -600], "[5, 2]": [130.73490209913683, 2792.1044131517356, -600, -600], "[4, 5]": [2881.5631641823006, -600, -600, 419.9519723882987], "[5, 25]": [0, 2376.1604108259917, 3614.3711490157575, 2427.0517013415224], "[7, 18]": [0, 470.5005328721647, 559.8701496548455, 3515.748212496227], "[3, 11]": [-600, -600, 2637.5428249001525, 120.38774699015569], "[2, 5]": [3027.3920368495724, -600, -600, 1141.3643398464098], "[0, 5]": [3236.7316239506868, -600, -600, 2571.090932809929], "[7, 5]": [1116.5628210134712, -596.6807972972954, -600, 3441.335318272372], "[4, 4]": [474.5753767366898, -600, 3175.3738676668886, -600], "[7, 4]": [15.33773894889655, -600, 1687.9818106995176, -600], "[0, 13]": [-600, -600, -600, 3148.2908285864323], "[6, 5]": [1160.0160816143477, -600, -600, 3072.0847250659367], "[0, 9]": [-600, 84.94942228892, -600, 2087.9185329932634], "[3, 8]": [-600, 3376.666820685746, 1452.8730631032843, -600], "[2, 10]": [-600, 3219.528844307118, -600, -600], "[3, 0]": [2944.744786734269, 3508.1518157423952, 2875.2830879907974, -600], "[0, 2]": [3097.648390744251, 1116.3977197258039, -600, -600], "[5, 4]": [83.04033673262809, -600, 3279.6055344685233, -600], "[1, 5]": [3293.4005244799055, -600, -600, 939.8549232892593], "[1, 37]": [3573.6768540642797, 2077.604974342694, 0, 2181.3058307673123], "[3, 33]": [-600, 3519.6351277778153, 417.1857849279762, -600], "[5, 22]": [423.7832006162359, 567.5590264639106, 3537.10568866757, 0], "[0, 8]": [-600, 2942.2119791851846, 678.496284600813, -600], "[5, 9]": [-600, 61.3242836177033, -592.2740041392552, 2360.2483923727546], "[2, 13]": [-600, -600, -600, 2938.691150951943], "[1, 2]": [3355.433018653216, 1218.8367401433131, -600, -596.4085586751613], "[3, 30]": [559.4554354081376, 3502.9007121342975, 0, 343.1572516515625], "[2, 11]": [-600, -600, 2975.6117821444373, 572.3562185250763], "[3, 5]": [2462.208714748608, -600, -600, 88.61571124432646], "[0, 6]": [3057.448797644627, -600, -600, -600], "[1, 39]": [3487.6865761556382, 0, 365.56920701689444, 545.6625457558704], "[4, 10]": [-600, 3176.164552936037, -600, -600], "[3, 2]": [1229.895973690175, 3451.98042278375, -600, -600], "[2, 6]": [3077.01748734576, -600, -600, -600], "[3, 4]": [53.07446858069169, -600, 2165.446626916216, -600], "[1, 13]": [-600, -600, -600, 2605.093474955943], "[1, 9]": [-600, 15.903037045463098, -600, 1019.0644294557577], "[5, 10]": [-600, 2695.8828640836723, -600, -600], "[6, 12]": [-600, -600, 3228.7178424295857, -600], "[7, 15]": [533.6283191339464, 375.86238163509273, 0, 3527.1301218828908], "[7, 16]": [2300.7101103071254, 0, 2232.14870504238, 3597.368408818205], "[6, 2]": [595.6339076243142, 2991.623938780183, -600, -600], "[5, 27]": [-600, -600, 3426.895466647823, 242.2496981393392], "[5, 5]": [69.1236752878406, -596.8381089817913, -600, 2472.6242230772364], "[4, 12]": [-600, -600, 3247.47907532434, -600], "[3, 9]": [-600, 3149.697354788843, -600, 66.80225562143511], "[7, 2]": [2906.337393445207, 207.86485780654456, -600, -600], "[7, 9]": [-600, 132.20701619657726, -600, 3208.982105306933], "[2, 12]": [-600, -600, 3002.8467007549343, -600], "[6, 13]": [-600, -600, -600, 3083.7981094372435], "[4, 6]": [2869.7632286439575, -600, -600, -600], "[7, 11]": [-600, -600, 1393.9974613694756, 3383.652337468634], "[1, 4]": [3064.890067124627, -600, 93.38701764236187, -600], "[1, 10]": [-600, 2623.1685282008775, -600, -600], "[3, 34]": [-600, 2464.479490260142, 0, 31.290357998691803], "[1, 38]": [3461.5912923412434, 368.2861214306656, -600, -600], "[1, 8]": [-600, 2835.107463887611, 205.72676599449483, -600], "[1, 11]": [-600, -600, 110.12567112779313, 2738.800553004083], "[0, 12]": [-600, -600, 2985.3266397007214, -600], "[6, 6]": [3007.219050949447, -600, -600, -600], "[7, 20]": [-600, -596.5704452693036, 391.05124511287994, 3504.1319577422814], "[0, 10]": [-600, 2860.3448822804107, -600, -600], "[5, 12]": [-600, -600, 3383.360979144845, -600], "[5, 26]": [-600, 470.9212456439672, 3544.0860792966237, -600], "[4, 13]": [-600, -600, -600, 3016.602035350148], "[7, 8]": [-600, 284.1091769818301, 2907.416468715497, -600], "[1, 40]": [2332.393302965859, 0, 34.216048502306194, -600], "[6, 10]": [-600, 2970.3192878912114, -600, -600], "[7, 19]": [-600, 44.594098673332425, 0, 2516.8344859475374],