{"[6, 7]": [0, 43.88867105587476, 181.5498128980751, 111.11710303338724], "[6, 0]": [-27.615478101019747, -66.30673893075604, 147.25074272186743, -4000], "[7, 7]": [0, 7.173861629341117, 38.10539476791203, 301.1300332467549], "[7, 3]": [86.23563913069958, -4000, -31.920684460110675, 303.1268977271604], "[7, 16]": [97.16071457607754, 0, -18.952824180881656, 477.9467080758696], "[6, 1]": [81.95573816739476, 66.6958669740143, -4000, 154.09794940961316], "[5, 23]": [113.34645887051502, 0, 432.0663321725752, 128.56965257258838], "[5, 1]": [-118.49216774337552, -164.5781521768802, -4000, -2.6627638485416285], "[4, 3]": [1.3779263495985177, -4000, -199.69011081438867, -100.86022250380127], "[4, 1]": [1.2678561150092955, -42.40784868350579, -4000, -58.839301673146416], "[5, 0]": [9.331538632245621, 53.5837660731722, 224.91241276213935, 0], "[5, 7]": [0, -114.69966893656252, 196.3794024893195, 56.16350762705313], "[6, 3]": [63.73069943401795, -4000, 177.97267344716929, 111.27690683438465], "[5, 3]": [-48.7689883720191, -4000, -120.92122654357343, 6.897097209282131], "[4, 0]": [-6.032629165166533, -9.180637136478964, 39.37744617268467, 0], "[4, 7]": [0, -140.9116450406899, 36.393935791919375, 4.023306119355157], "[4, 9]": [-4000, -252.00721603532287, -4000, 8.165801776385138], "[4, 8]": [-4000, -297.64873754691416, 143.29615578652516, -3596.6823945347387], "[2, 1]": [167.02669422101386, 125.83078366437596, -4000, 11.273636841766843], "[2, 3]": [-8.970499958561142, -4000, -5.75248638802199, 67.39144171268929], "[2, 4]": [-469.97474369665764, -4000, 111.06109925072744, -4000], "[2, 0]": [18.797924406608107, 221.29719625982455, 63.94292274296892, -4000], "[2, 9]": [-4000, 197.07539139691954, -4000, -805.3170438031626], "[2, 5]": [-443.3033078420125, -4000, -4000, -717.7298491209187], "[2, 10]": [-4000, 136.0913153863874, -4000, -4000], "[3, 32]": [0, 500.1506809895805, 88.08518006628792, 78.73889908733051], "[7, 11]": [-4000, -4000, -51.9731580305573, 265.81789753017233], "[6, 5]": [-260.19242504350393, -4000, -4000, -42.96470126516509], "[6, 2]": [-283.9410850031564, 61.73499222671899, -4000, -4000], "[7, 8]": [-4000, 35.12538274619118, -405.6648960647087, -4000], "[7, 0]": [92.22152805547348, -106.61710903319215, -123.47838678027279, -4000], "[6, 4]": [49.688736759356544, -4000, -1559.8415288432673, -4000], "[2, 7]": [-4000, 17.610344228381518, -3.9340954600947313, 52.317616383863026], "[3, 1]": [47.45831629437914, 283.93060527299156, 0, -15.606868819234595], "[3, 3]": [0.6334430973413104, -4000, -125.1291980186158, -95.94759126739419], "[6, 9]": [-4000, -597.1456285327489, -4000, 124.06237988510186], "[6, 11]": [-4000, -4000, 182.30567855144568, 12.389124099811823], "[7, 18]": [0, 53.38319990995859, 107.48159725340442, 484.27820816146937], "[0, 7]": [-4000, -263.7410204191473, -40.10670747947122, -278.0292596601679], "[0, 3]": [112.65200912519987, -4000, -99.57632474573514, -107.26394808955556], "[0, 1]": [100.75519438689945, 6.01905670115095, -4000, 62.7203038667295], "[1, 39]": [528.7568943962322, 0, 61.21766322276066, 122.75088464520131], "[5, 25]": [0, 64.56820982280709, 440.832142404697, 73.30557833624356], "[0, 8]": [-4000, -552.6569289741794, -111.23361581037794, -4000], "[0, 0]": [124.44864396131277, -189.9286231622841, -236.5736371588686, -4000], "[0, 9]": [-4000, -17.42296162049056, -4000, -1231.1618089165404], "[0, 2]": [-123.06426598771147, -261.087988215206, -4000, -4000], "[7, 15]": [104.78721082821137, 68.16657237050518, 0, 460.91028136885024], "[6, 8]": [-4000, 29.374345298325704, -290.41899115911303, -4000], "[1, 3]": [310.14379948312694, 0, 29.182357563543, 55.412758569660205], "[2, 8]": [-4000, 150.44351667262416, -42.69284879116515, -4000], "[3, 7]": [-4000, -34.22646075415254, 79.80543245449832, -24.33667249973169], "[4, 4]": [-966.5080077050907, -4000, -408.5853174858191, -4000], "[3, 2]": [23.528089598607405, 75.95594897634557, -4000, -3607.3565583216864], "[3, 0]": [23.418944624489857, 289.59764380257116, 104.98469542155911, 0], "[3, 30]": [106.99415539756805, 520.2033848211732, 0, 80.91061531993566], "[2, 11]": [-4000, -4000, -395.35983126138575, -71.79151250813858], "[2, 2]": [-48.66330384263789, 312.4991076778415, -4000, -4000], "[7, 1]": [146.04207735797942, -75.61949256401266, -4000, 25.157655707435772], "[0, 5]": [-625.3078465320905, -4000, -4000, -105.37434861459532], "[1, 0]": [376.1621977243904, 19.27845625951718, -23.341902587596167, 0], "[1, 1]": [337.31046625290884, 26.089058025637993, 0, -37.50220549539644], "[3, 9]": [-4000, 297.959083437494, -3616.160006423719, -169.2457068685656], "[3, 33]": [-4000, 481.1553172980963, 61.99083066526077, -4000], "[1, 7]": [-4000, -69.72510003006093, -37.47736373188217, -53.30268806499422], "[1, 2]": [367.0969568696511, -42.12939957172357, -4000, -4000], "[1, 37]": [514.2656175519012, 63.25006641294419, 0, 62.35712486638775], "[0, 4]": [-485.35149049935967, -4000, -1001.9389226643863, -4000], "[0, 11]": [-4000, -4000, -345.8653689361688, -708.2642716892783], "[3, 8]": [-4000, 294.63468462672176, 31.9260799476382, -4000], "[5, 11]": [-4000, -4000, 216.01096539665045, -202.5588252394836], "[5, 22]": [75.28185815028078, 65.42773620189547, 457.6963822037917, 0], "[3, 29]": [13.524335856992966, 525.5575966965923, 49.432149922029325, 0], "[1, 36]": [542.2603361816737, 103.8708341081234, 70.6196936329131, 0], "[7, 5]": [90.28768122199232, -4000, -4000, -123.92447985612091], "[4, 2]": [-420.64639474767876, -454.4586424077704, -4000, -4000], "[3, 5]": [-129.66497112198067, -4000, -4000, -12.197136927640443], "[4, 13]": [-4000, -4000, -4000, 11.86559882155355], "[4, 11]": [-4000, -4000, 20.50285974114933, -57.14828418735197], "[7, 9]": [-4000, -386.45940951807955, -4000, 245.31995775438406], "[7, 4]": [-1112.113717202156, -4000, -178.78619389624316, -4000], "[6, 13]": [-4000, -4000, -4000, 71.65741580816287], "[1, 8]": [-4000, -208.22130723672203, -18.46822626600812, -4000], "[5, 9]": [-4000, -481.4152572583248, -4000, -969.3885660187702], "[5, 4]": [-733.253717524611, -4000, 150.17512067276024, -4000], "[3, 31]": [170.83701724425907, 491.41061340748394, -4000, -4000], "[2, 12]": [-4000, -4000, -26.08515998547329, -4000], "[1, 4]": [-31.342047836396517, -4000, -445.66554660278734, -4000], "[1, 10]": [-4000, -32.646553865023975, -4000, -4000], "[1, 41]": [449.05841804696496, -4000, -4000, 162.16739281734584], "[0, 6]": [-1643.979156746701, -4000, -4000, -4000], "[1, 9]": [-3579.4742598775306, -4.63616284801822, -4000, -1053.4410542084934], "[4, 10]": [-4000, -393.9150800131902, -4000, -4000], "[3, 11]": [-4000, -4000, -114.0587162622641, 11.641844084067298], "[7, 2]": [58.43780271920336, -156.9572337197121, -4000, -4000], "[2, 6]": [-778.4139311132292, -4000, -4000, -4000], "[6, 10]": [-4000, -1064.6288971240376, -4000, -4000], "[1, 40]": [416.3046674296532, 0, 43.26240065254798, -4000], "[5, 8]": [-4000, 105.26023566947319, -239.85059781650463, -4000], "[6, 12]": [-4000, -4000, 44.93414309451465, -4000], "[3, 4]": [-885.4371404353076, -4000, 62.531427232982864, -4000], "[5, 2]": [2.337185905152462, -292.7014948047962, -4000, -4000], "[4, 5]": [5.817716978194863, -4000, -4000, -305.92542620651784], "[5, 5]": [-29.216519439718247, -4000, -4000, -203.74224312683393], "[0, 13]": [-4000, -4000, -4000, -545.9785296162869], "[1, 5]": [263.84905006772345, -4000, -4000, -19.44337370894298], "[7, 20]": [-4000, -4000, 132.84674989675554, 466.28063289636196], "[5, 13]": [-4000, -4000, -4000, -164.96174576321366], "[1, 38]": [545.8215201141302, 120.04210414950316, -4000, -4000], "[0, 12]": [-4000, -4000, -2232.08574106144, -4000], "[4, 12]": [-4000, -4000, -31.535545984697286, -4000], "[1, 6]": [-82.40019510486874, -4000, -4000, -4000], "[0, 10]": [-4000, -444.9361251127753, -4000, -4000], "[6, 6]": [-2.1111553013995152, -4000, -4000, -4000], "[4, 6]": [-2015.7064619131816, -4000, -4000, -4000], "[1, 11]": [-4000, -4000, -110.98180001747654, 0.9952131927734253],