{"[6, 0]": [12324.527755115532, 12152.745004176382, 12473.60489960102, -600], "[6, 7]": [-600, 12249.423725953657, 12556.464319851013, 12509.143385068357], "[6, 3]": [12443.698030157084, -600, 12537.882011215306, 12424.079282347204], "[6, 1]": [12321.43024210976, 12232.93736146738, -600, 12240.006287806891], "[6, 4]": [10315.406566603076, -600, 10926.567001563917, -600], "[0, 3]": [12449.310875890116, -600, 12298.66204804488, 12393.287615391393], "[0, 7]": [-600, 12010.183479727431, 12024.576339411135, 12336.02777597266], "[0, 1]": [12568.19703215473, 11947.927194758215, -600, 12433.728657410124], "[0, 0]": [12478.635489776643, 12027.60718343691, 12069.687722954051, -600], "[1, 3]": [12540.4547681706, 0, 12276.620922215003, 12421.538557872609], "[1, 7]": [0, 12359.27767557566, 12143.81644231314, 12207.134958065022], "[2, 3]": [12222.89756133775, -600, 12008.845701084629, 12044.70473889065], "[2, 1]": [12410.731435857499, 12204.18575260464, -600, 12264.948175789967], "[2, 0]": [12251.346895582457, 12515.43631134311, 12371.40162143285, -600], "[1, 0]": [12620.579150374857, 12423.1077856558, 12423.412488927443, -600], "[2, 7]": [-600, 11991.758630160297, 11984.753704084713, 12106.420508038032], "[1, 1]": [12571.228640416693, 12298.86141862739, 0, 12327.14999232554], "[0, 9]": [-600, 12173.909707961622, -600, 9082.087159969436], "[6, 9]": [-600, 11339.131487518476, -600, 12397.522331061258], "[6, 8]": [-600, 11687.849412957283, 12244.201195973521, -600], "[0, 4]": [8873.618094292833, -600, 10863.711170613975, -600], "[0, 11]": [900.6247067018642, -600, 12027.122543258025, 12254.113140836605], "[0, 5]": [12326.73195423924, -600, -600, 12108.759859135185], "[7, 1]": [12462.505722400358, 12436.970412821956, 0, 12687.275238376205], "[7, 16]": [12460.90491397216, 0, 12448.805398636812, 12696.816247940282], "[3, 1]": [12433.682312267527, 12264.12458624927, 0, 12430.324748375318], "[4, 1]": [12122.449202503221, 11860.290730408022, -600, 11973.757031251072], "[4, 0]": [12318.067575276427, 12421.857954549323, 12496.980268923091, -600], "[4, 7]": [-600, 12566.395581356268, 12450.6805851941, 12304.80363974823], "[3, 7]": [0, 12599.290640235695, 12448.863178958602, 12433.00009565666], "[3, 3]": [12145.311383602699, -600, 12116.843198476097, 12112.967882554107], "[1, 39]": [12753.652654777681, 0, 12723.060739679053, 12728.030119194922], "[6, 11]": [-600, -600, 11168.117330018298, 12323.154954990789], "[7, 7]": [0, 12480.581037551794, 12468.27266042664, 12618.341854273309], "[7, 0]": [12298.049084843937, 12263.806270084784, 12290.902644834145, -600], "[6, 2]": [12093.669139556136, 11744.518736960365, -600, -600], "[6, 5]": [11951.53718652836, 677.9272069512351, -600, 12431.209918976489], "[7, 3]": [12297.133921472323, 0, 12229.806741792676, 12564.357207303849], "[2, 4]": [10335.118911653328, -600, 11504.101319014853, -600], "[2, 9]": [1232.607618825782, 10672.185829546128, -600, 11797.446897456604], "[2, 2]": [12101.408526266032, 12225.557120830157, -600, -600], "[4, 3]": [12168.584343921453, -600, 12463.82199951068, 12235.052471082823], "[4, 9]": [-600, 11081.562484462067, -600, 12198.163107301967], "[4, 11]": [-600, -600, 12278.406549945325, 12201.165399831463], "[2, 8]": [-600, 10996.633485880104, 11654.604950215838, -600], "[4, 4]": [10358.347077437858, 2800.906081076503, 9991.366244662891, -600], "[4, 2]": [11820.307645896395, 12075.895434829701, -600, -600], "[5, 3]": [12479.788126739086, 0, 12648.556082463649, 12585.567290088244], "[5, 0]": [12258.06203890916, 12274.944731407635, 11489.601397672908, -600], "[5, 1]": [11899.629459845648, 12086.254011869969, -600, 11795.522018311574], "[5, 7]": [-600, 12338.544780802236, 12636.845127940076, 12551.528764146375], "[3, 0]": [12260.271259544708, 12660.513989137571, 12320.48496074933, 0], "[0, 2]": [12233.839934797106, 11986.649595379431, -600, -600], "[2, 5]": [12072.76064737044, -600, -600, 12135.071128970701], "[4, 10]": [-600, 12174.123855505577, -600, -600], "[4, 8]": [-600, 12292.450928672002, 12581.3629580309, -600], "[5, 8]": [-600, 12671.823896881548, 12699.355133113091, -600], "[6, 13]": [-600, -600, -600, 12199.510990720895], "[3, 29]": [12656.709191004556, 12861.392829598859, 12517.704647505694, 0], "[5, 11]": [-600, -600, 11324.410767479789, 12301.19500333322], "[0, 13]": [746.3820804823008, -600, -600, 11650.411262018106], "[5, 25]": [0, 12693.351420126488, 12688.367155103882, 12630.278934990065], "[2, 6]": [10956.994120951513, -600, -600, -600], "[5, 4]": [12447.560721089512, -600, 12747.526122177675, -600], "[7, 11]": [-600, -600, 12456.887677345521, 12666.514069210498], "[7, 4]": [12009.808749695641, -600, 10159.4827509724, -600], "[7, 9]": [-600, 12241.115296636166, 0, 12635.386478891312], "[7, 5]": [12484.902912142517, -600, -600, 12415.36494232304], "[5, 23]": [12774.678165903277, 0, 12899.629490675836, 12783.360622146507], "[3, 32]": [0, 12210.163725889059, 12284.618981888523, 12292.735821163218], "[3, 30]": [12864.81200782063, 12907.105047080753, 0, 12896.994799859554], "[2, 10]": [705.8213486930024, 11915.359780115592, -600, -600], "[7, 18]": [0, 12580.054119311211, 12587.180467626858, 12687.539476645961], "[5, 22]": [12772.722105854233, 12816.4543125691, 12841.707824379158, 0], "[1, 9]": [758.8812656666005, 11815.23788042774, -600, 9313.659864381034], "[1, 37]": [12740.644286121986, 12403.865983520178, 0, 12478.911475449886], "[5, 9]": [-600, 10881.571309804689, -600, 10586.862762597464], "[3, 2]": [12251.026517645576, 11932.529429543916, -600, -600], "[3, 4]": [10837.503159501535, -600, 10314.921153259838, -600], "[1, 36]": [12455.081838047528, 12495.321322172256, 12474.730372434455, 0], "[7, 15]": [12393.413294959451, 12389.368449721538, 0, 12311.555279016995], "[0, 6]": [9961.296681903179, 717.2175064481457, -600, -600], "[4, 5]": [12123.378197399277, -600, -600, 11886.374277714509], "[2, 11]": [700.0117820128262, -600, 11970.47757204764, 12051.28176553896], "[3, 5]": [11629.950810723158, -600, -600, 11856.97273017909], "[3, 11]": [-600, 960.0573711982167, 12074.490094486602, 12073.32045413081], "[1, 2]": [12551.252764551644, 12183.975059679628, -600, -600], "[2, 13]": [-600, -600, -600, 11562.141074612904], "[4, 6]": [7948.195490938237, -600, -600, -600], "[7, 2]": [12298.497839764726, 12305.978654752704, -600, -600], "[0, 8]": [-600, 12057.24428594404, 11986.88680326934, -600], "[1, 5]": [12164.79857140203, -600, -600, 12246.5293791214], "[7, 8]": [-600, 12178.497631941267, 12193.838211209217, -600], "[1, 4]": [11451.490473912234, -600, 12065.868726001088, -600], "[0, 12]": [-600, -600, 11375.307208812892, -600], "[3, 9]": [-600, 11456.046655138272, -600, 12243.555985348967], "[3, 12]": [-600, -600, 11835.603017077416, -600], "[6, 10]": [-600, 10167.736995350475, -600, -600], "[4, 12]": [-600, -600, 10543.8989403534, -600], "[1, 8]": [-600, 11993.841889246363, 12067.228791310423, -600], "[1, 11]": [-600, 998.6314052568982, 12114.869016579885, 12171.096642422464], "[5, 13]": [-600, -600, -600, 11450.347009561829], "[5, 2]": [11983.453391608093, 11494.84163602351, -600, -600], "[2, 12]": [-600, -600, 10704.33396560319, -600], "[7, 13]": [-600, -600, -600, 12724.837549846781], "[3, 8]": [-600, 12580.640990795117, 12544.478066711768, -600], "[5, 5]": [12316.01289069598, -600, -600, 12361.828950658793], "[3, 10]": [-600, 12982.811047731067, -600, -600], "[5, 24]": [12737.118582540606, -600, 12812.012279307337, -600], "[3, 31]": [13538.419829822607, 13638.095579862156, -600, -600], "[5, 27]": [-600, -600, 12824.009619501678, 12825.59383639063], "[6, 12]": [-600, -600, 8496.118529982281, -600], "[6, 6]": [6823.7673016186745, -600, -600, -600], "[7, 19]": [-600, 12166.83323283086, 0, 11720.553244466766], "[1, 38]": [12640.511104092308, 12323.37793229792, -600, -600], "[1, 12]": [-600, -600, 11561.963822849628, -600], "[1, 40]": [12156.231424349073, 1663.5757364785409, 12374.36026557326, -600], "[4, 13]": [-600, -600, -600, 12057.706490078766], "[1, 10]": [-600, 12273.505790034955, -600, -600],