{"[6, 7]": [0, 59.249187564079364, 215.24565867802, 119.32791262682446], "[6, 0]": [-27.615478101019747, -113.03058958249802, 146.74177831978466, -4000], "[7, 7]": [0, 7.173861629341117, 45.545358902032305, 315.33956235410113], "[7, 3]": [-68.1316697367733, -4000, 0.7797327903494067, 343.643648125858], "[7, 16]": [65.80438149039955, 0, 22.779136007393497, 497.2053554380073], "[6, 1]": [88.16530545947518, 21.0763423654032, -4000, 30.053073124645806], "[5, 23]": [113.34645887051502, 0, 477.86964555194174, 128.56965257258838], "[5, 1]": [-118.49216774337552, -164.5781521768802, -4000, 78.35974065940036], "[4, 3]": [-125.47363202602098, -4000, 130.74832855041282, -126.34936009879765], "[4, 1]": [121.0566919222293, -47.626061571887924, -4000, -186.35348941822264], "[5, 0]": [9.331538632245621, 53.5837660731722, 325.31658936498894, 0], "[5, 7]": [0, -141.59355763639803, 344.2130746228411, -0.7170595320273065], "[6, 3]": [0.3375512465034989, -4000, 192.79209939721503, 63.280441831344255], "[5, 3]": [-43.604987178056476, -4000, -120.92122654357343, 88.37393792208864], "[4, 0]": [27.74439229529494, 157.80226089231107, 21.777008800274437, 0], "[4, 7]": [0, 194.52000946964228, 93.08618720663596, 41.76735809248768], "[4, 9]": [-4000, 136.6211798741528, -4000, -346.99749478395506], "[4, 8]": [-4000, 149.4352427880266, -321.5287506716005, -3596.6823945347387], "[2, 1]": [128.35682434201135, 179.65101815480605, -4000, 9.448746425733296], "[2, 3]": [-26.920747016730445, -4000, 115.10074680487068, -28.698126709219785], "[2, 4]": [-538.0351460018297, -4000, 63.186577771145814, -4000], "[2, 0]": [-158.327039925091, 198.5513935806574, 95.72128980030982, -4000], "[2, 9]": [-4000, 77.47928435455192, -4000, -879.7485423850494], "[2, 5]": [-43.667902426269535, -4000, -4000, -258.38712351225814], "[2, 10]": [-4000, 103.65553243938912, -4000, -4000], "[3, 32]": [0, 531.2371297991943, 88.08518006628792, 78.73889908733051], "[7, 11]": [-4000, -3607.5230942800804, -51.056358203450586, 294.7822916714746], "[6, 5]": [-260.19242504350393, -4000, -4000, -14.163711140668], "[6, 2]": [-71.65736264573914, -272.69449855936534, -4000, -4000], "[7, 8]": [-4000, -236.4749818346492, -405.6648960647087, -4000], "[7, 0]": [-122.10646412498181, -127.0380481728761, -123.47838678027279, -4000], "[6, 4]": [-1349.546362941523, -4000, -1559.8415288432673, -4000], "[2, 7]": [-4000, 151.4762589930233, 2.862941928707949, 16.791650123890484], "[3, 1]": [47.45831629437914, 350.41372020703693, 0, -15.606868819234595], "[3, 3]": [-22.958724487043273, -4000, -125.1291980186158, -95.94759126739419], "[6, 9]": [-4000, -673.4529268443902, -4000, 150.25770691070704], "[6, 11]": [-4000, -4000, -125.31834164712296, 198.03929882428773], "[7, 18]": [0, 53.38319990995859, 107.48159725340442, 516.9176312058321], "[0, 7]": [-4000, -247.91718639997964, -36.987736976985985, -278.0292596601679], "[0, 3]": [61.394148723736706, -4000, -99.57632474573514, -107.26394808955556], "[0, 1]": [103.84853313124005, -64.77906280735915, -4000, -12.601211869670264], "[1, 39]": [501.11560517369827, 0, 61.21766322276066, 122.75088464520131], "[5, 25]": [0, 49.81272036829765, 525.3900578006246, 72.86250760652338], "[0, 8]": [-4000, -619.0663804097557, -39.09993441871421, -4000], "[0, 0]": [23.49430569255849, -189.9286231622841, -243.61296405661514, -4000], "[0, 9]": [-4000, -38.56944788036235, -4000, -1231.1618089165404], "[0, 2]": [-139.75200643095306, -18.6660562462961, -4000, -4000], "[7, 15]": [104.78721082821137, 68.16657237050518, 0, 528.6651168248457], "[6, 8]": [-4000, -213.9250364105581, -52.28607030765863, -4000], "[1, 3]": [269.49260829673005, 0, 29.182357563543, 55.412758569660205], "[2, 8]": [-4000, -87.9636475372732, 77.30958920533274, -4000], "[3, 7]": [-4000, -68.24011107083992, 112.22743710673335, -24.33667249973169], "[4, 4]": [-966.5080077050907, -4000, 87.36380285382133, -4000], "[3, 2]": [23.528089598607405, 321.28217905597177, -4000, -3607.3565583216864], "[3, 0]": [39.0294955338747, 362.38943657705363, 121.90287758160368, 0], "[3, 30]": [119.12681675077512, 517.8959416631117, 0, 80.91061531993566], "[2, 11]": [-4000, -4000, -505.5864565650737, 70.51918589131932], "[2, 2]": [42.470786312107776, 144.36755496955558, -4000, -4000], "[7, 1]": [88.17588230572926, -76.47036734741931, -4000, -66.10475201279124], "[0, 5]": [-146.2641799154636, -4000, -4000, 5.884935633351278], "[1, 0]": [222.73273821275598, 21.051165711090604, -11.493541733364221, 0], "[1, 1]": [284.25258807914116, -64.14250347064322, 0, 45.77647636549277], "[3, 9]": [-4000, 246.95095269607674, -3616.160006423719, -186.43345249402847], "[3, 33]": [-4000, 454.3964756594414, 63.97288073358923, -4000], "[1, 7]": [-4000, -85.73968311514965, -51.4459870541922, 63.94493813527093], "[1, 2]": [268.94536939863747, -50.674645949741944, -4000, -4000], "[1, 37]": [527.0633752373255, 51.42132342774764, 0, 62.35712486638775], "[0, 4]": [-878.0261038709773, -4000, -1001.9389226643863, -4000], "[0, 11]": [-4000, -4000, -482.49678371461493, -708.2642716892783], "[3, 8]": [-4000, 280.2371803665376, 24.868928806658246, -4000], "[5, 11]": [-4000, -4000, 321.23015695204396, -202.5588252394836], "[5, 22]": [75.28185815028078, 65.42773620189547, 459.69788468049614, 0], "[3, 29]": [16.062696819774438, 521.8415189356808, 48.66322885930819, 0], "[1, 36]": [501.51456664804124, 103.8708341081234, 70.6196936329131, 0], "[7, 5]": [37.14978700266882, -4000, -4000, -123.92447985612091], "[4, 2]": [-285.7304775570011, 29.81252751106695, -4000, -4000], "[3, 5]": [-129.66497112198067, -4000, -4000, -27.622814749174267], "[4, 13]": [-4000, -4000, -4000, -9.526685741172306], "[4, 11]": [-4000, -4000, 26.84269784356242, -309.57843929448103], "[7, 9]": [-4000, -386.45940951807955, -4000, 302.99811946608054], "[7, 4]": [-1231.4266213021044, -4000, -260.2645259464213, -4000], "[6, 13]": [-4000, -4000, -4000, -696.816911368092], "[1, 8]": [-4000, -208.22130723672203, 30.675368656346073, -4000], "[5, 9]": [-4000, -478.63106664900823, -4000, -969.3885660187702], "[5, 4]": [-733.253717524611, -4000, 186.3510626482327, -4000], "[3, 31]": [170.83701724425907, 556.357535485507, -4000, -4000], "[2, 12]": [-4000, -4000, -357.56667497755564, -4000], "[1, 4]": [199.1962313833181, -4000, -445.66554660278734, -4000], "[1, 10]": [-4000, -59.32727230404967, -4000, -4000], "[1, 41]": [397.3596832645969, -4000, -4000, 162.16739281734584], "[0, 6]": [-23.91718486176959, -4000, -4000, -4000], "[1, 9]": [-3579.4742598775306, -58.64189588434363, -4000, -1053.4410542084934], "[4, 10]": [-4000, -678.7298547959117, -4000, -4000], "[3, 11]": [-4000, -4000, -149.90256727842197, -7.090353702008754], "[7, 2]": [-35.879781556737, -156.9572337197121, -4000, -4000], "[2, 6]": [-1083.5377696349074, -4000, -4000, -4000], "[6, 10]": [-4000, -333.14851023797223, -4000, -4000], "[1, 40]": [453.8211577575459, 0, 43.26240065254798, -4000], "[5, 8]": [-4000, -113.78171428230732, 284.45575105771877, -4000], "[6, 12]": [-4000, -4000, -1588.5107603073611, -4000], "[3, 4]": [-885.4371404353076, -4000, 71.72645689692871, -4000], "[5, 2]": [-2.319583300648409, -292.7014948047962, -4000, -4000], "[4, 5]": [-11.076672809064782, -4000, -4000, -501.6322290537898], "[5, 5]": [-26.96229845463595, -4000, -4000, -203.74224312683393], "[0, 13]": [-4000, -4000, -4000, -844.4911303288927], "[1, 5]": [241.81615097310822, -4000, -4000, -0.7067163572254644], "[7, 20]": [-4000, -4000, 132.84674989675554, 504.6801140602576], "[5, 13]": [-4000, -4000, -4000, 21.83728535234764], "[1, 38]": [418.93432872989405, 120.04210414950316, -4000, -4000], "[0, 12]": [-4000, -4000, -1861.7857077719536, -3585.0058411887912], "[4, 12]": [-4000, -4000, -477.2157325451853, -4000], "[1, 6]": [2.3805041887294927, -4000, -4000, -4000], "[0, 10]": [-4000, -60.42175682092686, -4000, -4000], "[6, 6]": [-997.8270289854669, -4000, -4000, -4000], "[4, 6]": [-1995.7583884478386, -4000, -4000, -4000], "[1, 11]": [-4000, -4000, -110.98180001747654, -12.099489132729989],