{"[6, 7]": [0, 95.31087146362725, 213.79652615931292, 108.05302982458107], "[6, 0]": [-10.677169886154328, -48.114638044864265, 97.12011130448366, -4000], "[7, 7]": [0, 37.439401782287234, 39.12641763806926, 315.0735327342548], "[7, 3]": [53.91963633485797, -4000, 55.03261379130492, 353.5680632386884], "[7, 16]": [79.61301950199372, 0, 58.93940039800546, 524.2214853191819], "[6, 1]": [-12.542480694044155, 62.63415187929883, -4000, -201.77178645010846], "[5, 23]": [62.18080437971709, 0, 553.3793034079637, 127.01239820392814], "[5, 1]": [-103.28314498390665, 35.21731398653727, -4000, -92.74524116289022], "[4, 3]": [19.179593081991516, -4000, 161.99828181471707, -77.62527300911816], "[4, 1]": [85.55218475703155, -37.79292058003311, -4000, -0.048327326199309795], "[5, 0]": [-34.81898764973744, -36.513185738407486, 316.37433612046016, -4000], "[5, 7]": [0, 32.20684275064115, 307.54525685641886, 125.29582118299567], "[6, 3]": [83.97784114474932, -4000, 132.8943181534622, 179.98581075570027], "[5, 3]": [-45.03013061845016, -4000, 343.7342069070691, 14.46395002726034], "[4, 0]": [99.6295674627743, 102.32995380708411, 181.8397636085772, -4000], "[4, 7]": [0, 151.9305804576779, 214.2332720945966, 116.20176058356172], "[4, 9]": [-4000, 116.3396196489795, -4000, -552.0394994116439], "[4, 8]": [-4000, 136.48862286389613, -65.19481453152126, -4000], "[2, 1]": [13.408083849946541, 164.3933391047549, -4000, 60.799097851640184], "[2, 3]": [-43.337092097478205, -4000, -177.929495855662, 53.798629867252835], "[2, 4]": [88.92507888765155, -4000, -393.4087482790501, -4000], "[2, 0]": [109.77315250951588, 148.55209401715763, 34.15376376364426, -4000], "[2, 9]": [-4000, -462.63506681489656, -4000, -1175.9181128480132], "[2, 5]": [-109.77756781858466, -4000, -4000, -39.13892809230105], "[2, 10]": [-4000, -754.4823085978189, -4000, -4000], "[3, 32]": [0, 542.0366938818215, 139.84857102645452, 60.66914371161651], "[7, 11]": [-4000, -4000, -96.71675882884708, 279.9792538946856], "[6, 5]": [-194.4542704024333, -4000, -4000, 77.92064043833862], "[6, 2]": [-275.01040540434025, -34.27550918891025, -4000, -3598.7510131816853], "[7, 8]": [-4000, -154.47488467584515, 49.35019380643667, -4000], "[7, 0]": [48.62760745626171, -75.90003987586701, -36.31124571428886, -4000], "[6, 4]": [6.211634177242921, -4000, -934.049135104988, -4000], "[2, 7]": [-4000, 126.8618810480466, -41.567370625171066, 10.86165334186095], "[3, 1]": [89.32296490571531, 302.19849604773685, -4000, 1.569001410045892], "[3, 3]": [97.76688265799773, -4000, -85.20608620633416, -77.20646778700876], "[6, 9]": [-4000, -457.2243060480235, -3208.89673698314, -198.0151293654394], "[6, 11]": [-4000, -4000, -157.69573016519755, 230.82469110906385], "[7, 18]": [0, 61.26924535089228, 144.25887847601797, 503.89684552381686], "[0, 7]": [-4000, 71.22932859254642, 10.40159112154739, 1.4847398849859523], "[0, 3]": [102.0474326889188, -4000, 24.774810471741336, 190.52595145211404], "[0, 1]": [173.12606111321983, 74.37777853932164, -4000, 80.83290796372786], "[1, 39]": [558.443056042248, 0, 83.07806993675773, 82.52332100847605], "[5, 25]": [0, 65.59642202450284, 549.0838487978925, 114.53399233822995], "[0, 8]": [-4000, 52.163348776471544, -348.4532282508838, -4000], "[0, 0]": [73.69195320410475, -29.3731974096586, -52.20202606927086, -4000], "[0, 9]": [-4000, -457.22258440709845, -4000, -7.546193619618617], "[0, 2]": [-35.6947990454295, -313.93832061115234, -4000, -4000], "[7, 15]": [102.18912012014201, 89.26652748828744, 0, 568.439203874043], "[6, 8]": [-4000, -119.92630701135221, 157.1617324480273, -4000], "[1, 3]": [307.2041036560356, -4000, 26.23642511379618, 72.76149199037155], "[2, 8]": [-4000, 115.94127861159895, -167.1332465473493, -4000], "[3, 7]": [-4000, 281.5940695611964, 107.88035827173891, -18.522718573854537], "[4, 4]": [-704.6923108596095, -4000, 48.11420399449412, -4000], "[3, 2]": [23.212817467173313, 83.56470918978107, -4000, -4000], "[3, 0]": [86.64948817743836, 320.1356824183636, 60.12461006487863, 0], "[3, 30]": [125.06061856055761, 512.2264524533445, 0, 91.89636296108365], "[2, 11]": [-4000, -4000, -401.9093385812626, 22.836116883705348], "[2, 2]": [8.539038423059147, 118.3608614389783, -4000, -4000], "[7, 1]": [40.0816088897083, 11.872718925439344, -4000, 251.91410666589144], "[0, 5]": [-91.61550107443075, -4000, -4000, 110.60200783940022], "[1, 0]": [261.3160283561763, 82.67787392854163, -56.1503131920048, -4000], "[1, 1]": [289.163298600196, 118.08293229838561, 0, 43.142722116841966], "[3, 9]": [-4000, 254.17156321464634, -4000, -283.4379244857584], "[3, 33]": [-4000, 501.822046220336, 174.64802848598367, -4000], "[1, 7]": [-4000, -83.99369852710345, -77.37985314726018, 5.624833940566605], "[1, 2]": [278.9549118973605, -33.41517205750842, -4000, -4000], "[1, 37]": [477.70370519091176, 98.68583156191549, 0, 62.6332250485496], "[0, 4]": [-701.0416979063777, -4000, -42.816144224863436, -4000], "[0, 11]": [-3590.3134464643094, -4000, -340.0337537905165, 60.48196603360361], "[3, 8]": [-4000, 267.77035207610925, 81.88169058400797, -4000], "[5, 11]": [-4000, -4000, 302.73626066119874, 24.9941424688029], "[5, 22]": [43.89468078795253, 113.27228646556938, 509.4045725697597, 0], "[3, 29]": [103.21114902419374, 512.2842038127753, 137.75747218449936, 0], "[1, 36]": [483.40462957855783, 111.00755909119235, 53.45834743684227, 0], "[7, 5]": [75.55366479507593, -4000, -3602.78163033474, 128.32554761795134], "[4, 2]": [-141.19929328480424, -8.602611742594513, -4000, -4000], "[3, 5]": [-269.69045749350465, -4000, -4000, -68.69841057517434], "[4, 13]": [-4000, -4000, -4000, -338.0556529154562], "[4, 11]": [-4000, -4000, 52.00396871203046, -199.66768208697417], "[7, 9]": [-4000, -302.8674768467512, -3593.839406196484, 278.8213630111789], "[7, 4]": [-33.8003524679496, -4000, -780.1993950650846, -4000], "[6, 13]": [-4000, -4000, -4000, -1066.0038693678262], "[1, 8]": [-4000, -224.09368855982055, -113.1985851463716, -4000], "[5, 9]": [-4000, -106.26764685443203, -4000, -783.8793655100092], "[5, 4]": [-446.63212954469964, -3204.300204046054, 253.16022210415514, -4000], "[3, 31]": [150.33818090399996, 501.8045035693456, -4000, -4000], "[2, 12]": [-3601.429086618886, -4000, -235.86579293190584, -4000], "[1, 4]": [236.20276564831266, -4000, -367.82985790994223, -4000], "[1, 10]": [-4000, -259.59523221998967, -4000, -4000], "[1, 41]": [468.56791563080634, -4000, -4000, 162.0603780590116], "[0, 6]": [-901.1992558788986, -4000, -4000, -4000], "[1, 9]": [-4000, -46.6885591034401, -4000, -1210.590093448492], "[4, 10]": [-4000, -347.63372365279764, -4000, -4000], "[3, 11]": [-4000, -4000, -21.7354199132423, -114.56470684138358], "[7, 2]": [-45.701153656294075, 16.40139499137002, -4000, -3574.1464759309556], "[2, 6]": [-93.61486474699204, -4000, -4000, -4000], "[6, 10]": [-4000, -675.3431115429014, -3593.748135322017, -4000], "[1, 40]": [442.463501185445, 0, 115.17877292607179, -4000], "[5, 8]": [-4000, 30.705461448077287, 282.3839361940575, -4000], "[6, 12]": [-4000, -4000, -493.2872731805337, -4000], "[3, 4]": [-870.6263326851783, -4000, -46.31311029664202, -4000], "[5, 2]": [-76.16694322030582, -6.072512592966998, -4000, -4000], "[4, 5]": [42.48745054170726, -4000, -4000, -340.50495312692436], "[5, 5]": [-50.354006623570534, -4000, -4000, -146.31755807836356], "[0, 13]": [-4000, -4000, -4000, -1749.861824910948], "[1, 5]": [264.54696620242544, -3597.9380350502643, -4000, 20.94753873503955], "[7, 20]": [-4000, -3599.8454121236923, 122.41176542476889, 418.1435044959848], "[5, 13]": [-4000, -4000, -4000, -45.624153901186], "[1, 38]": [425.59410242424576, 137.88119383460824, -4000, -4000], "[0, 12]": [-4000, -4000, -267.8020878136573, -4000], "[4, 12]": [-4000, -3588.9058042312545, -1042.8671399702878, -4000], "[1, 6]": [260.37523582295216, -4000, -4000, -4000], "[0, 10]": [-4000, -1649.1996268928492, -4000, -4000], "[6, 6]": [-46.388863683182805, -4000, -4000, -4000], "[4, 6]": [-1532.06561744144, -4000, -4000, -4000],