{"[6, 7]": [0, 37.5023967915144, 143.78463967389422, -153.5778905019838], "[6, 0]": [30.22816600097502, -114.54421357183789, -112.75728673737646, -4000], "[7, 7]": [0, -13.249022677394729, 36.40516047883423, 306.69701945724387], "[7, 3]": [31.603186108377187, 0, 43.75120218927109, 344.36428925322633], "[7, 16]": [85.29999717526937, 0, 18.58922142406732, 536.4402559823974], "[6, 1]": [-90.08879435940507, -69.38504859060507, -4000, 38.563531367815955], "[5, 23]": [75.71618842379648, 0, 534.7547450298116, 125.02629284096466], "[5, 1]": [-129.89698282340427, -13.601710111005186, -4000, -337.78519467344603], "[4, 3]": [111.12681488097378, -4000, -229.55157683105568, -45.56124075082009], "[4, 1]": [16.627338222489612, 138.81054521509444, -4000, 7.231767693488382], "[5, 0]": [-67.34617929212455, 73.74164994537252, 281.8341127948305, 0], "[5, 7]": [0, 56.376895972160845, 326.3994120993768, 76.87950914201143], "[6, 3]": [95.03304135823855, 0, 137.4568820554453, 192.03956939001944], "[5, 3]": [-17.10598075332836, 0, 264.618080271493, 99.16077444650398], "[4, 0]": [67.23141846692477, 177.8199190167425, -191.75382674012485, 0], "[4, 7]": [0, 130.85613828270445, 228.7055048468532, 63.98309153071867], "[4, 9]": [-4000, 78.09486301900984, -4000, -637.9987242510578], "[4, 8]": [-4000, -38.15336682006517, 87.72221540704885, -4000], "[2, 1]": [185.94108308039583, 97.00456936643123, 0, 70.00496655277655], "[2, 3]": [132.73681418839377, -4000, 13.858588620127703, 53.900829416068404], "[2, 4]": [74.0455765061671, -4000, -747.0595235956037, -4000], "[2, 0]": [46.39800686335491, 187.06645240470098, 38.18789626875957, -4000], "[2, 9]": [-4000, -422.34318398926393, -4000, 37.16828876224152], "[2, 5]": [-22.844395961745008, -4000, -4000, 42.172496058986155], "[2, 10]": [-4000, -1840.3389136891194, -4000, -4000], "[3, 32]": [0, 558.7434053195849, 76.50688478222689, 37.48537904742149], "[7, 11]": [-4000, -4000, 33.5692987483471, 222.96169632880094], "[6, 5]": [-314.2672939691071, -4000, -4000, 69.67740841232175], "[6, 2]": [-278.3694468199665, 8.701448992825703, -4000, -4000], "[7, 8]": [-4000, -131.4825225805693, -55.820434153530975, -4000], "[7, 0]": [-63.73576607019206, -73.0889755307021, 45.63177546302278, -4000], "[6, 4]": [-618.4477176885946, -4000, -4.902096196798906, -4000], "[2, 7]": [-4000, -52.3423707058605, 28.37335998572708, -34.45295002024718], "[3, 1]": [52.34467591298406, 314.263746780694, 0, -27.808595239827678], "[3, 3]": [-18.52898849508548, -4000, 36.079974552532754, -31.069072038187866], "[6, 9]": [-4000, 33.88925869812346, -4000, -935.0277163503306], "[6, 11]": [-4000, -4000, -94.43396216727962, 170.605436941869], "[7, 18]": [0, 64.4290790009533, 107.14678244490571, 499.77782436990947], "[0, 7]": [-4000, -25.97168098983963, -37.045626512998915, 163.81763680950144], "[0, 3]": [88.80984902257917, -4000, 51.29325428356171, 157.84004732134457], "[0, 1]": [191.6824664640918, 12.19544197468267, 0, 114.81527057542536], "[1, 39]": [518.4249249725863, 0, 45.40604806409408, 144.08096085028944], "[5, 25]": [0, 88.842943279897, 526.1307587425316, 89.56608293259173], "[0, 8]": [-4000, -479.7062071886128, 4.525758725174045, -4000], "[0, 0]": [174.26887512867515, -76.77905343021997, -58.88595027315331, -4000], "[0, 9]": [-4000, -537.7910385165304, -4000, -134.0164691036016], "[0, 2]": [27.72761782489544, -312.39263299257055, -3797.2422276282787, -4000], "[7, 15]": [98.2951520135205, 54.80924161523357, 0, 469.7668845557354], "[6, 8]": [-4000, -362.76397322738575, 85.92838929108785, -4000], "[1, 3]": [252.45931315825413, 0, -16.777743297989236, 30.566603872245313], "[2, 8]": [-4000, 145.85610724343707, -147.10158492876937, -4000], "[3, 7]": [-4000, 313.4051605290173, 53.035874201150065, 21.80413108233449], "[4, 4]": [-31.665154269322578, -4000, -569.0099516045314, -4000], "[3, 2]": [19.35707142666545, 224.2967088484069, -4000, -4000], "[3, 0]": [90.72265585868772, 287.8072277125827, 32.315398168099414, 0], "[3, 30]": [130.23292906299224, 511.8852062989142, 0, 103.12406445277695], "[2, 11]": [-4000, -4000, 20.18665730644902, -568.1582718503768], "[2, 2]": [-196.39273343726245, 76.0444428376499, -4000, -4000], "[7, 1]": [63.81742694722705, 1.3120696116793447, -4000, 273.163631088543], "[0, 5]": [-5.65000488553596, -4000, -4000, -233.32791783146604], "[1, 0]": [265.79530403027724, 72.72309019564405, 32.85450522509966, 0], "[1, 1]": [304.47341744730574, 85.4834869010034, 0, 82.34759580999422], "[3, 9]": [-4000, 310.1576065632886, -4000, 52.49079847770351], "[3, 33]": [-4000, 487.4107248637664, 139.7371505819285, -4000], "[1, 7]": [-4000, -29.419638881573064, -31.542501987059225, 99.21971714386477], "[1, 2]": [342.78217806023116, 69.62134936360498, -4000, -4000], "[1, 37]": [512.7665015763392, 72.70782409609093, 0, 56.34665590194949], "[0, 4]": [-711.673688392596, -4000, -250.99708231045204, -4000], "[0, 11]": [-3587.1932944974633, -4000, -19.164978396360354, -169.05453837927888], "[3, 8]": [-4000, 321.54887301764853, 11.189031502345536, -4000], "[5, 11]": [-4000, -3595.537495813572, 295.09442342069804, 53.200432928426416], "[5, 22]": [72.17477268024336, 93.95958765083266, 519.2157729362245, 0], "[3, 29]": [89.6890225345973, 495.27012031741754, 43.39959423465496, 0], "[1, 36]": [518.2977382024734, 68.59437250146294, 33.870347945357935, 0], "[7, 5]": [-2.5595150371212965, -4000, -4000, 95.34237299008547], "[4, 2]": [-22.148138163691566, 14.35690381642818, -4000, -4000], "[3, 5]": [-1.059684191662747, -4000, -4000, -57.720053275989], "[4, 13]": [-4000, -4000, -4000, -1128.9838020636391], "[4, 11]": [-4000, -4000, 123.89949020415729, -102.2599342263774], "[7, 9]": [-4000, -333.224363966654, -3603.3633846428497, 218.22897723775958], "[7, 4]": [-303.45662763451196, -4000, -828.657763948667, -4000], "[6, 13]": [-4000, -4000, -4000, -2489.0805864473773], "[1, 8]": [-4000, -35.504419934488794, -254.49527968372522, -4000], "[5, 9]": [-4000, -445.5732093750138, -4000, -922.6083962644982], "[5, 4]": [-360.1397455657044, -4000, 266.38550628226716, -4000], "[3, 31]": [189.5497728291752, 431.0502303702418, -4000, -4000], "[2, 12]": [-4000, -3623.275440274149, -939.0380975148431, -4000], "[1, 4]": [284.6025383442224, -4000, -550.115539899018, -4000], "[1, 10]": [-4000, -551.7140733068658, -4000, -4000], "[1, 41]": [440.64867159321574, -3214.3507660793794, -4000, 164.92700994494766], "[0, 6]": [-1772.0546171578308, -4000, -4000, -4000], "[1, 9]": [-4000, -181.56425339276325, -4000, -1097.4807214946297], "[4, 10]": [-4000, -70.06973109951805, -4000, -4000], "[3, 11]": [-4000, -4000, 3.428068494964865, -86.96421274744534], "[7, 2]": [-11.856284031895369, -71.04179933089021, -4000, -4000], "[2, 6]": [57.387347240938425, -4000, -4000, -4000], "[6, 10]": [-4000, -25.351177268521795, -4000, -4000], "[1, 40]": [459.7906598131632, 0, -114.39324863540352, -4000], "[5, 8]": [-4000, 76.03402321543354, 337.9745332402231, -4000], "[6, 12]": [-4000, -4000, -22.180588604019384, -4000], "[3, 4]": [-23.68772192019949, -4000, -779.5600936532624, -4000], "[5, 2]": [-74.68272988132132, -205.06147740508771, -4000, -4000], "[4, 5]": [-147.0296347834617, -4000, -4000, -7.551683180096905], "[5, 5]": [-72.14818095936516, -4000, -4000, -161.54085915659644], "[0, 13]": [-4000, -4000, -4000, -339.79159163479756], "[1, 5]": [231.3433616944516, -4000, -4000, 65.78870065856985], "[7, 20]": [-4000, -4000, 105.9430617151902, 352.9742241020485], "[5, 13]": [-4000, -4000, -4000, -65.04878283006113], "[1, 38]": [469.62607829174334, 110.98207394102587, -4000, -4000], "[0, 12]": [-4000, -4000, -515.1415708832908, -4000], "[4, 12]": [-4000, -4000, -643.61562434516, -4000], "[1, 6]": [221.4121802679676, -4000, -4000, -3595.931599940126], "[0, 10]": [-4000, -683.2425749965329, -4000, -4000], "[6, 6]": [-84.38491999258135, -4000, -4000, -4000], "[4, 6]": [-498.1643586375293, -4000, -4000, -4000], "[1, 11]": [-4000, -4000, -187.24410456968658, 24.903272071526], "[3, 10]": [-4000, 230.81837650388306, -4000, -4000],