{"[6, 1]": [726.5028277420034, 625.4352269503376, -600, 1634.4170072785628], "[5, 3]": [239.00268021696417, -600, 1901.6595849726991, 542.0389078392095], "[4, 4]": [100.91480096415363, -600, 1518.036451907918, -600], "[4, 2]": [429.1890324748902, 1603.794318522114, -600, -600], "[6, 0]": [694.3247055666745, 692.94003446442, 1578.9223331981152, -600], "[6, 7]": [-600, 1264.7518870271049, 1411.51429443421, 1729.8529697942913], "[6, 3]": [1232.2472231287088, -600, 1741.86676546707, 1384.469526837001], "[7, 7]": [-600, 344.051797030291, 605.5817927154992, 1926.219906791062], "[7, 3]": [1326.9508537715067, -600, 1293.4109515225935, 1970.2478409151743], "[7, 0]": [1265.1701234267198, 30.703598573974766, 65.24722217026496, -600], "[0, 7]": [-600, 638.950759552033, 688.4564745396187, 1624.6428055482597], "[0, 0]": [1544.0947229615847, 683.1352873579409, 669.0592586075414, -600], "[0, 3]": [1711.1055464098495, -600, 1207.8525225990948, 1381.6243152381735], "[0, 1]": [1366.516641855898, 1198.0628363462042, -600, 1710.3820629915776], "[7, 1]": [558.2932644966759, 260.3904856593496, -600, 1897.958140436821], "[0, 9]": [-600, 16.539907395851557, -600, 975.4941541762233], "[0, 2]": [1491.577216497249, 340.0670839623568, -600, -600], "[2, 7]": [-600, 1582.9858539215109, 639.5867708878989, 624.4855768123662], "[2, 3]": [1623.6224552702388, -600, 592.2505936179375, 669.8575029492713], "[2, 0]": [1704.1864055049707, 1403.3687679893562, 1241.8809540859318, -600], "[2, 1]": [1381.1048613202513, 1722.2304813758053, -600, 1213.8198331699914], "[3, 1]": [511.8587224222316, 1859.0538920022086, -600, 210.77786434929416], "[3, 3]": [1199.5458389113724, -600, 60.95422477351919, 12.223000721311067], "[1, 0]": [1923.1402218518008, 599.1116620160163, 312.99833336120344, -600], "[1, 1]": [1966.1156309581725, 1264.6684249628756, -600, 1329.6143439932507], "[1, 7]": [-600, 76.26344916036489, 30.83702635022053, 1244.9760969459478], "[0, 4]": [915.8950697917348, -600, 28.514585156221976, -600], "[5, 1]": [29.91454445551357, 1179.5693468411343, -600, 68.64114558299613], "[5, 7]": [-600, 1277.3832262259766, 1977.4999686086928, 1342.4927657356936], "[4, 3]": [572.6513722888193, -600, 1653.3077020350663, 639.0507054058827], "[4, 1]": [694.2643264743563, 1626.4973527048587, -600, 633.9078208296015], "[5, 0]": [275.14957089522727, 558.1709580130336, 1927.9772360832337, -600], "[4, 7]": [-600, 1752.7958670189098, 1400.654646234688, 1235.1720697291569], "[0, 5]": [1010.3696481826366, -600, -600, 1681.7105117136905], "[4, 0]": [1269.432615483652, 1408.7111009700081, 1752.7117923042742, -600], "[2, 4]": [1530.650633180476, -600, 125.358407242958, -600], "[1, 5]": [1833.168214647847, -600, -600, 343.38425111342434], "[2, 5]": [1497.9189568496079, -600, -600, 354.8806619277552], "[2, 9]": [-595.864164070143, 836.8738673948484, -600, 27.666774784443078], "[0, 11]": [-600, -600, 355.77438983676865, 1479.3484421802896], "[7, 18]": [0, 97.36380886129658, 177.33735087391145, 1940.9476397271874], "[1, 39]": [1929.2919776372498, 0, 71.19751695520344, 144.58346614851752], "[4, 8]": [-600, 1751.3980783412787, 1206.6739891790492, -600], "[4, 9]": [-600, 1574.7768907158747, -600, 134.84334551264774], "[3, 7]": [-600, 1864.577755470133, 522.0862996821965, 233.13084767706133], "[1, 9]": [-600, -1.1467179356148933, -600, 448.16906221107644], "[5, 8]": [-600, 518.0636360378465, 1889.9320012394105, -600], "[2, 8]": [-600, 1559.8916506434712, 368.1608461049285, -600], "[6, 9]": [-600, 137.49218178169744, -600, 1559.5873018234033], "[6, 11]": [-600, -600, 1704.7344258944904, 1116.7677353289275], "[3, 32]": [0, 1894.5985540357306, 167.5353123849948, 57.92774627304159], "[6, 2]": [206.40458703367548, 1383.917774100018, -600, -600], "[5, 5]": [19.06768038368587, -600, -600, 1085.0255892226005], "[4, 11]": [-600, -600, 1487.9149680026164, 332.30907084508203], "[5, 11]": [-600, -600, 1728.7054406778273, 284.4997842008711], "[5, 2]": [24.75145693939583, 1103.7164165964143, -600, -600], "[4, 5]": [1419.9281604851253, -600, -600, 125.1656756992855], "[7, 4]": [415.12531356973005, -600, 3.869422531126994, -600], "[6, 5]": [403.85611556049054, -600, -597.7027039826261, 1508.6549836844956], "[5, 25]": [0, 833.4757754124673, 2040.342920673645, 863.8685920340087], "[1, 2]": [1860.024419043882, 479.0837578342271, -600, -600], "[0, 8]": [-600, 1335.9000506222876, 160.5566790836378, -600], "[1, 11]": [-600, -600, 19.333586401645427, 936.5844422412349], "[1, 3]": [1921.994248817014, -600, 240.8081319458758, 600.3046898961845], "[1, 37]": [2035.4680031524097, 839.3110799051029, 0, 877.1630725879146], "[7, 15]": [188.1661755435486, 71.01766515919316, 0, 1922.5621719179026], "[6, 4]": [40.29789490164845, -600, 879.8317110387839, -598.5391477258918], "[3, 8]": [-600, 1742.0936475344408, 360.0402808607473, -600], "[6, 8]": [-600, 443.4443246697676, 1588.0521992619617, -600], "[7, 8]": [-600, 49.741825248334976, 1248.0281152867492, -600], "[7, 11]": [-600, -600, 449.03489630744235, 1867.1404804780427], "[6, 10]": [-600, 1388.095659135736, -600, -600], "[6, 13]": [-600, -600, -600, 1640.751930839417], "[3, 0]": [1278.5520687200242, 1943.8948261573557, 1225.7283161293924, -600], "[3, 29]": [797.6766318416936, 2000.9463256494935, 752.7091968856829, 0], "[5, 4]": [9.45145808860859, -600, 1512.075743457659, -600], "[2, 2]": [1087.2213076536493, 1697.2115061626373, -600, -600], "[7, 16]": [856.98953236846, 0, 823.6643966118316, 2032.9382155166027], "[3, 30]": [141.89277567222044, 1892.741422489881, 0, 68.16163075448077], "[3, 4]": [598.6758816037444, -600, 4.580194617945635, -600], "[0, 13]": [-600, -600, -600, 1531.37289106525], "[5, 23]": [66.07693991532895, 0, 1909.9252859358696, 166.9865736766025], "[5, 22]": [72.70803582975688, 155.08127871187358, 1932.0268459128774, 0], "[1, 4]": [1608.2624808103294, -598.0833499240199, 14.031659263366825, -600], "[1, 8]": [-600, 1165.5651651538803, 37.84872848318676, -600], "[7, 9]": [-600, 14.249816194780806, -600, 1537.2167784949852], "[4, 10]": [-600, 1618.0802844706402, -600, -600], "[1, 42]": [682.7772301895931, -600, -600, -600], "[2, 11]": [-600, -600, 1313.7601348237133, 143.4679577943241], "[3, 9]": [-600, 1382.1218416584707, -600, 4.115070167618982], "[2, 10]": [-600, 1553.0837386982905, -600, -600], "[5, 9]": [-600, 709.7528432291182, -600, 11.113341301119775], "[1, 40]": [889.5172972474882, 0, 5.425212478592801, -600], "[4, 6]": [1419.7449348216119, -600, -600, -600], "[3, 5]": [960.8347533786731, -600, -600, 14.971784505367435], "[3, 2]": [294.752380593623, 1698.2668457897116, -600, -600], "[7, 5]": [286.1617262402791, -600, -600, 1764.4124989011107], "[2, 6]": [1631.3872659919373, -600, -600, -600], "[5, 24]": [4.107826830369018, 0, 845.5609680720515, -600], "[6, 12]": [-600, -600, 1560.7196557960733, -600], "[5, 12]": [-600, -600, 1606.6983391603474, -600], "[0, 6]": [1622.5832555871905, -600, -600, -597.7320624963877], "[1, 36]": [1927.1787453640304, 167.82750897998073, 91.2867154535607, 0], "[1, 38]": [1894.4244541703674, 126.54850096932904, -600, -600], "[3, 11]": [-598.5505402039657, -600, 946.0263646091151, 22.159755484580206], "[3, 34]": [-600, 870.409357544744, -600, 2.7006770667229225], "[2, 12]": [-600, -600, 1304.7883252709612, -600], "[7, 2]": [1217.1454840545384, 24.856258308961646, -600, -600], "[5, 26]": [-600, 113.6842950185256, 1909.4742637670497, -600], "[6, 6]": [1447.0886553470036, -600, -600, -600], "[5, 27]": [-600, -600, 1566.5544045525683, 59.49472065184792], "[4, 12]": [-600, -600, 1662.4221020811638, -600], "[7, 20]": [-600, -600, 118.30849121542148, 1864.5555446023477], "[0, 12]": [-600, -600, 1358.3803799708546, -600], "[7, 12]": [-600, -600, 1017.6479027402833, -600], "[7, 17]": [60.437100539808426, -600, -600, 1515.4359681086107], "[3, 12]": [-600, -600, 920.8003935442081, -600], "[7, 19]": [-600, 3.490558003352091, -600, 840.3704071704635], "[3, 6]": [943.5694324101731, -600, -600, -600], "[0, 10]": [-600, 1291.0401641840665, -600, -600],