{"[6, 7]": [0, 73.50680455904595, 225.11417192070502, 128.25120216902695], "[6, 0]": [-0.9870844953941491, -131.15761868925725, 158.60267952143613, -4000], "[7, 7]": [0, 21.722016406969914, 0.08407460798127708, 260.82270097079993], "[7, 3]": [69.73301680045358, -4000, 29.147882483131166, 303.73368525718786], "[7, 16]": [61.38191463642963, 0, 64.22005027486829, 528.0361963699893], "[6, 1]": [59.256163261063456, 9.896885591138396, -4000, -58.032832830371504], "[5, 23]": [47.92417195493565, 0, 495.9127484246117, 142.12578675456814], "[5, 1]": [66.2548032653917, -5.784760397482761, -4000, 20.62238758327948], "[4, 3]": [55.605892116802295, -4000, 201.25416895330454, 96.48092500444659], "[4, 1]": [74.97483910220862, -4.1084303780092455, -4000, 24.281292170320192], "[5, 0]": [52.00411868039702, -4.042355335642483, -53.44546561518018, 0], "[5, 7]": [0, 32.85855253012788, 304.0161081899925, 138.01295922080837], "[6, 3]": [21.32048444858762, -4000, -205.2157595845264, 116.25840149987661], "[5, 3]": [4.062878290826858, -4000, -46.28230976838818, 144.18499866245358], "[4, 0]": [101.2223452983064, 99.06859071119914, 224.22995416417413, -4000], "[4, 7]": [0, 102.19267657506262, 242.70976971937995, 115.8207331243269], "[4, 9]": [-4000, 129.01245702365168, -4000, -591.0415190210615], "[4, 8]": [-4000, 149.368139857577, 88.55944273563402, -4000], "[2, 1]": [195.61914332476698, 26.834766156017018, -4000, 86.61119741221091], "[2, 3]": [209.98507233099625, -4000, -49.86060450022161, -3.0196818265865915], "[2, 4]": [-357.3339163214506, -3584.800491245709, -122.2852327834222, -4000], "[2, 0]": [109.77334610652973, 217.72673983793447, 44.24355727515027, -4000], "[2, 9]": [-4000, 104.23380522149401, -4000, -1114.8812606643376], "[2, 5]": [111.67959157589219, -4000, -4000, -113.92146277359994], "[2, 10]": [-4000, -257.4335232847887, -4000, -4000], "[3, 32]": [0, 544.5806784855067, 102.34536885248218, 50.876508973414516], "[7, 11]": [-4000, -4000, 0.7171211599138037, 301.8656530818639], "[6, 5]": [-5.12433790710914, -4000, -3595.7668256113116, -32.46347566149459], "[6, 2]": [-169.82150800484112, 65.47537009796213, -4000, -4000], "[7, 8]": [-4000, 46.682330279197174, -115.50847541311454, -3576.8972705515853], "[7, 0]": [61.512308205285684, -21.377948467876752, -12.858552738491749, -4000], "[6, 4]": [-1278.2383621954737, -4000, -80.08406334849224, -4000], "[2, 7]": [-4000, -24.093001050927086, 41.389709455035856, -82.24544811156248], "[3, 1]": [88.99276142161747, 264.1063155357666, -4000, 17.13701167592852], "[3, 3]": [32.83118754865215, -4000, -40.19421583844877, -74.98911058136348], "[6, 9]": [-4000, -331.476675927575, -4000, 70.50288054800198], "[6, 11]": [-4000, -4000, -176.31062905270414, 63.72733540394771], "[7, 18]": [0, 31.385966956202783, 146.9125521037366, 494.8044745649793], "[0, 7]": [-4000, 20.120975969539355, 12.195831125926043, 83.14797556666237], "[0, 3]": [98.31073486140342, -4000, 45.54394174460418, 143.03802271122436], "[0, 1]": [93.63485147864365, 16.86627409443377, -4000, 122.30351183492034], "[1, 39]": [519.9879802643396, 0, 40.571192021036076, 134.43059734283696], "[5, 25]": [0, 18.78369325224751, 528.447556940299, 118.04200818363265], "[0, 8]": [-4000, 29.91749264469909, -90.3874711227096, -4000], "[0, 0]": [-29.481126303814683, 25.458080418214376, 62.39570409427987, -4000], "[0, 9]": [-4000, -965.4162192495517, -4000, -119.03658536453216], "[0, 2]": [-92.89201862162085, -183.9768312121974, -4000, -4000], "[7, 15]": [106.69810553042169, 72.21774931762421, 0, 513.2908198740316], "[6, 8]": [-4000, 10.616986561438893, 47.095308698798824, -4000], "[1, 3]": [239.1454121096461, -4000, -43.745541783198256, 37.60872169753724], "[2, 8]": [-4000, 21.951841831956163, -253.098449945154, -4000], "[3, 7]": [-4000, 315.24527589722084, 76.75315998485996, -30.692138070584736], "[4, 4]": [11.127281322051978, -4000, -336.3255647449047, -4000], "[3, 2]": [69.65235389562858, 241.02305210341424, -4000, -4000], "[3, 0]": [103.64889098757023, 328.7122726110232, 20.22763654642052, 0], "[3, 30]": [120.23706211384385, 519.0043910596592, 0, 67.48598813554051], "[2, 11]": [-4000, -4000, -356.37700339007733, -199.45204197918014], "[2, 2]": [-206.36336821037386, 164.89230451393166, -4000, -4000], "[7, 1]": [54.84778555464067, 31.50688655074623, -4000, 273.1837832190074], "[0, 5]": [55.429684207324684, -4000, -4000, 142.39347362726758], "[1, 0]": [184.52443437954372, 45.597298081934134, -6.5515449353215995, -4000], "[1, 1]": [250.07381155364436, 12.185750104316565, 0, 76.25277539751289], "[3, 9]": [-4000, 277.5887131056236, -4000, -435.33147837024336], "[3, 33]": [-4000, 521.1121862633274, 102.43694731287479, -4000], "[1, 7]": [-4000, 4.151492441567246, -76.20906617272219, -57.49706852907031], "[1, 2]": [268.84401461136076, -92.0999112423804, -4000, -4000], "[1, 37]": [486.8373890784259, 66.8133133393182, 0, 118.7667277275203], "[0, 4]": [-431.3846636016627, -4000, -54.84047619056805, -4000], "[0, 11]": [-3584.0472320121903, -4000, 27.358084227150552, 19.942353083264386], "[3, 8]": [-4000, 271.1396791536771, 56.64103632167212, -4000], "[5, 11]": [-4000, -4000, -53.24922305139865, 153.86413809823844], "[5, 22]": [62.59564759236066, 119.55843144567166, 571.736693044063, 0], "[3, 29]": [98.41061673352911, 506.7023709344302, 36.33684565159238, 0], "[1, 36]": [512.2195353154143, 108.32674603384294, 15.312008222160234, 0], "[7, 5]": [66.03509645938206, -4000, -4000, 295.4421998062152], "[4, 2]": [85.60808742811705, -208.0963493332903, -4000, -4000], "[3, 5]": [-3.2392065347759926, -4000, -4000, -69.69959814601262], "[4, 13]": [-4000, -4000, -3240.7308646914853, -158.1788088328406], "[4, 11]": [-4000, -4000, 198.0131383103694, -76.60092773246232], "[7, 9]": [-4000, 21.832315545061487, -4000, -588.6328493912112], "[7, 4]": [-675.5579012405381, -4000, 18.923656427429723, -3584.5035313549456], "[6, 13]": [-4000, -4000, -4000, -150.11708234388016], "[1, 8]": [-4000, -297.26887092045837, -37.1641210242584, -4000], "[5, 9]": [-4000, 105.54357022683782, -4000, -936.1438786114877], "[5, 4]": [18.04432588950442, -3204.300204046054, -502.4186876970476, -4000], "[3, 31]": [114.64138817043674, 480.0793825639852, -4000, -4000], "[2, 12]": [-4000, -4000, -1188.8147931899607, -4000], "[1, 4]": [66.75769227069553, -4000, -195.229686859967, -4000], "[1, 10]": [-4000, -595.923342659051, -4000, -4000], "[1, 41]": [502.707859660916, -4000, -4000, 141.92127279480067], "[0, 6]": [-1240.934387515093, -4000, -4000, -4000], "[1, 9]": [-3566.024380371464, -927.5171873690695, -4000, -82.81092408536796], "[4, 10]": [-4000, 137.53349431661144, -4000, -4000], "[3, 11]": [-4000, -4000, -115.69421000266986, 4.013162824249389], "[7, 2]": [38.06994947290446, -34.56689913983696, -4000, -4000], "[2, 6]": [-1113.8758582382075, -4000, -4000, -4000], "[6, 10]": [-4000, -660.9955897513115, -4000, -4000], "[1, 40]": [517.8780424257837, 0, 138.315721376955, -4000], "[5, 8]": [-4000, -75.30775172571639, 237.43571192808247, -4000], "[6, 12]": [-4000, -4000, -375.11362588678304, -4000], "[3, 4]": [-634.5288371206605, -4000, -339.39104650436406, -4000], "[5, 2]": [50.44054570146226, -50.3014210317993, -4000, -4000], "[4, 5]": [35.12019723920956, -4000, -4000, -64.43221142646223], "[5, 5]": [-56.62043271160514, -3593.9789818553963, -3595.5794666853812, 40.77724157675556], "[0, 13]": [-4000, -4000, -4000, -222.71532040183038], "[1, 5]": [151.61646512872588, -4000, -4000, 55.241546775771056], "[7, 20]": [-4000, -4000, 160.05575279647073, 501.31166522916646], "[5, 13]": [-4000, -4000, -4000, -682.396613669687], "[1, 38]": [456.9541430395263, 120.9106933951704, -4000, -4000], "[0, 12]": [-4000, -4000, 28.297617585058056, -4000], "[4, 12]": [-4000, -4000, -5.322269409960867, -4000], "[1, 6]": [86.1284749967842, -4000, -4000, -4000], "[0, 10]": [-4000, -869.0049677626046, -4000, -4000], "[6, 6]": [-1567.9234422446575, -4000, -4000, -4000], "[4, 6]": [-632.357044973058, -4000, -4000, -4000],