{"[6, 1]": [264.813452498288, 232.7945833248115, -600, 820.6454097968776], "[5, 3]": [48.97434919373961, -600, 1100.7464486131369, 207.6356530821743], "[4, 4]": [22.42361350719021, -600, 675.2281696089923, -600], "[4, 2]": [137.99963378343497, 794.6188927754432, -600, -600], "[6, 0]": [242.59496054233918, 271.0746655515401, 785.439030128738, -600], "[6, 7]": [-600, 551.4508967029641, 693.0041487879494, 898.735130940366], "[6, 3]": [532.0471484981582, -600, 909.870806686576, 674.9480292474913], "[7, 7]": [-600, 68.80520878603235, 212.17839614567882, 1100.5725614577261], "[7, 3]": [592.7841331189444, -600, 579.2104827170707, 1153.908980007579], "[7, 0]": [427.46700444927984, 0.33079937698434003, 21.3502138592721, -600], "[0, 7]": [-600, 215.4126930717807, 251.06044644610185, 802.2993151080497], "[0, 0]": [762.6850459771769, 260.8566115674267, 230.05254492928043, -600], "[0, 3]": [869.3395453824265, -600, 518.5736394529466, 655.8442407439352], "[0, 1]": [651.5145606080983, 507.50789359410027, -600, 875.4689827538522], "[7, 1]": [199.65413528058315, 52.915850650932995, -600, 1082.3282333766103], "[0, 9]": [-600, -0.9283072330014943, -600, 280.02373017971433], "[0, 2]": [721.9965745326336, 121.60945621961444, -600, -600], "[2, 7]": [-600, 795.8754890451987, 257.41791929714344, 235.51064908863174], "[2, 3]": [807.8213554141686, -600, 223.09419885842183, 265.41182052972147], "[2, 0]": [892.7756519559028, 672.983926105831, 541.0400781622941, -600], "[2, 1]": [658.7746084488912, 899.2349773847419, -600, 525.6175471282337], "[3, 1]": [174.81371390551507, 1074.4292777850374, -600, 36.739711221201944], "[3, 3]": [376.12944090061745, -600, 18.76631238299612, -2.1660329333616932], "[1, 0]": [1096.6637215114456, 219.44000057421331, 65.19642557833423, -600], "[1, 1]": [1147.288602512795, 560.7146016283494, -600, 611.4553356105635], "[1, 7]": [-600, 23.492602412659327, -1.0124332378487086, 408.21342443790166], "[0, 4]": [283.1730955036607, -600, 6.181002053720026, -598.7975659425581], "[5, 1]": [-0.3722129865586518, 390.8694605621045, -600, 24.428133647693485], "[5, 7]": [-600, 572.7559413799067, 1162.7120190986054, 618.8520391898304], "[4, 3]": [193.33612938170893, -600, 849.6048437575324, 235.7793867410547], "[4, 1]": [255.67056526911534, 827.9667918394821, -600, 226.54817861154527], "[5, 0]": [59.35190892542588, 200.53867567052563, 1124.5287134012121, -600], "[4, 7]": [-600, 939.1015547499684, 667.0386809694606, 515.2395720964931], "[0, 5]": [411.4708453720496, -600, -600, 849.1363370175678], "[4, 0]": [548.0211491315835, 685.3323012226798, 931.4097384307114, -600], "[2, 4]": [674.3236251335265, -600, 35.11456456213018, -600], "[1, 5]": [1019.0753482874557, -600, -600, 119.03344585091574], "[2, 5]": [716.5552891422999, -598.5430199034946, -598.9519195049976, 126.34158050495688], "[2, 9]": [-600, 237.82517089298344, -600, 4.79688384353482], "[0, 11]": [-600, -600, 123.99201473486633, 706.9200628754113], "[7, 18]": [0, 20.742979640061954, 55.260810250285225, 1054.388742945834], "[1, 39]": [1049.847332526034, 0, 13.27417410209083, 57.05198398660812], "[4, 8]": [-600, 922.8646473193588, 506.6969390519863, -600], "[4, 9]": [-600, 685.4648339368619, -600, 28.402652006875016], "[3, 7]": [-600, 1067.5994648706194, 183.35931687562527, 45.56857625903328], "[1, 9]": [-600, -0.8638847707926895, -600, 56.70776415737996], "[5, 8]": [-600, 180.91674766335834, 1067.2890499053503, -600], "[2, 8]": [-600, 754.92151607707, 128.7307824553036, -600], "[6, 9]": [-600, 36.3414023026982, -600, 687.9480196404935], "[6, 11]": [-600, -600, 885.1260812361369, 461.2710567979682], "[3, 32]": [0, 1036.6858441029535, 61.6860869635821, 9.726719153889812], "[6, 2]": [59.194455892122434, 551.5717827620134, -600, -600], "[5, 5]": [2.607028509272342, -600, -600, 295.0880001378065], "[4, 11]": [-600, -600, 749.3458889333486, 119.36450633856325], "[5, 11]": [-600, -600, 979.561105631368, 96.76676201775737], "[5, 2]": [2.9636993620455545, 315.1520322771217, -600, -600], "[4, 5]": [508.0773086520237, -600, -600, 42.48063765416278], "[7, 4]": [46.97000820383719, -600, 0.3230974612043683, -600], "[6, 5]": [145.30529037007253, -600, -600, 725.3328418676444], "[5, 25]": [0, 300.78093975271275, 1225.9491828128898, 315.9265173507367], "[1, 2]": [1026.053119242274, 164.3626932819046, -600, -600], "[0, 8]": [-600, 519.6055776882408, 46.74565810083314, -600], "[1, 11]": [-600, -598.988703987415, 1.9723968457042391, 256.94928533997773], "[1, 3]": [1098.4248424980874, -600, 48.71717622925573, 216.13243228389015], "[1, 37]": [1213.5901014347803, 310.2111774620889, 0, 336.40231879478495], "[7, 15]": [61.617738631019485, 12.353179458190397, 0, 1040.1315487912905], "[6, 4]": [7.978430505616897, -600, 266.29922832387837, -600], "[3, 8]": [-600, 944.1737008791895, 133.35535511670304, -600], "[6, 8]": [-600, 162.21522726643633, 771.7813584844371, -600], "[7, 8]": [-600, 8.09148816655556, 395.71980436157446, -600], "[7, 11]": [-600, -600, 164.41055412577973, 1028.7251045402552], "[6, 10]": [-600, 475.24056629150186, -600, -600], "[6, 13]": [-600, -600, -600, 796.3163416768356], "[3, 0]": [561.2930979134584, 1146.7265727542888, 541.7510046836429, -600], "[3, 29]": [293.9610966266237, 1197.4032630754289, 288.123042440229, 0], "[5, 4]": [1.0110946217485228, -600, 560.0777737936202, -600], "[2, 2]": [445.9592910163359, 869.7614575088745, -600, -600], "[7, 16]": [314.8099187927068, 0, 288.648517010594, 1210.6996378478364], "[3, 30]": [52.07447052439601, 1032.100809851473, 0, 12.082636367404398], "[3, 4]": [109.03991018800829, -600, 2.7226947923360436, -600], "[0, 13]": [-600, -600, -599.1312216790418, 622.6401320728562], "[5, 23]": [13.125185806886265, 0, 1034.5610047742744, 54.98480058863034], "[5, 22]": [13.59523028083543, 59.734145379348405, 1049.880437688234, 0], "[1, 4]": [619.0410311376805, -600, 1.9107855089721217, -600], "[1, 8]": [-600, 356.73328659058996, 5.017321292040871, -600], "[7, 9]": [-600, 1.5908329286475822, -600, 560.2888023935026], "[4, 10]": [-600, 706.5341074671962, -600, -600], "[1, 42]": [186.22728120814529, -600, -600, -600], "[2, 11]": [-600, -600, 482.3031040386979, 42.709362549695506], "[3, 9]": [-600, 479.4337246747856, -600, -1.444256512955961], "[2, 10]": [-598.54422125739, 658.9403271045345, -600, -600], "[5, 9]": [-600, 123.77071052934319, -600, 2.7899635050391454], "[1, 40]": [297.06232432704167, 0, 0.7387070642996225, -600], "[4, 6]": [435.23712691961913, -600, -600, -600], "[3, 5]": [243.72810893659027, -600, -600, 2.5678728770373738], "[3, 2]": [95.0479399999653, 935.1981368123242, -600, -600], "[7, 5]": [103.04449993560355, -600, -598.7073877802269, 980.9478682737912], "[2, 6]": [775.5693600730178, -600, -600, -600], "[5, 24]": [0.4611060038439608, 0, 285.4187205273206, -600], "[6, 12]": [-600, -600, 656.9304886670716, -600], "[5, 12]": [-600, -600, 542.0553020211884, -600], "[0, 6]": [766.3702298831807, -600, -600, -600], "[1, 36]": [1043.7312656810254, 61.28616123090587, 16.846080607157557, 0], "[1, 38]": [1001.538637635046, 37.93359558888464, -600, -600], "[3, 11]": [-600, -600, 271.59122026331164, 2.424360581377293], "[3, 34]": [-600, 293.54178259646295, -600, 0.7519612550013475], "[2, 12]": [-600, -600, 390.2109078268287, -600], "[7, 2]": [362.317354007846, 4.389303017247778, -600, -600], "[5, 26]": [-600, 36.208352245694655, 1019.1899778671476, -600], "[6, 6]": [462.82406845157874, -600, -600, -600], "[5, 27]": [-600, -600, 717.0379096457505, 18.850872800534233], "[4, 12]": [-600, -600, 830.5559868405226, -600], "[7, 20]": [-600, -600, 45.462490977001195, 989.1969648898661], "[0, 12]": [-600, -600, 376.3855500498695, -600], "[7, 12]": [-600, -600, 199.92586868028854, -600], "[7, 17]": [22.83762909616933, -600, -600, 703.5260200559159], "[3, 12]": [-600, -600, 194.48355937558253, -600], "[7, 19]": [-600, 0.40529534519298027, -600, 275.00600970887643], "[3, 6]": [192.2497656628399, -600, -600, -600], "[0, 10]": [-600, 359.5478047212124, -600, -600],