{"[6, 1]": [1307.844322405329, 1179.7132296674695, -600, 2457.1332678604767], "[5, 3]": [630.7819538009242, -600, 2727.837098999019, 1058.0040415864612], "[4, 4]": [253.3931888375919, -600, 2303.3717308660653, -600], "[4, 2]": [838.3102835786475, 2428.0150509759974, -600, -600], "[6, 0]": [1301.1002156082693, 1291.7910046017598, 2379.2949577046998, -600], "[6, 7]": [-600, 2021.7579851399753, 2191.5405934238734, 2553.3163970462515], "[6, 3]": [2001.602112728671, -600, 2565.957175832084, 2173.5213758361515], "[7, 7]": [-600, 825.7167773739715, 1142.214339508073, 2765.7210092584514], "[7, 3]": [2102.67281816321, -600, 2054.7216788485102, 2802.5927621289475], "[7, 0]": [2138.05619357996, 95.83188208138233, 145.62054019025481, -600], "[0, 7]": [-600, 1214.922833045026, 1276.7500822513587, 2440.879077169008], "[0, 0]": [2334.195348477562, 1272.2643865530483, 1251.5381919306103, -600], "[0, 3]": [2532.1564270581134, -600, 1986.1984600118303, 2165.642889164431], "[0, 1]": [2142.311941929825, 1949.9558576402183, -600, 2529.7836140353493], "[7, 1]": [1049.4341805604993, 679.8734900817412, -600, 2735.676136550745], "[0, 9]": [-600, 52.41255688110648, -600, 1828.5706707609527], "[0, 2]": [2280.5126551059934, 680.2256702060663, -600, -600], "[2, 7]": [-600, 2406.688782066572, 1191.5443397097044, 1186.8449743887543], "[2, 3]": [2454.441535054471, -600, 1218.1809430420087, 1273.0979153746543], "[2, 0]": [2537.241563115192, 2175.3130342071127, 2009.071839625188, -600], "[2, 1]": [2146.5616458501527, 2545.955268223913, -600, 1983.8382148774372], "[3, 1]": [914.158412442009, 2683.0945183192184, -600, 579.8550289655226], "[3, 3]": [2119.2965254015608, -600, 135.46242657154846, 77.32195804739506], "[1, 0]": [2752.084623277281, 1116.5547141977877, 787.8541833870443, -600], "[1, 1]": [2794.469326294628, 2030.9838248965273, -600, 2101.415082841105], "[1, 7]": [-600, 162.7516801844758, 92.78005752705835, 2142.0681570332354], "[0, 4]": [1748.4066034400482, -600, 73.32171995362646, -600], "[5, 1]": [80.78257046973025, 2063.7130871544496, -600, 137.20626341056789], "[5, 7]": [-600, 2042.2568883985089, 2798.165382711084, 2116.645025621409], "[4, 3]": [1113.057540021849, -600, 2490.9837805829598, 1202.4538235533787], "[4, 1]": [1269.679075187178, 2447.156919701654, -600, 1241.1911465385597], "[5, 0]": [681.9524066012859, 1052.0424288731508, 2754.522279159634, -600], "[4, 7]": [-600, 2576.892052502048, 2158.2649715679613, 1987.4915313087447], "[0, 5]": [1730.4770728445426, -600, -600, 2501.6899271015454], "[4, 0]": [2051.648316099492, 2199.460282188084, 2569.5050624627565, -600], "[2, 4]": [2335.1307773879457, -600, 278.59337186099805, -600], "[1, 5]": [2660.927598385754, -600, -597.7898929954933, 648.8073659956849], "[2, 5]": [2321.0095866930187, -600, -600, 687.0051302061288], "[2, 9]": [-600, 1519.7363634180333, -600, 55.84886712105607], "[0, 11]": [-600, -600, 724.348039566001, 2305.2923192916037], "[7, 18]": [0, 214.37615373274687, 345.44728626912564, 2790.8838877378253], "[1, 39]": [2778.667033990346, 0, 206.32761044124788, 309.3010091768778], "[4, 8]": [-600, 2561.000517506618, 1950.772659139263, -600], "[4, 9]": [-600, 2365.318015758733, -600, 282.87263082461385], "[3, 7]": [-600, 2692.6879644955475, 1024.6719898162437, 614.7766166001588], "[1, 9]": [-600, 9.48412612937788, -600, 1292.671405220687], "[5, 8]": [-600, 965.4638415126007, 2725.5832110562606, -600], "[2, 8]": [-600, 2367.321737097779, 710.2429089905957, -600], "[6, 9]": [-600, 319.3227695591463, -600, 2401.1327551426516], "[6, 11]": [-600, -600, 2537.6325377176418, 1869.328616736499], "[3, 32]": [0, 2726.0826012686402, 334.44703147398917, 200.8402241286501], "[6, 2]": [422.2336171295999, 2221.8013839003534, -600, -600], "[5, 5]": [60.87888007795161, -600, -600, 2060.639335831507], "[4, 11]": [-600, -600, 2265.4736096264846, 671.1305859886071], "[5, 11]": [-600, -600, 2548.018791128139, 596.8302811977437], "[5, 2]": [66.20754321741369, 2002.8827952621311, -600, -600], "[4, 5]": [2310.579431185711, -600, -597.2374090472905, 289.4279818007696], "[7, 4]": [1090.4936482551, -600, 12.55134797989894, -600], "[6, 5]": [826.4157687070547, -600, -600, 2343.8720288133914], "[5, 25]": [0, 1472.7545527272766, 2866.240483902278, 1556.8149833581379], "[1, 2]": [2701.493348965056, 957.6724613931839, -600, -600], "[0, 8]": [-600, 2149.8601086174444, 338.49801658928027, -600], "[1, 11]": [-600, -597.6279055691854, 37.135281314942425, 1817.1604334955746], "[1, 3]": [2746.1980469350137, -600, 657.7832780951029, 1087.6911977116602], "[1, 37]": [2863.377873154108, 1496.959578488042, 0, 1579.3826838729676], "[7, 15]": [326.0126057407858, 204.24865780574027, 0, 2774.889324622196], "[6, 4]": [127.23901033575746, -600, 1655.331025745967, -600], "[3, 8]": [-600, 2604.851617471081, 725.4032465173221, -600], "[6, 8]": [-600, 854.1078334986522, 2420.5459231411687, -600], "[7, 8]": [-600, 132.94702568387987, 2115.9719095057994, -600], "[7, 11]": [-600, -600, 866.7638490040615, 2709.3069042363654], "[6, 10]": [-600, 2242.3669833877216, -600, -600], "[6, 13]": [-600, -600, -600, 2457.3097582852806], "[3, 0]": [2046.5623052032408, 2758.0721025994176, 2003.1774890291172, -600], "[3, 29]": [1433.7187297971052, 2811.4087681740048, 1378.824749230539, 0], "[5, 4]": [34.10406260099153, -600, 2424.487884504769, -600], "[2, 2]": [1832.2659489440432, 2514.533612395463, -600, -600], "[7, 16]": [1533.3187718542324, 0, 1485.752305082527, 2858.305944420995], "[3, 30]": [318.25210283900617, 2740.7483999334786, 0, 185.03106317587145], "[3, 4]": [1359.6301754415645, -600, 18.046058140659973, -600], "[0, 13]": [-600, -600, -600, 2396.9276359979262], "[5, 23]": [184.1186285741915, 0, 2765.9733177377598, 336.01877746253615], "[5, 22]": [192.22725428068156, 297.3203156322908, 2782.991369316647, 0], "[1, 4]": [2511.927990738766, -598.0833499240199, 41.928386441451934, -600], "[1, 8]": [-600, 2058.163712617006, 94.23510775307298, -600], "[7, 9]": [-600, 39.803414239487005, -600, 2458.3276174027765], "[4, 10]": [-600, 2430.64866409356, -600, -600], "[1, 42]": [1441.4506922337393, -600, -600, -600], "[2, 11]": [-600, -600, 2170.3680238522375, 328.11739954670145], "[3, 9]": [-600, 2337.6558250964545, -600, 27.40426017660264], "[2, 10]": [-600, 2403.3889919957574, -600, -600], "[5, 9]": [-600, 1566.3525728099244, -600, 32.07405495378664], "[1, 40]": [1763.1272695569294, 0, 8.362131960697328, -600], "[4, 6]": [2316.309428896225, -600, -600, -600], "[3, 5]": [1919.3664591193203, -600, -600, 47.006953151494336], "[3, 2]": [571.3316290923676, 2518.3190726505986, -600, -600], "[7, 5]": [584.4379481910196, -600, -597.2402330465914, 2592.178252311196], "[2, 6]": [2448.5923604534864, -600, -600, -600], "[5, 24]": [17.519109561565546, 0, 1611.09434437314, -600], "[6, 12]": [-600, -600, 2374.9044611000304, -600], "[5, 12]": [-600, -600, 2533.7404519937318, -600], "[0, 6]": [2455.5287866159197, -600, -600, -600], "[1, 36]": [2786.267032279983, 334.93965019174016, 202.89169175422794, 0], "[1, 38]": [2755.673966661392, 281.8846028990043, -600, -600], "[3, 11]": [-600, -600, 1808.901093079657, 54.101730359889906], "[3, 34]": [-600, 1659.7612929004115, -600, 10.006815670729047], "[2, 12]": [-600, -600, 2150.50152292127, -600], "[7, 2]": [2105.4582142632826, 81.4198862518649, -600, -600], "[5, 26]": [-600, 241.71470944318824, 2757.0778957700127, -600], "[6, 6]": [2305.0279764295433, -600, -600, -600], "[5, 27]": [-600, -600, 2440.799206216963, 126.99124802017181], "[4, 12]": [-600, -600, 2487.744176411157, -600], "[7, 20]": [-597.1513489730226, -600, 252.3590549730962, 2709.5235293106166], "[0, 12]": [-600, -600, 2228.934543084381, -600], "[7, 12]": [-600, -600, 1985.4352794089775, -600], "[7, 17]": [124.00729122557956, -600, -600, 2393.8052524022905], "[3, 12]": [-600, -600, 1849.3199761545275, -600], "[7, 19]": [-600, 8.450790894409106, -600, 1577.9029894874982], "[3, 6]": [1917.5604376840233, -600, -600, -600], "[0, 10]": [-597.2558547577707, 2169.08247346883, -600, -600],