{"[4, 8]": [-600, 14447.180702607273, 14497.640286557365, -600], "[0, 0]": [14195.228352143784, 14213.726942438732, 14217.8605757604, 0], "[0, 1]": [14309.678970652094, 13989.538852043555, 0, 14279.612164957387], "[1, 3]": [14616.791525502495, 0, 14435.81143421005, 14437.849400835106], "[1, 7]": [0, 14424.080243850658, 14219.248483784391, 14424.491653737772], "[2, 3]": [14465.559876693073, 0, 14147.13525383019, 14211.799986874485], "[2, 7]": [0, 14513.63841161347, 14207.01715104678, 14285.729546900728], "[2, 0]": [14495.055174039548, 14537.073561275867, 14489.477045438993, 0], "[2, 1]": [14542.947662315722, 14466.981386523674, 0, 14433.961002983922], "[1, 0]": [14506.23883366862, 14367.314189664512, 14278.37185240926, 0], "[0, 7]": [0, 13969.60931746001, 14142.03007268621, 14179.870034401798], "[0, 3]": [14277.491435116995, 0, 14267.799762162998, 14386.377912871418], "[7, 1]": [14487.85627548065, 14486.208479371384, 0, 14584.597275872147], "[7, 3]": [14280.098440728629, 0, 14407.107782598421, 14635.629927332095], "[7, 4]": [12634.049622192957, -600, 13698.801144434667, -600], "[6, 5]": [14238.677172903228, -600, -600, 13259.445088757388], "[6, 3]": [14211.244873887217, 0, 14266.531482186982, 14485.552101872936], "[6, 1]": [14011.200779176514, 13927.865707567324, 0, 14352.521013844125], "[6, 4]": [14012.020433914446, -600, 10528.466359215208, -600], "[0, 4]": [11287.05868606708, -600, 13442.159762198837, -600], "[0, 11]": [-600, -600, 13382.658947897795, 13864.232597269662], "[6, 0]": [14215.97814445001, 13997.908696953444, 13150.32422773284, 0], "[6, 7]": [0, 14124.972183509639, 14400.054403713108, 14406.298543836336], "[6, 9]": [-600, 14078.1041285267, -600, 12454.683570809386], "[5, 11]": [-600, -600, 14222.698091334283, 14339.674616767887], "[4, 11]": [-600, -600, 14327.354859232677, 14056.306156735685], "[4, 7]": [0, 14485.443723600958, 14577.407783625442, 14431.62777269945], "[4, 0]": [14487.750481462128, 14677.210856027925, 14524.321227141843, 0], "[4, 9]": [-600, 12921.69500589528, 1508.9477444398162, 13754.822530466068], "[2, 4]": [12555.98125632043, -600, 14360.899524623774, -600], "[3, 2]": [14805.369431567215, 14927.743055206027, -600, -600], "[3, 0]": [14464.907695613389, 14751.379285044799, 14402.341722520885, 0], "[3, 7]": [0, 14726.600659946267, 14580.62179009607, 14625.51303038094], "[3, 3]": [14301.434960995737, 0, 14475.201739486092, 14328.992982110996], "[3, 1]": [14540.130174902719, 14663.155420840232, 0, 14540.72542926965], "[4, 1]": [14171.617736370923, 14144.968774664576, 0, 14189.093193053843], "[4, 3]": [14027.525300164616, 0, 14347.355677887392, 13993.358361392873], "[1, 1]": [14597.209188652416, 14278.82988052202, 0, 14409.91482698756], "[7, 0]": [14241.207821875501, 14097.770473039056, 14090.17937567574, 0], "[7, 7]": [0, 14341.367694141107, 14436.045271310246, 14529.08020349417], "[0, 5]": [14279.615868031748, -600, -600, 14009.638393546902], "[2, 9]": [0, 12680.338524293638, -600, 13472.58061652459], "[2, 5]": [14484.839929205053, 734.3950106950042, -600, 14395.377897799002], "[2, 2]": [13966.343685622143, 14426.557516641786, -600, -600], "[4, 4]": [13934.01623607617, -600, 12561.987285595695, -600], "[4, 2]": [14413.480193854863, 14316.707059416993, -600, -600], "[0, 9]": [-600, 13659.660983072386, -600, 12895.046509444794], "[6, 11]": [-600, -600, 14367.920358584008, 13021.207134905639], "[7, 5]": [13626.938891355301, -600, -600, 14819.902808056166], "[5, 0]": [14484.76843469101, 14402.94192376091, 14733.3343708074, 0], "[5, 7]": [0, 14244.732320823454, 14807.52770248792, 14439.242246990721], "[5, 3]": [14489.104453691252, 0, 14715.409753222411, 14498.461766829407], "[3, 29]": [14653.131439665345, 14815.290074521246, 14584.086162654276, 0], "[5, 1]": [14203.84016199244, 14288.502874881195, 0, 14290.240216736063], "[3, 8]": [-600, 14763.023897197449, 14606.416626323451, -600], "[2, 8]": [-600, 14502.416780477262, 13795.581605801048, -600], "[1, 4]": [13336.972267205501, 0, 13844.382720263933, -600], "[1, 2]": [14056.89014932589, 14169.060443827717, -600, -600], "[1, 8]": [-600, 13940.986904013844, 13813.589209464073, -600], "[5, 24]": [14281.061719490164, 2071.6309046997003, 10408.614576228325, -600], "[3, 32]": [0, 13689.156340671263, 14322.091295681337, 14433.688484644785], "[1, 5]": [14659.178202575535, -600, -600, 13589.285445891797], "[1, 37]": [14677.412864355645, 14383.08772688623, 0, 14458.96344872994], "[6, 8]": [869.1251462677851, 14104.766923110556, 14252.397214202174, -600], "[3, 30]": [14766.026407580644, 14794.212944626293, 0, 14745.034281411414], "[6, 12]": [-600, -600, 12486.229733786577, -600], "[5, 25]": [0, 14634.164503956767, 14833.297598903313, 14684.81122771961], "[2, 11]": [-600, -600, 13201.943332980223, 14389.34295470348], "[7, 15]": [14293.176035252098, 14141.034083134597, 0, 13283.219102560088], "[7, 16]": [14397.628416458385, 0, 14452.434222115273, 14764.055660596354], "[4, 5]": [13862.430206369698, -600, -600, 14053.57307916707], "[5, 8]": [-600, 14390.73854039307, 14365.170563669473, -600], "[5, 9]": [-600, 12485.439198709433, -600, 13901.233993883845], "[5, 22]": [14720.836353371471, 14710.261652948833, 14421.490347288094, 0], "[0, 2]": [12849.166854129819, 13644.230889701477, -600, 785.9597007095938], "[0, 8]": [-600, 14024.303432752684, 13396.404876504308, -600], "[7, 11]": [-600, 1000.9524455367603, 14535.706539537394, 14559.8680342654], "[6, 2]": [13705.317876691328, 14173.103801261106, -600, -600], "[7, 2]": [14000.993895744741, 14172.848372521139, -600, -600], "[5, 4]": [14124.3179755876, 0, 13352.912132133719, -600], "[5, 2]": [14021.376383131788, 14183.243967159708, -600, -600], "[5, 23]": [14217.492584044603, 0, 13686.763951473476, 14226.735982451011], "[4, 12]": [-600, -600, 13609.369781165513, -600], "[1, 36]": [14761.093528569494, 14251.32802923377, 14237.775658108078, 0], "[3, 4]": [11552.93003727666, -600, 14331.92752349636, -600], "[7, 18]": [0, 14347.048797163718, 14401.117978805469, 13356.606448473642], "[1, 6]": [14479.041868495642, 1005.8089590449863, -600, -600], "[1, 10]": [-600, 12567.79023583948, -600, -600], "[7, 13]": [-600, -599.94, 1078.4036993819755, 14046.468179083544], "[4, 10]": [-600, 14472.280343649869, 911.9434722474953, -600], "[1, 9]": [-600, 13351.940010101574, -600, 10707.993816902333], "[0, 6]": [12776.982559723821, -600, -600, -600], "[1, 39]": [14491.221704341719, 0, 14525.698634087952, 14541.408572274391], "[2, 13]": [-600, -600, -600, 10836.76303758625], "[3, 5]": [14462.953212083954, -600, -600, 14476.217447458373], "[2, 10]": [-600, 14192.728052173174, -600, -600], "[3, 9]": [-600, 13555.21357655893, -600, 14383.158938744806], "[3, 11]": [-600, -600, 14156.980040146325, 14395.335483708674], "[0, 13]": [-600, -600, -600, 11244.854573902487], "[7, 9]": [-600, 13966.600144876993, 0, 14143.642530793768], "[7, 8]": [-600, 13953.907914641273, 13771.520406969401, -600], "[5, 26]": [-600, 14762.850493878821, 14785.964014209074, -600], "[6, 13]": [-600, -600, -600, 12712.668984323183], "[6, 6]": [13832.096492654977, -600, -600, -600], "[2, 6]": [13972.3654670225, -600, -600, -600], "[1, 40]": [12843.77102510546, 0, 14200.088054956475, -600], "[1, 11]": [-600, -600, 14186.63783966986, 14402.903118351547], "[6, 10]": [-600, 13855.136092319926, -600, -600], "[1, 13]": [-600, -600, -600, 14320.196866799348], "[3, 12]": [-600, -600, 14340.13329696664, -600], "[4, 6]": [13233.558913702445, -600, -600, -600], "[7, 19]": [-600, 14232.938915065439, -600, 12958.73037623666], "[4, 13]": [-600, -600, -600, 13360.254679623957], "[1, 38]": [14749.689413478132, 14663.131417290519, -600, -600], "[2, 12]": [-600, -600, 14423.949841901556, -600], "[2, 14]": [-600, -600, -600, -600], "[5, 5]": [14405.987052350156, -600, -600, 14378.378731098146], "[3, 33]": [-600, 14684.50383248359, 14835.551708137167, -600], "[3, 34]": [-600, 11555.686972829892, -600, 12853.443475954757], "[3, 31]": [15078.184855188721, 15113.595234531494, -600, -600],