{"[6, 1]": [273.13536762329903, 239.85994474328146, -600, 882.3949287623655], "[5, 3]": [51.75249845493555, -600, 1159.1826937644153, 215.3234109904033], "[4, 4]": [24.811040536623313, -600, 750.6043970225799, -600], "[4, 2]": [144.2934726778623, 849.3142025215842, -597.3308960209694, -600], "[6, 0]": [250.34870195401615, 280.6502340506924, 844.1235477635502, -600], "[6, 7]": [-600, 582.1431527625906, 721.9807423629528, 972.0227710723888], "[6, 3]": [554.2158688535853, -600, 975.0333610461553, 702.7267220901189], "[7, 7]": [-600, 76.2889508838186, 220.879642971092, 1160.0129391807623], "[7, 3]": [624.2121651702894, -600, 607.2478368008219, 1216.1136200751823], "[7, 0]": [486.6338868800714, 1.6989123351913331, 21.3502138592721, -600], "[0, 7]": [-600, 224.53525738089672, 261.4405867621665, 873.3716888947692], "[0, 0]": [811.9243216930294, 270.20778500694564, 238.86703004263165, -600], "[0, 3]": [936.0390984413059, -600, 543.5773932089427, 683.4053456063191], "[0, 1]": [684.4944249028936, 534.3867977784423, -600, 937.0265766947186], "[7, 1]": [212.31449581204484, 57.6713524985339, -600, 1142.97203983056], "[0, 9]": [-600, -1.1546510661846625, -600, 326.64438374768145], "[0, 2]": [765.1732154934799, 126.82438584197088, -600, -600], "[2, 7]": [-600, 857.8119682545326, 266.8723827857243, 249.08455637729773], "[2, 3]": [872.5028067809985, -600, 230.96794103742687, 271.1801817671606], "[2, 0]": [951.380451413886, 704.5448813816056, 561.459743861393, -600], "[2, 1]": [687.0247499839628, 963.1822043133885, -600, 547.2577580343026], "[3, 1]": [184.11282890295382, 1121.1218001995883, -600, 38.68160343919584], "[3, 3]": [427.52095082272047, -600, 20.049634055520343, -1.7459158894188969], "[1, 0]": [1162.5024450101396, 229.00079164743954, 69.88713219524583, -600], "[1, 1]": [1213.5694417685265, 594.5250171822286, -600, 643.4364266843946], "[1, 7]": [-600, 23.492602412659327, 0.3091862222730969, 480.0294272996899], "[0, 4]": [329.26928543254826, -600, 6.888421891499917, -600], "[5, 1]": [0.5465385989767684, 449.4540378368183, -600, 24.428133647693485], "[5, 7]": [-600, 600.0414992084535, 1230.8509852317495, 645.8025261650386], "[4, 3]": [203.6250996460408, -600, 913.9111933497154, 242.54000437180846], "[4, 1]": [266.7879121434044, 886.3814465042446, -600, 234.5786833211237], "[5, 0]": [61.59677319968493, 209.00365565121925, 1180.3157884779857, -600], "[4, 7]": [-600, 999.2891491219584, 697.9203002360841, 539.8560233302801], "[0, 5]": [431.7643780149612, -600, -598.6878752970188, 916.9220040487426], "[4, 0]": [578.0009137359989, 715.5849207243468, 995.9477500313116, -600], "[2, 4]": [743.3853496281935, -598.4990775694065, 36.699468078449705, -600], "[1, 5]": [1085.0489354002991, -600, -600, 124.94615223411279], "[2, 5]": [774.110693411736, -600, -598.9519195049976, 135.68208119432896], "[2, 9]": [-600, 277.5539919538071, -600, 4.79688384353482], "[0, 11]": [-600, -600, 127.66481169995444, 756.3037135367093], "[7, 18]": [0, 21.392005295109602, 55.260810250285225, 1130.002359675923], "[1, 39]": [1121.1339244709877, 0, 14.615895320838506, 57.818969125009176], "[4, 8]": [-600, 989.6983460866426, 538.9983243384667, -600], "[4, 9]": [-600, 778.5339678177162, -600, 32.189694424673824], "[3, 7]": [-600, 1132.8282895739153, 191.89956808586237, 49.71887930515475], "[1, 9]": [-600, -0.8638847707926895, -600, 81.929790257076], "[5, 8]": [-600, 192.4815028923505, 1130.4974125160988, -600], "[2, 8]": [-600, 804.5010407396202, 134.31165928437227, -600], "[6, 9]": [-600, 39.2750385275634, -600, 773.5876310764019], "[6, 11]": [-600, -600, 949.7266255235925, 485.9485200300984], "[3, 32]": [0, 1103.1685198001762, 63.93592572002842, 10.254839450161818], "[6, 2]": [67.02298442263509, 624.768999505422, -600, -600], "[5, 5]": [2.992795943910869, -600, -600, 348.0048696874034], "[4, 11]": [-600, -598.4287886075126, 790.4473858482174, 125.76227503821778], "[5, 11]": [-600, -600, 1009.629185026353, 100.37558732721696], "[5, 2]": [3.0964901073066597, 369.41987258610567, -600, -600], "[4, 5]": [590.6794349394764, -600, -598.6158301340802, 45.83471688223715], "[7, 4]": [68.27507289673392, -600, 1.1576077817031325, -600], "[6, 5]": [152.02337235733344, -600, -600, 773.736267854475], "[5, 25]": [0, 324.062534435011, 1286.3248191325154, 330.2798722331132], "[1, 2]": [1086.460237629194, 170.9949615983409, -600, -600], "[0, 8]": [-600, 591.5493677943862, 49.82958436915542, -600], "[1, 11]": [-600, -598.988703987415, 2.797341145344394, 294.9891344539275], "[1, 3]": [1161.7082865149966, -600, 53.46088608230352, 226.8370446118253], "[1, 37]": [1273.221555264256, 330.4692654091894, 0, 352.8916800685159], "[7, 15]": [63.947932624789814, 13.05439979925351, 0, 1109.062780677038], "[6, 4]": [8.705778981484057, -600, 296.95754846545026, -598.6929624678056], "[3, 8]": [-600, 996.830496975967, 137.43254464801151, -600], "[6, 8]": [-598.8035777476488, 167.31454649914912, 832.0997547039357, -600], "[7, 8]": [-600, 9.843436239261107, 460.75328149183736, -600], "[7, 11]": [-600, -600, 171.65697095818047, 1100.180528436527], "[6, 10]": [-600, 573.8164709517176, -600, -600], "[6, 13]": [-600, -600, -600, 872.335216667665], "[3, 0]": [590.643381569138, 1204.177270898528, 567.0852083043026, -600], "[3, 29]": [309.4338158327143, 1256.8792736850946, 299.5574913761099, 0], "[5, 4]": [1.0571408185890727, -600, 638.9617741937773, -600], "[2, 2]": [470.80885095421155, 931.5155356063594, -600, -600], "[7, 16]": [337.39748980215376, 0, 304.6719444959761, 1275.0724838911644], "[3, 30]": [53.67029087008849, 1097.9136209115597, 0, 12.328630566053949], "[3, 4]": [134.90633593521557, -600, 2.7226947923360436, -600], "[0, 13]": [-600, -600, -599.1312216790418, 724.0529558811518], "[5, 23]": [14.528844873706083, 0, 1118.5854840264944, 61.47731885689444], "[5, 22]": [13.928949630067542, 60.48958272111238, 1124.7553996352985, 0], "[1, 4]": [724.1809697408544, -600, 2.658244517529066, -600], "[1, 8]": [-600, 413.3252637114278, 5.462829559629785, -600], "[7, 9]": [-600, 1.7586990611117033, -600, 648.8015814745238], "[4, 10]": [-600, 791.6445133140888, -600, -600], "[1, 42]": [225.57432618501056, -600, -600, -600], "[2, 11]": [-600, -600, 549.2943200122705, 44.696561478876156], "[3, 9]": [-600, 560.211825072567, -600, -1.4191545825773042], "[2, 10]": [-600, 761.7265189137416, -600, -600], "[5, 9]": [-600, 157.04917012165123, -600, 3.5541956086999833], "[1, 40]": [342.0552105945863, 0, 0.7864457223266644, -600], "[4, 6]": [552.7461905165674, -600, -600, -600], "[3, 5]": [286.51679580912645, -600, -600, 2.8152981353453264], "[3, 2]": [102.33122424872926, 974.725522730799, -600, -600], "[7, 5]": [104.42977346093733, -600, -600, 1024.753414747258], "[2, 6]": [864.4034436232308, -600, -600, -600], "[5, 24]": [0.5587993210695432, 0, 327.36005729567216, -600], "[6, 12]": [-600, -600, 752.613622585092, -600], "[5, 12]": [-600, -600, 678.9503334814691, -600], "[0, 6]": [845.4675653678293, -600, -600, -600], "[1, 36]": [1122.7842085318466, 62.71570506468609, 16.846080607157557, 0], "[1, 38]": [1082.8496393141586, 40.177300886250755, -600, -600], "[3, 11]": [-600, -600, 306.7379600885538, 3.777181924139865], "[3, 34]": [-600, 342.7382977899127, -600, 0.7519612550013475], "[2, 12]": [-600, -600, 481.72547548053467, -600], "[7, 2]": [428.9701941722813, 5.722610624944594, -600, -600], "[5, 26]": [-600, 37.734023196216064, 1101.9728387438324, -600], "[6, 6]": [577.4585386752012, -600, -600, -600], "[5, 27]": [-600, -600, 778.1402718494945, 19.691889480142258], "[4, 12]": [-600, -596.8768445816125, 906.9477183717235, -600], "[7, 20]": [-600, -600, 46.936024008872494, 1067.6299211090566], "[0, 12]": [-600, -600, 481.7512473340549, -600], "[7, 12]": [-600, -600, 265.26028438199836, -600], "[7, 17]": [23.687881369996777, -600, -600, 753.8018802924124], "[3, 12]": [-600, -600, 244.39561040000905, -600], "[7, 19]": [-600, 0.40529534519298027, -600, 318.7194250180065], "[3, 6]": [255.5929473263411, -600, -600, -600],