{"[5, 1]": [148.93844382147478, 235.44415222416066, -600, 3011.7974426327355], "[6, 0]": [2053.8860959322656, 2055.144865075462, 3337.245227574412, -600], "[6, 7]": [-600, 2880.133823098402, 3037.0591606455114, 3486.1604899961053], "[6, 1]": [1951.5743736683435, 1836.4945121558703, -600, 3389.116499106703], "[6, 3]": [2855.8620411753236, -600, 3483.6080676309634, 3024.1956435919565], "[6, 9]": [-600, 479.8336792751148, -600, 3172.5842802980865], "[6, 8]": [-600, 1329.0264735013004, 3349.9145767304303, -600], "[4, 9]": [-600, 3069.5245715498554, -600, 409.19216898851147], "[4, 8]": [-600, 3484.0920793515124, 2798.994698142115, -600], "[4, 7]": [-600, 3499.393022469954, 3054.0196360600007, 2890.3723493422513], "[4, 0]": [2893.1795339793225, 3057.3531667828574, 3489.851476749314, -600], "[4, 11]": [-600, -595.8422941263415, 3318.4923561251503, 1365.410897262322], "[7, 7]": [-600, 1371.5110697595592, 1632.1593185110057, 3636.967557146816], "[7, 3]": [2944.7364787619613, -600, 2879.80155441244, 3686.000978602455], "[0, 7]": [-600, 1957.024603620113, 1981.5495767108798, 3341.4433731385166], "[0, 3]": [3424.3086014785104, -600, 2785.30349520084, 2969.6534500157086], "[0, 1]": [2983.6362534262926, 2822.6437304781093, -600, 3418.0294267167246], "[0, 0]": [3261.154399562308, 1995.9281177910304, 1959.7869665185242, -600], "[7, 1]": [1738.9833713907842, 1366.2402937282152, -600, 3653.852534675045], "[7, 0]": [3140.051327815759, 190.2242373791637, 253.69188778924175, -600], "[5, 3]": [1132.299402443281, -600, 3669.755064675296, 1651.0151147434515], "[4, 3]": [1856.1992617672774, -600, 3390.2718429496827, 1962.6538178810642], "[4, 1]": [1834.6326676080562, 3336.595933090043, -600, 1806.7489094676923], "[5, 0]": [1316.5783589313296, 1655.071692900993, 3672.445698361273, -600], "[5, 7]": [-600, 2954.714409067011, 3701.07992261749, 3030.0977671838773], "[2, 3]": [3329.2660885291516, -600, 1806.9832040746405, 1902.071744682386], "[2, 7]": [-600, 3319.4353996037894, 2060.7196879746043, 2029.9359717058212], "[2, 1]": [3003.617162575372, 3441.9398755787092, -600, 2816.9065557472845], "[2, 0]": [3441.2745569202284, 2992.8499047127143, 2841.929640020582, -600], "[1, 0]": [3609.6522555629117, 1606.8324699705634, 1366.8199754215714, -600], "[1, 7]": [-600, 288.1358476412568, 191.3746465379466, 3099.8581494004034], "[1, 3]": [3599.5124204360745, -600, 1220.3907835632463, 1600.7134882930764], "[2, 4]": [3141.352446363913, -600, 426.5132872530408, -600], "[2, 8]": [-600, 3315.516185967918, 1436.643918655078, -600], "[2, 9]": [-594.5721930369361, 2385.52167960851, -600, 110.56148240031943], "[2, 2]": [3430.958227159181, 2758.3593469411944, -600, -600], "[1, 1]": [3667.832064594741, 2800.957706140557, -600, 2866.695259956698], "[3, 1]": [1686.1838162304261, 3642.143367279045, -600, 1121.6920537495482], "[3, 3]": [259.91695136019285, -600, 2995.8109113406663, 152.16778416974574], "[3, 7]": [-600, 3624.2091916344616, 1550.3869505223597, 1157.1382879761502], "[0, 4]": [2553.5969696116426, -600, 165.67250951815342, -600], "[0, 11]": [-600, -600, 1190.495157993541, 3199.365698970473], "[5, 11]": [-600, -600, 3636.3800040391084, 1276.1037879926027], "[6, 4]": [172.8040607844341, -600, 2888.685116230605, -596.2455380115288], "[3, 32]": [0, 3679.2860423394004, 534.8508042485889, 377.820185681428], "[5, 23]": [320.47381455583167, 0, 3705.2444566183412, 596.9567111596348], "[3, 29]": [2289.409998641555, 3748.042488770309, 2248.756636947608, 0], "[1, 36]": [3672.4753696794646, 538.1225844467893, 469.59819039099625, 0], "[4, 2]": [1137.0642214503623, 3325.792631683375, -600, -600], "[6, 11]": [-600, -600, 2770.7174374176516, 3473.5655058426632], "[5, 8]": [-600, 1689.5527523838834, 3648.800066439206, -600], "[5, 2]": [130.73490209913683, 3017.302129853693, -600, -600], "[4, 5]": [3036.0208478551986, -600, -600, 419.9519723882987], "[5, 25]": [0, 2392.337177216749, 3776.1936034590804, 2439.4831887872656], "[7, 18]": [0, 475.4967718815141, 567.9134577540874, 3685.576993499103], "[3, 11]": [-600, -600, 2904.338689319114, 120.38774699015569], "[2, 5]": [3143.796724949271, -600, -600, 1147.5765523748025], "[0, 5]": [3403.753443072543, -600, -600, 2587.230864482393], "[7, 5]": [1130.976962387374, -596.6807972972954, -600, 3603.2181600558565], "[4, 4]": [477.26423470274125, -600, 3349.7134709541006, -600], "[7, 4]": [15.33773894889655, -600, 2093.9585122416943, -600], "[0, 13]": [-600, -600, -600, 3305.3029480853816], "[6, 5]": [1170.2279555904902, -600, -600, 3255.412509222607], "[0, 9]": [-600, 84.94942228892, -600, 2206.107140416161], "[3, 8]": [-600, 3561.2394886931047, 1466.8167212643575, -600], "[2, 10]": [-600, 3362.2776168566893, -600, -600], "[3, 0]": [2958.43552967354, 3672.6623243673635, 2896.0686873277414, -600], "[0, 2]": [3249.1656639229655, 1123.8949999670922, -600, -600], "[5, 4]": [83.04033673262809, -600, 3501.0874331710356, -600], "[1, 5]": [3448.9120854401594, -600, -600, 939.8549232892593], "[1, 37]": [3729.9085260813636, 2089.1898812666595, 0, 2192.6161029348996], "[3, 33]": [-600, 3700.5852451323817, 417.1857849279762, -600], "[5, 22]": [428.5920005732349, 570.1739232040312, 3717.953686958783, 0], "[0, 8]": [-600, 3106.0175974272493, 693.7058420903122, -600], "[5, 9]": [-600, 64.26315950968345, -592.2740041392552, 2654.630433050835], "[2, 13]": [-600, -600, -600, 3094.1237300770713], "[1, 2]": [3534.3350274023887, 1225.7918783786624, -600, -600], "[3, 30]": [559.4554354081376, 3683.4149200322577, 0, 343.1572516515625], "[2, 11]": [-600, -600, 3147.393549995072, 574.9863576651485], "[3, 5]": [2687.2119854622374, -600, -600, 88.61571124432646], "[0, 6]": [3234.098088008942, -600, -600, -600], "[1, 39]": [3665.8594879907287, 0, 370.3278385327449, 548.3345738004979], "[4, 10]": [-600, 3312.6822821925803, -600, -600], "[3, 2]": [1241.7816760796395, 3616.208126830341, -600, -600], "[2, 6]": [3235.529602674622, -600, -600, -600], "[3, 4]": [53.07446858069169, -600, 2510.5116189456617, -600], "[1, 13]": [-600, -600, -600, 2887.6252704480353], "[1, 9]": [-600, 15.903037045463098, -600, 1314.896019284959], "[5, 10]": [-600, 2974.231821704175, -600, -600], "[6, 12]": [-600, -600, 3420.3433639759164, -600], "[7, 15]": [536.4682908112343, 375.86238163509273, 0, 3711.3823619246723], "[7, 16]": [2315.992138015007, 0, 2246.7739040381134, 3757.1190517787372], "[6, 2]": [608.4997245247837, 3168.4417856794603, -600, -600], "[5, 27]": [-600, -600, 3633.143344739607, 245.225275306419], "[5, 5]": [69.1236752878406, -596.8381089817913, -600, 2671.3666010967363], "[4, 12]": [-600, -600, 3412.50489747249, -600], "[3, 9]": [-600, 3363.2589655700326, -600, 67.94832519028984], "[7, 2]": [3106.4757377031356, 210.59808271982533, -600, -600], "[7, 9]": [-600, 132.20701619657726, -600, 3415.635919529605], "[2, 12]": [-600, -600, 3172.56362157136, -600], "[6, 13]": [-600, -600, -600, 3302.8212750053713], "[4, 6]": [3043.2933612305515, -600, -600, -600], "[7, 11]": [-600, -600, 1406.5165098149714, 3561.8866075371516], "[1, 4]": [3303.0729861921627, -600, 96.16766248019943, -600], "[1, 10]": [-600, 2911.440328982734, -600, -600], "[3, 34]": [-600, 2758.85971925896, 0, 31.290357998691803], "[1, 38]": [3642.1334008104145, 373.78853464203644, -600, -600], "[1, 8]": [-600, 3058.6173510205235, 205.72676599449483, -600], "[1, 11]": [-600, -600, 110.12567112779313, 2998.37077079845], "[0, 12]": [-600, -600, 3167.6978640037137, -600], "[6, 6]": [3218.3529938118945, -600, -600, -600], "[7, 20]": [-600, -596.5704452693036, 393.87966849253826, 3677.7947457947685], "[0, 10]": [-600, 3056.9713603837936, -600, -600], "[5, 12]": [-600, -600, 3581.2236096676957, -600], "[5, 26]": [-600, 470.9212456439672, 3717.1130548297783, -600], "[4, 13]": [-600, -600, -600, 3164.7782371354474], "[7, 8]": [-600, 284.1091769818301, 3080.9254858023855, -600], "[1, 40]": [2585.453446761943, 0, 34.216048502306194, -600], "[6, 10]": [-600, 3155.7380467761704, -600, -600], "[7, 19]": [-600, 44.594098673332425, 0, 2825.8774786125446],