{"[6, 0]": [10695.349514052941, 10688.852320322727, 10552.265196133423, -600], "[6, 7]": [-600, 10866.616388316836, 11109.045294166826, 11321.45915914843], "[6, 3]": [11066.638478885205, -600, 11286.350516690594, 11082.911585151924], "[6, 1]": [11113.535866099513, 10630.567632029539, -600, 10715.953741364827], "[6, 4]": [10198.075979799152, -600, 8606.25284949179, -600], "[0, 3]": [11321.051564737587, -600, 11243.059862967953, 11253.430210390952], "[0, 7]": [-600, 10686.353070314904, 11027.594240258368, 11341.238292023436], "[0, 1]": [11287.044939719382, 11094.733024572855, -600, 11019.73469552988], "[0, 0]": [10987.372557080334, 10989.629559423296, 11003.604331097948, -600], "[1, 3]": [11539.961188522986, 0, 11435.857558244968, 11454.480317551901], "[1, 7]": [0, 11131.419619786375, 11138.151957718772, 11188.250052976067], "[2, 3]": [11346.57890786892, -600, 11119.429487610447, 11131.340982926744], "[2, 1]": [11325.216780424036, 11411.372435983689, -600, 11376.482968228454], "[2, 0]": [11329.093889696876, 11475.684067824208, 11227.92754477671, -600], "[1, 0]": [11477.037068935459, 11429.577527844544, 11370.562267972915, -600], "[2, 7]": [-600, 11427.51936466256, 11120.233903028784, 11149.590207809133], "[1, 1]": [11507.661768254686, 11313.336561676933, 0, 11310.427336317956], "[0, 9]": [-600, 9361.010138196087, -600, 10614.754869022196], "[6, 9]": [-600, 9862.689550713369, -600, 11190.279473385664], "[6, 8]": [-600, 10453.248519000706, 10677.99605137695, -600], "[0, 4]": [8782.060612973253, -600, 10720.008114983028, -600], "[0, 11]": [-600, -600, 10914.06840736609, 11248.897979872754], "[0, 5]": [11232.350877689729, -600, -600, 11353.937128291946], "[7, 1]": [11277.979482019653, 11240.839889297975, 0, 11284.625207020246], "[7, 16]": [11583.560563579715, 0, 11428.089333968916, 11700.409640126283], "[3, 1]": [11309.59582611594, 11251.101051216809, 0, 11302.368894489191], "[4, 1]": [11173.744355447498, 11324.88762287695, -600, 10924.438740836606], "[4, 0]": [11196.027855229113, 11522.104534635067, 11112.455122552043, -600], "[4, 7]": [-600, 11179.358571397424, 11285.496260254049, 11178.313322618156], "[3, 7]": [0, 11292.936836235769, 11386.339443090508, 11294.17725365377], "[3, 3]": [11250.186306458647, -600, 11182.08098059237, 11239.414539271249], "[1, 39]": [11602.895126133717, 0, 11594.66439428204, 11583.386681682676], "[6, 11]": [-600, -600, 11221.35907092296, 10928.671756877045], "[7, 7]": [0, 10935.528344175043, 11279.152201339828, 10725.168742340145], "[7, 0]": [10369.36288137944, 10792.869491575422, 10777.403530904056, -600], "[6, 2]": [10469.394112835942, 10949.505236431867, -600, -600], "[6, 5]": [11065.327557861514, -600, -600, 9903.069941835189], "[7, 3]": [11190.030821098504, 0, 11278.549467520059, 10624.04332310827], "[2, 4]": [11262.950494761362, -600, 9646.453002872366, -600], "[2, 9]": [1232.607618825782, 9489.086494123616, -600, 10729.540590527484], "[2, 2]": [11351.776665870892, 10970.392050564968, -600, -600], "[4, 3]": [11227.728366972358, -600, 11112.658721888036, 11115.035943484032], "[4, 9]": [-600, 9992.667735129246, -600, 11068.049896937671], "[4, 11]": [-600, -600, 11128.440249298668, 10838.89281716028], "[2, 8]": [-600, 11288.037801475299, 10906.570300986936, -600], "[4, 4]": [10860.530189882402, 2800.906081076503, 9751.358764033617, -600], "[4, 2]": [11068.735905804175, 11289.50446177528, -600, -600], "[5, 3]": [11477.011145637402, 0, 11649.626723842091, 11502.936963326765], "[5, 0]": [11367.373965863393, 11450.867499752945, 11641.614019959838, -600], "[5, 1]": [11026.033503122588, 11047.515022442425, -600, 11058.775342434516], "[5, 7]": [-600, 11112.52217862858, 11666.414770361063, 11286.370076088419], "[3, 0]": [10192.57123899657, 11239.080976156214, 11264.311828648459, 0], "[0, 2]": [10125.689735821725, 9663.83169313931, -600, 596.9002710501077], "[2, 5]": [11044.94616328067, -600, 587.6948426300712, 11279.792649022682], "[4, 10]": [-600, 8092.4527051443865, -600, -600], "[4, 8]": [-600, 10312.252692604301, 10709.560817588223, -600], "[5, 8]": [-600, 11319.687200391854, 11632.292800275185, 495.82099269751893], "[6, 13]": [-600, -600, -600, 11217.04013189308], "[3, 29]": [11441.408510122234, 11358.20284320316, 11439.567280961757, 0], "[5, 11]": [-600, -600, 11669.627031466047, 11446.583894399622], "[0, 13]": [-600, -600, -600, 10657.236517696081], "[5, 25]": [0, 11472.80229051628, 11736.533620776707, 11475.692169451926], "[2, 6]": [11276.3885790224, -600, -600, -600], "[5, 4]": [11570.815928058835, -600, 11633.87131494762, -600], "[7, 11]": [-600, -600, 11280.71352856652, 11376.46930377859], "[7, 4]": [10892.413686810298, -600, 9194.055281867384, -600], "[7, 9]": [-600, 10899.098664807212, 0, 11451.046291211092], "[7, 5]": [10320.569467844749, -600, -600, 11348.695957849357], "[5, 23]": [11723.060924461171, 0, 11753.908584643896, 11721.717582996194], "[3, 32]": [0, 11528.835355791914, 11454.683237942827, 11491.212553317786], "[3, 30]": [11613.980281486325, 11621.447005281501, 0, 11600.776565407741], "[2, 10]": [-600, 10428.83128412034, -600, -600], "[7, 18]": [0, 11624.259136893572, 11709.759277272726, 11708.250414211565], "[5, 22]": [11263.65229509002, 11258.28696107749, 11337.188173812456, 0], "[1, 9]": [-600, 10602.424761091675, -600, 9463.051391297546], "[1, 37]": [11589.776261188706, 10847.349293790752, 0, 11399.342069881004], "[5, 9]": [-600, 10659.642439605292, -600, 8508.39514834322], "[3, 2]": [11071.87886655248, 11188.297578581882, -600, -600], "[3, 4]": [10854.813671049445, -600, 9176.515502035738, -600], "[1, 36]": [11666.98305724792, 11539.73637904003, 11508.486703793309, 0], "[7, 15]": [11585.752667778168, 11489.56921042457, 0, 11659.701508118329], "[0, 6]": [10504.831681840158, -600, -600, -600], "[4, 5]": [10986.539426272922, -600, -600, 11031.81977247176], "[2, 11]": [585.3666350851861, -600, 11005.642151873551, 11134.765007995293], "[3, 5]": [11040.199050914342, -600, -600, 10766.432225672525], "[3, 11]": [-600, -600, 11217.95436841245, 11169.419414797776], "[1, 2]": [11449.426628994124, 11398.257280146054, -600, -600], "[2, 13]": [-600, -600, -600, 9130.196740038504], "[4, 6]": [10928.949035676394, -600, -600, -600], "[7, 2]": [10939.2763776084, 10881.211652074642, -600, -600], "[0, 8]": [-600, 10914.955158416982, 9803.455049228003, -600], "[1, 5]": [11654.098077059603, -600, -600, 11584.127381898295], "[7, 8]": [-600, 10721.473727741022, 10789.372480370312, -600], "[1, 4]": [10454.070894505205, -600, 11021.036945407275, -600], "[0, 12]": [-600, -600, 10000.212370169575, 612.9636588873641], "[3, 9]": [-600, 10394.806036937527, -600, 10763.321208117868], "[3, 12]": [-600, -600, 10821.725173589128, -600], "[6, 10]": [-600, 8137.089235039377, -600, -600], "[4, 12]": [-600, -600, 9351.391947302174, -600], "[1, 8]": [-600, 10997.841565497187, 10968.414015758888, -600], "[1, 11]": [-600, 998.6314052568982, 11112.882379087649, 11139.34214495116], "[5, 13]": [-600, -600, -600, 11200.88923452808], "[5, 2]": [11026.694399511336, 10780.35823161128, -600, -600], "[2, 12]": [-600, -600, 11078.019296624163, -600], "[7, 13]": [-600, -600, -600, 11591.623273428973], "[3, 8]": [-600, 11529.100566557167, 11310.263114519597, -600], "[5, 5]": [11264.639944164799, -600, -600, 11172.52203548508], "[3, 10]": [-600, 11667.258988330052, -600, -600], "[5, 24]": [11946.703240128489, -600, 11928.005007693884, -600], "[3, 31]": [11841.836196975388, 11891.711300397053, -600, -600], "[5, 27]": [-600, -600, 11929.526386967269, 11846.348905243229], "[6, 12]": [-600, -600, 10589.565392306287, -600], "[6, 6]": [10985.39432361451, -600, -600, -600], "[7, 19]": [-600, 11132.119371221423, 0, 10712.64640729915], "[1, 38]": [11422.07155723971, 11404.57690669562, -600, -600], "[1, 12]": [-600, -600, 10967.812742255486, -600], "[1, 40]": [10636.284099714445, 1663.5757364785409, 11027.084768548631, -600], "[4, 13]": [-600, -600, -600, 10949.91518857565], "[1, 10]": [-600, 10968.804030688429, -600, -600],