{"[2, 1]": [12604.738211979877, 12640.413435257818, 0, 12630.552549348082], "[2, 4]": [12296.653479704251, -600, 11001.366010131078, -600], "[3, 2]": [12639.386380706108, 12772.87912248751, -600, -600], "[2, 0]": [12629.460289109187, 12650.190065212526, 12608.273426547046, 0], "[1, 0]": [12633.407655551126, 12395.60781152897, 12499.414594191352, 0], "[1, 7]": [0, 11791.34584864825, 12309.53024371749, 12591.689543179315], "[1, 9]": [-600, 11210.390402781526, -600, 9814.234208161512], "[0, 2]": [11510.45788508045, 12056.242460298281, -600, -600], "[5, 0]": [12713.25985658127, 12774.452061969172, 12911.546551550267, 0], "[5, 1]": [12127.728406361475, 12255.634231913113, 0, 12077.538048445196], "[5, 9]": [850.9852390241497, 11998.209234446362, -600, 10099.628330552387], "[6, 8]": [667.0792205405851, 12409.181796413948, 12211.747519212928, 774.9456831528626], "[4, 7]": [0, 12570.725514193691, 12826.298294827448, 12577.729196915667], "[4, 3]": [12269.281748201467, 0, 12043.102765694332, 12176.996006127794], "[4, 0]": [12547.926258812076, 12624.501081117149, 12367.87926720635, 0], "[3, 7]": [0, 12842.418764433223, 12704.031150619869, 12791.459216880954], "[3, 3]": [12428.624570706135, 0, 12434.421435932454, 12424.936076608901], "[2, 7]": [0, 12154.684156441013, 12407.123894092565, 12272.561938806479], "[3, 1]": [12446.954078195497, 11861.422474841056, 0, 12476.333984671372], "[3, 29]": [12678.778165572656, 12939.97060584958, 12602.311234424496, 0], "[4, 1]": [12330.568930894446, 12353.829378851024, 0, 12328.286927054152], "[4, 9]": [-600, 12167.423489327515, -600, 11318.854553007655], "[5, 8]": [-600, 12403.438728882938, 12229.618172646955, -600], "[6, 12]": [-600, -600, 12582.36940040443, -600], "[0, 7]": [0, 11918.529034825877, 11944.286860877535, 12453.144889990783], "[0, 4]": [8180.60541195444, -600, 11436.690730239548, -600], "[0, 5]": [11559.927648295385, -600, -600, 12529.104144846711], "[0, 3]": [12523.963790751994, 0, 12159.971148172388, 12303.3783096101], "[0, 0]": [12472.341950030017, 11769.626252440183, 11612.44414732602, 0], "[0, 1]": [12281.809381318424, 12206.855691543655, 0, 12563.495864951467], "[1, 3]": [12209.498953162454, 0, 11906.441400876953, 12515.671385747326], "[2, 3]": [12495.325979648178, 0, 12438.77713075744, 12432.162399525616], "[2, 2]": [12460.966454517253, 12608.347424598567, 688.5871031203872, -600], "[1, 36]": [12774.728500367262, 12367.081855199058, 12372.919651786722, 0], "[7, 15]": [12481.1516458178, 12446.711782083414, 0, 12222.923885613362], "[7, 0]": [11954.707878799332, 12087.952990853477, 12082.053227412634, 0], "[6, 1]": [12308.200442295889, 12312.320667741918, 0, 12430.380300346222], "[6, 3]": [12302.061538922304, 0, 12378.354426895987, 12671.91056043318], "[7, 18]": [0, 12450.697140717091, 12437.599276525363, 12986.946622748928], "[1, 39]": [12428.619188587742, 0, 12460.973242827462, 12637.28690904512], "[3, 30]": [12513.764702734163, 11835.190094225525, 0, 12516.202784323317], "[3, 4]": [10938.522044052306, -600, 11789.317562225699, -600], "[4, 2]": [12167.769097580896, 12340.325006317971, -600, -600], "[2, 9]": [-600, 12519.325750884665, -600, 10966.380481906695], "[3, 0]": [12700.211449555038, 12895.99006652262, 12700.555475113542, 0], "[6, 4]": [10760.988218542014, -600, 12220.701035918592, -600], "[6, 0]": [12408.52552785047, 12091.457428493439, 12078.287170211283, 0], "[6, 7]": [0, 12596.264431361298, 12871.798220377656, 12675.033900630224], "[7, 7]": [0, 12462.150259678023, 12428.215071068984, 12883.667073837192], "[0, 9]": [-600, 9254.545157765657, -600, 12360.763613032233], "[7, 4]": [10205.56129538413, -600, 12021.371148436072, -600], "[7, 16]": [12538.601053537146, 0, 12223.760952756364, 12691.833724366285], "[6, 9]": [-600, 12396.100102488486, 908.0708335410325, 11458.7428110484], "[1, 1]": [12697.632560832562, 12299.396751620843, 0, 12405.753477437092], "[2, 5]": [12294.358911878644, 1955.413601037829, -600, 12328.858758458104], "[6, 11]": [-600, -600, 12702.404067052712, 11343.826408684601], "[7, 11]": [-600, -600, 12327.262125336943, 12813.239567580258], "[7, 3]": [12250.739517531794, 0, 11839.873094887163, 12779.358635939574], "[4, 11]": [-600, -600, 12205.468927102846, 12089.769219881313], "[5, 4]": [12389.51143881461, 2561.3578876526385, 12400.604391756677, -600], "[0, 11]": [-600, -600, 12191.307467210028, 11134.315791951447], "[0, 13]": [-600, -600, -600, 11436.84837535624], "[1, 5]": [12645.913481944348, -600, -600, 12443.89571413864], "[7, 1]": [12518.581222692974, 12430.58854566805, 0, 12634.936966694899], "[4, 4]": [10567.361795255461, -600, 11111.769129795735, -600], "[3, 8]": [-600, 12782.970651376276, 12665.536508511528, -600], "[2, 8]": [-600, 12227.218794989349, 12239.923213887587, -600], "[5, 22]": [12245.621091883446, 12234.606338582895, 11671.095684662088, 0], "[5, 11]": [675.6698662473309, -600, 12856.2184904438, 12756.185148010158], "[7, 8]": [-600, 11940.795418663327, 10565.72893179836, -600], "[2, 10]": [-600, 12251.176013123928, 784.4744364121816, -600], "[5, 10]": [-600, 11924.757229308027, -600, -600], "[6, 5]": [12158.743960398153, -600, -600, 12358.067524877792], "[4, 10]": [-600, 12083.987624494754, -600, -600], "[5, 23]": [12312.144456853093, 0, 12762.673251897686, 12253.55690062919], "[3, 32]": [0, 12003.19363001515, 12579.501603108904, 11905.941649025908], "[4, 5]": [12217.831479660383, -600, -600, 11782.84059626447], "[5, 7]": [0, 12714.2852503473, 12894.170041084059, 12624.012566997642], "[6, 2]": [12114.076512531126, 11977.377377478224, -600, -600], "[5, 3]": [12767.120651997822, 0, 12913.944563683976, 12692.377841916625], "[4, 8]": [-600, 12344.56346759948, 10876.216038795943, -600], "[7, 13]": [-600, -600, -600, 10744.435516719986], "[5, 25]": [0, 12767.117336953512, 12896.479087106647, 12731.159549928281], "[2, 6]": [10490.541824365391, -600, -600, -600], "[2, 11]": [-600, -600, 12238.950162469187, 12419.362647448277], "[4, 12]": [-600, -600, 11651.321301752037, -600], "[0, 8]": [-600, 11900.531895071512, 11292.740958915718, -600], "[1, 2]": [12630.888091983796, 11663.87600138517, -600, -600], "[0, 6]": [10100.128874217573, -600, -600, -600], "[3, 9]": [-600, 12504.201676359407, 0, 11272.313117604437], "[3, 11]": [-600, -600, 11146.455902665773, 11710.532887686835], "[6, 13]": [-600, -600, -600, 11183.847865870386], "[7, 5]": [12470.685663008033, -600, -600, 12731.086137682933], "[1, 37]": [12759.382167321668, 12497.781811725463, 0, 12566.923516759627], "[7, 2]": [12503.775929517386, 12469.540463541909, -600, -600], "[5, 24]": [10989.820133525547, 5595.463309470702, 12347.296893348783, -600], "[5, 2]": [12028.628641763024, 11811.169104733728, -600, -600], "[4, 6]": [11488.38838912157, 794.3389688280768, -600, -600], "[5, 5]": [11974.011664349213, -600, -600, 12078.665409208654], "[4, 13]": [-600, -600, -600, 9818.337015884234], "[7, 9]": [-600, 11789.44629605306, -600, 10641.9541031646], "[3, 33]": [-600, 12731.960196179432, 12732.76920755328, -600], "[3, 5]": [12530.72859046527, -600, -600, 12552.06793950944], "[7, 20]": [-600, -600, 12160.177402835383, 12895.421537501768], "[1, 8]": [-600, 12066.855136139635, 11843.998305807118, -600], "[7, 17]": [12954.970687351703, -600, -600, 12960.625729179288], "[3, 34]": [-600, 9457.850268937776, -600, 10754.875478217347], "[3, 12]": [-600, -600, 11554.54502812612, -600], "[5, 26]": [-600, 12156.742055527535, 12936.74215073769, -600], "[1, 11]": [-600, -600, 12167.308284912897, 12095.411790443275], "[1, 40]": [12033.873751431101, 0, 11662.710745592703, -600], "[3, 31]": [12601.415571719637, 12801.305765003923, -600, -600], "[1, 38]": [12634.188974720668, 12501.17055216473, -600, -600], "[1, 4]": [12808.420418282485, -600, 11797.251301434175, -600], "[7, 19]": [-600, 11899.523363559932, 5581.191270647811, 10599.604108596595], "[1, 10]": [-600, 11511.192300891758, -600, -600], "[0, 12]": [-600, -600, 10081.157193247633, -600], "[7, 12]": [-600, -600, 12020.260330688421, -600],