{"[5, 1]": [253.20543888892382, 400.6953045322443, -600, 3875.6744577775694], "[6, 0]": [2901.0758300554376, 2855.85717911974, 4114.713405675094, -600], "[6, 7]": [-600, 3747.0882111477977, 3888.367054404827, 4283.695574551463], "[6, 1]": [2725.00337000545, 2613.897008093717, -600, 4163.0443811598725], "[6, 3]": [3734.3756453890865, -600, 4278.295258969399, 3905.861448986724], "[6, 9]": [-600, 759.9079207730957, -600, 3950.543487108064], "[6, 8]": [-600, 1933.9319689359872, 4149.132073052257, -600], "[4, 9]": [-600, 3814.9218939639795, -595.3653565586961, 624.1958911922425], "[4, 8]": [-600, 4277.886519998436, 3661.6312271006036, -600], "[4, 7]": [-600, 4300.4874325541, 3911.077543469732, 3746.254258986362], "[4, 0]": [3766.2651958824354, 3921.1884589183956, 4296.11732710075, -600], "[4, 11]": [-600, -600, 4104.853715012544, 1987.2656820803818], "[7, 7]": [-600, 2113.0700040702964, 2348.3686257422028, 4451.3112561538355], "[7, 3]": [3833.3849992271766, -600, 3732.264516598364, 4493.495295032939], "[0, 7]": [-600, 2751.124152559534, 2767.4467948778406, 4134.450828195255], "[0, 3]": [4239.135046275924, -600, 3642.9041368507746, 3855.125083569562], "[0, 1]": [3859.303442677073, 3702.453115798642, -600, 4228.494469287947], "[0, 0]": [4061.7074149509153, 2764.222147037149, 2796.753765893397, -600], "[7, 1]": [2460.938583976425, 2078.3394101268736, -600, 4456.826053483375], "[7, 0]": [3963.7039171466495, 303.08609470092824, 436.6407297838378, -600], "[5, 3]": [1774.47122705898, -600, 4477.778652785286, 2391.1888179979255], "[4, 3]": [2657.6031859819545, -600, 4179.832355042029, 2782.3921988337015], "[4, 1]": [2597.0559657515123, 4126.1119775575835, -600, 2546.013710104422], "[5, 0]": [2085.6204470089137, 2437.3205209878865, 4479.3236925076035, -600], "[5, 7]": [-600, 3823.3396731445114, 4502.329234543013, 3890.1858023592354], "[2, 3]": [4145.6221919644595, -600, 2561.418828163147, 2726.811514890596], "[2, 7]": [-600, 4135.812319930536, 2843.695920409319, 2863.564495609981], "[2, 1]": [3868.4607115534827, 4248.556421230294, -600, 3690.7673468207904], "[2, 0]": [4253.7720111277795, 3872.3965941047695, 3689.844457661399, -600], "[1, 0]": [4403.008725650066, 2342.7015752802395, 2018.334728240891, -600], "[1, 7]": [-600, 439.8586662045348, 328.7680401632764, 3945.5747071953683], "[1, 3]": [4408.520603323508, -600, 1859.760094602026, 2233.5339817767654], "[2, 4]": [3945.9111636402586, -600, 706.5812944010323, -600], "[2, 8]": [-600, 4117.785712094295, 2082.2255271737527, -600], "[2, 9]": [-594.5721930369361, 3105.285398550066, -600, 181.71928933093815], "[2, 2]": [4237.992019931549, 3606.4736024704976, -600, -600], "[1, 1]": [4461.109461214511, 3674.2601114027348, -600, 3735.515660494844], "[3, 1]": [2392.6395886427135, 4442.783959877585, -600, 1771.7491439800997], "[3, 3]": [361.17665005530165, -600, 3854.423601218179, 226.544803587833], "[3, 7]": [-600, 4438.0951406501845, 2320.8519177392445, 1800.3760687529052], "[0, 4]": [3210.115840879995, -600, 264.6152311724925, -600], "[0, 11]": [-600, -600, 1710.7677167753654, 4027.129457708669], "[5, 11]": [-600, -600, 4458.117964917233, 1895.898146326601], "[6, 4]": [270.2087418316668, -600, 3709.181153036065, -600], "[3, 32]": [0, 4495.67309061246, 816.0137980474877, 655.6935474022855], "[5, 23]": [587.9648151984809, 0, 4534.194563000961, 845.3915760030305], "[3, 29]": [3144.230480434704, 4539.05843539028, 3073.7822713450837, 0], "[1, 36]": [4497.495232265459, 828.8802305866237, 710.5722477024317, 0], "[4, 2]": [1673.8102334677112, 4124.120918816162, -595.1248247097489, -600], "[6, 11]": [-600, -600, 3621.6625005192504, 4271.451862354154], "[5, 8]": [-595.8278763631838, 2429.213761856704, 4447.264745882386, -600], "[5, 2]": [246.45049617711098, 3883.42066597238, -600, -600], "[4, 5]": [3835.4180596618266, -600, -600, 645.8377090289492], "[5, 25]": [0, 3228.1028698648192, 4584.544538544363, 3281.6687759620313], "[7, 18]": [0, 735.629305854196, 858.9707472726252, 4509.468850113081], "[3, 11]": [-600, -600, 3780.2512823384523, 183.04385887797727], "[2, 5]": [3936.0842589983768, -595.1270716089737, -600, 1629.8617920773947], "[0, 5]": [4204.476370919485, -600, -600, 3462.4908229782677], "[7, 5]": [1705.99219683763, -600, -600, 4420.942053014938], "[4, 4]": [698.9703352091747, -600, 4106.772661627765, -600], "[7, 4]": [22.885895765606246, -600, 2935.491808979647, -600], "[0, 13]": [-600, -600, -600, 4139.863375374729], "[6, 5]": [1707.975331945028, -600, -600, 4053.3630940776047], "[0, 9]": [-600, 132.51868343285585, -600, 2962.6631839455267], "[3, 8]": [-600, 4371.55761135703, 2096.3301977685655, -600], "[2, 10]": [-600, 4176.867665779599, -600, -600], "[3, 0]": [3820.215329476856, 4471.248377462098, 3765.6036647222368, -600], "[0, 2]": [4086.1400504664484, 1727.8591736802093, -600, -600], "[5, 4]": [158.27605061694211, -600, 4345.957729172792, -600], "[1, 5]": [4285.334630264074, -600, -600, 1377.7874396191132], "[1, 37]": [4522.491297805708, 2915.1499271542843, 0, 2946.598788459878], "[3, 33]": [-600, 4519.2630998489985, 600.705668172974, -600], "[5, 22]": [674.5730992676627, 878.6627059382516, 4540.894675131886, 0], "[0, 8]": [-600, 3910.53653218206, 1026.9270930380019, -600], "[5, 9]": [-600, 93.11036693907482, -595.1433706702958, 3496.278670533882], "[2, 13]": [-600, -600, -600, 3900.0483612377698], "[1, 2]": [4341.483118723483, 1835.4771069491617, -600, -600], "[3, 30]": [863.2361169172679, 4511.328750992997, 0, 594.165258079997], "[2, 11]": [-600, -600, 3952.9220841072524, 868.4944252620039], "[3, 5]": [3567.9901800285443, -600, -600, 164.08886299941807], "[0, 6]": [4076.8680960933207, -600, -600, -600], "[1, 39]": [4482.688858384876, 0, 634.2262476507818, 803.4404861710734], "[4, 10]": [-600, 4077.2208424213977, -600, -600], "[3, 2]": [1837.550279509592, 4429.265835269656, -600, -600], "[2, 6]": [3988.1949194365097, -600, -600, -600], "[3, 4]": [56.74250059258295, -600, 3426.394378320135, -600], "[1, 13]": [-600, -600, -600, 3784.7099527336236], "[1, 9]": [-600, 29.961981396438205, -600, 2095.9338237146476], "[5, 10]": [-600, 3842.019099614551, -600, -600], "[6, 12]": [-600, -600, 4198.996343359366, -600], "[7, 15]": [773.2565475942602, 659.5983387227745, 0, 4531.816257568826], "[7, 16]": [3143.868699225927, 0, 3033.8726397991727, 4561.552647226563], "[6, 2]": [904.8431355214541, 3972.9996066883145, -600, -600], "[5, 27]": [-600, -595.4175401680527, 4467.512869182061, 401.25855900327167], "[5, 5]": [127.23704285534879, -600, -600, 3579.4040129056084], "[4, 12]": [-600, -600, 4213.127582199561, -600], "[3, 9]": [-600, 4237.320469482522, -600, 134.83724360296904], "[7, 2]": [3934.7034125684972, 329.98295626384856, -600, -600], "[7, 9]": [-600, 251.34800377650944, -600, 4271.321319066489], "[2, 12]": [-600, -600, 3977.388874130372, -600], "[6, 13]": [-600, -600, -600, 4066.6523657831867], "[4, 6]": [3815.3200751974214, -600, -600, -600], "[7, 11]": [-600, -600, 2018.6192299422687, 4376.093032621562], "[1, 4]": [4163.166996345725, -600, 231.05102772107423, -600], "[1, 10]": [-600, 3765.9448374179083, -600, -600], "[3, 34]": [-600, 3707.097760792325, 0, 46.46861120058431], "[1, 38]": [4464.050317224986, 548.7090127822595, -600, -600], "[1, 8]": [-600, 3878.1007055060795, 327.88927533216525, -600], "[1, 11]": [-600, -600, 177.8472449940262, 3851.3501837006033], "[0, 12]": [-600, -600, 3972.913335409253, -600], "[6, 6]": [4009.835759925513, -600, -600, -600], "[7, 20]": [-600, -600, 598.2187255520913, 4494.4413738679295], "[0, 10]": [-600, 3859.6857062727486, -600, -600], "[5, 12]": [-600, -600, 4407.245220584805, -600], "[5, 26]": [-600, 766.2979720979238, 4531.711406957708, -600], "[4, 13]": [-600, -600, -600, 3966.3989552137764], "[7, 8]": [-600, 447.5809175633745, 3900.0796124019344, -600], "[1, 40]": [3524.035997272497, -600, 62.26767492172687, -600], "[6, 10]": [-600, 3984.756533361626, -600, -600], "[7, 19]": [-600, 74.13403928521872, 0, 3771.372216248355],