{"[5, 1]": [-0.7528451514219496, 21.767020983628445, -600, 303.5791036641668], "[6, 0]": [223.16701542732176, 269.710053765177, 723.0343848666907, -600], "[6, 7]": [-600, 490.34175745797234, 608.204277228744, 807.0003659895484], "[6, 1]": [253.02669176394065, 206.97290791163982, -600, 725.2027240696385], "[6, 3]": [483.5880296326327, -600, 804.1316297298466, 608.0187949653887], "[6, 9]": [-600, 22.243576953321018, -600, 534.8797871017584], "[6, 8]": [-600, 130.2493765412929, 682.762564301167, -600], "[4, 9]": [-600, 536.1001772916443, -600, 27.97575295395015], "[4, 8]": [-600, 816.5475378048739, 469.23763277953645, -600], "[4, 7]": [-600, 845.6005847862369, 630.3911463868867, 498.6010346974406], "[4, 0]": [495.7677868890196, 633.4055923153722, 843.5440158215102, -600], "[4, 11]": [-600, -600, 700.0502085964704, 141.60052565788592], "[7, 7]": [-600, 48.8354609235084, 175.83609694232067, 971.1269632612505], "[7, 3]": [523.5705843538301, -600, 499.7415080872869, 1048.3430995129397], "[0, 7]": [-600, 201.4827036761763, 244.35246959928918, 691.919637740783], "[0, 3]": [754.3256804315341, -600, 443.14142582107576, 564.8743294732427], "[0, 1]": [578.2331198091864, 454.8531446548622, -600, 747.2912790825641], "[0, 0]": [662.4841494929277, 237.01327710001289, 201.81197000823929, -600], "[7, 1]": [182.33691820352092, 50.93753202190837, -600, 991.6618234628934], "[7, 0]": [350.9658866753949, -0.31283017706809185, 18.940318368934037, -600], "[5, 3]": [38.36423104660947, -600, 1016.1259464150786, 179.70845813641552], "[4, 3]": [205.87195592843992, -600, 767.2954842100015, 252.3007940032306], "[4, 1]": [233.09113194993122, 756.3478166673511, -600, 197.88679562076808], "[5, 0]": [55.79134213448707, 174.6822138409846, 1023.5424067675442, -600], "[5, 7]": [-600, 548.7057329693554, 1073.8923936754218, 588.1148767128116], "[2, 3]": [708.0204913059106, -600, 198.12531895237063, 233.65950788515696], "[2, 7]": [-600, 711.4888996562437, 268.2023347508813, 224.11202525183532], "[2, 1]": [598.0965271437074, 783.4572429040622, -600, 464.5725586910488], "[2, 0]": [780.4155667630332, 580.8627403146229, 471.1270110008537, -600], "[1, 0]": [959.1729967366834, 160.38877827323557, 48.08539555426291, -600], "[1, 7]": [-600, 21.015001892040594, -2.7069366529358962, 330.9011300460131], "[1, 3]": [953.7966040871781, -600, 35.33164079397839, 169.97245761403312], "[2, 4]": [519.991589822879, -600, 19.804812716297757, -600], "[2, 8]": [-600, 665.0123670377862, 133.62419880929204, -600], "[2, 9]": [-600, 202.90867338665475, -600, 3.773124256277449], "[2, 2]": [763.4906767913747, 436.1412259745801, -600, -600], "[1, 1]": [1042.1889089403483, 444.2313593901186, -600, 498.51755080209], "[3, 1]": [190.6369723754162, 1005.9815972245585, -600, 39.59979417166764], "[3, 3]": [16.083483449390624, -600, 293.9655826246374, -2.1198287177294777], "[3, 7]": [-600, 987.46204781477, 169.35517416979562, 32.59308079162528], "[0, 4]": [175.93428683229058, -600, 10.098485862376492, -600], "[0, 11]": [-600, -600, 95.63130118657085, 604.5042274171973], "[5, 11]": [-600, -598.723412298083, 990.7930327711019, 132.84410169487487], "[6, 4]": [4.9620094569565385, -600, 225.18102520325263, -600], "[3, 32]": [0, 902.3637168250744, 46.40513329794237, 9.44600934242979], "[5, 23]": [11.232244736642013, 0, 925.6119170155017, 53.08221973164128], "[3, 29]": [281.27783396167655, 1110.9270034125825, 264.2145364158415, 0], "[1, 36]": [904.4889671495474, 51.24931140345305, 13.126908994800594, 0], "[4, 2]": [116.9311037814352, 709.208509644065, -598.5925934879969, -600], "[6, 11]": [-600, -600, 444.98389034544493, 783.6268386743798], "[5, 8]": [-600, 169.15573701302432, 975.3937576595765, -600], "[5, 2]": [2.60072119521232, 275.50636016215145, -600, -600], "[4, 5]": [375.3720991141308, -600, -600, 36.320416287623], "[5, 25]": [0, 294.12674884276146, 1129.35040398294, 316.7611143914943], "[7, 18]": [0, 17.00579932922719, 48.99056022312438, 907.1574344018103], "[3, 11]": [-600, -600, 207.56744632088177, 0.7643917244316785], "[2, 5]": [639.4822048004268, -600, -600, 109.67037283989993], "[0, 5]": [730.9617213218305, -600, -600, 382.66947531151175], "[7, 5]": [112.5725652163476, -600, -600, 929.6631663527253], "[4, 4]": [28.197893996109567, -600, 573.844722594788, -600], "[7, 4]": [-1.2844499602168569, -600, 16.138342126754637, -600], "[0, 13]": [-600, -600, -600, 591.4427338915559], "[6, 5]": [124.87078647295148, -600, -600, 659.4138210511475], "[0, 9]": [-600, -2.310046257315973, -600, 168.89973385232867], "[3, 8]": [-600, 863.4559175715573, 138.85740201454962, -600], "[2, 10]": [-600, 620.0640507842697, -600, -600], "[3, 0]": [551.1224483065756, 1059.562854174332, 509.63639150339225, -600], "[0, 2]": [617.9421561894821, 101.97470896694172, -600, -600], "[5, 4]": [0.41357543006388336, -600, 450.6411909855201, -600], "[1, 5]": [837.2615000752187, -600, -600, 86.96391338824793], "[1, 37]": [1104.0933559191471, 239.69334524675497, 0, 249.46645047174292], "[3, 33]": [-600, 849.2948051336532, 30.91291122658661, -600], "[5, 22]": [15.048242650121377, 72.91416863336967, 933.9164921147371, 0], "[0, 8]": [-600, 410.2123106652554, 40.47174748306527, -600], "[5, 9]": [-600, 1.961684155864535, -600, 70.52349161315365], "[2, 13]": [-596.8042169836335, -600, -600, 222.94396699228943], "[1, 2]": [826.5492624759305, 124.13878317481635, -600, -600], "[3, 30]": [56.068979313582176, 913.6996843245296, 0, 11.557791233930567], "[2, 11]": [-598.7683147706872, -600, 431.69906909975145, 44.07515566964999], "[3, 5]": [209.04299567640913, -598.5222088493266, -600, 1.5691577262362157], "[0, 6]": [461.2124314664184, -600, -600, -600], "[1, 39]": [899.3006029445883, 0, 9.308888297233134, 46.91755526145162], "[4, 10]": [-600, 520.4012249971968, -600, -600], "[3, 2]": [122.65594915939069, 964.4987780300828, -600, -600], "[2, 6]": [458.82013211947094, -600, -600, -600], "[3, 4]": [2.2357363637195875, -600, 61.313864756762996, -600], "[1, 13]": [-600, -600, -600, 112.55539436412604], "[1, 9]": [-600, 0.42152497737630973, -600, 14.072185296895086], "[5, 10]": [-600, 123.85745318878973, -600, -600], "[6, 12]": [-600, -600, 638.0105360696609, -598.6245205201717], "[7, 15]": [52.33776517450835, 12.340015641675985, 0, 911.4467459768609], "[7, 16]": [264.9278113812099, 0, 252.30876339396676, 1104.5465338415145], "[6, 2]": [42.53451398546028, 446.5804471807354, -600, -600], "[5, 27]": [-599.2294863048318, -600, 743.22208684228, 20.607041673580316], "[5, 5]": [1.4550976232219197, -600, -600, 196.62200868447178], "[4, 12]": [-600, -598.5894819965248, 678.6127162063015, -600], "[3, 9]": [-600, 412.3051379987949, -598.8812796869537, -0.014872179140378704], "[7, 2]": [274.1286483180637, 5.6716582159411075, -600, -600], "[7, 9]": [-600, 0.9655118495222182, -600, 422.00944594708363], "[2, 12]": [-600, -600, 281.249468164766, -600], "[6, 13]": [-600, -600, -600, 468.5004842253512], "[4, 6]": [190.24436797764736, -600, -600, -600], "[7, 11]": [-600, -600, 132.0999375448532, 844.3519930996083], "[1, 4]": [368.53042839797564, -600, 1.0036659914074937, -600], "[1, 10]": [-600, 105.81760785612612, -600, -600], "[3, 34]": [-600, 243.25926013464843, 0, 0.2991990845582694], "[1, 38]": [785.1489665255597, 29.80314993957824, -600, -600], "[1, 8]": [-600, 272.2930970565025, 4.514438201068257, -600], "[1, 11]": [-600, -600, 2.6681079084240915, 212.11384256774667], "[0, 12]": [-600, -600, 233.88947805301862, -600], "[6, 6]": [265.03339415866725, -600, -600, -600], "[7, 20]": [-600, -599.1913254650236, 29.373274736302694, 823.1183620518995], "[0, 10]": [-600, 187.72750650633088, -600, -600], "[5, 12]": [-600, -600, 515.1775052596824, -600], "[5, 26]": [-600, 31.854299880177344, 905.4754675554693, -600], "[4, 13]": [-600, -600, -600, 267.4724595585983], "[7, 8]": [-600, 6.154166153660524, 299.22476428700384, -600], "[1, 40]": [208.56297626231222, 0, 0.3755033574668451, -600], "[6, 10]": [-600, 247.48866238536684, -600, -600], "[7, 19]": [-600, 0.3900947849174493, 0, 253.0162258319372],