{"[6, 7]": [0, 88.36548293075727, 209.89403712180632, 165.56130684307772], "[6, 0]": [-8.654191283294303, -15.41884388864564, 202.06223338166294, -4000], "[7, 7]": [0, 30.065441373610764, 52.81462900953563, 301.96260064689665], "[7, 3]": [100.00082479856644, 0, 63.746130183044, 373.51366648585673], "[7, 16]": [83.38509362401992, 0, 60.384346161633445, 534.793240960269], "[6, 1]": [59.55834950832119, 47.38326721333122, -4000, 229.39563203184318], "[5, 23]": [89.08090641515585, 0, 534.8838719706787, 147.467633087622], "[5, 1]": [-153.36167241083865, -62.853155518086076, -4000, 94.28327944366376], "[4, 3]": [7.547254913326396, -4000, 173.2270195993316, -45.79268462154181], "[4, 1]": [-1.8814105487650714, 159.1639137647722, -4000, -23.391977648914594], "[5, 0]": [-14.128209218451243, 92.6249825399335, 229.16017884187102, 0], "[5, 7]": [0, 143.14403843675098, 262.66113793184286, 122.5618168567572], "[6, 3]": [82.03651891736192, 0, 113.77038407202475, 210.81358026839223], "[5, 3]": [-22.11203625148829, 0, 278.99720416878694, 65.48584129935169], "[4, 0]": [64.62091480493065, 15.238006418026359, 192.77513046508756, 0], "[4, 7]": [0, 146.90341346460275, 238.1716664274558, 137.27445253473763], "[4, 9]": [-4000, -570.6207230530943, -4000, -28.47032893372422], "[4, 8]": [-4000, 131.9674698276648, 148.36234351243652, -4000], "[2, 1]": [149.91094678132197, 126.07108867009792, 0, 27.133205636704105], "[2, 3]": [-92.72602079371046, -4000, 33.682203572816945, -4.67837098109702], "[2, 4]": [-723.9531911063931, -4000, -48.809461664109065, -4000], "[2, 0]": [131.38877622525465, 198.87941230649878, 70.95048767541297, 0], "[2, 9]": [-4000, -786.7255805855457, -4000, 69.59311187061604], "[2, 5]": [74.91815577035949, -4000, -4000, -98.98115225514819], "[2, 10]": [-4000, 81.59986805995634, -4000, -4000], "[3, 32]": [0, 551.9718579234964, 79.35902361463627, 38.309021376665235], "[7, 11]": [-4000, -4000, 15.526201787793216, 238.52761686154182], "[6, 5]": [-38.02025692137692, -4000, -4000, 75.28802812897572], "[6, 2]": [-324.0673219742218, -27.89460472666633, -4000, -4000], "[7, 8]": [-4000, -89.46259085316235, 38.834643592910005, -4000], "[7, 0]": [-44.50473453343397, -29.708532746298232, -59.73704228962322, -4000], "[6, 4]": [-40.165568647585374, -4000, -538.1108816028468, -4000], "[2, 7]": [-4000, -24.36916151982669, 41.8118625618857, 10.519281392542235], "[3, 1]": [50.29524136961969, 257.34311823387543, 0, -48.49431620699477], "[3, 3]": [-27.870115700481087, -4000, 72.42166917695221, -31.069072038187866], "[6, 9]": [-4000, -276.7943187510518, -4000, 138.09896929847244], "[6, 11]": [-4000, -4000, -43.38584431248074, 160.37219824268823], "[7, 18]": [0, 65.45230013644134, 107.14678244490571, 528.5832608711701], "[0, 7]": [-4000, -25.684205386719555, 22.04098560124803, 96.08382288344606], "[0, 3]": [160.95595048151682, -4000, 59.39092111306658, 119.38148321336729], "[0, 1]": [208.0583994530261, -13.186897913881772, 0, 123.21972161684322], "[1, 39]": [518.5173554525727, 0, 45.40604806409408, 144.08096085028944], "[5, 25]": [0, 112.2677123792686, 500.2067232091047, 104.86915136110413], "[0, 8]": [-4000, -48.38398139697871, 31.401093708323213, -4000], "[0, 0]": [172.3593953124429, -51.56242923765821, -35.353790175055934, -4000], "[0, 9]": [-4000, 16.97759995862045, -4000, -613.5906444364249], "[0, 2]": [52.41399782789373, -114.50257108683084, -4000, -4000], "[7, 15]": [110.10734476383622, 74.86284064617242, 0, 562.501864929479], "[6, 8]": [-4000, -167.29691689536017, 117.58382739608791, -4000], "[1, 3]": [217.66295584123185, 0, 20.487128941903116, 25.755637747689335], "[2, 8]": [-4000, -338.99271186328383, 42.00292562433394, -4000], "[3, 7]": [-4000, 331.48112049735005, 81.09601838255298, 12.0119633724094], "[4, 4]": [-887.3593400472344, -4000, 133.78517277789047, -4000], "[3, 2]": [97.74696868060605, -49.80913549523889, -4000, -4000], "[3, 0]": [107.14146261671823, 339.7736994522338, 69.43481643249639, 0], "[3, 30]": [130.23292906299224, 551.8251556149535, 0, 103.12406445277695], "[2, 11]": [-4000, -4000, 30.79215439809721, -275.9828633598134], "[2, 2]": [85.98071493061813, -69.14347353573564, -4000, -4000], "[7, 1]": [64.80219027756733, 13.085921003883566, -4000, 303.67469253457085], "[0, 5]": [135.4125496044826, -4000, -4000, -88.75490958685229], "[1, 0]": [283.88202665339907, 76.21929911305403, 18.94424481543248, 0], "[1, 1]": [332.37724145888416, 81.93649266962477, 0, 36.5837652516811], "[3, 9]": [-4000, 307.58523965078655, -4000, 68.91168539615828], "[3, 33]": [-4000, 543.8560087802058, 148.8780846176066, -4000], "[1, 7]": [-4000, -29.419638881573064, -37.55431900686923, 47.09278758273394], "[1, 2]": [270.0147639100802, 57.90960984905964, -4000, -4000], "[1, 37]": [583.1312030381613, 80.00120753566458, 0, 68.08434871533768], "[0, 4]": [-905.3743146901425, -4000, -498.3640916150847, -4000], "[0, 11]": [-4000, -4000, -182.0367364844907, 108.36486541671972], "[3, 8]": [-4000, 310.0273378586718, 100.22259405841439, -4000], "[5, 11]": [-4000, -3595.537495813572, 250.01205350626677, 58.445271413653785], "[5, 22]": [72.17477268024336, 93.95958765083266, 508.91324277660306, 0], "[3, 29]": [110.2624905025476, 568.572904789119, 76.53678459703656, 0], "[1, 36]": [547.4931181551483, 80.52271673690944, 60.17196206852924, 0], "[7, 5]": [-2.5595150371212965, -4000, -4000, 255.35912620251216], "[4, 2]": [99.30430216137482, -128.25289476917982, -4000, -4000], "[3, 5]": [27.483153330758903, -4000, -4000, -57.720053275989], "[4, 13]": [-4000, -4000, -4000, -270.7426299046963], "[4, 11]": [-4000, -4000, 119.72460332962952, -238.08225270156996], "[7, 9]": [-4000, -367.89031106848273, -3603.3633846428497, 261.3899671074206], "[7, 4]": [-56.80981118105607, -4000, -678.0398992039592, -4000], "[6, 13]": [-4000, -4000, -4000, -751.6320254179518], "[1, 8]": [-4000, 71.51183996426201, -288.3214199658993, -4000], "[5, 9]": [-4000, -933.0742507724067, -4000, -92.35880902530704], "[5, 4]": [-402.95704637480327, -4000, 288.67335032653557, -4000], "[3, 31]": [189.5497728291752, 522.3761855807562, -4000, -4000], "[2, 12]": [-4000, -3623.275440274149, -909.3722136718775, -4000], "[1, 4]": [-60.034293289808296, -4000, -550.115539899018, -4000], "[1, 10]": [-4000, 38.14177760705804, -4000, -4000], "[1, 41]": [442.85518450282103, -3214.3507660793794, -4000, 164.92700994494766], "[0, 6]": [-393.09015472634644, -4000, -4000, -4000], "[1, 9]": [-4000, 18.234698434769914, -4000, -1097.4807214946297], "[4, 10]": [-4000, 145.87469981779088, -4000, -4000], "[3, 11]": [-4000, -4000, 32.22823965151867, -86.96421274744534], "[7, 2]": [-82.4876848508394, -13.405372766282031, -4000, -4000], "[2, 6]": [-45.626932023637174, -4000, -4000, -4000], "[6, 10]": [-4000, -234.9314519582137, -4000, -4000], "[1, 40]": [405.45640619473033, 0, -114.39324863540352, -4000], "[5, 8]": [-4000, 73.32398741064021, 284.62508660363596, -4000], "[6, 12]": [-4000, -4000, -1816.6034816735428, -4000], "[3, 4]": [-753.6995673907466, -4000, 32.32901259476391, -4000], "[5, 2]": [12.734030199780886, -284.07043274859785, -4000, -4000], "[4, 5]": [57.74662970216369, -4000, -4000, -285.62422304878896], "[5, 5]": [1.5247600241538155, -4000, -4000, -161.54085915659644], "[0, 13]": [-4000, -4000, -4000, -234.307197049165], "[1, 5]": [311.0902667111699, -4000, -3602.684737539517, 76.60155326328751], "[7, 20]": [-4000, -4000, 126.18787042402778, 432.3409090560896], "[5, 13]": [-4000, -4000, -4000, -60.73446678860064], "[1, 38]": [450.5872061554124, 112.63323077715151, -4000, -4000], "[0, 12]": [-4000, -4000, -812.7750441162922, -4000], "[4, 12]": [-4000, -4000, -193.25569609014596, -4000], "[1, 6]": [215.78570815629968, -4000, -4000, -3595.931599940126], "[0, 10]": [-4000, -244.5040986125759, -4000, -4000], "[6, 6]": [-188.73825024650768, -4000, -4000, -4000], "[4, 6]": [-617.3996289784837, -4000, -4000, -4000], "[1, 11]": [-4000, -4000, 41.199183694913785, -172.64956129590288], "[3, 10]": [-4000, 204.43345745536573, -4000, -4000],