{"[3, 1]": [0, -0.005, 0, -0.005], "[3, 3]": [-0.009995, 0, 0, -0.029925099925029997], "[4, 1]": [-0.024950049975005002, -0.014985005000000001, 0, -0.03986027965027987], "[4, 3]": [-0.03489517482510497, 0, -0.009995, -0.029925099925029997], "[4, 7]": [0, -0.014985005000000001, -0.009995, -0.014985005000000001], "[4, 0]": [-0.014985005000000001, -0.019970019995, -0.024950049975005002, 0], "[3, 7]": [0, -0.005, -0.005, -0.005], "[3, 0]": [-0.005, -0.005, -0.005, 0], "[4, 4]": [0, 0, -0.009995, -600], "[2, 3]": [0, 0, -0.009995, -0.009995], "[2, 7]": [0, -0.014985005000000001, 0, -0.009995], "[2, 4]": [0, 0, -0.005, 0], "[2, 8]": [0, 0, -0.009995, -600], "[4, 8]": [0, -0.009995, 0, 0], "[5, 0]": [0, -0.005, 0, 0], "[6, 0]": [-0.005, 0, 0, 0], "[6, 1]": [0, 0, 0, -0.005], "[5, 3]": [0, 0, 0, -0.005], "[4, 9]": [-600, 0, 0, -0.009995], "[3, 29]": [-0.005, 0, 0, 0], "[4, 11]": [0, 0, -0.009995, -0.024950049975005002], "[2, 0]": [-0.005, -5, -0.005, 0]}