{"[2, 1]": [311.83712991794135, 316.71323830892226, 0, 358.1216388042103], "[2, 4]": [377.5432390111784, -600, 0, -600], "[3, 2]": [336.1030905192299, 233.8595987219295, -600, -600], "[2, 0]": [0, 227.18607223665956, 0, 0], "[1, 0]": [0, 35.20617112161346, 69.71674175404434, 0], "[1, 7]": [0, 17.76628111702459, 0, 0], "[1, 9]": [-600, 271.129215630953, -600, 368.2867190960029], "[0, 2]": [14.969505001941696, 0, -600, -600], "[5, 0]": [0, 0, 242.68801507889043, 0], "[5, 1]": [416.53462723484574, 386.2580749806641, 0, 0], "[5, 9]": [-600, 336.21930818717783, -600, 432.49375459061633], "[6, 8]": [-600, 7.628121922184336, 0, -600], "[4, 7]": [0, 395.1974284076533, 458.12714184100844, 0], "[4, 3]": [394.54381896985853, 0, 444.8769347014907, 0], "[4, 0]": [0, 388.81633381572516, 0, 0], "[3, 7]": [0, 341.7686328153486, 344.46126277152115, 393.48899375332877], "[3, 3]": [346.29848995951386, 0, 336.64718150112327, 393.5985567370782], "[2, 7]": [-600, 179.27207685437435, 0, 0], "[3, 1]": [188.3000288429138, 306.9533357649015, 0, 0], "[3, 29]": [419.10562614796675, 442.11730793965233, 439.1489173762703, 0], "[4, 1]": [175.25261658926127, 0, 0, 0], "[4, 9]": [-600, 161.50506243924679, -600, 0], "[5, 8]": [-600, 15.11977840449864, 0, -600], "[6, 12]": [-600, -600, 13.518675349864667, -600], "[0, 7]": [-600, 15.352906098241636, 0, 0], "[0, 4]": [-36.73962058143786, -600, 11.021854335377073, -600], "[0, 5]": [9.23210882410461, -600, -600, 0], "[0, 3]": [51.84961554420987, 0, 0, 0], "[0, 0]": [9.81772920162624, 0, 0, 0], "[0, 1]": [0.9986734567726714, 0, 0, 0], "[1, 3]": [501.53277020142747, 0, 443.9034177771231, 448.74257074743537], "[2, 3]": [335.22755949692936, 0, 0, 0], "[2, 2]": [383.3750821277363, 0, -600, -600], "[1, 36]": [534.5516362503683, 411.1158130930566, 0, 0], "[7, 15]": [430.63782225830147, 442.74030528647023, 0, 564.4115695472822], "[7, 0]": [11.788300116510092, 0, 0, 0], "[6, 1]": [0.6972885870039441, 0, 0, 0], "[6, 3]": [8.353296833678915, 0, 0, 0], "[7, 18]": [0, 391.7099424508615, 393.1111986238064, 670.0868530663512], "[1, 39]": [560.5422562348107, 0, 486.3026536041087, 507.9732679691558], "[3, 30]": [452.91644656805556, 536.470634321997, 0, 0], "[3, 4]": [397.084824964319, -600, 0, -600], "[4, 2]": [317.66764094740165, 407.2191822142021, -600, -600], "[2, 9]": [-600, 587.2365195621654, -600, 603.0516617215513], "[3, 0]": [176.67816421637207, 0, 0, 0], "[6, 4]": [-59.94, -600, 17.612912176015477, -600], "[6, 0]": [8.559887151667951, 0, 0, 0], "[6, 7]": [-600, 11.567850114524106, 0, 0], "[7, 7]": [0, 26.797769832293298, 28.94064372648769, 29.199296514186766], "[0, 9]": [-600, 0, -600, 48.707263221844194], "[7, 4]": [-33.0631106604975, -600, -46.72808747294091, -600], "[7, 16]": [543.9031973484631, 0, 555.9048987017885, 631.7144024809662], "[6, 9]": [-600, 7.032967086224706, -600, -26.612218300833725], "[1, 1]": [489.6050508257477, 390.10276790665927, 0, 429.9826833242973], "[2, 5]": [0, -600, -600, 374.37437514989637], "[6, 11]": [-600, -600, 0, 0], "[7, 11]": [-600, -600, 16.776617054951906, 0], "[7, 3]": [8.841104303348157, 0, 0, 0], "[4, 11]": [-600, -600, 448.7854622450364, 408.515894310494], "[5, 4]": [367.8363015713938, -600, 0, -600], "[0, 11]": [-600, -600, 0, 0], "[0, 13]": [-600, -600, -600, 17.539559045036007], "[1, 5]": [518.8827296426001, -600, -600, 427.95763218085085], "[7, 1]": [3.6818627704285736, 0, 0, 0], "[4, 4]": [-10.542613075717384, -600, 233.80278066801225, -600], "[3, 8]": [-600, 452.3702607577455, 0, -600], "[2, 8]": [-600, 198.52444359545996, 0, -600], "[5, 22]": [0, 397.5292052856733, 428.4026016352146, 0], "[5, 11]": [-600, -600, 154.29050000748862, 0], "[7, 8]": [-600, 14.77173076574074, 0, -600], "[2, 10]": [-600, 1188.16722911995, -600, -600], "[5, 10]": [-600, 99.73141520594974, -600, -600], "[6, 5]": [13.42241437813519, -600, -600, 0], "[4, 10]": [-600, 195.95836159855392, -600, -600], "[5, 23]": [850.1911471391888, 0, 858.4191105552287, 839.9139904589568], "[3, 32]": [0, 506.1428727925342, 427.46138645295935, 447.63654438687627], "[4, 5]": [196.28607034922368, -600, -600, 0], "[5, 7]": [-600, 12.952483122637135, 0, 0], "[6, 2]": [7.099871074939168, 0, -600, -600], "[5, 3]": [452.52522477192207, 0, 425.26847817958827, 426.91730861403505], "[4, 8]": [-600, 192.24644631715324, 0, -600], "[7, 13]": [-600, -600, -600, 194.20827021507654], "[5, 25]": [0, 422.42006765105333, 577.0452103179523, 424.14730447185684], "[2, 6]": [376.9861238614812, -600, -600, -600], "[2, 11]": [-600, -600, 499.38992177470317, 514.6194382973271], "[4, 12]": [-600, -600, 203.7028712831539, -600], "[0, 8]": [-600, 16.94868293377855, 0, -600], "[1, 2]": [736.8757708062816, 696.922660906528, -600, -600], "[0, 6]": [32.019679834265716, -600, -600, -600], "[3, 9]": [-600, 468.69871209995244, 0, 428.4117007155746], "[3, 11]": [-600, -600, 363.3415438211212, 374.5915669333947], "[6, 13]": [-600, -600, -600, 18.850511459097657], "[7, 5]": [11.37316599528082, -600, -600, 0], "[1, 37]": [519.6438517197399, 401.7145605801238, 0, 416.1364512001323], "[7, 2]": [8.249273968361573, 7.687643573321293, -600, -600], "[5, 24]": [5022.041718800844, -600, 5382.257084263735, -600], "[5, 2]": [0, 20.24337381996329, -600, -600], "[4, 6]": [390.73789138548153, -600, -600, -600], "[5, 5]": [921.8007820520218, 404.2901149059544, -600, 881.4573080317979], "[4, 13]": [-600, -600, -600, 560.8326087075236], "[7, 9]": [-600, 7.100278758935544, -600, 0], "[3, 33]": [-600, 489.307913174226, 0, -600], "[3, 5]": [2858.1544768262074, -600, -600, 2777.868143839926], "[7, 20]": [-600, -600, 395.02466732748786, 526.5466061272592], "[1, 8]": [-600, 343.69517844513564, 350.0373998232227, -600], "[7, 17]": [495.8219575517679, -600, -600, 583.3458829472792], "[3, 34]": [-600, 517.2146547808807, -600, 0], "[3, 12]": [-600, -600, 225.76590564645028, -600], "[5, 26]": [-600, 436.8831390922518, 546.1039872650155, -600], "[1, 11]": [-600, -600, 944.5705233238073, 946.2079371128793], "[1, 40]": [4048.6563237282053, 0, 4053.4787909132892, -600], "[3, 31]": [538.9024229703165, 668.2799159670672, -600, -600], "[1, 38]": [708.3303861299464, 671.2603030645607, -600, -600], "[1, 4]": [2118.300566086193, -600, 2000.3603054029763, -600], "[7, 19]": [-600, 451.11055128336466, -600, 640.9219357601604], "[1, 10]": [-600, 155.7805872711337, -600, -600], "[0, 12]": [-600, -600, 9.374290155314164, -600], "[7, 12]": [-600, -600, 10.085259111124243, -600], "[1, 6]": [6112.531716139321, -600, -600, -600], "[1, 41]": [902.3036247497636, -600, -600, 903.1978582938402], "[0, 10]": [-600, 1387.4531230490938, -600, -600], "[2, 13]": [-600, -600, -600, 366.34499694450636], "[5, 27]": [-600, -600, 1119.0336362669395, 1141.4014094623005], "[6, 10]": [-600, 19.208127593652883, -600, -600], "[2, 12]": [-600, -600, 489.7012668585973, -600], "[7, 6]": [21.071133710117966, -600, -600, -600], "[1, 13]": [-600, -600, -600, 381.0382003934552], "[2, 14]": [-600, -600, -600, -600], "[4, 14]": [-600, -600, -600, -600], "[6, 6]": [13.162418882349856, -600, -600, -600], "[5, 13]": [-600, -600, -600, 373.4102634410608], "[5, 28]": [-600, -600, 3501.5507639966936, -600], "[5, 12]": [-600, -600, 106.99144888829208, -600], "[3, 10]": [-600, 465.2295913025888, -600, -600], "[3, 13]": [-600, 892.6557417443867, -600, 1407.4079422001507], "[1, 42]": [2779.3390512279807, 1389.0945121585444, -600, -600], "[7, 21]": [-600, -600, -600, 672.3526338568515], "[3, 6]": [597.9032904451077, -600, -600, -600], "[1, 12]": [-600, 490.382251589313, 5731.340902962589, -600], "[3, 35]": [-600, 509.07472274853467, -600, -600], "[7, 10]": [-600, 17.26800604609731, -600, -600], "[5, 6]": [1886.2474014257225, -600, -600, -600], "[0, 14]": [-600, -600, -600, -600], "[5, 14]": [-600, -600, -600, -600], "[3, 14]": [-600, -600, -600, -600], "[1, 14]": [-600, -600, -600, -600], "[6, 14]": [-600, -600, -600, -600], "[7, 14]": [-600, -600, -600, -600]}