{"[4, 8]": [-600, 9374.709911321426, 8658.492862497586, -600], "[2, 7]": [0, 8959.534400320606, 8839.82392427423, 9342.982364186171], "[2, 3]": [9517.217112754746, 0, 8940.800017625812, 9185.574533988814], "[2, 1]": [9232.95669129628, 9674.64659881652, 0, 9302.198774079123], "[2, 0]": [9440.139751392706, 9720.810586822263, 9213.772406772458, 0], "[2, 9]": [-600, 6079.384796247071, -600, 7915.214192151689], "[2, 2]": [8948.778190794048, 9661.6920984334, -600, -600], "[2, 5]": [9163.070851717888, 435.3820622501228, -600, 9456.532054445703], "[1, 0]": [9730.598680389927, 9184.538754708261, 9239.480292553995, 0], "[1, 9]": [-600, 6949.802926837638, -600, 9433.251376044658], "[6, 1]": [9086.97371283716, 8878.249830288605, 0, 8725.740551336754], "[6, 0]": [8968.380961806539, 8946.894693079461, 9437.239632736451, 0], "[6, 7]": [0, 9214.42166384953, 9482.79340138614, 9282.928091282442], "[6, 4]": [7688.186180591094, -600, 8035.2080177319995, -600], "[7, 11]": [-13.923475070712584, -600, 8877.249286541282, 9826.362707969593], "[7, 3]": [9115.16276037525, 0, 9118.946448161589, 9866.402102561415], "[0, 7]": [0, 9215.079221871558, 9135.897195804448, 9307.564633248601], "[0, 3]": [9282.350098142422, 0, 9223.526369715755, 9532.26073677565], "[1, 39]": [8589.444903085045, 0, 9361.343572966365, 9231.01501388017], "[2, 4]": [9319.277645206004, -600, 7858.270963518139, -600], "[6, 3]": [9236.39838235995, 0, 9224.506883030965, 9270.488620029671], "[6, 5]": [9122.410922501964, -600, -600, 9168.079316575424], "[1, 3]": [9704.213927264238, 0, 9237.519864514115, 9278.55989840059], "[1, 7]": [0, 9205.343861722858, 9380.431242112827, 9185.63192348967], "[0, 0]": [8533.282450095008, 8979.357772612067, 8891.179437890247, 0], "[0, 9]": [659.8479938826094, 7284.544016001648, -600, 9012.195579662513], "[5, 11]": [-600, 381.48032590427965, 9315.339749050416, 9228.01969455502], "[4, 11]": [-600, -600, 9510.060832856556, 8822.747823039404], "[3, 1]": [9321.864776154274, 9511.248495111082, 0, 9332.731836980809], "[4, 1]": [9327.868263187118, 9037.997725718782, 0, 9059.959396613338], "[4, 4]": [8446.04033875302, -600, 9235.741935348593, -600], "[1, 37]": [9753.778512975081, 9310.342998989701, 0, 9312.588995039725], "[3, 30]": [9224.283809126142, 9011.001397967086, 0, 8989.98190959019], "[0, 2]": [8751.195472247266, 8184.4136258451435, -600, -600], "[0, 1]": [9192.912726778533, 9121.030612580964, 0, 9551.267918928688], "[0, 5]": [9534.824580982553, 2048.07612442824, -600, 8700.746937007589], "[0, 11]": [-600, -600, 8989.611834457557, 9397.409461910827], "[0, 8]": [-600, 9041.766958087701, 8432.334952627361, 381.24472331826837], "[7, 1]": [9187.240869893638, 9181.637024736601, 0, 9726.1581475836], "[7, 0]": [9157.737827179335, 9168.085690010139, 9157.791194146652, 0], "[6, 9]": [-600, 9117.815721166531, -600, 8073.560349040667], "[6, 8]": [-600, 9495.062197950403, 8845.675729681136, -600], "[6, 12]": [-600, -600, 9635.658734700148, -600], "[1, 1]": [0, 8737.95869236349, 0, 9371.289700471487], "[2, 8]": [-600, 9177.62580912672, 8880.612442479538, -600], "[5, 0]": [9232.720443077795, 9303.029154061725, 9437.286985931996, 0], "[5, 3]": [9550.112669752585, 0, 9550.001819779265, 9518.828480967235], "[5, 1]": [9102.393406597426, 9186.577486204182, 0, 9120.615740807936], "[5, 9]": [-600, 7149.774857848967, -600, 9018.496027530675], "[6, 11]": [-600, -600, 9722.917940704814, 8686.007861240492], "[5, 24]": [9190.009273199992, -600, 8099.150599835361, -600], "[5, 10]": [-600, 9191.94746958611, -600, -600], "[5, 12]": [-600, -600, 8259.600841812104, -600], "[5, 26]": [-600, 9140.775451585758, 8699.207140270928, -600], "[4, 0]": [9267.772497086522, 9309.974965796713, 9211.391762610041, 0], "[4, 2]": [9259.59962858478, 9096.212711247146, -600, -600], "[4, 6]": [7739.069479314593, -600, -600, -600], "[4, 10]": [-600, 9308.97822352195, -600, -600], "[7, 7]": [0, 9228.281513999813, 9186.424133453262, 9722.86308542572], "[1, 8]": [-600, 8175.9076500870615, 8769.681389725982, -600], "[1, 10]": [-600, 8014.289842220942, -600, -600], "[3, 3]": [9172.595158763737, 0, 9070.286117461868, 8989.626482636539], "[2, 10]": [-600, 6715.3558212890985, -600, -600], "[7, 16]": [9097.725750398988, 0, 9019.694270132168, 9846.6635426671], "[6, 6]": [6974.294245796307, -600, -600, -600], "[4, 9]": [-600, 9367.253394095223, -600, 7742.238523850934], "[4, 12]": [-600, -600, 8233.724405041494, -600], "[7, 15]": [9568.118932154504, 9574.997334818681, 0, 9712.687675899695], "[2, 11]": [-600, -600, 8802.100596355547, 9036.945793343883], "[0, 4]": [7686.735585216294, -600, 8793.5075783607, -600], "[0, 13]": [-600, -600, -600, 6538.139404413508], "[4, 3]": [9113.956048932203, 0, 9633.05326952847, 9159.557875712208], "[4, 7]": [0, 9315.729041240604, 9642.647068861257, 9380.545141549695], "[5, 22]": [8988.671419483024, 9099.931749888587, 9007.13392472245, 0], "[7, 4]": [7300.308498057618, -600, 9069.995770103385, -600], "[7, 5]": [9084.581915793748, -600, -600, 9621.697123532958], "[5, 25]": [0, 9559.393564184324, 9763.426911317556, 9641.523880329003], "[5, 4]": [7953.709454251707, -600, 8730.160090992173, -600], "[5, 8]": [-600, 9395.252002439685, 9193.528938609837, -600], "[5, 23]": [9652.31529907326, 0, 9743.348684921688, 9652.75023676429], "[5, 7]": [0, 9188.49775615058, 8721.487941232339, 9449.62709893486], "[3, 29]": [9326.278125098986, 9722.62415349028, 9098.95578904078, 0], "[0, 6]": [9291.044034986056, -600, -600, -600], "[1, 2]": [9713.537528949835, 9154.71339304707, -600, -600], "[3, 9]": [-600, 8743.415477727427, -600, 8936.292209488534], "[3, 8]": [-600, 9624.48690024976, 9201.36341854402, -600], "[1, 36]": [9810.931630201625, 9527.112573782748, 9527.554510817543, 0], "[7, 21]": [-600, -600, -600, 7326.172462935014], "[6, 13]": [-600, -600, -600, 8654.627911422886], "[3, 34]": [-600, 8569.139461217877, 483.5271017485509, 8951.63566278497], "[3, 11]": [-600, 1422.3643514469882, 8689.637649102406, 8796.99444704874], "[3, 10]": [-600, 8839.158856512433, 1470.0442566270865, -600], "[1, 5]": [9615.80816111128, -600, -600, 9329.335904944017], "[3, 33]": [-600, 9616.328536181938, 9452.035944208408, -600], "[1, 38]": [9758.388772851953, 9227.052199756014, 559.5686076313032, -600], "[3, 0]": [9098.480012239525, 9677.48688700364, 9305.23338525102, 0], "[3, 2]": [9310.479003803714, 9357.09117577732, -600, -600], "[3, 32]": [0, 9716.832897619337, 9596.072490579287, 9579.66660841611], "[7, 9]": [-600, 8397.945036816256, -600, 9389.849987533908], "[7, 8]": [-600, 9175.123094711413, 8376.442645921821, -600], "[3, 7]": [0, 9653.090038979171, 9296.393093596243, 9341.345312031615], "[7, 20]": [-600, -600, 9246.017563072986, 9052.609692103944], "[2, 6]": [9507.964724796044, -600, -600, -600], "[7, 18]": [0, 9155.79458562532, 9206.908855912252, 8973.974599073375], "[0, 12]": [-600, -600, 9001.560875316605, 382.9477644858267], "[3, 4]": [7961.874895334673, 2384.125206197171, 7236.641638284273, -600], "[6, 2]": [8995.374266485374, 8848.715619492348, -600, -600], "[5, 5]": [9212.570414588667, -600, -600, 9246.786860698425], "[1, 4]": [9694.56898128604, -600, 8455.503769897163, -600], "[6, 10]": [-600, 9061.954614855706, -600, -600], "[3, 12]": [-600, -600, 8437.79878996089, -600], "[4, 14]": [-600, -600, -600, -600], "[7, 17]": [9002.011482917396, -600, -600, 9688.810053421777], "[4, 5]": [9066.450396290118, -600, -600, 8737.08029633686], "[7, 12]": [-600, -600, 9216.773005570667, 395.1490006439403], "[3, 31]": [9284.578574324692, 8365.631215271604, -600, -600], "[3, 5]": [9068.521712750115, -600, -600, 8930.081824177938], "[2, 13]": [-600, -600, -600, 7467.007557803819], "[7, 19]": [-600, 9166.5094527341, -600, 7962.8650560830865], "[5, 2]": [9123.91544909987, 8714.498957593625, -600, -600], "[5, 13]": [-600, -600, 570.8043953213007, 8987.950144267885], "[7, 2]": [9105.57517806483, 8997.002978093331, 712.6135795142143, 405.9258838602484], "[1, 40]": [7653.98404363482, -600, 8705.752191056006, -600],