{"[4, 8]": [-600, 3.9253615362133516, 0, -600], "[0, 0]": [14.197597778491499, 0, 0, 0], "[0, 1]": [0, 0, 0, 0], "[1, 3]": [596.7727017764889, 0, 106.10421469850422, 63.11035032044927], "[1, 7]": [-600, 25.284553472991806, 0, 0], "[2, 3]": [71.75764884623747, 0, 135.7626827281491, 447.92966260309737], "[2, 7]": [-600, 488.9100252741834, 49.43177491959295, 46.726256375954094], "[2, 0]": [123.81809492869519, 491.9402253328488, 213.26988439232974, 0], "[2, 1]": [0, 0, 0, 443.07178999783446], "[1, 0]": [472.1342542692832, 103.24496854655807, 128.9458030000387, 0], "[0, 7]": [-600, 15.926438152319367, 0, 0], "[0, 3]": [30.825928239012182, 0, 0, 0], "[7, 1]": [1.1883634980342963, 0, 0, 0], "[7, 3]": [1.6861564421403203, 0, 0, 0], "[7, 4]": [-38.87914037493305, -600, 5.087740227105152, -600], "[6, 5]": [1.3606369503363618, -534.3500946137278, -600, 0], "[6, 3]": [1.4741557375443486, -600, 0, 0], "[6, 1]": [2.2011654774359175, 0, -600, 0], "[6, 4]": [-0.0003518117881300409, -600, 1.7471357292727367, -600], "[0, 4]": [-59.94, -600, 5.609845810263589, -600], "[0, 11]": [-600, -600, 0.8162309712619693, 0], "[6, 0]": [1.4676457163211898, 0.428338058642007, 0, 0], "[6, 7]": [-600, 2.3515737793394225, 0, 0], "[6, 9]": [-600, 3.4407182454918575, -600, 0], "[5, 11]": [-600, -600, 95.22686355163822, 0], "[4, 11]": [-600, -600, 56.80253667490337, 0], "[4, 7]": [-600, 9.401021565591948, 0, 0], "[4, 0]": [6.707066076680714, 0, 0, 0], "[4, 9]": [-600, 3.5688707086635456, -600, 0], "[2, 4]": [448.3323759648979, -600, -24.429628672101195, -600], "[3, 2]": [365.9255336136214, 455.45527455342483, -600, -600], "[3, 0]": [114.76645564007487, 0, 464.42777415102944, 0], "[3, 7]": [-600, 0, 460.3514859473028, 0], "[3, 3]": [81.69575444149487, 0, 477.33666995198075, 0], "[3, 1]": [13.83324699360554, 0, 0, 0], "[4, 1]": [3.618168554501948, 6.8208825664500825, 0, 0], "[4, 3]": [9.272810586140888, 0, 1.7064035321532338, 3.0225755955079676], "[1, 1]": [473.11919024696687, 10.094344220363148, 0, 320.081723720018], "[7, 0]": [4.2059927338845435, 0.4990195720931494, 0, 0], "[7, 7]": [-600, 4.389434154884882, 0, 0], "[0, 5]": [1.8283984163849891, -600, -600, 0], "[2, 9]": [-600, 408.2578946821059, -600, 0], "[2, 5]": [419.6359931992465, -600, -600, 0], "[2, 2]": [444.0063331712925, 0, -600, -600], "[4, 4]": [4.231842528322992, -600, 99.84078954245659, -600], "[4, 2]": [0, 56.21246258248158, -531.7359062391861, -600], "[0, 9]": [-600, -6.389733245328571, -600, 390.7625219104103], "[6, 11]": [-600, -600, 0, 0], "[7, 5]": [2.159884998580558, -600, -600, 0], "[5, 0]": [3.684900829250544, 0, 0, 0], "[5, 7]": [-600, 5.173518305551164, 0, 0], "[5, 3]": [22.291945555370734, -600, 0, 0], "[3, 29]": [116.79096790195575, 815.1241816074078, 391.070085326701, 0], "[5, 1]": [3.4368444711897137, 0, 0, 0], "[3, 8]": [-600, 408.4757691705761, 284.5308682719094, -600], "[2, 8]": [-600, 468.4414476594401, 106.77436289487028, -600], "[1, 4]": [1192.4541429078233, -600, 48.15483469709393, -600], "[1, 2]": [2032.2189381991666, 0, -600, -600], "[1, 8]": [-600, 277.55529046336574, 0, -600], "[5, 24]": [471.7213519561165, -600, 400, -600], "[3, 32]": [0, 669.0101466221377, 0, 239.32784320293578], "[1, 5]": [722.6435069972263, -600, -600, 241.66383605675762], "[1, 37]": [515.7776742916961, 384.3815222788364, 0, 310.4716831927211], "[6, 8]": [-600, 2.829731182936004, 0, -600], "[3, 30]": [133.21847286801597, 870.8500805580242, 0, 313.00360716616854], "[6, 12]": [-600, -600, 3.139082864678323, -600], "[5, 25]": [0, 393.0303611993369, 706.8933054099875, 402.3785117042739], "[2, 11]": [-600, -600, 611.6932381116072, 298.7489374679942], "[7, 15]": [393.85610700659356, 0, 0, 439.8499612786387], "[7, 16]": [476.00344535054154, 0, 494.47374647128674, 593.203786055117], "[4, 5]": [7.290264694194557, -600, -530.5761708981472, 0], "[5, 8]": [-600, 3.4604727605659926, 0, -600], "[5, 9]": [-600, 3.468288833161702, -600, 0], "[5, 22]": [375.70160443062196, 368.9202961961976, 683.2206251408053, 0], "[0, 2]": [194.62690220536481, 0, -600, -600], "[0, 8]": [-600, 596.2807305783438, 16.84569134915214, -600], "[7, 11]": [-600, -600, 4.306841689190097, 0], "[6, 2]": [3.309063940962398, 0, -600, -518.4209154478863], "[7, 2]": [826.8061412200879, 0, -600, -529.0354200084441], "[5, 4]": [53.78518202547665, -600, -34.712499547745914, -600], "[5, 2]": [100.93539342988132, 0, -525.4975098091181, -600], "[5, 23]": [515.9450899938621, 0, 509.9574321782094, 511.4405920288611], "[4, 12]": [-600, -600, 19.832667680622432, -600], "[1, 36]": [495.4270088126209, 365.9845975195505, 400.1385432609988, 0], "[3, 4]": [84.6577505263451, -600, 0, -600], "[7, 18]": [0, 497.20395665521266, 484.79402139315687, 533.6844044093492], "[1, 6]": [2104.859476388454, -600, -525.1910606910557, -600], "[1, 10]": [-600, 316.15470198099365, -600, -600], "[7, 13]": [-600, -600, -600, 0], "[4, 10]": [-600, 18.673606691480387, -600, -600], "[1, 9]": [-600, 488.9988301239405, -600, 0], "[0, 6]": [230.23171563362604, -600, -600, -600], "[1, 39]": [636.5662720435284, 0, 383.49674238847234, 390.7994320850568], "[2, 13]": [-600, -600, -600, 498.90261925956884], "[3, 5]": [376.4739855977046, -600, -600, 0], "[2, 10]": [-600, 1683.8380621561946, -600, -600], "[3, 9]": [-600, 813.6035234966438, -600, 90.8131544526585], "[3, 11]": [-600, -600, 320.9552630229168, 0], "[0, 13]": [-600, -600, -600, 3.9591004601130946], "[7, 9]": [-600, 4.125645294595879, -600, 0], "[7, 8]": [-600, 4.611764488795945, 0, -600], "[5, 26]": [-600, 373.460000873342, 665.6999538675612, -600], "[6, 13]": [-600, -600, -435.9248284727691, 1436.178709899176], "[6, 6]": [-581.2189418874673, -600, -600, -600], "[2, 6]": [317.71901421769553, -600, -600, -600], "[1, 40]": [994.9289899557319, -600, 0, -600], "[1, 11]": [-600, -600, 0, 545.9961477719105], "[6, 10]": [-600, 4.38235124855268, -600, -600], "[1, 13]": [-600, -600, -600, 571.1690332369828], "[3, 12]": [-94.08782540820727, -600, 1125.3697223699999, -600], "[4, 6]": [520.6697050822403, -600, -600, -385.66456024900765], "[7, 19]": [-600, 435.84960232398447, -600, 507.80312441647004], "[4, 13]": [-600, -600, -600, -133.97545503490176], "[1, 38]": [1555.9473919147697, 484.7372558991434, -600, -600], "[2, 12]": [-600, -600, 813.7253974619315, -600], "[2, 14]": [-600, -600, -600, -600], "[5, 5]": [73.18180477492776, -600, -600, 120.38127158652243], "[3, 33]": [-600, 404.1158271525086, 296.9226877237934, -600], "[3, 34]": [-600, 558.7507838318097, -600, 307.45276189048514], "[3, 31]": [537.4707549985045, 1620.7257978749042, 401.8395214053576, -600], "[5, 12]": [-600, -600, 178.21018427253102, -600], "[3, 10]": [-600, 407.6844892283053, -600, -600], "[3, 6]": [1345.0890355411902, -600, -600, -600], "[0, 10]": [-600, 426.08887769523915, -600, -600], "[0, 12]": [-600, -600, 4.842245240914242, -600], "[7, 20]": [-600, -600, 409.0886447013702, 440.36238138131927], "[7, 17]": [461.3697452006438, -600, -600, 598.3580289519547], "[5, 27]": [-600, -600, 751.3048757867732, 550.8127993406165], "[5, 10]": [-600, 179.68795669208515, -600, -600], "[7, 12]": [-600, -600, 6.548986722040781, -600], "[1, 41]": [1415.6383715988777, -600, -600, 641.922310497484], "[4, 14]": [-600, -600, -600, -600], "[3, 13]": [-600, -600, -600, 1359.638737664201], "[6, 14]": [-600, -600, -600, -600], "[7, 6]": [-451.51997636290565, -600, -600, -539.2646614988096], "[5, 13]": [-600, -600, -135.13278279308662, 254.64020498285143], "[1, 12]": [-600, -600, 17.612383772329082, -600], "[7, 10]": [-600, 310.2896152359983, -600, -600], "[5, 28]": [-600, -600, 1371.3743241611962, -600], "[0, 14]": [-600, -600, -600, -600], "[1, 42]": [1497.136512676019, -600, -600, -600], "[1, 14]": [-600, -600, -600, -600], "[3, 35]": [-600, 919.2578100469012, 9.635654438954248, -600], "[7, 21]": [-600, -600, -600, 976.1324251999733], "[5, 6]": [57.31742982060925, -600, -600, -600], "[3, 14]": [-600, -600, -600, -600], "[7, 14]": [-600, -600, -600, -600], "[5, 14]": [-600, -600, -600, -600]}