{"[6, 0]": [7957.901872924343, 7959.772710974379, 8109.522262321061, -600], "[6, 7]": [-600, 8238.38236486092, 8518.584239189006, 8317.558593672698], "[6, 3]": [8306.731652434813, -600, 8373.757861231588, 8586.51378164938], "[6, 1]": [7993.939849214565, 8083.684761413093, -600, 7894.244938054358], "[6, 4]": [8137.073545099995, -600, 7133.320428449301, -600], "[0, 3]": [8063.984664042549, -600, 8071.085610077406, 8393.85480899418], "[0, 7]": [-600, 7722.90467734199, 7763.528308409333, 8374.069680049342], "[0, 1]": [8381.57373524313, 8063.756228085485, -600, 7884.607146922512], "[0, 0]": [8400.1647001915, 7789.395642592561, 7814.719841237817, -600], "[1, 3]": [8484.512757167544, 0, 8192.448950824592, 8232.901830242039], "[1, 7]": [0, 8160.409447196787, 7995.630837795576, 7953.2983313171], "[2, 3]": [8127.9991613786015, -600, 8160.823905400127, 8202.317739656164], "[2, 1]": [8163.350422239599, 8389.939193671253, -600, 8137.260670596912], "[2, 0]": [8390.692366214553, 8286.158351607657, 8255.100675072788, -600], "[1, 0]": [8576.913778603153, 8160.616571907116, 8151.494789645745, -600], "[2, 7]": [-600, 8161.181585850199, 8323.396674603271, 8119.243844900736], "[1, 1]": [8282.379013241838, 8023.556441345077, 0, 8215.943440241406], "[0, 9]": [-600, 7558.474904383849, -600, 5939.560444553002], "[6, 9]": [-600, 7836.478007950453, -600, 6653.309014042689], "[6, 8]": [-600, 7106.702082556919, 8204.970609727046, -600], "[0, 4]": [6639.899863624816, -600, 6921.696972832849, -600], "[0, 11]": [267.9310473003403, -600, 8008.896977194716, 7536.543107054601], "[0, 5]": [7439.326068929632, -600, -600, 8214.474965430449], "[7, 1]": [8345.617742826125, 8422.427515138885, 0, 8561.889964552474], "[7, 16]": [8321.634047390466, 0, 8341.63825619867, 8550.588738383354], "[3, 1]": [8292.143308953328, 8551.352305059818, 0, 8276.75756467071], "[4, 1]": [8327.654005122258, 7888.517458132088, -600, 7974.09387995323], "[4, 0]": [8317.57971588149, 8480.731099731582, 8329.07370029358, -600], "[4, 7]": [-600, 8376.934494952056, 8103.829926093946, 8003.160647431103], "[3, 7]": [0, 8511.840795421791, 8391.456409999231, 8383.77037666816], "[3, 3]": [8177.135540016684, -600, 8037.853118483652, 8056.996256699032], "[1, 39]": [8723.92174734064, 0, 8387.236119603796, 8418.077156923748], "[6, 11]": [-600, -600, 8284.447856330025, 7501.749135810283], "[7, 7]": [0, 8198.909710047717, 8338.275874660001, 8549.057590480897], "[7, 0]": [8100.129180435544, 7973.342719535261, 7947.290546778818, -600], "[6, 2]": [7731.329250733622, 8106.283553733491, -600, 283.3559753905422], "[6, 5]": [8193.276438704763, -600, -600, 7669.931645168106], "[7, 3]": [8313.506580751837, 0, 8198.985759791647, 8515.539087891215], "[2, 4]": [8292.892236664255, -600, 6361.099308146938, -600], "[2, 9]": [-600, 8405.654854465898, -600, 7112.72949199339], "[2, 2]": [7622.119254178902, -5, -600, -600], "[4, 3]": [7676.417643815618, -600, 8354.650609683184, 7694.386271269282], "[4, 9]": [-600, 8424.245149462755, -600, 6060.062963043481], "[4, 11]": [-600, -600, 7390.7101111072925, 8003.480555537757], "[2, 8]": [-600, 7730.260863428425, 7964.90444641083, -600], "[4, 4]": [7277.1717348662205, -600, 6923.725393641354, -600], "[4, 2]": [8100.63264271239, 7718.850663659043, -600, -600], "[5, 3]": [8415.92781982907, 0, 8672.9762768289, 8422.114957170264], "[5, 0]": [8370.352982794193, 8351.780827156163, 8646.075401233415, -600], "[5, 1]": [8157.175668777791, 8157.590928962058, -600, 8144.294906752261], "[5, 7]": [-600, 8289.897848685132, 8696.300287579737, 8142.890378886632], "[3, 0]": [8305.502372666264, 8611.229582787055, 8326.139395573662, 0], "[0, 2]": [7366.160931924377, 7370.577088543629, -600, -600], "[2, 5]": [7882.181991141313, -600, -600, 8141.185044336384], "[4, 10]": [-600, 8299.70679765593, -600, -600], "[4, 8]": [-600, 8341.817848596422, 7939.657025526201, -600], "[5, 8]": [-600, 7919.891029410403, 8624.870781590958, -600], "[6, 13]": [-600, -600, -600, 8309.237502427004], "[3, 29]": [8434.774632893723, 8674.768512506413, 8457.915844997706, 0], "[5, 11]": [-600, -600, 8184.316355839873, 8205.857087350056], "[0, 13]": [407.2804424868715, -600, -600, 8146.313364710723], "[5, 25]": [0, 8525.741002409502, 8799.073752436789, 8539.227266563783], "[2, 6]": [8185.409441605014, -600, -600, -600], "[5, 4]": [8206.172801077311, -600, 8460.907160215203, -600], "[7, 11]": [-600, -600, 8354.54764530175, 8556.185032949608], "[7, 4]": [6082.523441468077, -600, 7860.290682333664, -600], "[7, 9]": [-600, 7935.490292850895, -600, 7904.532155208162], "[7, 5]": [8418.301974615904, -600, -600, 8582.012208272548], "[5, 23]": [8722.82101050679, 0, 8777.155136241587, 8751.276114709115], "[3, 32]": [0, 7814.59391988788, 8359.507544965729, 8338.867154418036], "[3, 30]": [8638.36607350682, 8702.220080099707, 0, 8622.446994050988], "[2, 10]": [-600, 7188.269423937654, -600, -600], "[7, 18]": [0, 8371.769553584867, 8338.026011288843, 8700.172267886968], "[5, 22]": [8587.853798457343, 8594.791068615577, 8811.940056008096, 0], "[1, 9]": [-600, 6211.417780527711, -600, 6791.006738018091], "[1, 37]": [8741.434348232558, 8266.047072207892, 0, 8286.914312119143], "[5, 9]": [-600, 6806.041790363004, -600, 6885.799911503609], "[3, 2]": [8102.215309869997, 8392.616260238732, -600, -600], "[3, 4]": [7148.258117599049, -600, 6897.193014547334, -600], "[1, 36]": [8693.169922769475, 8610.286880081923, 8673.13565671531, 0], "[7, 15]": [8288.00435193237, 8274.569883326883, 0, 8646.766010607578], "[0, 6]": [6737.9801320393035, -600, -600, -600], "[4, 5]": [7173.85562535778, -600, -600, 7414.765370241901], "[2, 11]": [-600, -600, 7710.5181527341065, 7975.480827340345], "[3, 5]": [8051.979840466878, -600, -600, 8139.334287607638], "[3, 11]": [-600, -600, 7843.710654471211, 7949.510378633616], "[1, 2]": [8501.876097212778, 7835.194324179377, -600, -600], "[2, 13]": [-600, -600, -600, 6956.194352406668], "[4, 6]": [5745.368888177645, 224.4504502496534, -600, -600], "[7, 2]": [7872.847431770896, 8032.669287855136, 632.0934364398202, -600], "[0, 8]": [-600, 6783.571132034112, 7496.590448582854, -600], "[1, 5]": [8484.760790296295, -600, -600, 8244.057172199788], "[7, 8]": [-600, 7961.751564178485, 7786.332954365771, -600], "[1, 4]": [8495.190129509143, -600, 8095.260884361701, -600], "[0, 12]": [-600, -600, 5047.9759089918125, -600], "[3, 9]": [-600, 8297.111366626385, 672.7219074239774, 8147.952442459125], "[3, 12]": [-600, -600, 7161.0367684648245, -600], "[6, 10]": [-600, 8021.395496532868, -600, -600], "[4, 12]": [-600, -600, 8006.139259887249, -600], "[1, 8]": [-600, 7950.927264949847, 7079.152971926436, -600], "[1, 11]": [-600, -600, 8203.196762056352, 8214.972424246005], "[5, 13]": [-600, -600, 2053.407368660335, 7214.719260604275], "[5, 2]": [7837.806036198143, 7998.779667134098, -600, -600], "[2, 12]": [-600, -600, 6523.005484269199, -600], "[7, 13]": [-600, -600, 459.8788450541995, 8674.913726084962], "[3, 8]": [-600, 8435.711874844077, 8304.336887341837, 297.3224635353323], "[5, 5]": [8127.339648596275, -600, -600, 8089.488328820451], "[3, 10]": [-600, 6187.408879789904, -600, -600], "[5, 24]": [7836.514775028851, -600, 7384.963597300652, -600], "[3, 31]": [8450.766507598306, 8627.899450438961, -600, -600], "[5, 27]": [-600, -600, 8498.192114714891, 8454.477286233714], "[6, 12]": [-600, -600, 4784.684984740707, -600], "[6, 6]": [6990.227216902737, -600, -600, -600], "[7, 19]": [-600, 7966.9933141566235, -600, 6994.4049677296925], "[1, 38]": [8590.069603798782, 8281.072625782823, -600, -600], "[1, 12]": [-600, -600, 8050.997792366984, -600], "[1, 40]": [4054.2463999388247, -600, 7948.032867007148, -600], "[4, 13]": [-600, -600, -600, 6446.637113526302], "[1, 10]": [-600, 7306.637235403842, -600, -600], "[7, 17]": [8718.612641301113, -600, -600, 8747.374368478926], "[1, 6]": [8284.46790521193, -600, -600, -600], "[1, 41]": [8661.159881586873, -600, -600, 8638.912054200502], "[3, 34]": [-600, 7512.759481059402, 794.0527436515331, 8162.4043394654545],