{"[6, 1]": [4181.347264069496, 4051.178711764522, -600, 5337.863025978618], "[5, 3]": [3245.2201962405106, -600, 5601.669699160919, 3620.4209021716088], "[4, 4]": [1285.3481395308788, -600, 5109.204149054327, -600], "[4, 2]": [3112.148070953807, 5322.901332083232, -600, -600], "[6, 0]": [4227.402425460191, 4149.271948717355, 5320.553893238047, -600], "[6, 7]": [-600, 5124.101349602749, 5263.551049308124, 5399.986511708186], "[6, 3]": [5079.671465274112, -600, 5397.320243911982, 5237.523569100355], "[7, 7]": [-600, 3463.3025087863293, 3838.1911163730942, 5581.9765846138325], "[7, 3]": [5164.277615271406, -600, 5155.37571243562, 5629.835545241497], "[7, 0]": [4959.880046145517, 562.5551699573002, 718.6317366136573, -600], "[0, 7]": [-600, 4121.023896602228, 4233.978318544156, 5331.945940211254], "[0, 0]": [5292.948285058984, 4211.7271240883165, 4122.82903824532, -600], "[0, 3]": [5376.12595812198, -600, 5122.1777726661785, 5260.74571448787], "[0, 1]": [5247.096923312067, 5067.596927622829, -600, 5383.3929915369945], "[7, 1]": [3661.897779110293, 3165.2984976519733, -600, 5563.468098568862], "[0, 9]": [-600, 300.3685632174223, -600, 4717.029146863266], "[0, 2]": [5271.346021807203, 2795.23001378739, -600, -600], "[2, 7]": [-600, 5325.869062285808, 4013.3271653798497, 4115.762043775015], "[2, 3]": [5343.350256020375, -600, 4022.8964681209604, 4175.105157728708], "[2, 0]": [-5, 5241.151841783832, 5076.443184127998, -600], "[2, 1]": [5221.997017258742, 5404.742733520924, -600, 5104.2360261322265], "[3, 1]": [3541.0600669462556, 5580.601183206967, -600, 3044.4651490187925], "[3, 3]": [5011.204723397252, -600, 579.547628169464, 529.9668709796431], "[1, 0]": [5585.762535321743, 3799.438020325438, 3543.863559117567, -600], "[1, 1]": [5641.60369641221, 5127.319764019562, -600, 5175.306081168439], "[1, 7]": [-600, 804.1910134239716, 661.4913947550008, 4979.89401689245], "[0, 4]": [4492.564918905316, -600, 472.8451486936123, -600], "[5, 1]": [660.823966622415, 4924.3172257127335, -600, 710.3326363922115], "[5, 7]": [-600, 5124.348715592499, 5661.381707208407, 5166.641046639759], "[4, 3]": [3953.2030771119144, -600, 5370.268749966117, 3989.615614246159], "[4, 1]": [4222.517469657573, 5360.821910053285, -600, 4113.296413694873], "[5, 0]": [3231.7766065178907, 3620.6264113927223, 5612.094272426733, -600], "[4, 7]": [-600, 5426.377793075742, 5239.838736395215, 5058.527581010182], "[0, 5]": [4732.585344897632, -600, -600, 5356.904204582517], "[4, 0]": [5137.310354878906, 5266.179978925052, 5417.58872028382, -600], "[2, 4]": [5137.1449367359055, -594.2416430882027, 1301.1193803222836, -600], "[1, 5]": [5541.148261504391, -600, -600, 2637.9458397206904], "[2, 5]": [5286.904538073339, -600, -600, 2811.2960932183682], "[2, 9]": [-600, 4071.028261799864, -600, 383.4923068699874], "[0, 11]": [-600, -600, 2796.0563214296844, 5288.500247745289], "[7, 18]": [0, 1341.1254608066188, 1654.976859415604, 5564.360306193226], "[1, 39]": [5570.276491442689, 0, 1268.8102406604162, 1529.1023962904258], "[4, 8]": [-600, 5393.88515028769, 4948.559310856987, -600], "[4, 9]": [-600, 5118.029713804829, -600, 1306.0083848902893], "[3, 7]": [-600, 5579.8929320371835, 3590.039338197692, 3089.820039890734], "[1, 9]": [-600, 68.10186817709173, -600, 4385.03202514287], "[5, 8]": [-600, 3466.1915139335333, 5566.695043820977, -600], "[2, 8]": [-600, 5294.026099214885, 2797.988846346921, -600], "[6, 9]": [-600, 1252.3024055700798, -600, 5162.548399639184], "[6, 11]": [-600, -600, 5366.856622897092, 4845.571876987527], "[3, 32]": [0, 5539.038114456923, 1523.103277906676, 1181.7659980793717], "[6, 2]": [1691.304461595368, 4974.405550943351, -594.1100238108122, -600], "[5, 5]": [417.47141252371097, -600, -593.9435378189286, 4966.95029240442], "[4, 11]": [-600, -600, 5290.114096293275, 2572.1029909445815], "[5, 11]": [-600, -600, 5531.452203864729, 2461.883357086894], "[5, 2]": [462.2533851658999, 4802.935644021365, -600, -600], "[4, 5]": [5068.007825069901, -600, -600, 1278.1979408872492], "[7, 4]": [4164.685983855199, -600, 61.54897672958595, -578.1858557409106], "[6, 5]": [2907.4065005625807, -600, -600, 5290.414202933426], "[5, 25]": [0, 4388.52788686769, 5733.8027534751145, 4473.1909171171865], "[1, 2]": [5537.663161035602, 3438.2998725640846, -600, -600], "[0, 8]": [-600, 4950.08198186691, 1429.0688059072006, -600], "[1, 11]": [-600, -600, 378.5682346689667, 4782.824396466139], "[1, 3]": [5587.566245053804, -600, 3328.429231367987, 3764.504120831098], "[1, 37]": [5711.111894632028, 4434.243717873409, 0, 4504.394593922295], "[7, 15]": [1418.9295792064297, 1254.0967353272472, 0, 5561.76096913114], "[6, 4]": [557.3456145795614, -600, 4285.9384096519125, -600], "[3, 8]": [-600, 5490.795504352963, 2885.439363060607, -600], "[6, 8]": [-600, 3228.0562775063954, 5301.945169795671, -600], "[7, 8]": [-600, 719.6141905470977, 4906.090515227475, -600], "[7, 11]": [-600, -600, 3284.919933142014, 5531.729575106479], "[6, 10]": [-600, 4835.712174844322, -600, -600], "[6, 13]": [-600, -600, -600, 5205.085045097247], "[3, 0]": [5124.986882639148, 5654.084846175339, 5061.236788681848, -600], "[3, 29]": [4310.522072654525, 5722.005042278811, 4240.472584763253, 0], "[5, 4]": [448.596732821733, -594.1516788274668, 5239.2964346819035, -600], "[2, 2]": [4825.7233385874915, 5361.928990605083, -600, -600], "[7, 16]": [4488.332827958209, 0, 4480.15996288631, 5710.218632171353], "[3, 30]": [1478.0442124142285, 5534.355916895099, 0, 1249.4776172981692], "[3, 4]": [4505.128907592036, -600, 113.93006140914068, -600], "[0, 13]": [-600, -600, -600, 5135.632223374194], "[5, 23]": [1286.4272822090866, 0, 5550.633743259612, 1402.4290641694795], "[5, 22]": [1294.8632848488724, 1442.1447995469455, 5568.358069821593, 0], "[1, 4]": [5298.968581436534, -600, 500.0032488680007, -600], "[1, 8]": [-593.8864295133999, 4873.719912769546, 691.3500042999624, -600], "[7, 9]": [-600, 438.59850376308833, -600, 5277.213899281232], "[4, 10]": [-600, 5165.718734974903, -600, -600], "[1, 42]": [4883.54350746981, -594.375417368082, -600, -600], "[2, 11]": [-600, -600, 4940.998093694874, 1406.5495866031572], "[3, 9]": [-600, 5169.707624242857, -600, 311.384742590499], "[2, 10]": [-600, 5083.433648862934, -600, -600], "[5, 9]": [-600, 4582.294144466316, -600, 177.20482604251333], "[1, 40]": [5037.029762180943, 0, 133.35291724354357, -600], "[4, 6]": [4972.265536286312, -594.088588743447, -600, -600], "[3, 5]": [4896.10231358703, -600, -600, 289.6125899648914], "[3, 2]": [2272.131667502491, 5479.698095049715, -600, -600], "[7, 5]": [2415.3006340971315, -600, -600, 5500.860290306691], "[2, 6]": [5194.555841216432, -600, -600, -600], "[5, 24]": [90.7729026443186, 0, 4842.72426230947, -600], "[6, 12]": [-600, -600, 5085.102668257175, -600], "[5, 12]": [-600, -600, 5281.245550501724, -600], "[0, 6]": [5178.676821249892, -600, -600, -594.0549974851323], "[1, 36]": [5566.292849313369, 1609.0766407496353, 1402.5551138623964, 0], "[1, 38]": [5551.824206002996, 1223.692536913934, -600, -600], "[3, 11]": [-600, -600, 4735.974412619052, 391.0054228760299], "[3, 34]": [-600, 4871.002729973013, -600, 131.86660753510216], "[2, 12]": [-600, -600, 4815.737268832314, -600], "[7, 2]": [4824.104130719881, 651.0373555184375, -600, -600], "[5, 26]": [-600, 1152.5315834627595, 5554.915471466699, -600], "[6, 6]": [4924.366577250672, -600, -600, -600], "[5, 27]": [-600, -600, 5375.576679183949, 593.2910695801173], "[4, 12]": [-600, -600, 5246.468063307144, -600], "[7, 20]": [-600, -600, 1189.1714818328865, 5522.753643154395], "[0, 12]": [-600, -600, 4862.3126715642975, -600], "[7, 12]": [-600, -600, 4816.258104125095, -600], "[7, 17]": [552.735126914454, -600, -600, 5377.777420249837], "[3, 12]": [-600, -600, 4739.3552382718135, -600], "[7, 19]": [-600, 139.59591863730313, -600, 4834.304056339264], "[3, 6]": [4871.768407318869, -594.0618114782235, -600, -600], "[0, 10]": [-600, 4761.648845730892, -600, -600], "[5, 10]": [-600, 4764.915076452888, -600, -600],