{"[5, 1]": [399.07752131920904, 548.9695710130582, -600, 4639.183769432004], "[6, 0]": [3749.2321599889788, 3725.9621886982823, 4837.150155395323, -600], "[6, 7]": [-600, 4565.223483784877, 4730.8947187284675, 5023.869208945091], "[6, 1]": [3501.6477314725876, 3412.803330484591, -600, 4916.875006138238], "[6, 3]": [4579.137132901954, -600, 5028.344593250657, 4735.531740391398], "[6, 9]": [-600, 1095.6850944065138, -600, 4655.025946105443], "[6, 8]": [-600, 2598.083759738712, 4856.96380932182, -600], "[4, 9]": [-600, 4552.290122253578, -600, 892.5371314211816], "[4, 8]": [-600, 5034.762782337043, 4508.862997400546, -600], "[4, 7]": [-600, 5041.0826778966675, 4745.490874651111, 4570.3499668589575], "[4, 0]": [4584.606979316292, 4757.262451965078, 5035.331062463285, -600], "[4, 11]": [-600, -600, 4855.319022057316, 2651.209234196643], "[7, 7]": [-600, 2869.659011286944, 3116.3699168053327, 5195.168242371577], "[7, 3]": [4652.44919256784, -600, 4565.180527867014, 5233.33517894861], "[0, 7]": [-600, 3545.9069394509497, 3562.6911033202805, 4888.875249156578], "[0, 3]": [4972.366374353912, -600, 4478.5674766546945, 4684.183209041427], "[0, 1]": [4687.472357102311, 4539.431407505322, -600, 4962.817673074783], "[0, 0]": [4796.1877853934275, 3598.8477962174115, 3638.5845106619718, -600], "[7, 1]": [3238.50889214682, 2821.141316394553, -600, 5202.818864725358], "[7, 0]": [4732.926853088469, 460.3385317337111, 559.0182449453395, -600], "[5, 3]": [2508.208098232004, -600, 5217.028271365024, 3127.726947226539], "[4, 3]": [3455.1757809296937, -600, 4936.397300667536, 3639.2207760938227], "[4, 1]": [3403.079612379906, 4853.549617937381, -600, 3365.9307894975877], "[5, 0]": [2855.644463714395, 3221.5415008568125, 5227.252562563163, -600], "[5, 7]": [-600, 4648.2794742367705, -5, 4725.9618690351], "[2, 3]": [4892.4009629106495, -600, 3366.743904994787, 3558.8427890519156], "[2, 7]": [-600, 4868.886877083518, 3665.3600453993768, 3722.6383652791374], "[2, 1]": [4709.632825286604, 4985.46075475953, -600, 4519.998056696901], "[2, 0]": [4987.780720974144, 4692.623261435951, 4518.204389686962, -600], "[1, 0]": [5144.97191219085, 3100.4793124164853, 2823.7735147585936, -600], "[1, 7]": [-600, 590.4084468502451, 526.1206039323156, 4714.868428881159], "[1, 3]": [5149.219251534999, -600, 2636.0139839125773, 3025.2697427573125], "[2, 4]": [4652.69612134106, -600, 986.536190256717, -600], "[2, 8]": [-600, 4879.386473854044, 2725.3967961581666, -600], "[2, 9]": [-600, 3764.9047969360913, -600, 269.84678241931874], "[2, 2]": [4981.931752291495, 4463.722358541582, -600, -600], "[1, 1]": [5203.944904039532, 4509.05429635565, -600, 4565.535983177397], "[3, 1]": [3159.1264505756294, 5186.81674838761, -600, 2491.035165227194], "[3, 3]": [536.1312335287886, -600, 4643.511264686159, 380.8391869320601], "[3, 7]": [-600, 5173.877288433937, 3076.503937151122, 2550.27615190665], "[0, 4]": [3832.03080769748, -600, 392.7067203779124, -600], "[0, 11]": [-600, -600, 2272.4067526683466, 4752.156403218621], "[5, 11]": [-600, -600, 5196.868523966612, 2551.3658044059353], "[6, 4]": [375.3067741062494, -600, 4399.287514289332, -600], "[3, 32]": [0, 5246.956982058576, 1127.8780933492897, 990.259867787172], "[5, 23]": [879.6632803630711, 0, 5292.89984000237, 1142.7899368292776], "[3, 29]": [3965.8192781044113, 5279.331827768016, 3956.84094621684, 0], "[1, 36]": [5247.853759689158, 1177.342603604579, 1057.7015181277745, 0], "[4, 2]": [2248.95766151698, 4863.50237269537, -594.4837938582382, -600], "[6, 11]": [-600, -600, 4457.867965882414, 5022.020662017104], "[5, 8]": [-600, 3217.2594509421956, 5213.9976655290775, -600], "[5, 2]": [387.0182450791437, 4621.030615446236, -600, -600], "[4, 5]": [4531.8248990644115, -600, -600, 944.6740407840288], "[5, 25]": [0, 4079.376668741963, 5326.460491360547, 4112.270121079529], "[7, 18]": [0, 1003.4598728786643, 1160.0524885169864, 5269.0659218852015], "[3, 11]": [-600, -600, 4551.052042958035, 240.406343206468], "[2, 5]": [4707.982286000569, -600, -600, 2236.298388248871], "[0, 5]": [4946.721007178305, -600, -600, 4311.145019321343], "[7, 5]": [2343.7853785146735, -600, -600, 5179.201398384587], "[4, 4]": [992.5193798272479, -600, 4876.385884085898, -600], "[7, 4]": [40.26989030606391, -600, 3838.2585675153814, -600], "[0, 13]": [-600, -600, -600, 4878.316120487603], "[6, 5]": [2319.174844632291, -600, -600, 4797.596972544265], "[0, 9]": [-600, 220.7514285631815, -600, 3616.948827158136], "[3, 8]": [-600, 5137.889990848569, 2774.2280855426784, -600], "[2, 10]": [-600, 4923.102707083711, -594.7356145131998, -600], "[3, 0]": [4649.5524071422005, 5213.079350153066, 4599.405169080801, -600], "[0, 2]": [4811.151339908556, 2403.1440772702995, -600, -600], "[5, 4]": [258.24648754632943, -600, 5117.091483695454, -600], "[1, 5]": [5042.621260362249, -600, -600, 1921.7083718124738], "[1, 37]": [5266.731694891355, 3706.6805237337453, 0, 3776.5873368162625], "[3, 33]": [-600, 5273.627644528645, 837.5098706395424, -600], "[5, 22]": [997.2434768041412, 1261.4450533470856, 5295.688119426993, 0], "[0, 8]": [-600, 4625.447993691159, 1443.5195158422678, -600], "[5, 9]": [-600, 130.8656676033348, -600, 4228.473858112021], "[2, 13]": [-600, -600, -600, 4628.849609964537], "[1, 2]": [5092.041829369889, 2481.7706241989363, -595.0721505936341, -600], "[3, 30]": [1279.5084848650233, 5256.742656841732, 0, 876.6086863832065], "[2, 11]": [-600, -600, 4710.396209907902, 1168.3812858754643], "[3, 5]": [4367.242888475715, -600, -600, 276.96871305231286], "[0, 6]": [4813.013802991416, -600, -600, -589.02354747276], "[1, 39]": [5240.658908937934, 0, 961.7007876677739, 1148.5356799453168], "[4, 10]": [-600, 4834.103022623804, -600, -600], "[3, 2]": [2479.996902823059, 5154.917493703286, -600, -600], "[2, 6]": [4748.690259099933, -600, -600, -600], "[3, 4]": [86.64803300637222, -600, 4221.490588932997, -600], "[1, 13]": [-600, -600, -600, 4547.841748120901], "[1, 9]": [-600, 46.185520536310506, -600, 2912.0358921058173], "[5, 10]": [-600, 4583.262415702712, -600, -600], "[6, 12]": [-600, -600, 4959.007964939179, -600], "[7, 15]": [1087.1295152364241, 914.4345638960036, 0, 5289.050825641085], "[7, 16]": [3982.8565499475726, 0, 3886.136495968666, 5309.111403276418], "[6, 2]": [1224.7178173969376, 4688.070638365771, -594.5728699039204, -600], "[5, 27]": [-600, -600, 5232.916202815613, 560.295289734682], "[5, 5]": [189.28653689935325, -600, -600, 4359.165929857209], "[4, 12]": [-600, -600, 4947.978343045913, -600], "[3, 9]": [-600, 5014.132689705195, -600, 237.0726103138614], "[7, 2]": [4665.436952011944, 507.37017197634333, -600, -600], "[7, 9]": [-600, 418.556270963444, -600, 5015.135358601033], "[2, 12]": [-600, -600, 4732.202985149587, -600], "[6, 13]": [-600, -600, -600, 4763.596194168536], "[4, 6]": [4485.702950913847, -600, -600, -600], "[7, 11]": [-600, -600, 2721.537424314171, 5139.525163483816], "[1, 4]": [4908.150947573406, -595.2129784968492, 354.4674093049384, -600], "[1, 10]": [-600, 4490.95593698904, -600, -600], "[3, 34]": [-600, 4584.145295397476, 0, 92.36353830839238], "[1, 38]": [5230.245814200402, 789.9794878217175, -600, -600], "[1, 8]": [-600, 4608.995832655438, 516.4894428987261, -600], "[1, 11]": [-600, -600, 275.44643405396914, 4617.899355365853], "[0, 12]": [-600, -600, 4714.800089832848, -600], "[6, 6]": [4718.652389033066, -600, -600, -600], "[7, 20]": [-600, -600, 826.6501448427125, 5255.793304205618], "[0, 10]": [-594.6151760608328, 4556.132970720632, -600, -600], "[5, 12]": [-600, -600, 5165.237570704197, -600], "[5, 26]": [-600, 1078.7403175990403, 5291.354977780645, -600], "[4, 13]": [-600, -600, -600, 4667.661183791575], "[7, 8]": [-600, 682.0551275670401, 4617.126609476061, -600], "[1, 40]": [4400.834942408594, -600, 111.97245294698342, -600], "[6, 10]": [-600, 4705.121203046588, -600, -600], "[7, 19]": [-600, 128.24638384073896, 0, 4621.396476121727], "[1, 41]": [5021.486194915033, -600, -600, 472.38979359192416], "[5, 13]": [-600, -600, -600, 4580.28514130266],