{"[6, 7]": [-4000, 144.3902989234663, 202.51645242337352, 239.98409939603283], "[6, 0]": [173.47969402229782, 131.36287759348002, 111.56962423849885, -4000], "[7, 7]": [-4000, 140.61614733568854, 137.66545001406428, 331.7272495771674], "[7, 3]": [197.1554471599764, -4000, 172.48159313995848, 369.2879579369709], "[7, 16]": [161.15932829125964, 0, 194.39266294448947, 598.3885980878471], "[6, 1]": [175.5823169903804, 128.30381256042938, -4000, 0], "[5, 23]": [178.9483468677087, 0, 588.4481032524992, 225.49280346319193], "[5, 1]": [168.19666647192872, 161.12990297578855, -4000, 188.60247160854476], "[4, 3]": [156.8165238318843, -4000, 216.8497960706867, 176.32086654019702], "[4, 1]": [184.41409484416397, 229.87254993673062, -4000, 149.90634246179823], "[5, 0]": [149.37076043727825, 157.0841406958258, 347.97461671345786, -4000], "[5, 7]": [0, 157.65218981991876, 347.22165201493715, 191.09001296026932], "[6, 3]": [171.23917997366655, -4000, 225.61931228699913, 201.78656791433662], "[5, 3]": [171.59076456264344, -4000, 331.28433989102433, 202.90223514749462], "[4, 0]": [182.5688860309245, 247.26619044217412, 191.14282960223298, -4000], "[4, 7]": [-4000, 252.05442742136853, 194.2564376387714, 174.9584738109786], "[4, 9]": [-4000, 211.0002095086684, -3581.8432083839352, -17.301828377657902], "[4, 8]": [-3579.219323658018, 208.80937552135657, 194.22650731371783, -4000], "[2, 1]": [208.84651937116942, 287.81491922903854, -4000, 184.18891642411208], "[2, 3]": [245.57018006888376, -4000, 109.53829347675965, 132.06722796940272], "[2, 4]": [209.26694969654918, -4000, -4.648455121769672, -4000], "[2, 0]": [255.7680311245184, 193.14292117495782, 160.8486230093706, -4000], "[2, 9]": [-4000, -261.4276940295353, -4000, -473.0512268800195], "[2, 5]": [158.0235811112949, -4000, -4000, 175.21340000249714], "[2, 10]": [-4000, 191.0416573711013, -4000, -4000], "[3, 32]": [0, 560.9512930368519, 206.98037896908215, 149.71213333069434], "[7, 11]": [-3580.273216895115, -4000, 201.21324127549246, 354.88744375621206], "[6, 5]": [138.7356933475954, -4000, -3581.711325893936, 186.6606119356883], "[6, 2]": [173.95012738107445, 129.98878734878872, -4000, -4000], "[7, 8]": [-4000, 137.90098467960033, 179.85142617086314, -4000], "[7, 0]": [150.6839405450383, 147.02547594285494, 153.6237230898897, -4000], "[6, 4]": [-309.25028601523127, -4000, 74.54473350434208, -4000], "[2, 7]": [-4000, 238.983636628295, 121.16548005028702, 90.80835376527791], "[3, 1]": [195.42703218222348, 363.32529846764606, -4000, 97.65379264464124], "[3, 3]": [196.57876510796692, -4000, 135.2178293166596, 117.94302259918908], "[6, 9]": [-4000, -387.3293217659633, -4000, 171.02878246948512], "[6, 11]": [-4000, -4000, 197.11172167435453, 193.79375647752772], "[7, 18]": [0, 165.80613016334308, 197.7945306248089, 596.4158544984186], "[0, 7]": [-4000, 145.91779113679615, 149.0835961695613, 210.76386034659225], "[0, 3]": [211.37429912457793, -4000, 175.56328443774032, 209.088889712147], "[0, 1]": [156.75431673259018, 161.98646571402557, -4000, 261.8960300959367], "[1, 39]": [606.214145624426, -4000, 152.9695171544813, 199.772410311462], "[5, 25]": [0, 155.5421882749727, 607.6694602645729, 184.17512746745953], "[0, 8]": [-4000, 125.17716105942833, 146.50574542868665, -4000], "[0, 0]": [210.29251900082556, 159.5856984343056, 153.26793781941345, -4000], "[0, 9]": [-4000, -286.547944963108, -4000, 112.29764251042471], "[0, 2]": [202.40436979006193, 162.89624091987938, -4000, -4000], "[7, 15]": [204.66596085927407, 164.77779604067254, 0, 596.8916005731134], "[6, 8]": [-4000, 132.9565445929462, 208.19278411953655, -3578.7232177775595], "[1, 3]": [396.8863235794176, -4000, 138.7037917876721, 159.9015082390821], "[2, 8]": [-4000, 204.93822479858346, 135.87045362047053, -4000], "[3, 7]": [-4000, 41.429791093139755, 161.53665656574762, 89.7112089582399], "[4, 4]": [151.04761303519024, -4000, -375.8047149319205, -4000], "[3, 2]": [199.48424152394156, 408.6532218844155, -4000, -4000], "[3, 0]": [206.4177580549677, 403.55190945141624, 175.3172770555036, 0], "[3, 30]": [193.64036417588636, 594.281345836639, 0, 151.76175306711752], "[2, 11]": [-4000, -4000, 145.23712770454102, 7.094077206913621], "[2, 2]": [214.52753315929195, 239.46833209933348, -4000, -4000], "[7, 1]": [168.69521289632578, 139.37352273918393, -4000, 340.93547448177776], "[0, 5]": [223.76165323289445, -3209.4056466678853, -4000, 190.04155166577596], "[1, 0]": [417.1495841182593, 212.56755567347147, 95.69301168867241, -4000], "[1, 1]": [391.44019332922716, 184.55786274772333, 0, 191.44046863078665], "[3, 9]": [-4000, 342.0840346612093, -3577.030888821048, -175.98031381940783], "[3, 33]": [-4000, 629.9038901513878, 189.3370765373046, -4000], "[1, 7]": [-4000, 188.80104266911616, 150.65242477211623, 127.71635361548915], "[1, 2]": [367.729321491553, 183.99407198205358, -4000, -4000], "[1, 37]": [606.661075927239, 178.85409902222236, 0, -195.4583096366142], "[0, 4]": [-115.91452089413912, -4000, -308.4395195296553, -4000], "[0, 11]": [-4000, -4000, 172.04787836287403, -155.62772791703134], "[3, 8]": [-4000, 382.8617206552164, 166.25045595761452, -4000], "[5, 11]": [-4000, -4000, 366.57052196883285, 206.55444849823698], "[5, 22]": [179.31405468869133, 177.005567756593, 590.0115985000573, 0], "[3, 29]": [199.2226115517707, 590.1546441147532, 167.64192356813123, 0], "[1, 36]": [600.8442390158392, 174.78313135735908, 164.37463858943758, 0], "[7, 5]": [164.95649023928001, -4000, -4000, 335.1843081938472], "[4, 2]": [166.85130359934092, 193.80679256178803, -4000, -4000], "[3, 5]": [171.13257599991184, -4000, -3580.8119152223517, 124.58158509049187], "[4, 13]": [-4000, -4000, -4000, 110.34014670862103], "[4, 11]": [-4000, -4000, 102.80584661502414, 155.66889252285475], "[7, 9]": [-4000, -146.11623510014903, -3587.1370594184245, 380.4518434725853], "[7, 4]": [130.49772489707544, -4000, -529.2129112648424, -4000], "[6, 13]": [-4000, -4000, -4000, -50.39641577001026], "[1, 8]": [-4000, 52.921027742600295, 136.40841150956112, -4000], "[5, 9]": [-4000, -497.1555961130107, -4000, 128.44691657677222], "[5, 4]": [63.205546350102686, -4000, 362.46648374253584, -4000], "[3, 31]": [196.1395029043627, 614.3968010373609, -4000, -4000], "[2, 12]": [-4000, -4000, -78.09601585387139, -4000], "[1, 4]": [362.2020163768317, -4000, 65.34077412255874, -4000], "[1, 10]": [-4000, 192.48253922449953, -4000, -4000], "[1, 41]": [597.9489489460476, -4000, -4000, 188.78923500760263], "[0, 6]": [195.92659458378444, -4000, -4000, -4000], "[1, 9]": [-4000, -34.081983385981545, -4000, -727.5591905749752], "[4, 10]": [-4000, 129.16374915253311, -4000, -4000], "[3, 11]": [-4000, -4000, 133.46912916918862, 115.92033691300148], "[7, 2]": [118.99328848388296, 136.4909381572853, -4000, -4000], "[2, 6]": [203.85659192930981, -4000, -4000, -4000], "[6, 10]": [-4000, -14.765984444293888, -4000, -4000], "[1, 40]": [-364.4747505564452, -4000, 111.59560485271513, -4000], "[5, 8]": [-4000, 180.34045435454345, 342.54772093559455, -4000], "[6, 12]": [-4000, -4000, 60.68783387898807, -4000], "[3, 4]": [-127.30244779385737, -3563.7622171985367, -550.8217937039781, -4000], "[5, 2]": [162.2574405324638, 147.78113711325298, -4000, -4000], "[4, 5]": [194.29281956690087, -4000, -4000, 146.5905826148475], "[5, 5]": [159.78844848431373, -3584.8525750437934, -3586.4080579026713, 108.77316997818309], "[0, 13]": [-4000, -4000, -4000, 201.52238164001585], "[1, 5]": [356.0174600762101, -4000, -4000, 165.62771073775696], "[7, 20]": [-4000, -4000, 189.1687092469223, 579.247488658999], "[5, 13]": [-4000, -4000, -4000, 155.8964358925532], "[1, 38]": [584.6209188798166, 194.95604007097953, -4000, -4000], "[0, 12]": [-4000, -4000, -345.265340964197, -4000], "[4, 12]": [-4000, -4000, 168.10150449189334, -4000], "[1, 6]": [348.4913515182913, -4000, -4000, -4000], "[0, 10]": [-4000, 164.47550990836896, -4000, -4000], "[6, 6]": [150.2822106858132, -4000, -4000, -4000], "[4, 6]": [191.03741160606583, -4000, -4000, -4000],