{"[6, 0]": [7328.82236549933, 7072.581553340424, 7056.56486562986, -600], "[6, 7]": [-600, 7302.6438088683335, 7641.246147205045, 7445.1812252107375], "[6, 3]": [7102.723277855621, -600, 7104.261951174181, 7504.318385420511], "[6, 1]": [7335.990797856246, 7151.980902714123, -600, 6972.010814862022], "[6, 4]": [6490.804320050102, -600, 7362.764784788581, -600], "[0, 3]": [7490.875896512333, -600, 7080.050942371627, 7714.896362003501], "[0, 7]": [-600, 7071.2288200732555, 7002.859780505663, 7483.6012281609765], "[0, 1]": [7241.450382058714, 7176.104679608072, -600, 7709.364029499434], "[0, 0]": [6574.5296718633945, 7191.537468840137, 6801.449825608428, -600], "[1, 3]": [7795.656369337365, 0, 7312.5352245537815, 7455.762067965056], "[1, 7]": [0, 7152.721052063052, 7146.046869379265, 7181.4042377581145], "[2, 3]": [7093.521268585796, -600, 6943.567127846606, 6996.027230588701], "[2, 1]": [7560.914911837742, 7365.983008285043, -600, 7264.8305182133245], "[2, 0]": [7490.933935723147, 7652.343022991545, 7283.823143042687, -600], "[1, 0]": [7802.047301102283, 7358.923776030053, 7295.877017715009, -600], "[2, 7]": [-600, 7081.9893682713, 6999.938250589523, 7176.4698284598135], "[1, 1]": [7812.4157913378995, 7301.935678045685, 0, 7297.394582617699], "[0, 9]": [-600, 5202.372733075629, -600, 5652.882115504425], "[6, 9]": [-600, 7422.880505787956, -600, 6293.574861907442], "[6, 8]": [-600, 7139.804909103424, 7520.089391124197, -600], "[0, 4]": [5067.289828556989, -600, 7113.500743519981, -600], "[0, 11]": [-600, -600, 7188.515692555362, 7385.1944671856245], "[0, 5]": [6854.369928982036, -600, -600, 7440.657709808163], "[7, 1]": [7267.952734087718, 7246.743661261191, 0, 7221.683541064998], "[7, 16]": [7433.381645051235, 0, 7398.890796969051, 7737.520614604248], "[3, 1]": [7457.262292396189, 7624.266670973845, 0, 7438.274958369652], "[4, 1]": [7425.866076843281, 7032.269439327187, -600, 7181.85424362144], "[4, 0]": [7283.365991225565, 7289.056007811891, 7632.305106737963, -600], "[4, 7]": [-600, 7492.442042432498, 7670.252348615686, 7467.927389149604], "[3, 7]": [0, 7714.1152559403445, 7543.164384046121, 7481.643420508582], "[3, 3]": [7080.372234624609, -600, 6876.517548924561, 7052.839532767191], "[1, 39]": [7871.619028678827, 0, 7713.451769608535, 7723.277982143739], "[6, 11]": [-600, -600, 7612.146745660071, 6808.625103298781], "[7, 7]": [0, 7386.805310081734, 7363.889130250533, 7707.851866126668], "[7, 0]": [7284.613609544928, 7184.36403821465, 7057.8272795505745, -600], "[6, 2]": [7196.527427132961, 6512.759900594898, -600, -600], "[6, 5]": [6833.129292257594, -600, -600, 5965.569551283341], "[7, 3]": [7378.319925409913, 0, 7183.047234621264, 7691.577668110086], "[2, 4]": [6715.171878539526, -600, 6272.093652019847, -600], "[2, 9]": [-600, 5983.249060417113, -600, 6664.04193015601], "[2, 2]": [7141.886129068179, 6302.03200098913, -600, -600], "[4, 3]": [7245.850351016279, -600, 7555.1502483632485, 7262.749207347921], "[4, 9]": [-600, 7319.266148416153, -600, 5898.2589932406045], "[4, 11]": [-600, -600, 7395.812193577787, 6793.997175678503], "[2, 8]": [-600, 6910.022568948301, 6504.726790330968, -600], "[4, 4]": [6716.007555033102, 5032.053975320849, 6186.442892603459, -600], "[4, 2]": [7409.763016607669, 6771.089151006627, -600, -600], "[5, 3]": [7275.862756385148, 0, 7566.598255866762, 7306.234426476621], "[5, 0]": [7434.159058678874, 7443.489035521438, 7574.54917035709, -600], "[5, 1]": [7002.653664451827, 6906.114342860222, -600, 7404.932998247083], "[5, 7]": [-600, 7263.592810628446, 7595.51625025361, 7379.252513926549], "[3, 0]": [7453.964507762018, 7751.3096348842455, 7239.998309459219, 0], "[0, 2]": [6739.464080673643, 7283.898382232593, 34.6349527468692, -600], "[2, 5]": [6717.1613885771385, -600, -600, 7101.653836559371], "[4, 10]": [-600, 7491.464166869024, -600, -600], "[4, 8]": [-600, 6905.339063109065, 7528.033027940101, -600], "[5, 8]": [-600, 7415.743074353025, 7324.713583435387, -600], "[6, 13]": [-600, -600, -600, 6468.693513905599], "[3, 29]": [7246.379874913481, 7830.102069208251, 7436.761572172071, 0], "[5, 11]": [-600, -600, 7390.303975881537, 7474.288041287705], "[0, 13]": [-600, -600, -600, 5491.647749470152], "[5, 25]": [0, 7453.117165710892, 7655.692878998406, 7592.154969810141], "[2, 6]": [6472.177421720129, -600, -600, -600], "[5, 4]": [6878.422844919734, -600, 7435.94820078253, -600], "[7, 11]": [-600, -600, 7397.690440343911, 7698.651457934181], "[7, 4]": [5257.961569183978, -600, 7207.712231834335, -600], "[7, 9]": [-600, 7227.11825457265, 1338.9137625889161, 6739.263457069941], "[7, 5]": [7415.131901233936, -600, -600, 7568.725236292675], "[5, 23]": [7391.948265860779, 0, 7784.618690688436, 7394.003997601476], "[3, 32]": [0, 7813.006590896105, 7536.51880927025, 7561.980597882968], "[3, 30]": [7761.457443587266, 7802.77164634081, 0, 7707.093103885903], "[2, 10]": [224.51532931050463, 2087.209443663668, -600, -600], "[7, 18]": [0, 7588.606118890097, 7587.741271800762, 7794.608677784956], "[5, 22]": [7493.278729165159, 7568.709641050787, 7854.1996549649875, 0], "[1, 9]": [-600, 5438.599013549836, -600, 6676.946467937265], "[1, 37]": [7861.343276343048, 7443.667051573423, 0, 7557.996042651961], "[5, 9]": [-600, 5849.240405615811, 675.2445485921746, 6254.560826285733], "[3, 2]": [7377.194531605006, 7304.194198895169, 185.40992337599596, -600], "[3, 4]": [6557.536270353121, -600, 5660.76099177288, -600], "[1, 36]": [7844.757824811783, 7639.433753117448, 7637.465200636281, 0], "[7, 15]": [7362.64725053421, 7371.2822081549275, 0, 7353.499047336447], "[0, 6]": [7223.0493369631295, -600, -600, -600], "[4, 5]": [7300.1203016943555, -600, -600, 6872.957485203707], "[2, 11]": [-600, -600, 6415.632623859568, 6789.576372336762], "[3, 5]": [7206.641016549514, -600, -600, 7197.899555497479], "[3, 11]": [-600, -600, 7070.677112155673, 7113.881093018601], "[1, 2]": [7716.920246209492, 7401.192912239641, -600, -600], "[2, 13]": [-600, -600, -600, 5377.800932697281], "[4, 6]": [3152.968701134344, -600, -600, -600], "[7, 2]": [7219.294587060885, 7220.438815228901, -600, -600], "[0, 8]": [-600, 7025.149323349889, 6896.976617450918, 220.47248580709856], "[1, 5]": [7718.610615335927, -600, -600, 7505.5670243293], "[7, 8]": [-600, 7269.563487326761, 7033.798100481085, 244.24502817063058], "[1, 4]": [7691.8704490511855, -600, 7124.576408851718, -600], "[0, 12]": [-600, -600, 7027.498094708647, -600], "[3, 9]": [-600, 7687.240800844402, -600, 6884.664454790102], "[3, 12]": [-600, -600, 6752.309419662099, -600], "[6, 10]": [-600, 7283.358799353906, -600, -600], "[4, 12]": [-600, -600, 5592.368376993439, -600], "[1, 8]": [-600, 6661.3252504896645, 7004.746617706191, -600], "[1, 11]": [-600, -600, 7143.8297505020455, 6994.824733986485], "[5, 13]": [-600, -600, -600, 5961.740634622298], "[5, 2]": [6980.285699260107, 7213.233281553171, -600, -600], "[2, 12]": [-600, -600, 6511.834016356979, -600], "[7, 13]": [541.62143527546, -600, -600, 7122.936242984358], "[3, 8]": [-600, 7642.152145436304, 7385.688367151386, -600], "[5, 5]": [7101.35201934245, -600, -600, 6905.1247100223145], "[3, 10]": [-600, 7462.789501663779, 478.17670240859866, -600], "[5, 24]": [7188.699542992957, -600, 7079.498236059666, -600], "[3, 31]": [7623.87120969504, 7608.8720502932065, -600, -600], "[5, 27]": [-600, -600, 6984.944206973506, 7355.765100725536], "[6, 12]": [-600, -600, 7416.065690713185, -600], "[6, 6]": [4836.278654732024, -600, -600, -600], "[7, 19]": [-600, 7392.062870426638, 966.2368823347756, 7125.17763212671], "[1, 38]": [7751.463139348231, 7444.145667266614, -600, -600], "[1, 12]": [-600, -600, 6963.280257761329, -600], "[1, 40]": [7739.4336520640445, 1663.5757364785409, 7041.66727231688, -600], "[4, 13]": [-600, -600, -600, 7100.5660156206395], "[1, 10]": [-600, 6476.274625685992, -600, -600], "[7, 17]": [7564.789394816048, -600, -600, 7657.031508770942], "[1, 6]": [7579.737454616709, -600, -600, -600], "[1, 41]": [7717.066436580858, -600, -600, 7608.931210679575],