{"[6, 0]": [13052.64978454259, 13099.797083758256, 13256.273895199953, -600], "[6, 7]": [-600, 13339.557149121092, 13371.503849802752, 13281.655156760971], "[6, 3]": [13269.42719761935, -600, 13268.293313594142, 13454.966243721808], "[6, 1]": [13286.494529489988, 13102.79793021804, -600, 13170.097672058546], "[6, 4]": [11272.942713078897, -600, 10086.332663199322, -600], "[0, 3]": [13336.409249976543, -600, 13022.015409122625, 13459.006278473755], "[0, 7]": [-600, 13074.11017865456, 12958.912776332794, 12945.160019081395], "[0, 1]": [13027.159970348746, 13096.364062851142, -600, 13271.014275259875], "[0, 0]": [12968.369086462604, 13016.449278124226, 12719.214864782058, -600], "[1, 3]": [13628.894264465165, 0, 13519.960852662385, 13312.146977659093], "[1, 7]": [0, 13230.042931494787, 13189.718510650018, 13019.670924972448], "[2, 3]": [13258.040983690713, -600, 13095.299007615056, 13087.993431680296], "[2, 1]": [13309.963161740703, 13345.584298337644, -600, 12910.893228238576], "[2, 0]": [13420.857568679228, 13514.987477365878, 13369.26690937579, -600], "[1, 0]": [13620.953488670957, 13324.517600159437, 13404.5331855035, -600], "[2, 7]": [-600, 11828.259639220265, 12804.604633366009, 12959.537878074058], "[1, 1]": [13601.497076538213, 13245.117372778624, 0, 13175.499055647257], "[0, 9]": [-600, 9414.25381459012, -600, 9988.152688573538], "[6, 9]": [-600, 11477.733430802848, -600, 13336.312409936198], "[6, 8]": [-600, 12443.413972825198, 12961.659684118953, -600], "[0, 4]": [12861.443517039015, -600, 10451.103538149844, -600], "[0, 11]": [900.6247067018642, -600, 13043.776521618203, 12116.61693590138], "[0, 5]": [13322.587759620914, -600, -600, 13294.735525117514], "[7, 1]": [13315.958372776262, 13245.801690637634, 0, 13164.14074114332], "[7, 16]": [13323.599132834583, 0, 13405.612333188525, 13619.349612072388], "[3, 1]": [13457.65925650696, 13344.243418699878, 0, 13443.756626084647], "[4, 1]": [13119.910049750157, 13408.881731886178, -600, 13096.348553770855], "[4, 0]": [13340.600701122245, 13492.772195890453, 13423.062694105362, -600], "[4, 7]": [-600, 13404.959531465514, 13527.407459356853, 13252.804822285352], "[3, 7]": [0, 13650.724813936771, 13439.227772176948, 13375.367015087262], "[3, 3]": [13286.759266686004, -600, 13122.266127535997, 13224.842373520725], "[1, 39]": [13773.620050261923, 0, 13572.014810179671, 13579.969302665693], "[6, 11]": [-600, -600, 13333.52243237128, 13446.408495782576], "[7, 7]": [0, 13443.439428209404, 13189.109247753935, 13495.476811661127], "[7, 0]": [13162.020130712124, 12986.714043795275, 12974.177774226813, -600], "[6, 2]": [11990.986830111256, 13129.847774675953, 797.5601797180561, -600], "[6, 5]": [12624.06147758205, -600, -600, 11929.79028917361], "[7, 3]": [13307.478165454482, 0, 12933.80281545479, 13490.021472248465], "[2, 4]": [10838.659146661601, -600, 11506.72820686043, -600], "[2, 9]": [1232.607618825782, 12487.455604905375, -600, 11709.434662583353], "[2, 2]": [13245.46465470259, 13427.748525426123, -600, 676.6255381701692], "[4, 3]": [13280.902905139603, -600, 13010.371121560298, 13111.768015869695], "[4, 9]": [-600, 11762.705676253214, -600, 13245.990839224512], "[4, 11]": [-600, -600, 13341.119713708524, 13070.360741496865], "[2, 8]": [-600, 13112.963908802036, 12924.90881816312, -600], "[4, 4]": [11412.416249670565, 2800.906081076503, 12956.199112475024, -600], "[4, 2]": [12068.426754710452, 13390.859623971515, -600, -600], "[5, 3]": [13464.509129296643, 0, 13543.564259063998, 13522.973033168699], "[5, 0]": [13516.36089197862, 13446.60357457014, 13534.132185591388, -600], "[5, 1]": [13164.117012848197, 13161.81492919392, -600, 13197.777977001655], "[5, 7]": [-600, 13053.552084750656, 13517.69449873493, 13168.874782012814], "[3, 0]": [13333.04061402308, 13635.555568260328, 13300.455845197444, 0], "[0, 2]": [12735.00503110887, 13176.490308853594, -600, -600], "[2, 5]": [12229.142359953934, -600, -600, 13171.116335425784], "[4, 10]": [-600, 12391.219382327776, -600, -600], "[4, 8]": [-600, 13330.035651999871, 12091.594115770604, -600], "[5, 8]": [787.4134891245403, 13521.095590398838, 13647.165412825376, -600], "[6, 13]": [-600, -600, -600, 12851.956251210388], "[3, 29]": [13539.187193072199, 13701.114782440764, 13521.260157238197, 0], "[5, 11]": [-600, -600, 13529.519439396772, 13493.270632435719], "[0, 13]": [-600, -600, -600, 13383.4356707425], "[5, 25]": [0, 13453.515420351428, 13611.961971423689, 13434.13314274447], "[2, 6]": [13201.729271672133, -600, -600, -600], "[5, 4]": [12964.327160783476, -600, 12519.414327830322, -600], "[7, 11]": [-600, -600, 13326.934812266156, 13550.834722001366], "[7, 4]": [11957.951226284073, -600, 10518.930979830797, -600], "[7, 9]": [-600, 12194.567764053972, 0, 13525.75653193924], "[7, 5]": [13527.711954836834, -600, -600, 13588.941490963705], "[5, 23]": [13621.485664543885, 0, 13677.302398634734, 13616.019948016821], "[3, 32]": [0, 13325.731371501195, 13194.604932463428, 13260.978665398909], "[3, 30]": [13680.25295729573, 13763.268065928298, 0, 13559.267362878454], "[2, 10]": [-600, 11235.13756638607, -600, -600], "[7, 18]": [0, 13280.398243951275, 13293.470623148167, 13230.80981042147], "[5, 22]": [13565.729154389051, 13613.7382968958, 13728.51947336486, 0], "[1, 9]": [-600, 12832.387508972459, -600, 12013.084485727639], "[1, 37]": [13713.255664820756, 13391.175938519867, 0, 13427.436303970235], "[5, 9]": [-600, 12700.837650899757, -600, 11219.743924011731], "[3, 2]": [13632.030267984996, 13697.99923128591, -600, -600], "[3, 4]": [10580.121920605612, -600, 11396.523172910309, -600], "[1, 36]": [13721.843361092277, 13670.162948058565, 13644.665310768054, 0], "[7, 15]": [13408.909525467625, 13439.905627740234, 0, 13559.885226230686], "[0, 6]": [13002.509017926941, -600, -600, -600], "[4, 5]": [13268.49039799452, -600, -600, 12444.725429320613], "[2, 11]": [-600, 2083.871363203336, 13019.010935304499, 12997.371053410174], "[3, 5]": [13193.105009060791, -600, -600, 13123.258485326864], "[3, 11]": [-600, 960.0573711982167, 13125.218394431118, 13085.980697196172], "[1, 2]": [13583.417886223644, 13488.495919498613, -600, -600], "[2, 13]": [-600, -600, -600, 13035.104034127813], "[4, 6]": [11188.442557388691, -600, -600, -600], "[7, 2]": [13229.027200055187, 13224.199633870048, -600, -600], "[0, 8]": [-600, 13119.10743310385, 12822.849245051504, -600], "[1, 5]": [12164.79857140203, -600, -600, 13277.255101701146], "[7, 8]": [-600, 12858.492780198367, 12791.571895094257, -600], "[1, 4]": [13601.405114348956, -600, 11967.939817175722, -600], "[0, 12]": [-600, -600, 6936.385076323158, -600], "[3, 9]": [-600, 12257.257761240271, -600, 13111.808645494402], "[3, 12]": [-600, -600, 12569.217554723373, -600], "[6, 10]": [-600, 11862.365186760902, -600, -600], "[4, 12]": [-600, -600, 12979.904852185437, -600], "[1, 8]": [-600, 13050.73574391517, 12944.66927917683, -600], "[1, 11]": [-600, 998.6314052568982, 13489.841850881856, 13503.867967489085], "[5, 13]": [-600, -600, -600, 13250.150381874006], "[5, 2]": [13053.558153115164, 12257.953566339338, -600, -600], "[2, 12]": [-600, -600, 10698.987645457395, -600], "[7, 13]": [-600, -600, -600, 13503.86279580317], "[3, 8]": [-600, 13456.014352622906, 13445.2265935421, -600], "[5, 5]": [13536.654001529516, -600, -600, 13511.803120857516], "[3, 10]": [-600, 13965.5143643146, -600, -600], "[5, 24]": [13164.200752627195, 0, 13127.778383567753, -600], "[3, 31]": [13889.488318854921, 13932.076861669162, -600, -600], "[5, 27]": [-600, -600, 13499.216147156581, 13166.818823213354], "[6, 12]": [-600, -600, 11754.35526006935, -600], "[6, 6]": [11356.636555066825, -600, -600, -600], "[7, 19]": [-600, 11823.234281891364, 0, 13044.992493851962], "[1, 38]": [13762.952716928523, 13660.217889851005, -600, -600], "[1, 12]": [-600, -600, 12400.950639073813, -600], "[1, 40]": [12156.231424349073, 1663.5757364785409, 13240.306005204515, -600], "[4, 13]": [-600, -600, -600, 13279.038969813359], "[1, 10]": [-600, 11104.87157919187, -600, -600],