{"[4, 8]": [-600, 4527.564604267248, 1349.0769701565425, -600], "[0, 0]": [2116.362472528607, 4347.852996485735, 1585.4282785499777, 0], "[0, 1]": [3907.719122265212, 267.731547795939, 0, 525.870897314845], "[1, 3]": [0, 0, 3576.279803252232, 57.99980486625351], "[1, 7]": [-600, 107.9758619791712, 124.54925767761398, 3951.851964443168], "[2, 3]": [4152.001643736296, 0, 318.5782734702789, 709.017176436754], "[2, 7]": [-600, 4627.141582390302, 1108.7680293012265, 479.35270040770024], "[2, 0]": [4659.867165648641, 3372.1451679439324, 2912.5026567488558, 0], "[2, 1]": [4620.183958650201, 2232.643882031845, 0, 1211.4850852809677], "[1, 0]": [38.97600215873573, 158.50358383305212, 3885.561019049716, 0], "[0, 7]": [-600, 3946.333296714285, 0, 0], "[0, 3]": [1521.2890859263919, 0, 499.49714995349814, 4078.0224455216853], "[7, 1]": [4308.7624216513705, 0, 0, 0], "[7, 3]": [2968.9842449416055, 0, 0, 0], "[7, 4]": [-10.05581808180457, -600, 3906.520879056431, -600], "[6, 5]": [4508.167291318283, -600, -600, 2975.073515124192], "[6, 3]": [3947.350271660658, 0, 137.55449875459078, 766.8051264548093], "[6, 1]": [4403.283461322112, 1547.3237601905798, 0, 1741.7025682661492], "[6, 4]": [-57.54135738476528, -600, 4180.720836533457, -600], "[0, 4]": [4400.823898782809, -600, 1031.940567447599, -600], "[0, 11]": [-600, -600, 505.7393551155287, 4013.503050161844], "[6, 0]": [598.6867077734394, 1179.4017753945118, 4489.237207728185, 0], "[6, 7]": [-600, 1316.3862023031747, 1314.500836238409, 4552.313286100039], "[6, 9]": [-600, 364.96353049174854, -600, 4201.6135142714775], "[5, 11]": [-600, -600, 4644.475799639264, 965.7187166619063], "[4, 11]": [-600, -600, 4782.425702642122, 596.0026707447103], "[4, 7]": [-600, 4165.002763534459, 4764.1777506668095, 4096.034837920163], "[4, 0]": [1014.3505542888472, 1582.434376447822, 4703.661534928029, 0], "[4, 9]": [-600, 3963.914063600614, -600, 0], "[2, 4]": [3486.5613662288647, -600, -52.44181770361779, -600], "[3, 2]": [2233.806611504899, 4694.927466991372, -600, -600], "[3, 0]": [1998.5326852077699, 3220.535175815117, 4639.192984458304, 0], "[3, 7]": [-600, 4679.318371154041, 341.62389151702666, 346.5393576363514], "[3, 3]": [2021.158208665089, 0, 195.90897112352252, 45.49732587857513], "[3, 1]": [4631.46855426546, 775.9442050512954, 0, 171.47751032759118], "[4, 1]": [97.96325801208798, 4609.0225352979705, 0, 398.64734137032997], "[4, 3]": [680.8966614115865, 0, 4782.917423268648, 348.38480309306846], "[1, 1]": [0, 1997.0316222648405, 0, 0], "[7, 0]": [366.49608973937546, 3838.9499612671716, 826.6462124639912, 0], "[7, 7]": [-600, 3918.8963323291855, 268.88937404063637, 0], "[0, 5]": [4408.651853315658, -600, -600, 2249.260846002327], "[2, 9]": [-600, 4511.069700184553, -600, 8.452371933179968], "[2, 5]": [385.2250997323831, -600, -600, 3991.471480636115], "[2, 2]": [4608.51470022084, 1330.5701401267281, -600, -600], "[4, 4]": [-132.33536192914644, -600, 4444.772362372942, -600], "[4, 2]": [275.50559082479504, 4121.487999427467, -600, -600], "[0, 9]": [-337.66961092086297, 922.4692034146221, -600, 0], "[6, 11]": [-600, -600, 3602.287408512721, 4523.424218940098], "[7, 5]": [4474.685727302416, -600, -467.0087810090249, 737.2366832891548], "[5, 0]": [0, 279.2327798514407, 4615.78783461493, 0], "[5, 7]": [-600, 583.7492607147256, 1402.738413161644, 4658.857045206243], "[5, 3]": [0, 0, 34.56318474331609, 4672.9868342285645], "[3, 29]": [1505.1239110553045, 4901.199100859098, 1094.3967684773802, 0], "[5, 1]": [415.7798652830521, 0, 0, 3186.5154505314554], "[3, 8]": [-600, 4663.531472380131, 140.8256784196604, -600], "[2, 8]": [-600, 4650.265793529197, 2238.9073870425736, -600], "[1, 4]": [2101.132073018771, -600, 0, -600], "[1, 2]": [2866.18652008185, 0, -517.5514909117117, -600], "[1, 8]": [-600, 4175.199180035046, 340.17726779048456, -600], "[5, 24]": [933.6538929297093, -600, 3145.697900164128, -600], "[3, 32]": [0, 4876.43206610598, 1005.5686412926348, 466.41552257372905], "[1, 5]": [707.8898333456103, -600, -600, 307.0947103908466], "[1, 37]": [2283.235847721637, 427.6645654783158, 0, 344.162751494323], "[6, 8]": [-600, 1284.633238797337, 4322.802947332071, -600], "[3, 30]": [519.794982404666, 4815.898478180449, 0, 509.71703488488583], "[6, 12]": [-600, -600, 4482.108954578389, -600], "[5, 25]": [0, 420.2198010882971, 5029.143726998157, 758.1209203129883], "[2, 11]": [-600, -600, 87.17009852995876, 3869.170359359515], "[7, 15]": [515.9504248950647, 528.125929459585, 0, 4194.098148196104], "[7, 16]": [398.07112843325876, 0, 56.383297152305104, 1365.441504952409], "[4, 5]": [4164.296170787249, -413.5951383377316, -600, 0], "[5, 8]": [-600, 4448.694958579111, 304.17196022265364, -600], "[5, 9]": [-600, 2084.8497204728137, -600, 0], "[5, 22]": [377.9762614306086, 391.2319177751227, 4585.5772232460195, 0], "[0, 2]": [2796.186812984012, 64.00747134724627, -600, -473.0164396373904], "[0, 8]": [-600, 3837.7300717289518, 0, -600], "[7, 11]": [-600, -600, 553.0218971094076, 4810.145178693009], "[6, 2]": [4301.827326255032, 0, -600, -600], "[7, 2]": [2763.6015994459394, 0, -600, -600], "[5, 4]": [264.74709973416185, -600, 4041.6742824936196, -600], "[5, 2]": [0, 4174.437958242281, -600, -600], "[5, 23]": [709.8636617774303, 0, 3944.675284146745, 741.5754024272621], "[4, 12]": [-600, -600, 4626.267237671805, -600], "[1, 36]": [3710.185928864078, 63.89687362639905, 0, 0], "[3, 4]": [2227.773724760701, -600, 36.90954883198328, -600], "[7, 18]": [0, 674.8678869759646, 908.5591493519121, 4689.420954855403], "[1, 6]": [925.7299942660761, -600, -600, -600], "[1, 10]": [-600, 2245.3384770846333, -600, -600], "[7, 13]": [-600, -600, -600, 4430.812488449263], "[4, 10]": [-600, 3344.8711079748464, -600, -600], "[1, 9]": [-600, 482.88820238500494, -600, 2847.481115083839], "[0, 6]": [3300.1093814930027, -600, -600, -600], "[1, 39]": [4567.139606482058, 0, 547.2278823103826, 59.72629549818121], "[2, 13]": [-600, -600, -600, 3037.804049572872], "[3, 5]": [2290.259122068225, -600, -600, 383.16518180532273], "[2, 10]": [-600, 4491.486282871191, -600, -600], "[3, 9]": [-600, 4614.69489839183, -600, 401.4985855831975], "[3, 11]": [-600, -600, 3470.8355396240477, 51.77417216876417], "[0, 13]": [-600, -600, -600, 2458.8333420217114], "[7, 9]": [-600, 0, -600, 2780.7402365557723], "[7, 8]": [-600, 3808.041480808308, 24.979688457464977, -284.1849128217999], "[5, 26]": [-600, 4461.372804298538, 683.2251023935498, -600], "[6, 13]": [-600, -600, -600, 4534.615704720623], "[6, 6]": [3187.763651323642, -600, -600, -600], "[2, 6]": [3167.4987605731985, -600, -600, -600], "[1, 40]": [4386.603532291591, -600, 0, -600], "[1, 11]": [-600, -600, 2204.8853922445896, 0], "[6, 10]": [-600, 4121.930882981182, -600, -600], "[1, 13]": [-600, -600, -600, 1559.244690341466], "[3, 12]": [-600, -600, 3110.5913571914334, -600], "[4, 6]": [3484.1148119690456, -600, -600, -600], "[7, 19]": [-600, 0, -600, 2056.6053925041115], "[4, 13]": [-600, -600, -600, 4455.707407386294], "[1, 38]": [3878.0852934337727, 521.6154605943352, -600, -600], "[2, 12]": [-600, -600, 4294.820831010455, -600], "[2, 14]": [-600, -600, -600, -600], "[5, 5]": [0, -600, -600, 2969.9899834298776], "[3, 33]": [-600, 4837.67897895715, 568.8223170558823, -600], "[3, 34]": [-600, 4186.109812588514, -600, 399.0693707787005], "[3, 31]": [812.7708517144443, 4798.538713416425, 401.8395214053576, -600], "[5, 12]": [-600, -600, 4444.906688556542, -600], "[3, 10]": [-600, 4540.421313929828, -600, -600], "[3, 6]": [2263.630564999164, -600, -600, -600], "[0, 10]": [-600, 713.266215128508, -600, -600], "[0, 12]": [-600, -600, 3854.0491170921855, -450.62253480775746], "[7, 20]": [-600, -600, 518.3771438923949, 4939.742287103951], "[7, 17]": [380.53469377413296, -600, -600, 2980.3998910821556], "[5, 27]": [-600, -600, 620.1750335365323, 4694.11815916977], "[5, 10]": [-600, 2824.9238619549997, -600, -600], "[7, 12]": [-600, -600, 3006.148644943581, -600], "[1, 41]": [1417.626507629, -600, -600, 688.864408682846],