{"[6, 1]": [244.61835185815914, 212.70538138854823, -600, 734.1039818810568], "[5, 3]": [41.22857424487637, -600, 1001.5576058203114, 184.06588980594762], "[4, 4]": [20.663421079966245, -600, 538.3837744668739, -600], "[4, 2]": [125.78665418445745, 693.2832392754394, -600, -600], "[6, 0]": [219.04549920794352, 256.51174334457295, 686.2264711451598, -600], "[6, 7]": [-600, 497.4059992681497, 629.9310273597196, 796.2579994509719], "[6, 3]": [482.22779496060906, -600, 799.0902574422449, 617.6878884894584], "[7, 7]": [-600, 59.064827303014525, 193.80048913019328, 1003.6030744625494], "[7, 3]": [531.619535307235, -600, 515.7791284968125, 1050.9145543333864], "[7, 0]": [336.48969802482566, -0.4278811594588236, 18.417474322881166, -600], "[0, 7]": [-600, 197.92909102521264, 232.58062606975142, 707.1760113623652], "[0, 0]": [668.6058887371785, 242.62499738146738, 210.72175229334886, -600], "[0, 3]": [766.5214427456093, -600, 474.3091496074776, 595.6439924441687], "[0, 1]": [592.9784207281397, 457.2156229540941, -600, 766.6677168785053], "[7, 1]": [181.65153982106764, 45.871358468582216, -600, 979.3771357405773], "[0, 9]": [-600, -0.05691065561089148, -600, 215.37111425207976], "[0, 2]": [640.6766200374727, 111.10499896835422, -600, -600], "[2, 7]": [-600, 706.9973510370368, 239.10916405210358, 211.73681158741087], "[2, 3]": [715.593576009854, -600, 202.70147556005594, 248.17301655783848], "[2, 0]": [786.1435280096167, 618.7738690318574, 491.45093549944573, -600], "[2, 1]": [598.2896858598988, 794.9879913144787, -600, 471.406717153059], "[3, 1]": [157.09654055810975, 973.1334368623877, -600, 32.48480550180253], "[3, 3]": [287.8993573617181, -600, 15.805262272007889, -2.4740764129518227], "[1, 0]": [990.4847834525027, 196.55723675850842, 56.50724141043629, -600], "[1, 1]": [1047.6619617128222, 505.2289273863678, -600, 546.1837359502471], "[1, 7]": [-600, 20.65978677031436, -2.2270856746257564, 333.1418378719615], "[0, 4]": [223.66412970162702, -600, 5.946150973748791, -598.7975659425581], "[5, 1]": [-0.3722129865586518, 317.31353075073406, -600, 22.568669555756745], "[5, 7]": [-600, 522.8414456952854, 1064.4535581728142, 550.6726529804193], "[4, 3]": [174.22291696297825, -600, 756.2150844805741, 215.9489232180501], "[4, 1]": [232.67765922075307, 732.4033945611474, -600, 208.73748523948296], "[5, 0]": [52.48348040337891, 184.248862612956, 1017.7754423206163, -600], "[4, 7]": [-600, 832.2897425541018, 608.7440477306059, 464.06154652810596], "[0, 5]": [368.03337292709676, -600, -600, 743.3167858277628], "[4, 0]": [493.0522509912756, 623.9681000159261, 830.2989060948952, -600], "[2, 4]": [546.5564387413, -600, 30.46121023068041, -599.0256210859063], "[1, 5]": [932.2717606803956, -598.987670701979, -600, 110.6280177815245], "[2, 5]": [648.3440261006339, -600, -600, 114.85070388826213], "[2, 9]": [-598.769237764076, 187.19809100109566, -600, 4.132240772046659], "[0, 11]": [-600, -600, 111.50333611043986, 621.1099921330091], "[7, 18]": [0, 18.774132893734013, 50.39088576996352, 938.4776453446523], "[1, 39]": [917.2841244123605, 0, 11.100194721533267, 51.5782041614395], "[4, 8]": [-600, 814.689313167554, 449.91649569655, -600], "[4, 9]": [-600, 553.373374119035, -600, 24.01468869647985], "[3, 7]": [-600, 982.2951960778297, 164.5535592688245, 38.003552260240255], "[1, 9]": [-600, -1.3589028985438831, -600, 25.820777456306434], "[5, 8]": [-600, 156.95462752610774, 964.1012199112528, -600], "[2, 8]": [-600, 671.204584380968, 116.82889957664952, -600], "[6, 9]": [-600, 29.027402449552792, -600, 542.6701846294235], "[6, 11]": [-600, -600, 764.3359674306458, 415.78934056820503], "[3, 32]": [0, 917.853893939396, 57.59299657893733, 7.748410537434859], "[6, 2]": [50.55543035555202, 458.42909124184007, -600, -600], "[5, 5]": [2.347591275714162, -600, -600, 229.78679107131018], "[4, 11]": [-600, -600, 665.3247950816651, 105.60583740765287], "[5, 11]": [-600, -600, 899.8929099609082, 87.4581647113715], "[5, 2]": [2.338592209130943, 250.00317396243574, -600, -600], "[4, 5]": [383.2949447809632, -600, -600, 36.82899924340531], "[7, 4]": [17.4414201946789, -600, 0.3230974612043683, -600], "[6, 5]": [129.48852376563931, -600, -600, 646.7129226751895], "[5, 25]": [0, 265.69829579403887, 1123.742604528515, 277.15930098279745], "[1, 2]": [917.4790948026028, 148.71551445352918, -600, -600], "[0, 8]": [-600, 417.9920845856245, 41.525233866771245, -600], "[1, 11]": [-600, -598.988703987415, 1.9723968457042391, 205.14597350853649], "[1, 3]": [989.3167194811107, -600, 41.34686235868305, 193.5699750980244], "[1, 37]": [1105.2161942703572, 271.31034459842846, 0, 293.164770108676], "[7, 15]": [58.80526033566433, 11.153022549215518, 0, 909.8931010082872], "[6, 4]": [6.784238091790391, -600, 214.54272169622823, -600], "[3, 8]": [-600, 840.8063317892072, 118.77214861569901, -600], "[6, 8]": [-600, 146.26416793330972, 679.4325180776941, -600], "[7, 8]": [-600, 4.6757189260429355, 309.59334376065414, -600], "[7, 11]": [-600, -600, 144.79862992611655, 919.7439082517554], "[6, 10]": [-600, 305.36748951764565, -598.7431209031574, -600], "[6, 13]": [-600, -600, -600, 644.7195374299002], "[3, 0]": [506.51169224487575, 1048.729746124119, 486.59868108402867, -600], "[3, 29]": [255.18346372829848, 1098.9555390826379, 254.05613703175632, 0], "[5, 4]": [0.7433796028985183, -600, 399.7052470963008, -600], "[2, 2]": [399.14143036451605, 765.147409243424, -600, -600], "[7, 16]": [281.38124263177747, 0, 251.19490104614385, 1100.2811203515575], "[3, 30]": [49.089900208575145, 909.5309691975312, 0, 10.43870512341703], "[3, 4]": [69.55921738702973, -600, 2.7226947923360436, -600], "[0, 13]": [-600, -600, -600, 436.72929827341164], "[5, 23]": [11.85464262889389, 0, 915.8169195628287, 52.77039986321791], "[5, 22]": [12.723507155066354, 54.04027580529529, 928.0083610019702, 0], "[1, 4]": [474.09107822264076, -600, 1.803838210553115, -600], "[1, 8]": [-600, 278.4528929594789, 4.284784434940194, -600], "[7, 9]": [-600, 1.4136675187045808, -600, 405.46779463335645], "[4, 10]": [-600, 550.5034068412514, -600, -600], "[1, 42]": [130.6848348118528, -600, -600, -600], "[2, 11]": [-600, -600, 388.64319954224067, 36.97626992296218], "[3, 9]": [-600, 349.13974393468555, -600, -1.4727977905720941], "[2, 10]": [-600, 503.1748459781338, -600, -600], "[5, 9]": [-600, 70.70164792159528, -600, 1.3858941318130698], "[1, 40]": [243.88717337990852, 0, 0.7387070642996225, -600], "[4, 6]": [266.84668316913036, -600, -600, -600], "[3, 5]": [188.79804363530778, -600, -600, 1.6536240171766972], "[3, 2]": [84.4663360944947, 848.3864872906189, -600, -600], "[7, 5]": [94.03487427591564, -600, -600, 881.7277194135536], "[2, 6]": [638.5077600644923, -600, -600, -600], "[5, 24]": [0.4463226483148287, 0, 230.31275101427283, -600], "[6, 12]": [-600, -600, 508.5907424112654, -600], "[5, 12]": [-600, -600, 369.1793698682196, -600], "[0, 6]": [609.0477008516475, -600, -600, -600], "[1, 36]": [922.6279419349945, 55.315704766650214, 13.854761253083762, 0], "[1, 38]": [866.0408716608206, 33.997122942316004, -600, -600], "[3, 11]": [-600, -600, 212.93502732510944, 2.424360581377293], "[3, 34]": [-600, 237.51768296031622, 0, 0.7519612550013475], "[2, 12]": [-600, -600, 238.898647505873, -600], "[7, 2]": [274.0286418061934, 2.3476614937527165, -600, -600], "[5, 26]": [-600, 33.37351208395691, 866.7466976658322, -600], "[6, 6]": [277.050589648542, -600, -600, -600], "[5, 27]": [-600, -600, 622.4477680139044, 18.850872800534233], "[4, 12]": [-600, -600, 668.0865220164279, -600], "[7, 20]": [-600, -600, 42.03492382303448, 838.7396765515614], "[0, 12]": [-600, -600, 224.11051363593793, -600], "[7, 12]": [-600, -600, 120.02674834360323, -600], "[7, 17]": [20.676628317164337, -600, -600, 616.9800094475041], "[3, 12]": [-600, -598.5697060149693, 108.9176556994507, -600], "[7, 19]": [-600, 0.40529534519298027, -600, 221.1145960400091], "[3, 6]": [112.1646613927274, -600, -600, -600], "[0, 10]": [-600, 213.93739800585755, -600, -600],