{"[6, 0]": [7297.0920234812775, 7100.564002723162, 7118.582706756295, -600], "[6, 7]": [-600, 7310.551773490817, 7507.128799194517, 7431.549009971113], "[6, 3]": [7102.723277855621, -600, 7104.261951174181, 7669.802082447156], "[6, 1]": [7315.779065229686, 7208.402217189304, -600, 7031.796121742596], "[6, 4]": [6490.804320050102, -600, 7375.762179419893, -600], "[0, 3]": [7439.012099980152, -600, 7235.158140058045, 7603.707895723182], "[0, 7]": [-600, 7071.2288200732555, 7002.859780505663, 7577.101521555834], "[0, 1]": [7241.450382058714, 7176.104679608072, -600, 7560.743749725071], "[0, 0]": [6686.555398943983, 7062.279892562374, 6873.846913555742, -600], "[1, 3]": [7721.0372783408375, 0, 7312.5352245537815, 7455.762067965056], "[1, 7]": [0, 7104.497718935596, 6994.055365720104, 6972.685244565715], "[2, 3]": [7475.082443679558, -600, 6866.94130455954, 6879.362769606812], "[2, 1]": [7629.663409305645, 7147.68725339057, -600, 7260.338397225272], "[2, 0]": [7319.469450932987, 7606.298165338173, 7181.219059606954, -600], "[1, 0]": [7624.1311990933, 7358.923776030053, 7295.877017715009, -600], "[2, 7]": [-600, 6963.366413205236, 6855.6809631006745, 7289.276336506009], "[1, 1]": [7711.710173884533, 7207.154767868486, 0, 7254.220448878502], "[0, 9]": [-600, 5202.372733075629, -600, 6461.312009806633], "[6, 9]": [-600, 7388.0420539978095, -600, 6413.734953002038], "[6, 8]": [-600, 7435.789181424019, 7206.228864975194, -600], "[0, 4]": [5067.289828556989, -600, 7095.091058327798, -600], "[0, 11]": [-600, -600, 6650.178358275908, 7177.6487381748275], "[0, 5]": [6854.369928982036, -600, -600, 7384.58592503886], "[7, 1]": [7313.235352089849, 7246.743661261191, 0, 7221.683541064998], "[7, 16]": [7433.381645051235, 0, 7438.880423701417, 7935.285755882232], "[3, 1]": [7298.881330829423, 7682.666032862484, 0, 7362.786589135973], "[4, 1]": [7273.802429652132, 7129.943774895713, -600, 7253.2848337453115], "[4, 0]": [7288.797052789789, 7341.588327268123, 7502.732679750438, -600], "[4, 7]": [-600, 7502.293815590418, 7526.510502597817, 7476.616838259447], "[3, 7]": [0, 7686.235077586048, 7543.164384046121, 7449.134549716777], "[3, 3]": [7041.513132773289, -600, 6876.517548924561, 7123.775012670117], "[1, 39]": [7735.6246339525815, 0, 7578.246428301985, 7526.593134511468], "[6, 11]": [-600, -600, 7480.072431995024, 6808.625103298781], "[7, 7]": [0, 7368.560006039517, 7226.76687974055, 7694.893168238197], "[7, 0]": [7266.245940885226, 7151.608904389076, 7057.8272795505745, -600], "[6, 2]": [7294.933415847707, 6666.258543978846, -600, -600], "[6, 5]": [6713.2851523453255, -600, -600, 5965.569551283341], "[7, 3]": [7342.929590204081, 0, 7277.01812788336, 7749.310724671948], "[2, 4]": [6448.1068177318375, -600, 5775.593300779541, -600], "[2, 9]": [-600, 5415.643222272822, -600, 6333.079491746835], "[2, 2]": [7343.847327320835, 6302.03200098913, -600, -600], "[4, 3]": [7245.850351016279, -600, 7568.084921412409, 7262.749207347921], "[4, 9]": [-600, 6960.418401235134, -600, 6167.994587631196], "[4, 11]": [-600, -600, 7275.076921167931, 6793.997175678503], "[2, 8]": [-600, 7130.262971677865, 6504.726790330968, -600], "[4, 4]": [5983.966799529791, 5032.053975320849, 7295.54260247478, -600], "[4, 2]": [7279.037065124194, 6927.25492154549, -600, -600], "[5, 3]": [7275.862756385148, 0, 7784.090294214548, 7306.234426476621], "[5, 0]": [7434.159058678874, 7443.489035521438, 7806.868792494883, -600], "[5, 1]": [7002.653664451827, 6906.114342860222, -600, 7492.342884258284], "[5, 7]": [-600, 7274.036734311078, 7845.011303961049, 7359.312572202646], "[3, 0]": [7440.026925732412, 7679.119198316177, 7223.645146929469, 0], "[0, 2]": [6739.464080673643, 7093.549698617278, 34.6349527468692, -600], "[2, 5]": [7320.729072755181, -600, -600, 6322.121770882694], "[4, 10]": [-600, 7297.684977968024, -600, -600], "[4, 8]": [-600, 6967.94820648988, 7120.253050532545, -600], "[5, 8]": [-600, 7407.123753869166, 7324.713583435387, -600], "[6, 13]": [-600, -600, -600, 6319.57979980041], "[3, 29]": [7246.379874913481, 7701.995385731498, 7394.145190906539, 0], "[5, 11]": [-600, -600, 7390.303975881537, 7474.288041287705], "[0, 13]": [-600, -600, -600, 6968.689505790051], "[5, 25]": [0, 7435.41435942427, 7788.76583023619, 7587.971001154624], "[2, 6]": [4644.899396235368, -600, -600, -600], "[5, 4]": [6878.422844919734, -600, 7438.0542155349085, -600], "[7, 11]": [-600, -600, 7397.690440343911, 7763.244327590983], "[7, 4]": [5257.961569183978, -600, 7193.377885917875, -600], "[7, 9]": [-600, 7223.171098050218, 1338.9137625889161, 6739.263457069941], "[7, 5]": [7415.131901233936, -600, -600, 7599.696624108651], "[5, 23]": [7391.948265860779, 0, 7826.488165196658, 7394.003997601476], "[3, 32]": [0, 7661.88466644492, 7536.51880927025, 7561.980597882968], "[3, 30]": [7761.457443587266, 7853.813830093094, 0, 7707.093103885903], "[2, 10]": [-600, 2915.0137257948386, -600, -600], "[7, 18]": [0, 7442.571522025215, 7458.709338043812, 7429.390628846782], "[5, 22]": [7493.278729165159, 7568.709641050787, 7898.957551770453, 0], "[1, 9]": [-600, 5438.599013549836, -600, 6371.626632113117], "[1, 37]": [7805.90114517751, 7443.667051573423, 0, 7513.231892118616], "[5, 9]": [-600, 5849.240405615811, 675.2445485921746, 6834.173861207082], "[3, 2]": [7301.443053991596, 7527.910759176476, 185.40992337599596, -600], "[3, 4]": [7228.562714412002, -600, 5660.76099177288, -600], "[1, 36]": [7862.512387730429, 7639.433753117448, 7637.465200636281, 0], "[7, 15]": [7361.121113487326, 7358.7884462628, 0, 7353.499047336447], "[0, 6]": [6465.847361990045, -600, -600, -600], "[4, 5]": [7188.640079635326, -600, -600, 6534.554474304841], "[2, 11]": [-600, -600, 7131.946115538389, 6142.5455006374195], "[3, 5]": [7221.754464291452, -600, -600, 7181.912472902486], "[3, 11]": [-600, -600, 7070.677112155673, 7112.871109288699], "[1, 2]": [7599.720731929071, 7385.103720213287, -600, -600], "[2, 13]": [-600, -600, -600, 7064.441993446863], "[4, 6]": [3904.4748948191395, -600, -600, -600], "[7, 2]": [7238.453105112952, 7219.216771347378, -600, -600], "[0, 8]": [-600, 6913.573845926895, 6611.323878684434, 220.47248580709856], "[1, 5]": [7562.378985172649, -600, -600, 7241.565824885235], "[7, 8]": [-600, 7231.108324968306, 7078.075470169259, 244.24502817063058], "[1, 4]": [7618.377596936017, -600, 7124.576408851718, -600], "[0, 12]": [-600, -600, 5987.0770063774025, -600], "[3, 9]": [-600, 7701.7312295463125, -600, 6884.664454790102], "[3, 12]": [-600, -600, 6425.9759972033935, -600], "[6, 10]": [-600, 7340.99126196349, -600, -600], "[4, 12]": [-600, -600, 4048.4178929509744, -600], "[1, 8]": [-600, 6661.3252504896645, 7028.351335467978, -600], "[1, 11]": [-600, -600, 6822.48543401255, 7148.834647984016], "[5, 13]": [-600, -600, -600, 5961.740634622298], "[5, 2]": [6980.285699260107, 7221.863720200283, -600, -600], "[2, 12]": [-600, -600, 5230.985952198304, -600], "[7, 13]": [541.62143527546, -600, -600, 6940.450252844498], "[3, 8]": [-600, 7677.40202949222, 6889.0409900222185, -600], "[5, 5]": [7101.35201934245, -600, -600, 6905.1247100223145], "[3, 10]": [-600, 7614.408657231411, 478.17670240859866, -600], "[5, 24]": [7189.915057963053, -600, 7079.498236059666, -600], "[3, 31]": [7404.85324312494, 7375.277505611226, -600, -600], "[5, 27]": [-600, -600, 6984.944206973506, 7355.765100725536], "[6, 12]": [-600, -600, 7530.956585476498, -600], "[6, 6]": [4501.963042393456, -600, -600, -600], "[7, 19]": [-600, 7359.793939462988, 966.2368823347756, 7125.17763212671], "[1, 38]": [7671.64184746958, 7444.145667266614, -600, -600], "[1, 12]": [-600, -600, 6974.5246785194995, -600], "[1, 40]": [7651.1170144649195, 1663.5757364785409, 7041.66727231688, -600], "[4, 13]": [-600, -600, -600, 6887.043456725266], "[1, 10]": [-600, 6277.305994596378, -600, -600], "[7, 17]": [7564.789394816048, -600, -600, 7657.031508770942], "[1, 6]": [7614.090981331657, -600, -600, -600], "[1, 41]": [7650.027628906721, -600, -600, 7608.931210679575],