{"[6, 1]": [217.46624022124018, 188.2313830547662, -600, 621.9448419048189], "[5, 3]": [32.814191642345016, -600, 877.7993893769205, 152.2886031768158], "[4, 4]": [16.330753833627014, -600, 384.28657766954314, -600], "[4, 2]": [102.35473327861818, 579.2785753526824, -600, -600], "[6, 0]": [194.05333905513845, 229.5000507596517, 606.1634290425309, -600], "[6, 7]": [-600, 429.2545075706416, 542.9341987590618, 673.4906699081006], "[6, 3]": [414.3796825183802, -600, 683.2125941593536, 529.0311934786423], "[7, 7]": [-600, 46.309565460534, 167.66134188645103, 868.1431470919254], "[7, 3]": [447.6229763641748, -600, 434.9108230108252, 927.2109966530246], "[7, 0]": [257.5560333444601, -0.9609537074021699, 16.412214494308714, -600], "[0, 7]": [-600, 167.55808709984436, 209.60313412840466, 595.9365963040294], "[0, 0]": [577.0494317913179, 218.3057529701397, 182.26139495547454, -600], "[0, 3]": [645.7692120560463, -600, 404.46780152049007, 515.1375703583949], "[0, 1]": [509.54279427323206, 386.54085617960925, -600, 643.8628545831307], "[7, 1]": [156.3390882543804, 32.76686265585812, -600, 845.613563298646], "[0, 9]": [-600, 0.5480373817708794, -600, 159.00476350283583], "[0, 2]": [538.3353099891422, 98.89536403557739, -600, -599.0090849143527], "[2, 7]": [-600, 610.3146610826368, 212.3593049942127, 185.3415803459857], "[2, 3]": [614.9836012128613, -600, 177.3924933756322, 214.21321959650493], "[2, 0]": [667.3170830105028, 538.6317993200568, 421.81128171301174, -600], "[2, 1]": [517.8389827674648, 673.9654073518772, -600, 399.47055528882566], "[3, 1]": [131.00020663681616, 854.5087970728255, -600, 24.783169464092516], "[3, 3]": [225.0586881604855, -600, 12.583312896941019, -3.2282625472605364], "[1, 0]": [867.440909946292, 167.45305308858988, 43.15881745791683, -600], "[1, 1]": [923.2685496009491, 435.3216470779705, -600, 460.6697792102271], "[1, 7]": [-600, 18.684806829012523, -2.8317366109753848, 248.3357963034851], "[0, 4]": [174.4736933302799, -600, 3.6308986180903142, -600], "[5, 1]": [-1.9225405926962449, 242.76001592045728, -600, 21.332456251606615], "[5, 7]": [-600, 444.8905995330964, 958.8984553057592, 447.159333712357], "[4, 3]": [152.50116680694396, -600, 634.4475447474929, 195.25722522783977], "[4, 1]": [200.04230185593127, 616.3693153854956, -600, 176.97314544048294], "[5, 0]": [39.29183581961831, 160.17884069450793, 891.6711391671265, -600], "[4, 7]": [-600, 697.5360190892917, 519.5176913332032, 391.23630306168764], "[0, 5]": [308.252442727992, -600, -600, 614.0047523251976], "[4, 0]": [414.15627352789085, 537.8895242297394, 692.2305378338359, -600], "[2, 4]": [388.15879859078973, -600, 26.388463444224953, -600], "[1, 5]": [805.6630917339903, -598.8684160258431, -600, 93.16452797632286], "[2, 5]": [545.370246531082, -600, -600, 96.48957120260269], "[2, 9]": [-598.769237764076, 133.1899020037818, -600, 4.162146985495086], "[0, 11]": [-600, -600, 96.48999279280417, 533.5487726782463], "[7, 18]": [0, 14.196595792676458, 44.05174816404978, 805.1398609306152], "[1, 39]": [785.4118840344127, 0, 9.185694787710014, 45.63322369317284], "[4, 8]": [-600, 670.0891858353126, 373.3487432833207, -600], "[4, 9]": [-600, 394.23372592816344, -600, 20.244850368745983], "[3, 7]": [-600, 864.10636517489, 141.49674362368248, 28.252458492816476], "[1, 9]": [-600, -1.4675693723123295, -600, 10.033467629603324], "[5, 8]": [-599.2252471718058, 124.88415442288627, 835.4537242480221, -600], "[2, 8]": [-600, 568.9692330989772, 104.87716644388328, -600], "[6, 9]": [-600, 24.662790747224452, -600, 399.0257863193535], "[6, 11]": [-600, -600, 650.3680761552598, 351.17005876260566], "[3, 32]": [0, 790.2855266197836, 47.838128927681794, 6.309695774857207], "[6, 2]": [42.087027701358984, 350.8923498274666, -600, -598.8674394871399], "[5, 5]": [1.6408568958105254, -600, -598.6973329664072, 167.24361412193144], "[4, 11]": [-600, -600, 562.1452336880656, 87.2451974062405], "[5, 11]": [-600, -600, 788.9905705516103, 72.30979863904396], "[5, 2]": [1.0099678834889607, 183.40308830693732, -600, -600], "[4, 5]": [287.26821724775954, -600, -600, 27.841754104990077], "[7, 4]": [9.087840766667755, -600, 0.20174316586827845, -600], "[6, 5]": [109.71357717501364, -600, -600, 551.7525527976057], "[5, 25]": [0, 217.2272266655001, 1016.0649833526556, 224.64224262766277], "[1, 2]": [799.3781258081036, 126.57650294615348, -599.3427142165142, -600], "[0, 8]": [-600, 320.00189668021375, 35.871614928449915, -600], "[1, 11]": [-600, -600, 1.3888870433961014, 156.95061962727314], "[1, 3]": [867.733722413888, -600, 33.14028739494005, 169.4697600662176], "[1, 37]": [985.2886715913236, 220.393086917333, 0, 236.09806481640038], "[7, 15]": [51.00903296847524, 9.575473035856323, 0, 776.6115009065747], "[6, 4]": [6.22446491218873, -600, 158.03712436254196, -599.3594437607053], "[3, 8]": [-600, 728.4294315376927, 100.18320815778037, -600], "[6, 8]": [-600, 124.41184828712424, 574.3545962072387, -600], "[7, 8]": [-600, 3.1590190596506345, 225.5505388384276, -600], "[7, 11]": [-600, -600, 120.49673448649015, 782.5670285117425], "[6, 10]": [-600, 163.08962264613518, -600, -600], "[6, 13]": [-600, -600, -600, 435.7205326223713], "[3, 0]": [428.54453206544093, 939.8801712655802, 413.95799687587714, -600], "[3, 29]": [210.4147458404791, 996.0458088916861, 202.0964668561011, 0], "[5, 4]": [0.3223361826475514, -600, 263.92821943896837, -600], "[2, 2]": [327.57466618990105, 641.8193019234969, -600, -600], "[7, 16]": [232.34158695708976, 0, 209.7333220593812, 987.7284165605975], "[3, 30]": [46.02914499675774, 779.9282101439615, 0, 8.367488118953878], "[3, 4]": [41.09205408126117, -600, 2.7226947923360436, -600], "[0, 13]": [-600, -600, -600, 267.19611128890114], "[5, 23]": [9.175618782502168, 0, 784.7126944428152, 43.72569193783269], "[5, 22]": [10.182956647620985, 45.638170204753955, 792.2828590969204, 0], "[1, 4]": [311.96276046923214, -600, 1.6568244783039117, -600], "[1, 8]": [-600, 213.50764197839948, 3.175234139334213, -600], "[7, 9]": [-600, 1.3127907767119265, -599.277267169538, 278.8353718880351], "[4, 10]": [-600, 364.0386373762961, -600, -600], "[1, 42]": [85.89690459261823, -600, -600, -600], "[2, 11]": [-600, -600, 301.3733589996692, 31.57893414373106], "[3, 9]": [-600, 238.67029118016694, -600, -1.6415838201382242], "[2, 10]": [-598.6748490145386, 309.4588274050762, -600, -600], "[5, 9]": [-600, 41.67273131237232, -600, 0.17517589464982514], "[1, 40]": [180.1678152807045, 0, 0.7030960140283252, -600], "[4, 6]": [125.97240630952845, -600, -600, -600], "[3, 5]": [142.6829830864911, -600, -600, 1.2776431126796823], "[3, 2]": [67.62699219008032, 740.3922287859887, -600, -600], "[7, 5]": [78.5177181735013, -600, -600, 767.3515317593959], "[2, 6]": [439.5630993952037, -600, -600, -600], "[5, 24]": [0.4463226483148287, 0, 179.83554712753028, -600], "[6, 12]": [-600, -600, 323.46458327496026, -600], "[5, 12]": [-600, -598.8445554993851, 225.86503696606826, -600], "[0, 6]": [398.3298839637018, -598.9306727871233, -600, -600], "[1, 36]": [793.021730304606, 45.59841532857745, 11.277844063903894, 0], "[1, 38]": [704.2729877832121, 29.675249215352643, -600, -600], "[3, 11]": [-600, -600, 160.41146227679943, 1.25851673803972], "[3, 34]": [-600, 176.21275287236088, 0, 0.2179522928515728], "[2, 12]": [-600, -600, 118.43886977112679, -600], "[7, 2]": [192.51198670404386, 1.7817009968117505, -600, -600], "[5, 26]": [-600, 26.158066782392645, 696.517833178485, -600], "[6, 6]": [145.66664613310803, -600, -600, -600], "[5, 27]": [-600, -600, 517.0270853546959, 16.95859046513199], "[4, 12]": [-600, -600, 446.416552227556, -600], "[7, 20]": [-600, -600, 33.273872748943454, 695.1664394160733], "[0, 12]": [-600, -600, 106.1538302459991, -600], "[7, 12]": [-600, -600, 70.39087225818902, -600], "[7, 17]": [18.8371160524455, -600, -600, 509.5498461933657], "[3, 12]": [-600, -598.722016523197, 55.756139002486364, -600], "[7, 19]": [-600, 0.3880323493889427, -600, 161.84294609316876], "[3, 6]": [53.004102849863024, -600, -600, -600],