{"[6, 0]": [7418.640011465062, 7211.635583901593, 6855.887063794174, -600], "[6, 7]": [-600, 7361.487838931387, 7760.1034109111315, 7478.9206276652], "[6, 3]": [7326.244509989425, -600, 6916.431334188399, 7575.626744694664], "[6, 1]": [7428.685484086439, 7247.755521676568, -600, 7134.707592885258], "[6, 4]": [6456.008880668618, -600, 6850.442483754502, -600], "[0, 3]": [7385.270137962977, -600, 7321.2428877871735, 7730.272948896156], "[0, 7]": [-600, 7419.268338368476, 7002.859780505663, 6758.396775218506], "[0, 1]": [7241.450382058714, 7176.104679608072, -600, 7732.9681027493], "[0, 0]": [7249.069301981379, 7443.90580338888, 6942.467605553541, -600], "[1, 3]": [7847.702928951757, 0, 7676.197944054361, 7714.484154357757], "[1, 7]": [0, 7334.943605320917, 7303.816771203096, 7316.477325957606], "[2, 3]": [7489.039199773029, -600, 7364.411017296505, 7371.734264602719], "[2, 1]": [7578.424315247306, 7462.665193731029, -600, 7442.768470748104], "[2, 0]": [7337.006962838579, 7372.562859035721, 7302.094567391804, -600], "[1, 0]": [7359.008221275799, 7441.104209131426, 7423.5695961899455, -600], "[2, 7]": [-600, 7338.726133282829, 7189.566738567393, 7129.051886809517], "[1, 1]": [7879.010235041428, 7504.078207297527, 0, 7507.37736285812], "[0, 9]": [-600, 6867.038917652178, -600, 5564.456167846627], "[6, 9]": [-600, 7407.775766862402, -600, 5584.774250143982], "[6, 8]": [-600, 7296.632019665856, 7523.6236128174605, -600], "[0, 4]": [4784.773200475426, -600, 7437.250176221949, -600], "[0, 11]": [-600, -600, 7225.498376610128, 7360.353749489534], "[0, 5]": [6772.998127778427, -600, -600, 7613.745105185579], "[7, 1]": [7340.077045786615, 7239.838863997332, 0, 7221.683541064998], "[7, 16]": [7471.886237404825, 0, 7407.101539654222, 7922.046154127151], "[3, 1]": [7631.275094911633, 7696.074568701097, 0, 7634.8568026664725], "[4, 1]": [7426.996823434325, 7654.75710252104, -600, 7495.945227876065], "[4, 0]": [7538.48846811138, 7682.638898238727, 7523.56538913768, -600], "[4, 7]": [-600, 7647.864719246562, 7727.002855816858, 7658.104832495275], "[3, 7]": [0, 7728.08658567664, 7679.299596063639, 7670.098235591828], "[3, 3]": [7585.686880062408, -600, 7533.117313934362, 7499.091882142062], "[1, 39]": [7985.307195209003, 0, 7713.451769608535, 7844.856301878479], "[6, 11]": [-600, -600, 7659.347485937845, 6870.766831545223], "[7, 7]": [0, 7441.3398369012875, 7365.306618165574, 7812.057128613282], "[7, 0]": [7345.499836889288, 7269.357366962298, 7269.219115894381, -600], "[6, 2]": [7373.836186535882, 6687.426103412243, -600, -600], "[6, 5]": [7252.606471265926, -600, -600, 7003.527053041221], "[7, 3]": [7412.101965703127, 0, 7257.73775106876, 7767.84530500245], "[2, 4]": [6393.149555869779, -600, 6734.859561809619, -600], "[2, 9]": [-600, 6779.543614031167, -600, 6212.743156282795], "[2, 2]": [7504.419105819861, 7140.951563994936, -600, -600], "[4, 3]": [7359.834895745082, -600, 7611.258889439979, 7328.682628963776], "[4, 9]": [-600, 7592.874926239054, -600, 5909.161986145444], "[4, 11]": [-600, -600, 7587.486244601937, 7180.340274325981], "[2, 8]": [-600, 6879.12249268284, 7146.713732598148, -600], "[4, 4]": [7468.785905847235, 5032.053975320849, 6884.465605170151, -600], "[4, 2]": [7546.992551675407, 7108.574298037648, -600, -600], "[5, 3]": [7554.429205897387, 0, 7753.7585218036975, 7572.731579096065], "[5, 0]": [7543.246175632962, 7541.637289084552, 7770.176648980046, -600], "[5, 1]": [7515.270551074719, 7437.884099315334, -600, 7566.926356377185], "[5, 7]": [-600, 7468.196336080385, 7717.910077878525, 7571.386190426388], "[3, 0]": [7613.72927462041, 7746.981614096397, 7489.44450103511, 0], "[0, 2]": [6679.845466409021, 7330.235206396714, 34.6349527468692, -600], "[2, 5]": [6473.06346514221, -600, -600, 7126.038753254932], "[4, 10]": [-600, 7585.137049529652, -600, -600], "[4, 8]": [-600, 7609.786663085585, 6946.450827213362, -600], "[5, 8]": [-600, 7558.592478167735, 7730.3278294621805, -600], "[6, 13]": [-600, -600, -600, 7406.077705949256], "[3, 29]": [7227.3883634454305, 7848.213236372495, 7470.251116709537, 0], "[5, 11]": [-600, -600, 7460.391374549518, 7556.918335175067], "[0, 13]": [-600, -600, -600, 6432.6674848450575], "[5, 25]": [0, 7464.342977975313, 7865.3984410202875, 7635.47866035299], "[2, 6]": [7257.427447374133, 2.3163989269700096, -600, -600], "[5, 4]": [7285.564533063913, -600, 6919.250556942294, -600], "[7, 11]": [-600, -600, 7397.690440343911, 7824.499065674658], "[7, 4]": [5257.961569183978, -600, 7264.539429432544, -600], "[7, 9]": [-600, 7137.699881295671, 1338.9137625889161, 6739.263457069941], "[7, 5]": [7415.131901233936, -600, -600, 7824.094079432463], "[5, 23]": [7573.53435509837, 0, 7398.58716561239, 7619.471809151984], "[3, 32]": [0, 7903.969679218911, 7536.51880927025, 7616.422701370539], "[3, 30]": [7820.52604582046, 7910.740251469868, 0, 7826.328993165503], "[2, 10]": [224.51532931050463, 7234.25020626707, -600, -600], "[7, 18]": [0, 7895.453743855518, 7848.414455678718, 8051.910067221557], "[5, 22]": [7514.148182597065, 7568.709641050787, 7875.280367101146, 0], "[1, 9]": [-600, 5987.236470281512, -600, 6051.567046226071], "[1, 37]": [7989.362880421301, 7627.072345245069, 0, 7679.024992505249], "[5, 9]": [-600, 7232.864454840315, 675.2445485921746, 6025.460483109752], "[3, 2]": [7661.09784513552, 7724.435546544734, 185.40992337599596, -600], "[3, 4]": [7449.177812548771, -600, 6356.8899908587555, -600], "[1, 36]": [7877.417693283315, 7639.433753117448, 7637.465200636281, 0], "[7, 15]": [7421.70378076741, 7412.535453872571, 0, 7353.499047336447], "[0, 6]": [7458.567831147888, -600, -600, -600], "[4, 5]": [6885.055461346101, -600, -600, 7458.003617596722], "[2, 11]": [-600, -600, 7070.5867675724085, 6942.86538046094], "[3, 5]": [7556.6540425648145, -600, -600, 7564.728112514061], "[3, 11]": [-600, -600, 7292.440609478241, 7230.9008868996925], "[1, 2]": [7682.772794142383, 7477.842093525306, -600, -600], "[2, 13]": [-600, -600, -600, 7081.439639521344], "[4, 6]": [5639.989104148264, -600, -600, -600], "[7, 2]": [7307.640963337607, 7259.053281662377, -600, -600], "[0, 8]": [-600, 7298.133087418047, 6679.031118385775, -600], "[1, 5]": [7842.001361298789, -600, -600, 7730.86681907786], "[7, 8]": [-600, 7302.669235945083, 7033.798100481085, -600], "[1, 4]": [7651.50060404222, -600, 7124.576408851718, -600], "[0, 12]": [-600, -600, 7319.745667255623, -600], "[3, 9]": [-600, 7759.251701367492, -600, 7515.81390714097], "[3, 12]": [-600, -600, 6770.047883650979, -600], "[6, 10]": [-600, 7394.532032302906, -600, -600], "[4, 12]": [-600, -600, 7339.457526701848, -600], "[1, 8]": [-600, 6661.3252504896645, 7017.547567296086, -600], "[1, 11]": [-600, -600, 7102.285035868655, 7079.440351965752], "[5, 13]": [-600, -600, -600, 6539.0138890616345], "[5, 2]": [7310.619758391033, 7322.954041732339, -600, -600], "[2, 12]": [-600, -600, 3357.254136022134, -600], "[7, 13]": [541.62143527546, -600, -600, 7075.885149026057], "[3, 8]": [-600, 7761.04491944464, 7416.340735347612, -600], "[5, 5]": [7416.147750679691, -600, -600, 7529.823171905007], "[3, 10]": [-600, 7631.2126995066765, 478.17670240859866, -600], "[5, 24]": [7330.288062037437, -600, 7079.498236059666, -600], "[3, 31]": [7737.92141068228, 7766.726061465823, -600, -600], "[5, 27]": [-600, -600, 6984.944206973506, 7663.891141437755], "[6, 12]": [-600, -600, 6966.745661348423, -600], "[6, 6]": [5194.696859782273, -600, -600, -600], "[7, 19]": [-600, 7544.458720067268, 966.2368823347756, 7125.17763212671], "[1, 38]": [7939.218056837869, 7614.527719288747, -600, -600], "[1, 12]": [-600, -600, 6476.833379761608, -600], "[1, 40]": [7044.36401934167, 1663.5757364785409, 7160.211506559117, -600], "[4, 13]": [-600, -600, -600, 6520.5349173064], "[1, 10]": [-600, 7036.529776139424, -600, -600], "[7, 17]": [7564.789394816048, -600, -600, 7665.318813176791], "[1, 6]": [7709.692713220864, -600, -600, -600], "[1, 41]": [7978.492902191518, -600, -600, 7942.921521276219],