{"[6, 1]": [266.34733886867997, 233.34200462836856, -600, 828.9612418279625], "[5, 3]": [49.80288498056586, -600, 1104.4773049383025, 208.27300918280403], "[4, 4]": [22.42361350719021, -600, 681.4272200205668, -600], "[4, 2]": [139.3749031869607, 802.4597102006315, -600, -600], "[6, 0]": [243.50704173028475, 271.5877060776952, 791.5096538587173, -600], "[6, 7]": [-600, 554.7610571753336, 695.9156928137562, 905.7347145123183], "[6, 3]": [534.7094039760221, -600, 913.0095865717898, 679.0929847704701], "[7, 7]": [-600, 69.48279118102381, 212.76546607073138, 1105.6295814984783], "[7, 3]": [596.6116574364568, -600, 582.2217743057346, 1161.3310478345843], "[7, 0]": [431.36610631520495, 0.756009506497427, 21.3502138592721, -600], "[0, 7]": [-600, 216.79507402217746, 251.08745705645183, 805.8064838453835], "[0, 0]": [758.8012544979323, 261.8504973336743, 230.05254492928043, -600], "[0, 3]": [873.4423546919002, -600, 521.1538232544596, 659.8338547611397], "[0, 1]": [653.8826502501479, 510.42656995397965, -600, 879.80813875961], "[7, 1]": [200.88767965670777, 53.52991632010365, -600, 1088.7528686137807], "[0, 9]": [-600, -0.9283072330014943, -600, 286.2115500164517], "[0, 2]": [719.7551023363668, 122.24396769536918, -600, -600], "[2, 7]": [-600, 801.3406032081521, 258.46707154249617, 237.7767193001176], "[2, 3]": [810.9220311702578, -600, 224.4933445074833, 266.2281807223016], "[2, 0]": [893.4767243307191, 675.5277493076866, 543.6251266323591, -600], "[2, 1]": [660.8820217649474, 904.2316453380098, -600, 526.7435562920585], "[3, 1]": [176.76595868069037, 1081.0032590730848, -600, 37.14569346855116], "[3, 3]": [379.51090483379926, -600, 18.76631238299612, -2.1660329333616932], "[1, 0]": [1104.8892671578533, 220.51437370716198, 65.19642557833423, -600], "[1, 1]": [1157.3305915613175, 563.9840947637854, -600, 615.1317977413529], "[1, 7]": [-600, 23.492602412659327, -1.0124332378487086, 412.8930014074013], "[0, 4]": [288.67626857758455, -600, 6.181002053720026, -598.7975659425581], "[5, 1]": [0.014180487342475512, 396.02979046607186, -600, 24.428133647693485], "[5, 7]": [-600, 575.6618271045527, 1167.7147442716625, 621.542854406995], "[4, 3]": [193.65033487694927, -600, 851.6966368170592, 236.38717444676186], "[4, 1]": [257.2371826097875, 836.1709986918906, -600, 227.44580002487342], "[5, 0]": [59.60383729335604, 201.70822080006928, 1128.8176428153408, -600], "[4, 7]": [-600, 943.2000005870702, 670.2006272793757, 516.7677358457837], "[0, 5]": [413.9260938389981, -600, -598.6970958407634, 855.7960576784228], "[4, 0]": [550.4169121061324, 689.104508786936, 939.7362202115173, -600], "[2, 4]": [680.7435274663939, -600, 35.11456456213018, -600], "[1, 5]": [1024.0869550500113, -600, -600, 119.71724830709451], "[2, 5]": [719.81719969001, -600, -598.9519195049976, 129.03828975132762], "[2, 9]": [-600, 241.85706641071368, -600, 4.79688384353482], "[0, 11]": [-600, -600, 123.99201473486633, 710.3290412040237], "[7, 18]": [0, 20.742979640061954, 55.260810250285225, 1061.0711953885316], "[1, 39]": [1056.904033250988, 0, 13.27417410209083, 57.05198398660812], "[4, 8]": [-600, 927.6072992887077, 510.80186433988155, -600], "[4, 9]": [-600, 693.9931881661092, -600, 28.402652006875016], "[3, 7]": [-600, 1077.9267579809025, 185.18782338992702, 46.116517736753465], "[1, 9]": [-600, -0.8638847707926895, -600, 57.45925143776662], "[5, 8]": [-600, 181.50942005779717, 1070.9121466582744, -600], "[2, 8]": [-600, 758.2190178369123, 128.7307824553036, -600], "[6, 9]": [-600, 36.3414023026982, -600, 697.1711191474417], "[6, 11]": [-600, -600, 890.867023555053, 465.00558909077927], "[3, 32]": [0, 1042.9935299714737, 61.6860869635821, 9.987019838616382], "[6, 2]": [60.713777368970256, 557.4866760505511, -600, -600], "[5, 5]": [2.992795943910869, -600, -600, 299.88374608230475], "[4, 11]": [-600, -600, 750.4970179920662, 119.36450633856325], "[5, 11]": [-600, -600, 982.8342454691367, 96.76676201775737], "[5, 2]": [2.9636993620455545, 318.4666326238851, -600, -600], "[4, 5]": [514.9613472141776, -600, -600, 42.48063765416278], "[7, 4]": [47.321815023251446, -600, 0.3230974612043683, -600], "[6, 5]": [145.30529037007253, -600, -600, 731.9789516030673], "[5, 25]": [0, 302.7074057085916, 1228.6938299872354, 318.03880162994835], "[1, 2]": [1031.9891628492028, 164.3626932819046, -600, -600], "[0, 8]": [-600, 526.2255009295633, 47.49864405475926, -600], "[1, 11]": [-600, -598.988703987415, 1.9723968457042391, 258.61151894774605], "[1, 3]": [1103.5571655310564, -600, 48.92015138908111, 217.30334036429485], "[1, 37]": [1216.736971052616, 312.8780558916467, 0, 337.3378277145324], "[7, 15]": [61.617738631019485, 12.697781315386045, 0, 1044.4897299402744], "[6, 4]": [7.978430505616897, -600, 273.2068970828333, -600], "[3, 8]": [-600, 950.3945378464255, 134.01112640288667, -600], "[6, 8]": [-600, 162.8218063093543, 779.8148050829947, -600], "[7, 8]": [-600, 8.09148816655556, 401.5066369866131, -600], "[7, 11]": [-600, -600, 164.52272574647017, 1035.9146388526792], "[6, 10]": [-600, 483.4970129308016, -600, -600], "[6, 13]": [-600, -600, -600, 807.3348829683563], "[3, 0]": [564.3891280506543, 1154.0278648787, 544.1433138534787, -600], "[3, 29]": [295.5567337576122, 1202.86644114934, 289.5840752227235, 0], "[5, 4]": [1.0110946217485228, -600, 562.60054067883, -600], "[2, 2]": [449.8670013024961, 877.7683071869819, -600, -600], "[7, 16]": [318.22811883936146, 0, 289.6723801815058, 1215.3848848144735], "[3, 30]": [52.07447052439601, 1036.5838913543178, 0, 12.082636367404398], "[3, 4]": [111.77412834472335, -600, 2.7226947923360436, -600], "[0, 13]": [-600, -600, -599.1312216790418, 637.5232638356122], "[5, 23]": [13.125185806886265, 0, 1040.8533064119104, 54.98480058863034], "[5, 22]": [13.59523028083543, 59.734145379348405, 1054.9227764106747, 0], "[1, 4]": [627.4828547602194, -600, 1.9107855089721217, -600], "[1, 8]": [-600, 361.1507326687872, 5.017321292040871, -600], "[7, 9]": [-600, 1.5908329286475822, -600, 569.3729465549103], "[4, 10]": [-600, 717.64951269732, -600, -600], "[1, 42]": [190.86180965918848, -600, -600, -600], "[2, 11]": [-600, -600, 490.52579893110067, 43.91504316814762], "[3, 9]": [-600, 484.8832018573466, -600, -1.444256512955961], "[2, 10]": [-598.54422125739, 669.5360844314532, -600, -600], "[5, 9]": [-600, 127.6401765174403, -600, 2.7899635050391454], "[1, 40]": [301.0117032692566, 0, 0.7387070642996225, -600], "[4, 6]": [443.0072543884287, -600, -600, -600], "[3, 5]": [249.13786591065164, -600, -600, 2.5678728770373738], "[3, 2]": [95.6391976203022, 936.6536393955323, -600, -600], "[7, 5]": [103.04449993560355, -600, -600, 986.7996637501086], "[2, 6]": [782.6401835906507, -600, -600, -600], "[5, 24]": [0.4611060038439608, 0, 287.30371655305447, -600], "[6, 12]": [-600, -600, 663.9593847890293, -600], "[5, 12]": [-600, -600, 552.4126692823944, -600], "[0, 6]": [771.7888186392126, -600, -600, -600], "[1, 36]": [1050.8342689763688, 61.28616123090587, 16.846080607157557, 0], "[1, 38]": [1008.6520374279703, 37.93359558888464, -600, -600], "[3, 11]": [-600, -600, 275.8211032665682, 2.7954910557854404], "[3, 34]": [-600, 295.8887556195675, -600, 0.7519612550013475], "[2, 12]": [-600, -600, 396.01361261468315, -600], "[7, 2]": [367.9929097820286, 4.807727293550923, -600, -600], "[5, 26]": [-600, 36.94657351610345, 1023.9236858556054, -600], "[6, 6]": [465.81779435013016, -600, -600, -600], "[5, 27]": [-600, -600, 725.9203536990707, 18.850872800534233], "[4, 12]": [-600, -600, 838.606142441707, -600], "[7, 20]": [-600, -600, 45.462490977001195, 996.2962279228328], "[0, 12]": [-600, -600, 387.50289840455247, -600], "[7, 12]": [-600, -600, 205.16471873842758, -600], "[7, 17]": [22.83762909616933, -600, -600, 707.1369313917156], "[3, 12]": [-600, -600, 195.96835124652517, -600], "[7, 19]": [-600, 0.40529534519298027, -600, 278.6434153866764], "[3, 6]": [196.6465819442285, -600, -600, -600], "[0, 10]": [-600, 373.38999049563, -600, -600], "[5, 10]": [-600, 192.24204770613912, -600, -600],