{"[5, 1]": [-0.7528451514219496, 24.496720189958562, -600, 422.5626864511116], "[6, 0]": [261.48778581804004, 301.077292984722, 835.3637344748864, -600], "[6, 7]": [-600, 549.0345626764973, 691.5314447589844, 960.6051210720965], "[6, 1]": [280.75081209087904, 226.33506963336205, -600, 869.1722702724177], "[6, 3]": [549.0436352886869, -600, 966.3152519164556, 691.1199928335989], "[6, 9]": [-600, 25.873462807079438, -600, 721.4163856095348], "[6, 8]": [-600, 149.79034698546772, 820.0324319044919, -598.4693545219393], "[4, 9]": [-600, 713.6749033642935, -600, 32.306716250425644], "[4, 8]": [-600, 980.1096467563458, 558.8750455444974, -600], "[4, 7]": [-600, 998.9726348059985, 716.6127214003149, 568.9289857182999], "[4, 0]": [572.8510944997574, 713.2879527182129, 993.7430501998887, -600], "[4, 11]": [-600, -600, 836.9196298768164, 156.17661126950813], "[7, 7]": [-600, 67.0806603397665, 204.96740200609335, 1134.698001379692], "[7, 3]": [617.5301162370265, -600, 579.8036012918035, 1201.19297656894], "[0, 7]": [-600, 229.19377021921068, 273.71567263581215, 849.0872537344986], "[0, 3]": [919.4175315678561, -600, 511.774475304553, 650.018199044877], "[0, 1]": [666.0596123855929, 514.4042906923547, -600, 912.4405700955649], "[0, 0]": [786.9501848069538, 264.3987612852903, 234.76300751716465, -600], "[7, 1]": [211.71281084812466, 60.623213682211855, -600, 1145.0671999284277], "[7, 0]": [482.24911504339457, 1.8466126049066456, 20.900339516354652, -600], "[5, 3]": [46.388159068843464, -600, 1159.732064822789, 206.7745688213237], "[4, 3]": [226.71254425824804, -600, 904.2039319242309, 270.5594319196767], "[4, 1]": [254.9307098719621, 869.2051362261681, -600, 222.3212390089651], "[5, 0]": [70.4959228680017, 203.91126364308514, 1164.6083724826917, -600], "[5, 7]": [-600, 629.5011761022876, 1209.8544032112181, 681.597757821726], "[2, 3]": [847.8155118580162, -600, 218.7623879132178, 257.30807363629407], "[2, 7]": [-600, 828.2601620535478, 298.03671718483383, 252.67647793463365], "[2, 1]": [676.1443338701681, 940.0917407348442, -600, 532.8054718828328], "[2, 0]": [940.9198864340033, 655.6159489196197, 538.4295308557173, -600], "[1, 0]": [1110.142752060115, 187.8927624899268, 58.84245420314889, -600], "[1, 7]": [-600, 23.267060141527228, -1.6243443055666071, 471.3383127661719], "[1, 3]": [1107.039486704819, -600, 45.55007701001229, 191.9191703257449], "[2, 4]": [714.9747695212882, -600, 29.8207068093865, -600], "[2, 8]": [-600, 802.320109518768, 152.51265792886056, -600], "[2, 9]": [-600, 279.1949785268816, -600, 5.807082208277443], "[2, 2]": [931.0433313957571, 521.8324667715342, -600, -600], "[1, 1]": [1186.9008328214802, 512.3890068966297, -600, 576.6068481988282], "[3, 1]": [219.59244452584755, 1138.062438501465, -600, 47.53424688161046], "[3, 3]": [17.670743788332263, -600, 417.38816801877465, 0.3736737943712393], "[3, 7]": [-600, 1114.5842382780413, 186.90040820510384, 43.82036522606998], "[0, 4]": [250.02952640091718, -600, 12.24270224902061, -600], "[0, 11]": [-600, -600, 114.79536691903199, 731.1085622375629], "[5, 11]": [-600, -600, 1128.9745974542711, 152.98602273426977], "[6, 4]": [5.709945942893612, -600, 318.20292400668785, -600], "[3, 32]": [0, 1079.3510896143473, 54.65007136924632, 11.362843194452369], "[5, 23]": [12.615119939371603, 0, 1096.9749041422895, 62.04858595116457], "[3, 29]": [336.97768514700994, 1246.328619348999, 314.4007213654002, 0], "[1, 36]": [1078.5153586506538, 58.810046619934425, 15.552949174533, 0], "[4, 2]": [125.61262501772714, 831.617122407641, -600, -600], "[6, 11]": [-600, -600, 522.5873972585375, 946.3463230890893], "[5, 8]": [-600, 206.663351113016, 1124.2204568952484, -600], "[5, 2]": [2.9523246072252527, 391.9433091598609, -600, -600], "[4, 5]": [514.3388206531234, -600, -600, 37.89224056570772], "[5, 25]": [0, 352.61524979981704, 1275.5575532575394, 367.6488981172102], "[7, 18]": [0, 21.286312069074143, 54.03412441158921, 1087.782716764778], "[3, 11]": [-600, -600, 305.7837043611732, 2.040670582883351], "[2, 5]": [739.3585840140636, -600, -600, 124.44886760147772], "[0, 5]": [902.1817586327695, -600, -600, 449.3623985101477], "[7, 5]": [127.02822640968321, -600, -600, 1084.8282097498459], "[4, 4]": [32.95497702391422, -598.6299801157367, 776.4530028426518, -600], "[7, 4]": [-0.28943238356860435, -600, 51.916490206940175, -600], "[0, 13]": [-600, -600, -600, 795.7858486691042], "[6, 5]": [136.87654183642178, -600, -600, 776.1413143497002], "[0, 9]": [-600, -1.784429517977332, -600, 221.9175923371936], "[3, 8]": [-600, 986.6015805842966, 166.83269092861917, -600], "[2, 10]": [-600, 837.0505271583214, -600, -600], "[3, 0]": [632.6868753182777, 1185.130906993981, 592.0491302260763, -600], "[0, 2]": [751.4354838034612, 114.02065948083627, -599.1866590245131, -600], "[5, 4]": [1.5192258773434046, -600, 677.2423548704139, -600], "[1, 5]": [962.6632904561272, -600, -600, 93.90810046386356], "[1, 37]": [1243.7003829217645, 277.81779559070816, 0, 299.78660205794563], "[3, 33]": [-600, 1047.2655983268246, 35.05557623974303, -600], "[5, 22]": [16.75192698723244, 79.71346012979878, 1114.2589882670866, 0], "[0, 8]": [-600, 591.439363440024, 53.766433477511264, -600], "[5, 9]": [-600, 1.961684155864535, -600, 155.19649750779044], "[2, 13]": [-600, -600, -600, 457.78729833453536], "[1, 2]": [965.3836661035006, 143.33587886366954, -600, -600], "[3, 30]": [59.77601962603126, 1083.0044985865445, 0, 13.538992131745784], "[2, 11]": [-600, -600, 601.9353989382769, 52.434867805500396], "[3, 5]": [273.7775918995075, -600, -600, 2.315759661881917], "[0, 6]": [695.1333155749467, -600, -600, -598.5210549819915], "[1, 39]": [1070.3267220859664, 0, 10.863667837185655, 53.008669814872576], "[4, 10]": [-600, 769.0755826741428, -600, -600], "[3, 2]": [143.0175895262482, 1111.471253326624, -600, -600], "[2, 6]": [688.640110247176, -600, -600, -600], "[3, 4]": [2.500426022358336, -600, 139.7998247003638, -600], "[1, 13]": [-600, -600, -600, 221.12898957472268], "[1, 9]": [-600, 0.6258473582187927, -600, 25.19315652000003], "[5, 10]": [-600, 256.76138531881, -600, -600], "[6, 12]": [-600, -600, 860.1652425872505, -598.4683564581462], "[7, 15]": [58.103445956286635, 15.871201826468457, 0, 1094.5808192640961], "[7, 16]": [316.77159813177013, 0, 309.45353064852054, 1259.6648661584363], "[6, 2]": [60.791126535140876, 617.5830188787938, -600, -600], "[5, 27]": [-600, -600, 917.0990658634317, 24.36854844478208], "[5, 5]": [2.103184537134193, -600, -600, 265.3666826791521], "[4, 12]": [-600, -600, 887.192459340151, -600], "[3, 9]": [-600, 601.7056271151228, -598.8812796869537, -0.06879639160153722], "[7, 2]": [438.0868196942058, 7.823491488287859, -600, -600], "[7, 9]": [-600, 1.4325644273615246, -600, 636.3962819560365], "[2, 12]": [-600, -600, 546.3762759546904, -600], "[6, 13]": [-600, -600, -600, 695.8278837307532], "[4, 6]": [406.86386147989026, -600, -600, -600], "[7, 11]": [-600, -600, 154.00651848352766, 1000.5366820010862], "[1, 4]": [559.9624549021958, -600, 1.18924536684887, -600], "[1, 10]": [-600, 225.0147716003524, -600, -600], "[3, 34]": [-600, 343.36442123562733, 0, 0.5069903944967108], "[1, 38]": [984.2342947130047, 34.47504416056463, -600, -600], "[1, 8]": [-600, 411.4106571335587, 5.909055198075215, -600], "[1, 11]": [-600, -600, 4.186426666072984, 319.95129364884923], "[0, 12]": [-600, -600, 492.58868902295535, -600], "[6, 6]": [517.8481221054415, -600, -600, -600], "[7, 20]": [-600, -599.1913254650236, 32.76333537592413, 1031.307305988249], "[0, 10]": [-600, 407.2379402267993, -600, -600], "[5, 12]": [-600, -600, 835.3007081498351, -600], "[5, 26]": [-600, 37.00220405111973, 1107.8228383729356, -600], "[4, 13]": [-600, -600, -600, 531.9139778270265], "[7, 8]": [-600, 7.73225974341341, 477.72679398178974, -600], "[1, 40]": [283.060216892779, 0, 0.3755033574668451, -600], "[6, 10]": [-600, 491.2481201786776, -600, -600], "[7, 19]": [-600, 1.2481915157774754, 0, 342.57380418689104],