{"[5, 1]": [35.23562632230039, 60.207804833853714, -600, 1198.0369103724606], "[6, 0]": [692.2827059280006, 729.3786583353168, 1595.6449477706994, -600], "[6, 7]": [-600, 1253.9483448262627, 1400.0520724444516, 1752.8040915867136], "[6, 1]": [657.0986561996086, 588.65275543832, -600, 1644.0442635182114], "[6, 3]": [1234.4173223209264, -600, 1752.168863733328, 1392.9755149793498], "[6, 9]": [-600, 115.99217116019366, -600, 1527.4689551391984], "[6, 8]": [-600, 414.5501849369807, 1590.2774107155042, -600], "[4, 9]": [-600, 1453.3465816438772, -600, 115.60351590192683], "[4, 8]": [-597.8177014455592, 1760.8852806320522, 1229.3329897341466, -597.7237143573795], "[4, 7]": [-600, 1773.3198530061325, 1423.7955732444004, 1259.6947613813384], "[4, 0]": [1265.7715180386426, 1429.2862015296976, 1766.0756884997713, -600], "[4, 11]": [-600, -600, 1579.4715388488096, 414.0374303624431], "[7, 7]": [-600, 306.38307780623325, 520.7846724240701, 1909.6716397141636], "[7, 3]": [1321.9544020757917, -600, 1250.4178089704162, 1974.1089854131396], "[0, 7]": [-600, 653.289302131681, 665.3731841999098, 1601.3150011069404], "[0, 3]": [1695.1061299187654, -600, 1177.5571156423623, 1340.538859065958], "[0, 1]": [1371.238753658802, 1188.7045490505175, -600, 1684.6793746553524], "[0, 0]": [1533.3872263019484, 665.1678553745186, 660.700458676682, -600], "[7, 1]": [598.7444481130202, 312.78031831519195, -600, 1925.2557921993593], "[7, 0]": [1289.5208108681393, 29.14562071692428, 69.61129738184874, -600], "[5, 3]": [206.16979478351624, -600, 1929.316812061734, 528.3419453375798], "[4, 3]": [610.8781411930493, -600, 1663.151622582089, 690.3949010741389], "[4, 1]": [656.0388948271182, 1597.5319863355978, -600, 582.2373376385051], "[5, 0]": [285.8638660876847, 551.5195832530658, 1937.5706014941804, -600], "[5, 7]": [-600, 1317.131262071341, 1969.6841244928205, 1404.5787215247988], "[2, 3]": [1613.0229944296625, -600, 590.4850400494413, 658.4257873772468], "[2, 7]": [-600, 1597.2255005142897, 705.9069444958118, 693.8611427132284], "[2, 1]": [1366.8367366648126, 1722.7475395103313, -600, 1197.5377889128802], "[2, 0]": [1721.1283788680441, 1366.7039195896066, 1218.9030211950321, -600], "[1, 0]": [1873.9311042995753, 510.73445821850964, 277.74565637503616, -600], "[1, 7]": [-600, 61.467892586115184, 24.91363665132655, 1277.5403407648646], "[1, 3]": [1870.479454936889, -600, 231.15604712412687, 517.6461523917644], "[2, 4]": [1484.112724348504, -600, 118.78844163765899, -600], "[2, 8]": [-600, 1579.3484796603316, 443.64559072538094, -600], "[2, 9]": [-600, 825.2243817750443, -600, 32.51204671629513], "[2, 2]": [1709.538987918827, 1161.6700744150542, -600, -600], "[1, 1]": [1950.5487843669864, 1182.752710031777, -600, 1249.70544225306], "[3, 1]": [567.5447452321825, 1895.9733874803853, -600, 221.34851111210213], "[3, 3]": [50.72817489424882, -600, 1161.173377723002, 23.321386274237096], "[3, 7]": [-600, 1880.740828460571, 491.7321138935785, 228.26010147794906], "[0, 4]": [872.581152707438, -600, 37.90416345410199, -600], "[0, 11]": [-600, -600, 355.9388793866827, 1464.9576378017289], "[5, 11]": [-600, -600, 1905.010685795759, 440.7608105752734], "[6, 4]": [40.536779624111674, -600, 995.3356194930053, -600], "[3, 32]": [0, 1902.4370730363435, 154.02865801167334, 57.83820059291431], "[5, 23]": [61.671812382708, 0, 1919.9815150030379, 188.23483741622888], "[3, 29]": [846.3037208911421, 2011.0023697838299, 819.9272185513195, 0], "[1, 36]": [1902.0092625896611, 155.8755990441142, 87.1016970956394, 0], "[4, 2]": [351.4062645471703, 1589.2210115157109, -600, -600], "[6, 11]": [-600, -600, 1182.2633672019263, 1736.4153731153035], "[5, 8]": [-600, 580.0939041462292, 1895.6568871620627, -600], "[5, 2]": [24.269908453630805, 1163.1209990552052, -600, -598.4633931984902], "[4, 5]": [1341.1025923063482, -600, -600, 126.34121039206582], "[5, 25]": [0, 871.5575987141059, 2046.3426171402718, 933.0992948256533], "[7, 18]": [0, 98.34372424645714, 169.0653597056575, 1918.443223592445], "[3, 11]": [-600, -600, 1012.740800872525, 21.455669282244557], "[2, 5]": [1471.5359451736365, -600, -600, 348.7035189716995], "[0, 5]": [1684.2529289773838, -600, -600, 1048.8856817009487], "[7, 5]": [341.4391866747831, -600, -600, 1870.2241700693735], "[4, 4]": [127.34220049487571, -600, 1606.8019578964063, -600], "[7, 4]": [1.9262334147186995, -600, 374.0651824723796, -600], "[0, 13]": [-600, -600, -600, 1586.5899556114416], "[6, 5]": [355.71902873208586, -598.073642348903, -600, 1520.013962579015], "[0, 9]": [-600, 9.711448878516881, -600, 749.2366559094272], "[3, 8]": [-600, 1769.3225590581699, 451.9208597045056, -600], "[2, 10]": [-600, 1632.147036132715, -600, -600], "[3, 0]": [1325.5184276794812, 1944.7644546435408, 1288.332563965275, -600], "[0, 2]": [1523.52747733506, 341.9868961841866, -600, -600], "[5, 4]": [6.805387587038244, -600, 1614.018159425634, -600], "[1, 5]": [1697.9896838647376, -600, -600, 258.26216304120214], "[1, 37]": [2009.7439297787414, 745.3606904756284, 0, 771.3354042558698], "[3, 33]": [-600, 1903.497918912895, 117.98629555472101, -600], "[5, 22]": [87.09725227441979, 179.34080327285764, 1930.3188184028045, 0], "[0, 8]": [-600, 1383.4268178175387, 184.89232956487945, -600], "[5, 9]": [-600, 6.323644419724665, -600, 732.2512650685223], "[2, 13]": [-600, -600, -600, 1373.8573886232732], "[1, 2]": [1756.7511427866514, 383.97336663370163, -600, -600], "[3, 30]": [152.78942586233674, 1906.6857801324081, 0, 62.82316340723327], "[2, 11]": [-600, -600, 1415.5837816061887, 164.23868093463366], "[3, 5]": [886.205065858325, -600, -600, 13.755136955661634], "[0, 6]": [1521.057958461268, -600, -600, -600], "[1, 39]": [1904.2827824353817, 0, 59.95303029052755, 159.38477656256728], "[4, 10]": [-600, 1602.4506377204025, -600, -600], "[3, 2]": [414.69545280450217, 1874.8940861981455, -595.7435278926218, -600], "[2, 6]": [1518.6513356678336, -600, -600, -600], "[3, 4]": [9.250472370366762, -600, 646.6710721483943, -600], "[1, 13]": [-600, -600, -598.87987860579, 936.333098908637], "[1, 9]": [-600, 4.8547622418344965, -600, 183.66199382235448], "[5, 10]": [-600, 1007.4456777390534, -600, -600], "[6, 12]": [-600, -600, 1665.630583261166, -600], "[7, 15]": [166.34461099644474, 83.12323498449136, 0, 1938.2175532305312], "[7, 16]": [845.0436756993439, 0, 805.741921737233, 2038.828410229601], "[6, 2]": [183.88415707728518, 1417.1348882767647, -600, -600], "[5, 27]": [-600, -600, 1802.9805121367767, 73.45773919330024], "[5, 5]": [13.42602561044836, -600, -600, 859.1407261655813], "[4, 12]": [-600, -600, 1684.830929044462, -600], "[3, 9]": [-600, 1490.2974644945207, -600, 5.0964345160707625], "[7, 2]": [1307.882515596375, 46.95304359399539, -600, -600], "[7, 9]": [-600, 15.877633706091673, -599.0117473579022, 1553.772519937902], "[2, 12]": [-600, -600, 1414.1894433034538, -600], "[6, 13]": [-600, -600, -600, 1539.0334067313881], "[4, 6]": [1297.1686234117053, -600, -600, -600], "[7, 11]": [-600, -600, 450.0730432217768, 1793.8858682577863], "[1, 4]": [1389.3438781263008, -600, 9.347942099218908, -600], "[1, 10]": [-600, 928.489657352361, -600, -600], "[3, 34]": [-600, 913.5934069768284, 0, 3.6366093285005494], "[1, 38]": [1824.3856689953818, 97.0536522356047, -598.6289819212257, -600], "[1, 8]": [-600, 1229.5772570131985, 42.97062775537648, -600], "[1, 11]": [-600, -600, 21.263497893941366, 1084.7407315598155], "[0, 12]": [-600, -600, 1413.8631674660614, -600], "[6, 6]": [1436.5093869862005, -600, -600, -600], "[7, 20]": [-600, -600, 107.64827560300243, 1893.7389819191706], "[0, 10]": [-600, 1286.8609884805967, -600, -600], "[5, 12]": [-600, -600, 1768.568644909822, -600], "[5, 26]": [-600, 121.57807836519805, 1940.2117783838876, -600], "[4, 13]": [-600, -600, -600, 1457.4849269090907], "[7, 8]": [-600, 59.20387319646721, 1322.3813857390703, -600], "[1, 40]": [814.486878127243, 0, 3.997349569783169, -600], "[6, 10]": [-600, 1407.2062174298649, -600, -600], "[7, 19]": [-600, 5.90030116728934, 0, 952.5790834607994],