{"[5, 1]": [35.23562632230039, 60.207804833853714, -600, 1124.8768872146907], "[6, 0]": [683.4304704411425, 728.5639244792746, 1545.6145420430591, -600], "[6, 7]": [-600, 1244.055929902332, 1384.2609098541805, 1683.54152072662], "[6, 1]": [652.3298253354282, 585.7073965790316, -600, 1584.9319031883808], "[6, 3]": [1223.6529147027848, -600, 1687.5270274912737, 1378.3172733357828], "[6, 9]": [-600, 114.54696384410151, -597.9266475230583, 1451.550289047766], "[6, 8]": [-600, 408.8171334140773, 1538.0557359861637, -600], "[4, 9]": [-600, 1428.271541240602, -600, 114.4488409981054], "[4, 8]": [-600, 1701.448671394101, 1213.979114776047, -600], "[4, 7]": [-600, 1719.1058063152116, 1410.206188971311, 1253.9620698025474], "[4, 0]": [1255.548363035439, 1416.0601962435644, 1714.8017156653864, -600], "[4, 11]": [-600, -600, 1535.0809222749076, 410.40903359682915], "[7, 7]": [-600, 301.5081919664276, 513.2048343313347, 1854.6845034319813], "[7, 3]": [1307.9076691753244, -600, 1237.6522061074832, 1920.311255776826], "[0, 7]": [-600, 645.3188282103791, 660.8342271916393, 1563.091963024055], "[0, 3]": [1635.5974935806514, -600, 1167.2498880073651, 1328.4735463811683], "[0, 1]": [1353.3518150208004, 1174.9176702076993, -600, 1624.9821594604332], "[0, 0]": [1495.5373798809485, 661.6756607884156, 649.0883929438787, -600], "[7, 1]": [590.7847350404882, 309.0290755184993, -600, 1866.0484847264015], "[7, 0]": [1216.1876667675679, 29.14562071692428, 69.61129738184874, -600], "[5, 3]": [199.97254586054984, -600, 1871.9060601765298, 523.9371810080926], "[4, 3]": [605.3630824215761, -600, 1622.3136948813792, 686.5895845861488], "[4, 1]": [651.7293491679535, 1544.9130208551503, -600, 580.2156825822406], "[5, 0]": [280.13205946222564, 542.9995134230593, 1876.4384141717353, -600], "[5, 7]": [-600, 1303.8745023262352, 1922.9630938167404, 1389.5739663058816], "[2, 3]": [1558.1763168690363, -600, 581.0168070100592, 648.6356664562021], "[2, 7]": [-600, 1543.5944974502006, 698.9505683443132, 687.6598192933689], "[2, 1]": [1350.6621234576442, 1656.711196250709, -600, 1189.8142125811005], "[2, 0]": [1653.1402929868818, 1352.6475042581972, 1206.9694552968008, -600], "[1, 0]": [1817.4309215061296, 506.41486916941085, 269.4460839437227, -600], "[1, 7]": [-600, 61.467892586115184, 24.91363665132655, 1196.2296230557183], "[1, 3]": [1813.7289447623382, -600, 226.28933730285118, 510.26735018477063], "[2, 4]": [1436.6720442061217, -600, 113.04415902538419, -600], "[2, 8]": [-597.7714693878455, 1524.2387602441129, 441.0678341744882, -600], "[2, 9]": [-600, 785.8534399579551, -600, 32.51204671629513], "[2, 2]": [1644.8591074389255, 1146.7792625206441, -600, -600], "[1, 1]": [1904.1236850805965, 1172.1085184285143, -600, 1235.1254489745766], "[3, 1]": [560.824848388955, 1841.7272934031914, -600, 218.1581901702547], "[3, 3]": [50.72817489424882, -600, 1092.34498237911, 23.321386274237096], "[3, 7]": [-600, 1825.8960545433213, 486.36650220148766, 223.28321009578625], "[0, 4]": [815.3745616190797, -600, 37.90416345410199, -600], "[0, 11]": [-600, -600, 352.403179410339, 1409.718354927407], "[5, 11]": [-600, -600, 1839.31622322244, 431.427486139279], "[6, 4]": [37.660385367226766, -600, 924.7111883866015, -600], "[3, 32]": [0, 1839.6292155166848, 154.02865801167334, 55.80464054960978], "[5, 23]": [60.89938865496438, 0, 1850.9029873494792, 186.80475610728965], "[3, 29]": [836.2672592493379, 1960.7748745283204, 809.4113614604288, 0], "[1, 36]": [1837.758386812989, 155.8755990441142, 83.78246599252448, 0], "[4, 2]": [350.1944480949285, 1546.8298341789412, -600, -600], "[6, 11]": [-600, -600, 1168.8042747766233, 1681.6905750459853], "[5, 8]": [-600, 572.0958033828168, 1841.097720365346, -600], "[5, 2]": [24.269908453630805, 1073.690803583343, -600, -598.4633931984902], "[4, 5]": [1254.6526053050334, -593.9374632798994, -600, 121.82774942516659], "[5, 25]": [0, 863.0941238956599, 1993.562465185751, 923.9650452608468], "[7, 18]": [0, 97.13698126957773, 169.0653597056575, 1853.9538205495203], "[3, 11]": [-600, -600, 920.1875540276466, 21.455669282244557], "[2, 5]": [1427.815313739484, -600, -600, 345.04292054061796], "[0, 5]": [1624.1145248008934, -600, -600, 1037.4685312688841], "[7, 5]": [340.18659466890693, -598.2204371230788, -600, 1813.0008715134081], "[4, 4]": [123.28622632820539, -600, 1545.7556128575513, -600], "[7, 4]": [1.9262334147186995, -600, 307.7413728252407, -600], "[0, 13]": [-600, -600, -600, 1527.3279062908143], "[6, 5]": [351.96245317170167, -598.073642348903, -600, 1490.952985732757], "[0, 9]": [-600, 9.711448878516881, -600, 715.9059206466621], "[3, 8]": [-600, 1711.1274700251518, 445.2562937339309, -600], "[2, 10]": [-600, 1578.5364646043658, -600, -600], "[3, 0]": [1313.8209010342941, 1885.3661829643643, 1275.2207718684115, -600], "[0, 2]": [1466.3531407023158, 338.0524272950337, -600, -600], "[5, 4]": [6.548476478377933, -600, 1525.1482227862934, -600], "[1, 5]": [1649.540378046577, -600, -598.6560905963452, 253.34557033174855], "[1, 37]": [1950.1071178964542, 741.4743599914191, 0, 765.8678014140523], "[3, 33]": [-600, 1830.9834516596065, 116.5280045777631, -600], "[5, 22]": [86.10775539509297, 177.95669796928738, 1870.2612285146167, 0], "[0, 8]": [-600, 1307.6626945697753, 178.7504843153001, -600], "[5, 9]": [-600, 4.948025409937978, -600, 626.2118647356483], "[2, 13]": [-600, -600, -600, 1271.0054834401788], "[1, 2]": [1691.8348448171794, 378.4458550522565, -600, -600], "[3, 30]": [152.78942586233674, 1846.8014274954335, 0, 61.732316826170106], "[2, 11]": [-600, -600, 1339.6755935518813, 158.94663239815978], "[3, 5]": [824.7042087814162, -600, -600, 13.755136955661634], "[0, 6]": [1463.7786322010472, -600, -600, -600], "[1, 39]": [1835.4037915751326, 0, 58.94161769935895, 159.38477656256728], "[4, 10]": [-600, 1541.029450815129, -597.7120500205152, -600], "[3, 2]": [411.275807073498, 1812.6336198827428, -597.8619364923915, -600], "[2, 6]": [1456.758930308201, -600, -600, -600], "[3, 4]": [9.250472370366762, -600, 568.0651971699803, -600], "[1, 13]": [-600, -600, -598.87987860579, 830.689106957138], "[1, 9]": [-600, 4.8547622418344965, -600, 136.84501532678408], "[5, 10]": [-600, 903.2405314310362, -600, -600], "[6, 12]": [-600, -600, 1596.381040754268, -600], "[7, 15]": [164.87954709413185, 83.12323498449136, 0, 1866.9803333258217], "[7, 16]": [833.0422430535695, 0, 799.8900906041591, 1982.0576323036735], "[6, 2]": [181.0622914627423, 1345.166233888455, -600, -600], "[5, 27]": [-600, -600, 1729.6138139451637, 71.97821604669063], "[5, 5]": [13.42602561044836, -600, -600, 786.2221043802319], "[4, 12]": [-600, -600, 1637.2569056845985, -600], "[3, 9]": [-600, 1405.271195846744, -600, 4.7135472793760345], "[7, 2]": [1210.4331099210308, 46.688145597478126, -600, -600], "[7, 9]": [-600, 13.564069573140094, -599.0117473579022, 1468.9777496385295], "[2, 12]": [-600, -600, 1320.300452174818, -600], "[6, 13]": [-600, -600, -600, 1460.5627075000696], "[4, 6]": [1180.1506038303849, -600, -600, -600], "[7, 11]": [-600, -600, 447.5287317051755, 1728.5771998407854], "[1, 4]": [1298.2314291586506, -600, 9.347942099218908, -600], "[1, 10]": [-600, 813.9506806359888, -600, -600], "[3, 34]": [-600, 852.0699250993105, 0, 3.6366093285005494], "[1, 38]": [1759.1568487669729, 95.65782077491092, -598.6289819212257, -600], "[1, 8]": [-600, 1140.0169205951083, 42.97062775537648, -600], "[1, 11]": [-600, -600, 20.147977824240815, 987.1473946131749], "[0, 12]": [-600, -600, 1321.3568830426166, -600], "[6, 6]": [1346.3423240275488, -600, -600, -600], "[7, 20]": [-600, -600, 107.64827560300243, 1827.3619170111947], "[0, 10]": [-600, 1177.5215265291556, -600, -600], "[5, 12]": [-600, -600, 1692.9022158795867, -600], "[5, 26]": [-600, 118.67566790589572, 1879.67415280478, -600], "[4, 13]": [-600, -600, -600, 1357.6438347585024], "[7, 8]": [-600, 54.4103089999157, 1235.9621512483686, -600], "[1, 40]": [742.8754195095429, 0, 3.997349569783169, -600], "[6, 10]": [-600, 1322.3317566467201, -600, -600],