{"[5, 1]": [-1.093817629608166, 21.767020983628445, -600, 274.5576124216305], "[6, 0]": [214.20471105884255, 257.614648002337, 667.6139422508079, -600], "[6, 7]": [-600, 461.5894987351673, 576.4534116618064, 759.5566137039261], "[6, 1]": [244.56470877348835, 196.73128326783112, -600, 670.7229348121133], "[6, 3]": [456.23456214043307, -600, 758.8803349640383, 579.0938075284644], "[6, 9]": [-600, 20.79601591597729, -600, 480.6036256818163], "[6, 8]": [-600, 126.41908270581652, 641.5423287910414, -600], "[4, 9]": [-600, 472.6882457281511, -600, 25.35677816417129], "[4, 8]": [-600, 767.2165213381821, 436.4121972473906, -600], "[4, 7]": [-600, 787.1323064285345, 594.3330491550308, 464.8109157882288], "[4, 0]": [468.89204778283823, 597.7779014414263, 784.8336247281036, -600], "[4, 11]": [-600, -600, 656.259229733734, 133.49389196861253], "[7, 7]": [-600, 44.30538969491208, 166.42009622686194, 924.5222744711251], "[7, 3]": [493.2722372870298, -600, 466.30593837637997, 1002.725062845075], "[0, 7]": [-600, 191.46612910726702, 229.76457486381085, 651.9946295510806], "[0, 3]": [701.362490080744, -600, 423.73925488422964, 533.5250312454509], "[0, 1]": [545.6998192968293, 430.57618668610496, -600, 694.6042257816929], "[0, 0]": [607.2747976000259, 227.72902723185382, 192.50553076278322, -600], "[7, 1]": [170.74767031440575, 43.921999596316425, -600, 933.0700619592303], "[7, 0]": [312.4157466030138, -0.6424050049850673, 17.002158436580388, -600], "[5, 3]": [35.94366889684752, -600, 960.050167884997, 168.5629099783947], "[4, 3]": [195.85336337392948, -600, 714.3367381975423, 241.26397589159427], "[4, 1]": [222.0103395405202, 692.8588709821375, -600, 192.00196596457076], "[5, 0]": [49.888284833416314, 162.65321467358015, 965.7861958728377, -600], "[5, 7]": [-600, 515.9309393246797, 1024.0054102670565, 549.7963834823335], "[2, 3]": [667.1466829697823, -600, 184.23848998730242, 223.17585103709231], "[2, 7]": [-600, 672.4242116955247, 257.7953780211568, 213.51270150927513], "[2, 1]": [569.5774005738496, 741.1586158594938, -600, 437.09529996457934], "[2, 0]": [743.439912344001, 555.6067293955164, 443.6396752588562, -600], "[1, 0]": [912.2504231423728, 151.51132028559633, 44.432839727193375, -600], "[1, 7]": [-600, 18.619019436955558, -3.0327530456163454, 299.5094476526124], "[1, 3]": [903.3262360233921, -600, 31.370950284527925, 161.9098724346875], "[2, 4]": [459.6251204568532, -600, 16.702963680944087, -600], "[2, 8]": [-600, 622.9613858225257, 125.52497336024192, -600], "[2, 9]": [-600, 175.50283901127042, -600, 4.381906162439889], "[2, 2]": [720.6876731853058, 407.8867631078803, -600, -600], "[1, 1]": [988.7492058553619, 420.84807472542246, -600, 466.52545193367644], "[3, 1]": [182.3099983955387, 950.7145325048407, -600, 35.41484801056151], "[3, 3]": [14.696416654376689, -600, 263.06386094817606, -3.792019137610594], "[3, 7]": [-600, 939.5209585903197, 160.0510565547442, 28.80091120530411], "[0, 4]": [150.5565697985375, -600, 8.371439232917442, -600], "[0, 11]": [-600, -600, 93.76922598862457, 565.5696740811806], "[5, 11]": [-600, -600, 933.7923562786997, 125.89924939338196], "[6, 4]": [4.3212301606311865, -600, 205.67349188179872, -600], "[3, 32]": [0, 855.6924919701916, 43.20543266950429, 8.811931284702519], "[5, 23]": [10.612711595621152, 0, 865.9168621632579, 49.58508284131223], "[3, 29]": [261.8049119716562, 1064.468622879793, 246.20569290142282, 0], "[1, 36]": [849.6421279825956, 48.81494939070961, 11.918277015138772, 0], "[4, 2]": [111.22101904888737, 662.489149882745, -600, -600], "[6, 11]": [-600, -600, 418.21935562446987, 735.4935132166577], "[5, 8]": [-600, 157.75153916252097, 923.5469439125595, -600], "[5, 2]": [2.346514745951358, 245.97747043018035, -600, -600], "[4, 5]": [341.5537402222558, -600, -600, 34.22137415679928], "[5, 25]": [0, 273.17095065267654, 1082.6301579149888, 291.57521920155483], "[7, 18]": [0, 15.569325996455868, 46.38642749189485, 858.7614916135943], "[3, 11]": [-600, -600, 180.84537024820793, 0.5062911529559817], "[2, 5]": [595.4929239960425, -600, -600, 102.69330139480482], "[0, 5]": [675.3955375805872, -600, -600, 353.3383956424213], "[7, 5]": [104.55135673299442, -600, -600, 877.3817548305045], "[4, 4]": [25.96193119180916, -600, 504.14967032600066, -600], "[7, 4]": [-1.2844499602168569, -600, 13.717171084794176, -600], "[0, 13]": [-600, -600, -600, 514.8689726312844], "[6, 5]": [120.92152286220282, -599.0114128266421, -600, 620.4493112277347], "[0, 9]": [-600, -2.0408326358026994, -600, 155.8468639550209], "[3, 8]": [-600, 816.2736304173695, 125.25642669321837, -600], "[2, 10]": [-600, 536.2420889061747, -600, -600], "[3, 0]": [516.4497301853728, 1006.0661468615846, 478.5263170787692, -600], "[0, 2]": [576.2960104861902, 96.23786710552314, -600, -600], "[5, 4]": [0.1327197670163249, -600, 392.1169412778991, -600], "[1, 5]": [783.4993816440082, -600, -600, 82.71810309470855], "[1, 37]": [1042.8907713738984, 224.83791156332111, 0, 228.96379168909243], "[3, 33]": [-600, 785.4000820075744, 28.952270665530342, -600], "[5, 22]": [12.821311189284373, 68.44429225326124, 883.2572405951609, 0], "[0, 8]": [-600, 360.30496219672807, 39.36270725310728, -600], "[5, 9]": [-600, 1.961684155864535, -600, 53.035594632980946], "[2, 13]": [-600, -600, -600, 171.143343721814], "[1, 2]": [774.0160068579808, 117.62292309850734, -600, -600], "[3, 30]": [54.069113851263495, 872.8846025109374, 0, 11.557791233930567], "[2, 11]": [-600, -600, 386.221170807849, 42.05949230174287], "[3, 5]": [187.5436487687372, -598.5222088493266, -600, 1.5691577262362157], "[0, 6]": [402.7544247422517, -600, -600, -600], "[1, 39]": [845.7180778720752, 0, 8.8788145397798, 44.366101673978406], "[4, 10]": [-600, 460.0626473963753, -600, -600], "[3, 2]": [110.0682026636555, 911.9576822614072, -600, -600], "[2, 6]": [397.4914529859787, -600, -600, -600], "[3, 4]": [2.2357363637195875, -600, 49.339469334642516, -600], "[1, 13]": [-600, -600, -600, 89.23670687015039], "[1, 9]": [-600, 0.42152497737630973, -600, 12.369068289597703], "[5, 10]": [-600, 100.65397062181454, -600, -600], "[6, 12]": [-600, -600, 553.069629338511, -600], "[7, 15]": [50.20147232900454, 10.841624575685932, 0, 854.8969765484371], "[7, 16]": [244.3995139134227, 0, 232.62228468211785, 1058.7095283973704], "[6, 2]": [40.564597583024465, 403.59767716736, -600, -600], "[5, 27]": [-599.2294863048318, -600, 691.6265182385204, 18.652380688174524], "[5, 5]": [1.1706048107940799, -600, -600, 181.29420266924905], "[4, 12]": [-600, -600, 595.0746205172453, -600], "[3, 9]": [-600, 351.6993826225323, -598.8812796869537, -0.019780110408461386], "[7, 2]": [239.55894233521636, 5.080460180059905, -600, -600], "[7, 9]": [-600, 0.8535241325246442, -600, 360.98791182457126], "[2, 12]": [-600, -600, 216.56244379300088, -600], "[6, 13]": [-600, -600, -600, 406.3064525495753], "[4, 6]": [165.88417592092472, -600, -600, -600], "[7, 11]": [-600, -599.1631492488295, 123.29133493014363, 802.3250539997942], "[1, 4]": [316.0820360874855, -600, 0.7437904168439355, -600], "[1, 10]": [-600, 85.20104497751568, -600, -600], "[3, 34]": [-600, 219.6785494569951, 0, 0.09743453484338532], "[1, 38]": [722.5065467639655, 25.618417033021892, -600, -600], "[1, 8]": [-600, 241.44334409598437, 4.514438201068257, -600], "[1, 11]": [-600, -600, 2.037820002426458, 184.4444850919714], "[0, 12]": [-600, -600, 172.37936659418554, -598.8603169390345], "[6, 6]": [209.64828766672792, -600, -600, -600], "[7, 20]": [-600, -599.1913254650236, 26.288116514797416, 754.6412265026006], "[0, 10]": [-600, 148.0441207663193, -600, -600], "[5, 12]": [-600, -600, 408.5953100620059, -600], "[5, 26]": [-600, 31.211895552708924, 836.8949891965652, -600], "[4, 13]": [-600, -600, -600, 215.46405589518818], "[7, 8]": [-600, 5.509782832623782, 264.6307007961212, -600], "[1, 40]": [186.3253476188866, 0, 0.3755033574668451, -600], "[6, 10]": [-600, 189.81919266289304, -600, -600], "[7, 19]": [-600, 0.3900947849174493, 0, 231.81195323499688],