{"[5, 1]": [-0.7528451514219496, 24.496720189958562, -600, 467.7022056178369], "[6, 0]": [271.4921252427645, 307.75512246855607, 874.0490381704029, -600], "[6, 7]": [-600, 572.1155972807376, 712.5016241726197, 1023.5485137638079], "[6, 1]": [283.8106683696225, 230.149236871714, -600, 921.8865750819982], "[6, 3]": [562.4833180290402, -600, 1020.4362693090089, 712.6360287354782], "[6, 9]": [-600, 26.694982841326826, -600, 783.2332334309066], "[6, 8]": [-600, 153.97106109406403, 874.810607620809, -600], "[4, 9]": [-600, 775.6594772292636, -600, 33.11479312869624], "[4, 8]": [-600, 1031.5621388924383, 574.5586695670156, -600], "[4, 7]": [-600, 1048.978913795274, 739.6344557987525, 582.7522057284834], "[4, 0]": [589.1839341075016, 735.1014116906379, 1045.9096266917443, -600], "[4, 11]": [-600, -600, 884.6817024716502, 160.58190677736093], "[7, 7]": [-600, 71.06535630127145, 208.2771042475673, 1185.2893283400151], "[7, 3]": [640.9010220081421, -600, 600.2237957485451, 1256.7734638788556], "[0, 7]": [-600, 236.88068155096758, 278.661211375943, 899.0184490466609], "[0, 3]": [969.9396822079862, -600, 530.8123149292214, 668.4827988534636], "[0, 1]": [688.5031427772523, 526.5297309316198, -600, 961.4779677919279], "[0, 0]": [820.3826707249096, 273.80150112829443, 242.52723790206383, -600], "[7, 1]": [218.52379887370756, 66.68419767911503, -600, 1198.5576341288554], "[7, 0]": [537.3090201438486, 1.8466126049066456, 20.900339516354652, -600], "[5, 3]": [49.33079194174274, -600, 1217.2347090043327, 213.92107724018283], "[4, 3]": [233.1626108721367, -600, 951.9301206321998, 274.3100888974307], "[4, 1]": [261.4555220331669, 900.9217931777996, -600, 224.9928888986349], "[5, 0]": [73.64071885703142, 211.0116774590819, 1219.2984897171016, -600], "[5, 7]": [-600, 653.3778180393089, 1263.6571808149042, 707.6188191758745], "[2, 3]": [895.5018496070503, -600, 226.0047721344888, 260.2079999375898], "[2, 7]": [-600, 888.8014156356759, 305.227533852313, 263.44361400875084], "[2, 1]": [699.4414395805202, 994.4479727771924, -600, 548.4885302581015], "[2, 0]": [992.2321495809022, 676.268818011828, 554.8349271354701, -600], "[1, 0]": [1160.1536221287133, 193.89406618741614, 61.92128191307376, -600], "[1, 7]": [-600, 25.343438794299253, -1.6243443055666071, 527.1116214938011], "[1, 3]": [1159.266236706304, -600, 47.91523194370025, 196.59784499848715], "[2, 4]": [770.5998234244219, -600, 32.97957220128058, -600], "[2, 8]": [-600, 846.5862376100442, 155.95363334094307, -600], "[2, 9]": [-600, 310.6366824499578, -600, 7.074890389814117], "[2, 2]": [983.6906962945571, 542.6084993288447, -600, -600], "[1, 1]": [1245.4282142551594, 533.2453130470201, -600, 595.5212428719404], "[3, 1]": [228.45928703423544, 1185.928862213036, -600, 49.178801101199824], "[3, 3]": [18.545134095061428, -600, 458.5489421274266, 0.3736737943712393], "[3, 7]": [-600, 1166.8306422188018, 191.57229011488866, 45.592875103284705], "[0, 4]": [284.06068479132364, -600, 12.76544990308368, -600], "[0, 11]": [-600, -600, 122.0119248676317, 771.2452220798348], "[5, 11]": [-600, -600, 1175.4458682880124, 158.0397231538227], "[6, 4]": [7.309472645915951, -600, 357.71043850719275, -600], "[3, 32]": [0, 1145.3724628793263, 56.25592123177233, 11.685028991980879], "[5, 23]": [12.879585552522165, 0, 1159.9685525983791, 63.77165008005633], "[3, 29]": [349.30400420195946, 1291.846196150464, 325.4897794058307, 0], "[1, 36]": [1135.629843276589, 58.810046619934425, 16.824826922011685, 0], "[4, 2]": [129.2788888146041, 875.9156944358014, -600, -600], "[6, 11]": [-600, -600, 538.8441603268324, 1009.7954875839522], "[5, 8]": [-600, 215.03269947722345, 1181.046707053508, -600], "[5, 2]": [2.9523246072252527, 436.73618063940967, -600, -600], "[4, 5]": [560.3978422485068, -600, -600, 39.65535029644706], "[5, 25]": [0, 364.36613372198735, 1329.8510484611131, 384.4761573706928], "[7, 18]": [0, 21.286312069074143, 54.03412441158921, 1146.6651672734833], "[3, 11]": [-600, -600, 342.49735644537117, 2.040670582883351], "[2, 5]": [777.8906344759665, -600, -600, 130.88322889030778], "[0, 5]": [955.3596587105545, -600, -600, 467.5337954756508], "[7, 5]": [130.0042210414048, -598.9273778155314, -600, 1150.116587898553], "[4, 4]": [35.3650736458185, -598.6299801157367, 844.5745282476071, -600], "[7, 4]": [-0.28943238356860435, -600, 75.77646124173857, -600], "[0, 13]": [-600, -600, -600, 869.2777824723292], "[6, 5]": [142.63856399515578, -600, -600, 819.585417285228], "[0, 9]": [-600, -1.784429517977332, -600, 238.2233490281135], "[3, 8]": [-600, 1033.3196469182599, 172.2170800938151, -600], "[2, 10]": [-600, 904.7900235088684, -600, -600], "[3, 0]": [654.7247213820832, 1235.6052366740932, 613.0865543518869, -600], "[0, 2]": [792.087891887543, 116.18907795397301, -599.1866590245131, -600], "[5, 4]": [1.5658056821110689, -600, 758.0006736599678, -600], "[1, 5]": [1002.9945164614965, -600, -600, 95.4360832420684], "[1, 37]": [1290.8846226619842, 284.9636778928767, 0, 309.09364074787896], "[3, 33]": [-600, 1115.366531873263, 37.46837666386594, -600], "[5, 22]": [17.12864666474511, 80.46455078084011, 1175.4897036326001, 0], "[0, 8]": [-600, 653.2519867666819, 57.5557127621652, -600], "[5, 9]": [-600, 1.961684155864535, -599.240809170249, 196.6025997650623], "[2, 13]": [-598.6526144662043, -600, -600, 545.8718762140826], "[1, 2]": [1008.5674662969667, 147.8381297419355, -600, -600], "[3, 30]": [62.2158455122062, 1139.5703199321586, 0, 14.739049630439753], "[2, 11]": [-600, -600, 661.9926445792623, 56.92099126138195], "[3, 5]": [298.5838704302601, -600, -600, 2.315759661881917], "[0, 6]": [770.5218884502974, -600, -600, -600], "[1, 39]": [1131.9482059063105, 0, 10.863667837185655, 53.83536128716515], "[4, 10]": [-600, 836.0753506158247, -600, -600], "[3, 2]": [146.53926672773943, 1154.1668967126002, -600, -599.1124118199128], "[2, 6]": [761.8009612292178, -600, -600, -600], "[3, 4]": [2.500426022358336, -600, 181.30056883066513, -600], "[1, 13]": [-600, -600, -600, 269.336554505493], "[1, 9]": [-600, 0.6258473582187927, -600, 32.73030924203923], "[5, 10]": [-600, 312.7052353701994, -600, -600], "[6, 12]": [-600, -600, 925.8333185694052, -600], "[7, 15]": [59.79433690488357, 17.24468709965984, 0, 1152.9201018857436], "[7, 16]": [327.72631634368923, 0, 315.30782609252634, 1312.4459348102005], "[6, 2]": [63.86415341125685, 679.6188705644373, -600, -600], "[5, 27]": [-600, -600, 977.3993172644625, 25.26313196232677], "[5, 5]": [2.95123301223693, -600, -600, 290.14824349925823], "[4, 12]": [-600, -600, 944.9607976806107, -600], "[3, 9]": [-600, 675.0544982968947, -598.8812796869537, -0.06879639160153722], "[7, 2]": [513.1628119523126, 9.328907162880938, -600, -600], "[7, 9]": [-600, 1.4325644273615246, -600, 714.3753512272801], "[2, 12]": [-600, -600, 630.6107879286707, -600], "[6, 13]": [-600, -600, -600, 775.0120400675744], "[4, 6]": [494.4505703131671, -600, -600, -600], "[7, 11]": [-600, -600, 160.08550375305106, 1048.1181168595685], "[1, 4]": [631.548020075837, -600, 1.18924536684887, -600], "[1, 10]": [-600, 278.08524558930253, -600, -600], "[3, 34]": [-600, 383.11461771727767, 0, 0.5069903944967108], "[1, 38]": [1052.3275925197984, 35.23079124589897, -600, -600], "[1, 8]": [-600, 478.93864507192364, 6.371724585309061, -600], "[1, 11]": [-600, -600, 4.186426666072984, 365.5759634864178], "[0, 12]": [-600, -600, 595.9006482222621, -600], "[6, 6]": [614.8473236374593, -600, -600, -600], "[7, 20]": [-600, -599.1913254650236, 33.478973470838326, 1099.766190661742], "[0, 10]": [-600, 483.00013782353574, -600, -600], "[5, 12]": [-600, -600, 931.8184118177569, -600], "[5, 26]": [-600, 37.00220405111973, 1170.8112282667603, -600], "[4, 13]": [-600, -600, -600, 628.6933195355763], "[7, 8]": [-600, 8.296480157054075, 552.251764026331, -600], "[1, 40]": [318.32550298259935, 0, 0.3755033574668451, -600], "[6, 10]": [-600, 588.3569090777623, -600, -600], "[7, 19]": [-600, 1.2481915157774754, 0, 377.4719024552537],