{"[0, 7]": [-1000, -10.427891512484415, -10.374223590665451, 1514.9347362311946], "[0, 4]": [-77.12463844590565, -1000, 1233.9160952693164, -1000], "[0, 5]": [-1.5083666679128551, -1000, -1000, 1712.1218197254213], "[7, 5]": [1484.1949362560317, -1000, -1000, -0.5], "[6, 5]": [-5.1704098858202325, -1000, -1000, 1466.7104751092936], "[5, 22]": [-0.63855545, -0.5, 1797.5886941927083, 0], "[6, 0]": [-10.304338390773776, -10.548362920203829, 1474.524140828935, -1000], "[6, 1]": [-10.12585558568186, -10.11304541945184, -1000, 1381.5446986226655], "[6, 7]": [-1000, -10.234891996831006, -10.122839999909612, 1499.3170478430711], "[2, 1]": [-10.752280217688805, 1630.3075746196914, -1000, -10.535140814905942], "[2, 0]": [1602.3080091658323, -11.725526409684122, -11.429874483205683, -1000], "[2, 4]": [1237.8389771162033, -1000, -2.04755, -1000], "[2, 2]": [-3.318149667716658, 1560.25360419029, -1000, -1000], "[3, 2]": [1552.7869056851375, -0.5, -1000, -1000], "[4, 10]": [-1000, 1569.568701734662, -1000, -1000], "[3, 1]": [-1.915714697569453, 1587.7144371113807, -1000, -1.355], "[4, 1]": [-12.55561024459307, 1593.2376354899484, -1000, -12.575928542835497], "[4, 0]": [-11.972423210596203, 1673.3048487400188, -12.154460352885144, -1000], "[6, 11]": [-1000, -1000, -7.631598323768549, 1539.3355554565449], "[4, 11]": [-1000, -1000, 1391.42300393803, -7.126136657066554], "[4, 3]": [-11.327613474434783, -1000, 1400.4111820313851, -11.23303292370345], "[5, 0]": [-1.0831173866189299, -1.18146054569, 1704.3122467599358, -1000], "[5, 1]": [-1.8981504500000002, -3.1529722237841566, -1000, 1372.2150448358657], "[1, 3]": [1761.7787079186462, -1000, -1.9106344679028653, -2.8071002500124917], "[1, 1]": [1782.9885302071464, -3.151799566301032, -1000, -3.0997667537675313], "[0, 0]": [1467.0952251940028, -10.88526635562978, -10.793567322856793, -1000], "[0, 1]": [-8.724723019167794, -8.916233755840008, -1000, 1626.4027916651628], "[1, 7]": [-1000, 1349.3683931709263, -3.0789703126355, -3.209436514038824], "[0, 11]": [-1000, -1000, -0.32422369896404085, 1496.8927818183681], "[2, 7]": [-1000, 1560.5602255704628, -12.838792557775216, -12.418531933363552], "[5, 25]": [-1000, -1.4259511204412767, 1838.066868224868, -0.5], "[0, 3]": [-8.304453178732452, -1000, -5, -8.535121406340991], "[3, 7]": [-1000, 1713.9224299049629, -3.1925023033842255, -2.4417455], "[6, 9]": [-1000, -6.13861855435403, -1000, 1514.9485877202098], "[7, 15]": [-0.5940500000000001, -0.6271115036103524, -1000, 1747.551929380077], "[3, 8]": [-1000, 1723.1443149907095, -1.6389842327535655, -1000], "[4, 8]": [-1000, 1605.851004640706, -14.683574058968665, -1000], "[6, 3]": [-10.18741319272767, -1000, 1482.8238926981574, -10.182514118965306], "[7, 18]": [-1000, -0.5, -1.3792814641423163, 1709.4625502152323], "[4, 7]": [-1000, -12.541402991834092, 1682.8554542587171, -12.395620337117206], "[7, 9]": [-1000, 1166.2298168667878, -1000, -0.95], "[7, 1]": [-2.0377199182084547, -1.39955, -1000, 1485.9808427884577], "[6, 8]": [-1000, -8.05479643646168, 1464.6096792175467, -1000], "[0, 9]": [-1000, -1.6080792500153684, -1000, 1644.2854200560237], "[3, 0]": [-3.2146840555421745, 1706.6151445801477, -2.4762461271088867, -1000], "[4, 9]": [-1000, 1580.228776835467, -1000, -8.18682935022317], "[0, 2]": [1445.900079276048, -4.329089328057321, -1000, -1000], "[2, 3]": [1475.7092286998595, -1000, -12.51788435511279, -12.351143701476692], "[1, 39]": [1688.110766908877, 0, 0, -0.5], "[2, 9]": [-1000, -8.422167287433666, -1000, 1332.4585086652085], "[5, 11]": [-1000, -1000, 1743.0303990457703, -0.5], "[6, 4]": [-102.03565929491643, -1000, 902.6897368875524, -1000], "[3, 32]": [-1000, 1784.0708748210031, 0, 0], "[3, 3]": [1444.732500122051, -1000, -2.5556382483082314, -2.2578354050000002], "[7, 0]": [-2.9966878258804157, -2.7950044977504502, 1364.0002846245363, -1000], "[3, 9]": [-1000, 1684.4308028754526, -1000, -0.95], "[5, 3]": [-1.7690000000000001, -1000, 1737.9374950329109, -2.9017948173026706], "[2, 10]": [-1000, 1326.7524267674416, -1000, -1000], "[1, 36]": [1801.545407229269, 0, 0, 0], "[1, 2]": [1809.7536482804999, -2.5391632095705012, -1000, -1000], "[1, 37]": [1818.448295800758, 0, 0, 0], "[1, 9]": [-1000, -1.3097262365441815, -1000, 1168.7434463480874], "[3, 29]": [-1.408841982320618, 1730.4552887813513, 0, 0], "[4, 4]": [1050.266130322602, -1000, -9.63406052992234, -1000], "[4, 2]": [-9.809004316218912, 1565.6122131204195, -1000, -1000], "[5, 8]": [-1000, -1.9515242485063828, 1690.7047311864346, -1000], "[5, 23]": [-0.5, -1000, 1878.9790760167832, 0], "[7, 8]": [-1000, -0.6483515495000001, 1444.6834708191345, -1000], "[1, 0]": [1767.6536734733209, -2.6961849713362986, -2.319225305, -1000], "[6, 12]": [-1000, -1000, 1411.5664133711732, -1000], "[2, 5]": [1434.590220305127, -1000, -1000, -3.3805523428208852], "[7, 7]": [-1000, -1.44405545, 1565.7639337060423, -1.7195], "[7, 16]": [-0.5989505, -1000, -1.4999770377795725, 1684.2784002573017], "[5, 9]": [-1000, -0.9313049374529838, -1000, 1177.4209554091094], "[4, 12]": [-1000, -1000, 949.6557299804215, -1000], "[4, 5]": [1208.8086827450265, -1000, -1000, -3.573048533528427], "[2, 8]": [-1000, 1541.899080279403, -1.8003493819163667, -1000], "[5, 4]": [-0.95, -1000, 1692.757048497167, -1000], "[5, 10]": [-1000, 1427.0454949273421, -1000, -1000], "[3, 4]": [-65.19446633738545, -1000, 759.408325301315, -1000], "[3, 34]": [-1000, 1716.2473844984743, 0, 0], "[1, 4]": [1572.638320348594, -1000, -1.355, -1000], "[7, 3]": [-0.68257976, -1000, 1451.1865897935463, -0.5], "[5, 7]": [-1000, -2.6212201148549292, 1753.9145198109227, -2.9645859783020034], "[6, 13]": [-1000, -1000, -1000, 1287.4412913266303], "[7, 11]": [-1000, -1000, 1453.3798714054726, 0], "[1, 40]": [1466.8616214608523, 0, 0, 0], "[5, 2]": [1245.6721160610382, -1.4030215028907675, -1000, -1000], "[6, 10]": [-1000, 1323.4071192751749, -1000, -1000], "[6, 2]": [1349.3519920402787, -2.293003402691402, -1000, -1000], "[3, 30]": [-0.962706997865197, 1824.1333524872114, 0, 0], "[5, 26]": [-1000, -0.6056598931117403, 1834.008148713079, 0], "[5, 5]": [1212.6861024723964, -1000, -1000, -0.7605659461230264], "[1, 8]": [-1000, 1339.6641166891454, -0.5495, -1000], "[2, 12]": [-1000, -1000, 479.20167864775186, -1000], "[4, 6]": [1219.532918975885, -1000, -1000, -1000], "[1, 5]": [1747.5253810537008, 0, 0, 0], "[3, 5]": [1413.0621217892303, -1000, -1000, -1.9000985878357561], "[3, 12]": [-1000, -1000, 656.9953150308494, -1000], "[7, 4]": [1417.2112417197743, -1000, -71.64334236518938, -1000], "[7, 13]": [-1000, -1000, -1000, 1501.1701144712833], "[2, 6]": [1391.8596570578816, -1000, -1000, -1000], "[5, 24]": [-0.5, -1000, 1583.1349042290703, 0], "[5, 6]": [1096.3253526286935, -1000, -1000, -1000], "[1, 6]": [1788.847219984672, -1000, -1000, -1000], "[0, 6]": [1386.2778234767331, -1000, -1000, -1000], "[0, 12]": [-1000, -1000, 1268.6481212845829, -1000], "[7, 2]": [-0.5927613695796866, 1305.5763502329828, -1000, -1000], "[3, 11]": [-1000, -1000, 1405.8518983791512, 0], "[1, 41]": [1899.9656374572362, 0, 0, 0], "[1, 42]": [1789.7935307762812, 0, 0, 0], "[1, 10]": [-1000, 1309.0637762239617, -1000, -1000], "[1, 38]": [1849.448559683273, 0, 0, 0], "[6, 6]": [578.6602668038236, -1000, -1000, -1000], "[5, 28]": [-1000, -1000, 1298.0410402968816, 0], "[5, 12]": [-1000, -1000, 1563.914896640125, -1000], "[3, 13]": [-1000, -1000, -1000, 1100.9189340550527], "[2, 11]": [-1000, -1000, 1334.0619106128684, 0], "[0, 8]": [-1000, -0.8103191270306342, 1451.2105542777415, -1000], "[0, 10]": [-1000, 1245.8358194368984, -1000, -1000], "[3, 6]": [934.154440744367, -1000, -1000, -1000], "[3, 33]": [-1000, 1808.2749649830155, 0, 0], "[1, 14]": [-1000, -1000, -1000, -1000], "[5, 13]": [-1000, -1000, -1000, 987.4833419284237], "[7, 14]": [-1000, -1000, -1000, -1000], "[5, 27]": [-1000, -1000, 1810.4015413949467, 0], "[3, 31]": [-1.1929212707860928, 1872.6722543559627, 0, 0], "[4, 13]": [-1000, -1000, -1000, 1254.359136101125],