{"[4, 8]": [-600, 10682.573776482286, 11509.40843926887, 576.142262214955], "[2, 7]": [0, 11175.010601595639, 10962.719069921914, 10974.773331977694], "[2, 3]": [10852.979426200645, 0, 10983.577134668485, 10862.574439813416], "[2, 1]": [11337.591444414022, 11230.310001783651, 0, 11227.716906980302], "[2, 0]": [10553.798193074155, 11293.363281596769, 11068.324736698209, 0], "[2, 9]": [2014.1202675302702, 11000.903377723658, -600, 9092.168338333344], "[2, 2]": [10974.691623691753, 11505.832956542066, -600, -600], "[2, 5]": [11108.925662472308, 1897.297445564937, -600, 10884.016402152994], "[1, 0]": [11562.885369792306, 11089.451645683132, 11269.585432335349, 0], "[1, 9]": [-600, 9497.190751312297, -600, 8633.625111070272], "[6, 1]": [11276.451983472176, 10923.012702409513, 0, 10926.505815441162], "[6, 0]": [10924.447037866976, 10871.972797449802, 10999.948201164336, 0], "[6, 7]": [0, 11020.884207700909, 11171.113954899818, 11396.6096363086], "[6, 4]": [10737.690375153474, -600, 9316.989050057588, -600], "[7, 11]": [-600, -600, 10899.057535979195, 11441.112493769579], "[7, 3]": [11185.852592943902, 0, 11115.77782182826, 11254.872735198798], "[0, 7]": [0, 10390.421355577326, 10925.66588250281, 10699.894198282009], "[0, 3]": [11365.408025819419, 0, 10890.543444980558, 10884.858167845063], "[1, 39]": [10331.802645218815, 0, 11050.41881543203, 11063.383669873785], "[2, 4]": [9038.635469859533, -600, 10396.122572681985, -600], "[6, 3]": [11240.467037228442, 0, 11123.052949897834, 11505.01577555362], "[6, 5]": [10700.472442973825, -600, -600, 11225.985853409757], "[1, 3]": [11620.063915301424, 0, 11245.12270556209, 11121.950982530281], "[1, 7]": [0, 11081.119021731474, 10879.402110436236, 10962.172671203869], "[0, 0]": [11274.834750976008, 10769.660046545827, 10855.654928143822, 0], "[0, 9]": [-600, 11035.459922713544, -600, 9835.458836532951], "[5, 11]": [-600, -600, 11389.27142812223, 11264.501667213648], "[4, 11]": [-600, -600, 10570.641631293063, 10854.588938119681], "[3, 1]": [11403.861926804375, 11563.359726925337, 0, 11430.635447802302], "[4, 1]": [11173.242646506284, 11117.77012408891, 0, 11112.109001476905], "[4, 4]": [9259.2503443677, -600, 10544.707190409326, -600], "[1, 37]": [11748.776444109066, 11128.605122888845, 0, 11064.726361283596], "[3, 30]": [11159.957898057855, 10424.29091557727, 0, 11140.394274104181], "[0, 2]": [10741.141704464422, 11091.213589807598, -600, -600], "[0, 1]": [11335.614573669995, 10953.37092680061, 0, 11093.500721774997], "[0, 5]": [10939.90204963636, -600, -600, 11283.048659430042], "[0, 11]": [-600, -600, 10559.35663472006, 10356.222616681684], "[0, 8]": [-600, 10778.929685906965, 10024.577235869305, -600], "[7, 1]": [11293.845444888564, 11172.693959461547, 0, 11189.067292757607], "[7, 0]": [11163.057453538828, 10973.939273353044, 10985.38074375847, 0], "[6, 9]": [-600, 9538.943798049972, -600, 11314.893049214856], "[6, 8]": [-600, 11029.193660813347, 11025.622658909822, -600], "[6, 12]": [-600, -600, 10487.70944174022, -600], "[1, 1]": [11683.593588534772, 11160.596288996185, 0, 10863.938877321589], "[2, 8]": [-600, 9944.329880724941, 10985.721711534608, -600], "[5, 0]": [11139.445921217412, 11255.370859545388, 11481.163095388623, 0], "[5, 3]": [11415.71098920589, 0, 11431.396240121558, 11415.864529634833], "[5, 1]": [10855.390621196275, 10990.920629618791, 0, 10875.859990385163], "[5, 9]": [-600, 9165.437468764068, -600, 9009.164720140532], "[6, 11]": [-600, -600, 10211.759568553054, 11271.109249709381], "[5, 24]": [9282.729441461765, -600, 11585.480452481372, -600], "[5, 10]": [-600, 10446.250694566188, -600, -600], "[5, 12]": [-600, -600, 11056.563687415806, -600], "[5, 26]": [-600, 11068.160125197834, 10840.75953039627, -600], "[4, 0]": [11202.946919587157, 11353.123385369205, 11140.061500811407, 0], "[4, 2]": [11052.416741003342, 11217.260286791765, -600, -600], "[4, 6]": [7477.466771031501, -600, -600, 633.4488752882819], "[4, 10]": [-600, 10641.461762719739, -600, -600], "[7, 7]": [0, 11029.169775050574, 11018.045191586574, 11345.628009571003], "[1, 8]": [-600, 10908.554878420604, 10665.40257160713, -600], "[1, 10]": [-600, 10586.166803902814, -600, -600], "[3, 3]": [10049.624230109941, 0, 10197.094203371646, 11068.073612121683], "[2, 10]": [-600, 10697.270261219044, -600, -600], "[7, 16]": [11298.763407395223, 0, 11062.619530802715, 10517.121200931324], "[6, 6]": [7254.322428635556, -600, -600, -600], "[4, 9]": [-600, 11189.34453924053, -600, 9692.309676246634], "[4, 12]": [-600, -600, 10433.383103477356, -600], "[7, 15]": [11321.69378088785, 11247.21015999751, 0, 11605.176160216713], "[2, 11]": [-600, -600, 10829.757529114986, 10762.045999781849], "[0, 4]": [8235.849211931103, -600, 9368.873030889186, -600], "[0, 13]": [649.0171537103606, -600, -600, 9682.638820838329], "[4, 3]": [10864.648181013463, 0, 10845.168594495892, 10913.68473499619], "[4, 7]": [0, 11294.559307268204, 11487.046763315344, 11271.90989054042], "[5, 22]": [10954.932231274975, 10867.144750965475, 10568.937078258474, 0], "[7, 4]": [9573.248704122057, -600, 9060.076479037574, -600], "[7, 5]": [11139.347363355642, -600, -600, 10957.865993538524], "[5, 25]": [0, 11297.924881873603, 11483.278339691029, 11339.838476134213], "[5, 4]": [10404.805457615708, 0, 11026.004680082573, -600], "[5, 8]": [-600, 10858.72001371163, 11116.26004290531, -600], "[5, 23]": [11454.06086949792, 0, 11592.281696775979, 11416.613360647234], "[5, 7]": [0, 11260.4401139636, 11407.990257504835, 11250.188649739961], "[3, 29]": [11361.104190282522, 11690.536407382006, 11379.770531252654, 0], "[0, 6]": [11157.29404218972, -600, -600, 569.611413778897], "[1, 2]": [11234.964148995841, 10602.070639344167, -600, -600], "[3, 9]": [-600, 11501.028903476421, -600, 11175.236875262692], "[3, 8]": [-600, 11587.163819215652, 11283.658318531803, -600], "[1, 36]": [10804.63533961663, 10831.862013181173, 10798.673898078729, 0], "[7, 21]": [-600, -600, -600, 9662.171032194181], "[6, 13]": [-600, -600, -600, 10560.624685820238], "[3, 34]": [-600, 11445.033944122304, -600, 11119.659822494905], "[3, 11]": [-600, 623.9992367349366, 10959.053764333794, 11025.404673071114], "[3, 10]": [-600, 10750.150039790182, -600, -600], "[1, 5]": [11153.469836062515, 591.3109573607969, -600, 11179.94885461616], "[3, 33]": [-600, 11671.88416426112, 11399.827593314129, -600], "[1, 38]": [11654.265174186963, 11489.771191768476, -600, -600], "[3, 0]": [11270.380425681042, 11659.84926111521, 11382.751829023824, 0], "[3, 2]": [11511.937431746857, 11540.171669901856, -600, -600], "[3, 32]": [0, 11085.50749284655, 11109.397816819775, 11106.6102453605], "[7, 9]": [-600, 10784.202294519306, -600, 11437.630632500795], "[7, 8]": [-600, 10463.75682057635, 10717.37926174253, -600], "[3, 7]": [0, 11642.21579253385, 11399.103186226384, 11410.188169591027], "[7, 20]": [-600, -600, 10994.019746638702, 11493.27453025395], "[2, 6]": [7480.448009165166, 661.4628876978625, -600, -600], "[7, 18]": [0, 10645.731688944683, 10876.507575583852, 10187.351631306634], "[0, 12]": [-600, -600, 9504.400024229377, -600], "[3, 4]": [10763.312223589232, -600, 11078.103119277044, -600], "[6, 2]": [10032.996236193609, 10930.861643133516, -600, 614.751136934761], "[5, 5]": [11360.173656804309, 470.8536494654529, -600, 11367.119681257742], "[1, 4]": [10340.00691536985, -600, 10715.940690361193, -600], "[6, 10]": [-600, 9073.51821816271, -600, -600], "[3, 12]": [-600, -600, 10893.74976074268, -600], "[4, 14]": [-600, -600, -600, -600], "[7, 17]": [11692.371677632686, -600, 1205.04368158236, 11731.243268241207], "[4, 5]": [11145.323727095301, -600, -600, 10921.045285238148], "[7, 12]": [-600, -600, 8685.323896649232, -600], "[3, 31]": [11216.998819759137, 11219.465360762648, -600, -600], "[3, 5]": [11412.664257559923, -600, -600, 11438.918503455934], "[2, 13]": [-600, -600, -600, 7746.6564626047175], "[7, 19]": [-600, 10395.474499539769, 0, 9833.164639621049],