{"[5, 1]": [-0.7528451514219496, 23.19590616540957, -600, 366.41097462422715], "[6, 0]": [245.37328566452322, 291.6888778902688, 775.6109656788759, -600], "[6, 7]": [-600, 525.3567407300457, 656.3439447520507, 889.8481772407642], "[6, 1]": [268.27597241205945, 214.62234504304095, -600, 805.5150850683291], "[6, 3]": [522.7386199077387, -600, 889.3006787545373, 654.2775183347368], "[6, 9]": [-600, 24.364560641635148, -600, 625.6893534433884], "[6, 8]": [-600, 141.45240746257295, 752.1112883851072, -598.5457930294197], "[4, 9]": [-600, 624.5179885822072, -600, 32.195004863567], "[4, 8]": [-600, 903.2003748426322, 522.7614715479621, -600], "[4, 7]": [-600, 921.5319964609647, 680.4004047459233, 542.5974471792501], "[4, 0]": [535.5781412835864, 683.2722796925867, 917.1926684057552, -600], "[4, 11]": [-600, -598.7423455422559, 764.9284431729906, 152.11493182599034], "[7, 7]": [-600, 58.05261935541645, 192.68925839152743, 1062.4248546537428], "[7, 3]": [574.070703670977, -600, 546.615738373399, 1128.088655983788], "[0, 7]": [-600, 217.57783549162323, 263.8089736987027, 778.1578281083595], "[0, 3]": [845.5473755063102, -600, 483.0875565575372, 607.0795018533846], "[0, 1]": [626.5071285919528, 485.472282669546, -600, 834.8108421104582], "[0, 0]": [718.8463894503368, 249.99645498362298, 218.2182497671327, -600], "[7, 1]": [198.21668412090335, 56.61706783488637, -600, 1075.870422058032], "[7, 0]": [417.21214750175875, 0.9752514946417564, 19.639135866174822, -600], "[5, 3]": [42.924788588455556, -600, 1097.979844700917, 195.4876864814294], "[4, 3]": [215.68457049800838, -600, 837.8565352036501, 264.31595918750673], "[4, 1]": [246.03957556742185, 806.7952353189573, -600, 212.06023629096043], "[5, 0]": [64.67152415776147, 191.83827834256385, 1102.7617038578562, -600], "[5, 7]": [-600, 596.8554717162683, 1150.0574085883218, 640.1009871588809], "[2, 3]": [778.4177876932868, -600, 209.506741799626, 247.575390132224], "[2, 7]": [-600, 774.7057459732614, 286.0498683882385, 242.43059294769296], "[2, 1]": [639.3404058655934, 870.4934582089242, -600, 502.2048415900442], "[2, 0]": [872.7615213706748, 620.2915527535607, 508.62539534170423, -600], "[1, 0]": [1036.928147117666, 175.60841203817435, 53.85045403114862, -600], "[1, 7]": [-600, 21.875483716933946, -1.6411724843018018, 401.6393180526469], "[1, 3]": [1043.6817076228651, -600, 41.034870690366006, 184.55545974168214], "[2, 4]": [622.6071937035399, -600, 27.463824443266603, -600], "[2, 8]": [-600, 738.2948599771541, 146.04712025607432, -600], "[2, 9]": [-600, 245.42611776360417, -600, 4.4212771669269815], "[2, 2]": [853.6306383689675, 487.0847154690074, -600, -600], "[1, 1]": [1114.8091582397046, 485.3051975538054, -600, 545.7172525372573], "[3, 1]": [208.0117446094514, 1078.0694949124206, -600, 43.566464138939864], "[3, 3]": [16.833317925043765, -600, 355.74114392225675, -0.36763651972248945], "[3, 7]": [-600, 1059.6151486154265, 179.55165866600078, 37.556948006045126], "[0, 4]": [211.44044710361777, -600, 12.24270224902061, -600], "[0, 11]": [-600, -600, 106.39354510780444, 674.6635375438815], "[5, 11]": [-600, -600, 1068.3417875017565, 143.3965684030539], "[6, 4]": [4.9620094569565385, -600, 267.63425667705565, -600], "[3, 32]": [0, 992.8958088954437, 49.326372292622445, 10.22877445119267], "[5, 23]": [11.42087345231346, 0, 1013.6129860471958, 59.67176912791057], "[3, 29]": [312.0436803666757, 1181.621319039373, 295.64717928167227, 0], "[1, 36]": [998.374004483692, 54.35073902406934, 15.185993901784913, 0], "[4, 2]": [122.84715567774857, 771.6174684424539, -598.7776016459553, -600], "[6, 11]": [-600, -600, 489.6553828181672, 873.3247070077921], "[5, 8]": [-600, 188.36113159964717, 1050.5672715181167, -600], "[5, 2]": [2.60072119521232, 331.22070351534376, -600, -600], "[4, 5]": [442.4058517198144, -600, -598.6483548705487, 37.428183006431496], "[5, 25]": [0, 330.50163534165677, 1207.236005055907, 342.09953862094477], "[7, 18]": [0, 19.32306948024547, 51.69578880420029, 1005.9734494978927], "[3, 11]": [-600, -600, 254.04115219655728, 1.2986090226161648], "[2, 5]": [693.3067116147167, -600, -600, 118.31618052737792], "[0, 5]": [822.6371305591983, -600, -600, 421.02560006163674], "[7, 5]": [121.09084268375761, -599.2304888202507, -600, 1013.3638751675202], "[4, 4]": [29.60567859891447, -600, 679.1967445002387, -600], "[7, 4]": [-1.2844499602168569, -600, 30.570024907263512, -600], "[0, 13]": [-598.5820784182423, -600, -600, 713.7233323250332], "[6, 5]": [131.3854567597919, -600, -600, 720.1714856653272], "[0, 9]": [-600, -2.111387671113829, -600, 195.56961389491292], "[3, 8]": [-600, 927.8812814333698, 158.6354548890001, -600], "[2, 10]": [-600, 742.6845770079049, -600, -600], "[3, 0]": [597.2585837376465, 1132.8214995246933, 556.9517318104772, -600], "[0, 2]": [691.2284803571235, 108.53051294724584, -600, -600], "[5, 4]": [0.45393164463326047, -600, 560.2147870549123, -600], "[1, 5]": [900.895938345832, -600, -600, 91.81416808946281], "[1, 37]": [1169.2238597049104, 261.92135591066346, 0, 281.48576320366533], "[3, 33]": [-600, 955.8959604725218, 34.29800622590231, -600], "[5, 22]": [16.4416711144466, 76.84091919033595, 1026.9249839887625, 0], "[0, 8]": [-600, 506.1020060194429, 46.95674516477716, -600], "[5, 9]": [-600, 1.961684155864535, -600, 108.78758269472809], "[2, 13]": [-596.8042169836335, -600, -600, 341.420697308148], "[1, 2]": [890.5876014355093, 137.54286295898035, -600, -600], "[3, 30]": [58.226708405474646, 1000.5062204490282, 0, 12.844495412909502], "[2, 11]": [-600, -600, 519.4102252771534, 50.415217888963234], "[3, 5]": [239.02230538158153, -600, -600, 1.5691577262362157], "[0, 6]": [582.8461638610837, -600, -600, -600], "[1, 39]": [989.1090339268742, 0, 9.476421157388883, 50.75793434844529], "[4, 10]": [-600, 665.9313025254261, -600, -600], "[3, 2]": [135.14739679198425, 1043.6208815459163, -600, -600], "[2, 6]": [577.1166966844016, -600, -600, -600], "[3, 4]": [2.500426022358336, -600, 96.5054176159438, -600], "[1, 13]": [-600, -600, -600, 163.03927691749232], "[1, 9]": [-600, 0.6258473582187927, -600, 17.737994328925367], "[5, 10]": [-600, 188.21891039520327, -600, -600], "[6, 12]": [-600, -600, 765.4219481178144, -600], "[7, 15]": [56.533432009323285, 14.690654055630107, 0, 1006.0933937499121], "[7, 16]": [292.12361750252853, 0, 285.8327891089583, 1185.0329715903958], "[6, 2]": [52.348763509916374, 534.4187327446903, -600, -600], "[5, 27]": [-600, -600, 834.3212519005478, 23.523049267242055], "[5, 5]": [2.103184537134193, -600, -600, 233.77881400229694], "[4, 12]": [-600, -600, 794.788270997548, -600], "[3, 9]": [-600, 511.6812636495606, -598.8812796869537, -0.3626411234339892], "[7, 2]": [346.10754900656775, 6.041463495764962, -600, -600], "[7, 9]": [-600, 1.000066364014865, -600, 531.4883388816407], "[2, 12]": [-600, -600, 409.4785797736849, -600], "[6, 13]": [-600, -600, -600, 590.4826422707757], "[4, 6]": [295.9548089309628, -600, -600, -600], "[7, 11]": [-600, -600, 142.52285405661897, 923.6709488139654], "[1, 4]": [468.13148423327885, -600, 1.0806340098368992, -600], "[1, 10]": [-600, 168.8355632920821, -600, -600], "[3, 34]": [-600, 287.8953540546294, 0, 0.5069903944967108], "[1, 38]": [892.0447235841297, 33.79174129276356, -600, -600], "[1, 8]": [-600, 336.4732913037159, 5.909055198075215, -600], "[1, 11]": [-600, -600, 3.035943909479044, 257.68772278254914], "[0, 12]": [-600, -600, 351.2142387302366, -600], "[6, 6]": [375.43806754499775, -600, -600, -600], "[7, 20]": [-600, -599.1913254650236, 32.0960189565087, 937.9193874080272], "[0, 10]": [-600, 295.23029225950455, -600, -600], "[5, 12]": [-600, -600, 664.1974841035476, -600], "[5, 26]": [-600, 33.91755397480289, 1014.9386331791093, -600], "[4, 13]": [-600, -600, -600, 397.4790033418431], "[7, 8]": [-600, 7.667606658284014, 376.4635069034207, -600], "[1, 40]": [251.27320799126002, 0, 0.3755033574668451, -600], "[6, 10]": [-600, 375.5014157262014, -600, -600], "[7, 19]": [-600, 0.7593837318447185, 0, 292.95076277521906],