{"[6, 1]": [278.39431210793407, 248.47197735133824, -600, 938.2566655504459], "[5, 3]": [55.19206859005453, -600, 1201.8542703240557, 222.13096156530676], "[4, 4]": [25.645384905563038, -600, 813.5492452264987, -600], "[4, 2]": [147.99418899123464, 896.280974375023, -600, -600], "[6, 0]": [258.0656570973618, 288.6546732991835, 880.7115626631986, -600], "[6, 7]": [-600, 593.1015707208949, 741.4136196918165, 1020.3673706235082], "[6, 3]": [568.3847073855396, -600, 1027.0348458701255, 721.2129506852242], "[7, 7]": [-600, 79.12569367277946, 226.9204285067725, 1220.085010795601], "[7, 3]": [645.1612181729245, -600, 626.7321126042165, 1269.2834122726338], "[7, 0]": [537.610934057533, 2.222704099295859, 22.202664028360157, -600], "[0, 7]": [-600, 231.045599870972, 266.7253351684841, 916.4380618307297], "[0, 0]": [832.7554028278126, 276.7972377599089, 245.99718490639546, -600], "[0, 3]": [980.8813582034899, -600, 554.4057261276741, 702.642555810411], "[0, 1]": [701.0284795597638, 549.3423530944616, -600, 985.8394887533437], "[7, 1]": [217.8810599315769, 62.76674062901785, -600, 1194.7951050844747], "[0, 9]": [-600, -0.6515217594140637, -600, 364.356259363276], "[0, 2]": [793.5203681824108, 129.5393733790023, -600, -600], "[2, 7]": [-600, 888.5975680053238, 272.8276289961735, 252.62932506537916], "[2, 3]": [925.5138532482315, -600, 233.56386747141653, 275.94760863316526], "[2, 0]": [1004.8518532899654, 723.7816831007607, 574.1490997713607, -600], "[2, 1]": [704.8576556191282, 1014.7500703632826, -600, 558.3719896856128], "[3, 1]": [188.29294025392386, 1169.5087189631597, -600, 41.097579146876214], "[3, 3]": [477.6204854487645, -600, 20.049634055520343, -1.7459158894188969], "[1, 0]": [1215.070180527737, 234.93685931927536, 73.4304273387927, -600], "[1, 1]": [1255.8699154635226, 613.1337331017071, -600, 661.00974771693], "[1, 7]": [-600, 23.492602412659327, 0.3091862222730969, 530.1912617290303], "[0, 4]": [362.5245016003312, -600, 6.277133469608417, -600], "[5, 1]": [0.5465385989767684, 489.6980435948069, -600, 24.428133647693485], "[5, 7]": [-600, 616.6843729316535, 1275.5301904467726, 661.0042355919778], "[4, 3]": [206.5509035999544, -600, 951.0601785701539, 251.05704191158407], "[4, 1]": [271.76523974932695, 913.1691526316503, -600, 239.02422324857056], "[5, 0]": [63.52146731006536, 216.1565795681514, 1226.8844314112844, -600], "[4, 7]": [-600, 1052.9797573900582, 717.648691507069, 556.1664724384001], "[0, 5]": [447.58024596653917, -600, -600, 962.185601580342], "[4, 0]": [590.852672403884, 734.8389533983664, 1050.1195941297208, -600], "[2, 4]": [800.5637364937625, -598.4990775694065, 38.26717378794721, -600], "[1, 5]": [1127.6151243434042, -600, -600, 127.24602472203665], "[2, 5]": [808.0236610011266, -600, -600, 139.33334714335527], "[2, 9]": [-600, 302.1686508547717, -600, 5.564574849124509], "[0, 11]": [-600, -600, 130.93863689613025, 782.4862849611798], "[7, 18]": [0, 22.34942414778131, 57.246149390989, 1185.1950802782358], "[1, 39]": [1177.6961373937866, 0, 14.615895320838506, 58.6393184228638], "[4, 8]": [-600, 1038.6826318339702, 557.8103734156697, -600], "[4, 9]": [-600, 835.5485778333069, -600, 32.96408190341736], "[3, 7]": [-600, 1177.2900198412117, 194.58193039628236, 52.44935905487164], "[1, 9]": [-600, -0.8638847707926895, -600, 110.19238315256607], "[5, 8]": [-600, 195.6954515299912, 1186.1021383442471, -600], "[2, 8]": [-600, 851.0831442526182, 137.06351944198406, -600], "[6, 9]": [-600, 40.86675243269585, -600, 837.4038954691077], "[6, 11]": [-600, -600, 1003.8893358471735, 504.50432718976117], "[3, 32]": [0, 1153.2554575674123, 64.73978524597764, 11.147131066922103], "[6, 2]": [72.28014415370022, 683.9564694405632, -600, -600], "[5, 5]": [3.4485429648068573, -600, -600, 404.4387343135326], "[4, 11]": [-600, -596.8355910254651, 830.899738466125, 130.02246491436694], "[5, 11]": [-600, -600, 1041.7523521861815, 103.44645898225058], "[5, 2]": [3.2521541108350944, 419.4613170016155, -600, -600], "[4, 5]": [659.6581167110115, -600, -598.6158301340802, 48.169017254555655], "[7, 4]": [91.25188443162664, -600, 1.1576077817031325, -600], "[6, 5]": [158.8963873028283, -600, -600, 812.6788435038137], "[5, 25]": [0, 334.51714878348963, 1334.9809906400615, 341.3909878141827], "[1, 2]": [1135.9355379995854, 176.00259062264382, -600, -600], "[0, 8]": [-600, 637.5032772740329, 51.21775541953229, -600], "[1, 11]": [-600, -598.988703987415, 2.797341145344394, 326.21122705456804], "[1, 3]": [1209.6877296707255, -600, 55.603578831926725, 229.31111731280188], "[1, 37]": [1321.946798380713, 339.57899940481445, 0, 363.16217373136595], "[7, 15]": [64.79398763247352, 13.05439979925351, 0, 1171.1771656613969], "[6, 4]": [9.475247348151033, -600, 339.0879598434798, -598.6929624678056], "[3, 8]": [-600, 1039.1493151715229, 142.52802499742359, -600], "[6, 8]": [-600, 171.43865097098325, 874.5369727480202, -600], "[7, 8]": [-600, 10.293498302594076, 521.8819819380498, -600], "[7, 11]": [-600, -600, 176.1229840290807, 1154.9330310335315], "[6, 10]": [-600, 650.9165708540285, -600, -600], "[6, 13]": [-600, -600, -600, 929.055811801279], "[3, 0]": [607.4866927475672, 1249.1141088361742, 581.4506222154215, -600], "[3, 29]": [320.9960547322071, 1296.0830354192078, 307.87256840697717, 0], "[5, 4]": [1.116301356007343, -600, 711.8205635968166, -600], "[2, 2]": [485.72210426743163, 984.8706847611467, -600, -600], "[7, 16]": [351.6585988953863, 0, 314.30995571852594, 1321.600568263507], "[3, 30]": [55.3321066280129, 1152.5240755972002, 0, 12.328630566053949], "[3, 4]": [164.75314543205943, -600, 2.7226947923360436, -600], "[0, 13]": [-598.4522621264233, -600, -599.1312216790418, 793.459947124513], "[5, 23]": [15.559490941642865, 0, 1176.2567035543575, 63.04556769726505], "[5, 22]": [15.112191655460958, 61.01114186440248, 1183.125843761669, 0], "[1, 4]": [797.9377896724162, -600, 2.9461048104602923, -600], "[1, 8]": [-600, 467.1448272258407, 5.95201118204906, -600], "[7, 9]": [-600, 1.8228761537771436, -600, 717.9656278518429], "[4, 10]": [-600, 857.809218603577, -600, -600], "[1, 42]": [263.90703807866834, -600, -600, -600], "[2, 11]": [-600, -600, 608.1173004112767, 49.412475544152635], "[3, 9]": [-600, 626.1194159763007, -600, -1.4191545825773042], "[2, 10]": [-600, 835.3597321365683, -600, -600], "[5, 9]": [-600, 201.2334977782509, -600, 3.5541956086999833], "[1, 40]": [371.60205248036766, 0, 0.7864457223266644, -600], "[4, 6]": [647.0074795490377, -600, -600, -600], "[3, 5]": [329.9839977077442, -600, -600, 2.8152981353453264], "[3, 2]": [106.23412990293023, 1000.2622967214319, -598.5735419658778, -600], "[7, 5]": [106.84548512150614, -600, -600, 1064.2109399595074], "[2, 6]": [919.5742303454238, -600, -600, -600], "[5, 24]": [0.5587993210695432, 0, 374.0324127171515, -600], "[6, 12]": [-600, -600, 829.2624510042142, -600], "[5, 12]": [-600, -600, 771.7531452336682, -600], "[0, 6]": [900.6513311064331, -600, -600, -600], "[1, 36]": [1178.3898623815842, 62.71570506468609, 17.684325789616796, 0], "[1, 38]": [1144.0002994228037, 41.716203607565596, -600, -598.619251081406], "[3, 11]": [-600, -600, 344.15224884152457, 3.777181924139865], "[3, 34]": [-600, 369.9279777864135, -600, 0.7871493299767416], "[2, 12]": [-600, -600, 563.2343087737266, -600], "[7, 2]": [489.15040869806916, 5.722610624944594, -600, -600], "[5, 26]": [-600, 38.56552816094466, 1158.3842647294218, -600], "[6, 6]": [664.0741125031957, -600, -600, -600], "[5, 27]": [-600, -600, 820.2596893949656, 19.691889480142258], "[4, 12]": [-600, -600, 959.6080625851383, -600], "[7, 20]": [-600, -600, 47.757399410608144, 1123.484833877995], "[0, 12]": [-600, -600, 587.7600107276903, -600], "[7, 12]": [-600, -600, 329.3006869080593, -600], "[7, 17]": [23.687881369996777, -600, -600, 791.4012702308705], "[3, 12]": [-600, -600, 291.335015036155, -600], "[7, 19]": [-600, 0.40529534519298027, -600, 355.26535164835076], "[3, 6]": [315.4329984647579, -600, -600, -600], "[0, 10]": [-600, 554.7745694126038, -600, -600],