{"[4, 8]": [-600, 14236.557961945833, 14125.873330371107, -600], "[2, 7]": [0, 14252.368084806674, 14245.187950243075, 14246.701544714268], "[2, 3]": [14440.809464819631, 0, 13938.39958798596, 14131.766566030445], "[2, 1]": [14363.852475042042, 14335.019912457505, 0, 14381.84918055975], "[2, 0]": [14295.659105336514, 14313.682518979522, 14312.535539359002, 0], "[2, 9]": [2014.1202675302702, 14025.880658954142, -600, 13720.238353320343], "[2, 2]": [14579.868893020712, 13863.08822621619, -600, -600], "[2, 5]": [13495.634493831749, -600, -600, 13868.17858505411], "[1, 0]": [14512.060611491197, 14205.44763572105, 14484.913995603216, 0], "[1, 9]": [-600, 12192.55246499304, -600, 11599.712259177859], "[6, 1]": [13955.704328376942, 13679.599540673566, 0, 13842.592054643765], "[6, 0]": [14258.290696141847, 14196.378806907422, 14600.006226477413, 0], "[6, 7]": [0, 14372.349114981893, 14540.830496874814, 14491.458337494041], "[6, 4]": [11861.17980128037, -600, 13277.727406571903, -600], "[7, 11]": [-600, -600, 14027.081456505197, 14749.808345856636], "[7, 3]": [14399.90751518166, 0, 14291.699773527978, 14776.570691318066], "[0, 7]": [0, 14157.985610976933, 14072.332606761365, 14292.376733991823], "[0, 3]": [14297.470222044267, 0, 14212.393105351714, 14381.426370898751], "[1, 39]": [13232.322878046272, 0, 14202.965091139584, 14391.3585535332], "[2, 4]": [14357.18935535827, -600, 12683.921274995622, -600], "[6, 3]": [14525.153068045658, 0, 14617.11216263018, 14587.88309356538], "[6, 5]": [13965.206885277701, -600, -600, 14450.303515068736], "[1, 3]": [14430.192659574168, 0, 14401.401912776975, 14448.635929797103], "[1, 7]": [0, 14246.565389147054, 14183.787408709002, 14348.464372594448], "[0, 0]": [14332.350606647655, 13975.648527820349, 14182.134978022701, 0], "[0, 9]": [-600, 13969.112937618407, -600, 11425.811571241686], "[5, 11]": [-600, -600, 13234.974824291665, 14013.851258030634], "[4, 11]": [-600, -600, 14334.440579392387, 14170.328161646612], "[3, 1]": [14525.568452345797, 14627.268646465744, 0, 14509.072028315179], "[4, 1]": [14289.844614926664, 14211.927214075868, 0, 14310.688535597043], "[4, 4]": [12428.040662998383, -600, 14599.514176925384, -600], "[1, 37]": [13090.5225094309, 14226.456216620256, 0, 14179.604403567027], "[3, 30]": [14471.27366875835, 13133.058996627611, 0, 14390.289568731188], "[0, 2]": [13521.652610038102, 14123.286950694805, -600, -600], "[0, 1]": [14325.113287363873, 13920.031232807607, 0, 14337.26686180049], "[0, 5]": [14259.706233952009, -600, -600, 14139.894552558508], "[0, 11]": [-600, -600, 13237.792818874093, 14396.439742560766], "[0, 8]": [-600, 13640.753594584647, 14220.071173454078, -600], "[7, 1]": [14364.858300786678, 14345.406137613802, 0, 14521.160976400035], "[7, 0]": [14224.738054909061, 14211.287937370773, 14275.289324023097, 0], "[6, 9]": [-600, 14205.775811846308, 1671.4853968242942, 12416.362475828268], "[6, 8]": [-600, 13722.371983317615, 14508.025250095317, 2308.532710166952], "[6, 12]": [-600, -600, 13951.588664023262, -600], "[1, 1]": [14397.097923475789, 14210.424069247012, 0, 14358.672754932077], "[2, 8]": [-600, 13890.242987473639, 13537.933574641022, -600], "[5, 0]": [14097.689545291434, 14068.826316793768, 13111.944054148902, 0], "[5, 3]": [14592.90364293024, 0, 14602.2060744079, 14610.228179480608], "[5, 1]": [13972.736304593142, 13933.406893652907, 0, 13820.671164623047], "[5, 9]": [-600, 14002.153472633137, -600, 12092.387406042131], "[6, 11]": [908.4765787035731, -600, 14196.464317961723, 14073.481154992016], "[5, 24]": [14522.172163488272, 2989.4764882217632, 13123.73609667334, -600], "[5, 10]": [-600, 14118.853557198992, 1140.8938233013987, -600], "[5, 12]": [-600, -600, 14620.04612573941, -600], "[5, 26]": [-600, 14029.828671216921, 12867.420334436789, -600], "[4, 0]": [14256.434454359562, 14298.659683578744, 13633.729816900415, 0], "[4, 2]": [14024.738322066725, 14050.259667167731, 1087.447675392751, -600], "[4, 6]": [12774.8520237654, -600, -600, -600], "[4, 10]": [-600, 13886.061207952076, -600, -600], "[7, 7]": [0, 14399.57651847223, 14356.324536760725, 14773.003675201031], "[1, 8]": [-600, 14202.60815908436, 13651.376827619648, -600], "[1, 10]": [-600, 12110.26622895284, -600, -600], "[3, 3]": [14209.577026306923, 0, 14130.20078935652, 14157.470095632485], "[2, 10]": [-600, 14317.715267777987, -600, -600], "[7, 16]": [14379.580604242858, 0, 14472.499240649433, 14794.406389805932], "[6, 6]": [12292.953475516606, -600, -600, -600], "[4, 9]": [-600, 14061.590968624978, -600, 13154.8491950315], "[4, 12]": [-600, 945.5974185867112, 13305.767565997136, -600], "[7, 15]": [14022.906524924554, 13985.839681134448, 0, 13978.046411178697], "[2, 11]": [-600, -600, 13945.473497408935, 14146.486996379872], "[0, 4]": [12707.398462618916, -600, 10915.526212022063, -600], "[0, 13]": [-600, -600, -600, 10642.632174829696], "[4, 3]": [14334.08564623541, 0, 14387.299586533223, 14496.56195770021], "[4, 7]": [0, 14541.929480383982, 14613.407541101615, 14543.846892970732], "[5, 22]": [14254.338370979649, 14240.226839434088, 12092.29095880027, 0], "[7, 4]": [11191.820538682248, -600, 13486.774671902416, -600], "[7, 5]": [14224.519574784308, -600, -600, 13519.888361018819], "[5, 25]": [0, 14269.726514250851, 14142.127004599066, 14355.115467452568], "[5, 4]": [13597.053667038697, 0, 14521.109572457728, -600], "[5, 8]": [-600, 14353.13767217042, 14378.426536195275, -600], "[5, 23]": [14564.521383395724, 0, 13894.933777996832, 14588.208492323325], "[5, 7]": [0, 14283.301540189994, 14361.521553237088, 14043.560575811785], "[3, 29]": [14610.204753739576, 14842.272445771228, 14601.849016916089, 0], "[0, 6]": [14206.394441850369, -600, -600, -600], "[1, 2]": [14564.504261302327, 13772.442715778192, -600, -600], "[3, 9]": [-600, 13797.247952957958, -600, 14007.68394184878], "[3, 8]": [880.9504598323913, 14728.319275444594, 14406.75547730533, -600], "[1, 36]": [13367.234264337116, 14107.381279735104, 13794.65276050647, 0], "[7, 21]": [-600, -600, -600, 14610.42207020757], "[6, 13]": [-600, -600, -600, 13251.558763773493], "[3, 34]": [790.2968907366158, 13549.948915856123, -600, 14017.709930155384], "[3, 11]": [-600, 1066.2477160722892, 13701.76804318215, 13968.550709337514], "[3, 10]": [-600, 14660.398592914094, -600, -600], "[1, 5]": [14356.413712126898, -600, -600, 14336.228090222452], "[3, 33]": [-600, 14754.244529915339, 14579.07892269825, -600], "[1, 38]": [14648.374887284663, 14021.5308964703, -600, -600], "[3, 0]": [14457.133068636975, 14776.304369344816, 14351.57534599187, 0], "[3, 2]": [14635.6582575579, 14525.734082270867, -600, -600], "[3, 32]": [0, 14120.082463721763, 14293.543580830961, 14298.187340412105], "[7, 9]": [-600, 13729.446410023706, -600, 14587.885382841116], "[7, 8]": [-600, 13899.133482125508, 14267.52378443925, -600], "[3, 7]": [0, 14798.64038803438, 14721.528858429318, 14411.205141496555], "[7, 20]": [-600, -600, 14289.420138228605, 12996.161856538094], "[2, 6]": [12603.637377954034, -600, -600, -600], "[7, 18]": [0, 14283.915581118374, 14322.290099500839, 12947.277073913598], "[0, 12]": [-600, -600, 13999.67273006236, 910.8289595707552], "[3, 4]": [11028.525059913665, -600, 14041.678375773701, -600], "[6, 2]": [13624.200294335717, 14062.953863830498, -600, -600], "[5, 5]": [14799.790593190888, -600, 1084.139541030283, 14767.75872362871], "[1, 4]": [14615.214338878102, 0, 13030.645878159425, -600], "[6, 10]": [-600, 13030.089597281501, -600, -600], "[3, 12]": [-600, 960.7691716947656, 13718.813093980316, -600], "[4, 14]": [-600, -600, -600, -600], "[7, 17]": [14165.853855511612, -600, 1205.04368158236, 13394.895973388539], "[4, 5]": [14160.257635573871, -600, -600, 14040.364982243673], "[7, 12]": [-600, -600, 12959.340974335126, -600], "[3, 31]": [14199.375239094192, 14124.395592484623, -600, -600], "[3, 5]": [14113.334805960985, -600, -600, 14229.733024993866], "[2, 13]": [-600, -600, -600, 10585.549203500372], "[7, 19]": [-600, 14038.681444478481, 0, 13558.979518760361],