{"[6, 1]": [262.79043914008565, 232.7945833248115, -600, 804.6965902867098], "[5, 3]": [47.14170598120136, -600, 1088.5772433510776, 204.48631441978785], "[4, 4]": [21.671722110958587, -600, 652.1825536005263, -600], "[4, 2]": [136.1148621277365, 778.5883108822627, -600, -600], "[6, 0]": [240.2126355823725, 269.56265971367856, 773.4748202035864, -600], "[6, 7]": [-600, 544.9065391467437, 686.0102622255636, 892.0641023986799], "[6, 3]": [525.5480659028228, -600, 898.6120053945402, 667.0532611219793], "[7, 7]": [-600, 67.73773174768286, 211.60312572607728, 1086.7106976466714], "[7, 3]": [584.0000846992472, -600, 571.4776997691441, 1135.5604864835666], "[7, 0]": [411.52508837559014, 0.33079937698434003, 21.02145209675687, -600], "[0, 7]": [-600, 211.54544690222667, 250.47426966170997, 785.3466183203362], "[0, 0]": [749.0041545619673, 258.3673901179882, 226.96878415216568, -600], "[0, 3]": [847.8081090318447, -600, 514.211315170954, 647.2747021104367], "[0, 1]": [642.1361367472139, 497.93461176600863, -600, 854.401012399911], "[7, 1]": [199.04955849298628, 51.65816310218087, -600, 1056.8121924183667], "[0, 9]": [-598.7600355800635, -1.2649924912103252, -600, 268.92981792235713], "[0, 2]": [704.1931668828283, 120.09236243719056, -600, -600], "[2, 7]": [-600, 783.1073259754118, 255.36596040664642, 231.92119600015832], "[2, 3]": [799.2288062558778, -600, 219.7233503858752, 262.36198495388237], "[2, 0]": [875.6076734599004, 664.3527171038974, 535.7199574458416, -600], "[2, 1]": [650.4420225662478, 883.7757077509772, -600, 518.7241046437492], "[3, 1]": [171.7527984763728, 1053.9536480382715, -600, 35.66759078231755], "[3, 3]": [367.9961230505416, -600, 17.229725107439574, -2.1660329333616932], "[1, 0]": [1081.6945061273786, 214.58387972841885, 63.93480566840404, -600], "[1, 1]": [1131.073165120188, 551.452200086302, -600, 603.7186781991285], "[1, 7]": [-600, 23.492602412659327, -1.1129369213613833, 397.8873626438582], "[0, 4]": [267.21739789159864, -600, 6.181002053720026, -598.7975659425581], "[5, 1]": [-0.3722129865586518, 376.6903836081174, -600, 24.428133647693485], "[5, 7]": [-600, 565.6398416468959, 1156.8780263481037, 609.0577979545534], "[4, 3]": [190.24439334368694, -600, 834.3941887485538, 233.9817639233332], "[4, 1]": [250.74646966903828, 806.0277026654145, -600, 225.04961591875932], "[5, 0]": [58.53427014293741, 199.9625163073547, 1111.9941904679438, -600], "[4, 7]": [-600, 920.0698760312727, 659.3663108707531, 507.4448396657644], "[0, 5]": [404.3976940533235, -600, -600, 832.2807607617594], "[4, 0]": [541.5065152791834, 676.4147860822629, 916.3663415551924, -600], "[2, 4]": [657.7351545030723, -600, 33.69280624080474, -600], "[1, 5]": [1002.5451239470927, -600, -600, 119.03344585091574], "[2, 5]": [711.4415322047446, -600, -598.9519195049976, 123.66238442751454], "[2, 9]": [-600, 228.72811325396194, -600, 4.79688384353482], "[0, 11]": [-600, -600, 121.28044191043281, 692.7949197479488], "[7, 18]": [0, 20.742979640061954, 54.52869821869729, 1037.4253172709152], "[1, 39]": [1025.2965123575989, 0, 13.244288073827567, 56.30696533600241], "[4, 8]": [-600, 905.4767249851567, 501.6039722096669, -600], "[4, 9]": [-600, 666.9725891989478, -600, 28.402652006875016], "[3, 7]": [-600, 1056.196331062572, 180.95333010675444, 44.87148086719892], "[1, 9]": [-600, -0.8638847707926895, -600, 47.46041037967044], "[5, 8]": [-600, 177.3572787972648, 1051.377773363777, -600], "[2, 8]": [-600, 745.2129419182353, 126.70470090665435, -600], "[6, 9]": [-600, 34.881098468837216, -600, 667.8870019542283], "[6, 11]": [-600, -600, 870.2366948798001, 455.7996248980663], "[3, 32]": [0, 1018.0176447021637, 61.6860869635821, 9.726719153889812], "[6, 2]": [58.445235606212535, 534.2161118506685, -600, -600], "[5, 5]": [2.607028509272342, -600, -600, 283.84629931704285], "[4, 11]": [-600, -600, 737.0763969643837, 118.02864264110288], "[5, 11]": [-600, -600, 971.7252745120769, 93.79996746560825], "[5, 2]": [2.587002233170158, 306.7161535564726, -600, -600], "[4, 5]": [487.18703674357124, -600, -600, 41.689979842754795], "[7, 4]": [41.07843112126173, -600, 0.3230974612043683, -600], "[6, 5]": [144.328136479449, -600, -600, 706.9219283381206], "[5, 25]": [0, 295.5688060328211, 1212.9714858472125, 312.2696884616126], "[1, 2]": [1007.9477220949232, 161.97962285615932, -600, -600], "[0, 8]": [-600, 503.42338315442817, 44.81321556753707, -600], "[1, 11]": [-600, -598.988703987415, 1.9723968457042391, 249.3138926983251], "[1, 3]": [1080.7346439188273, -600, 48.213496544431614, 212.32329403331522], "[1, 37]": [1187.229657112767, 305.90217888901645, 0, 329.5357629469166], "[7, 15]": [60.86771527184015, 12.353179458190397, 0, 1018.390295837549], "[6, 4]": [7.453693313080374, -600, 260.5919747417839, -600], "[3, 8]": [-600, 930.0036581444546, 132.70174424132196, -600], "[6, 8]": [-600, 160.89934430579882, 759.2763464542314, -600], "[7, 8]": [-600, 7.689852415687945, 385.33644992817113, -600], "[7, 11]": [-600, -600, 161.13397415105206, 1006.562584770994], "[6, 10]": [-600, 447.71016327861605, -600, -600], "[6, 13]": [-600, -600, -600, 771.2880655506564], "[3, 0]": [554.0250156831777, 1127.4405124376456, 533.3134560039165, -600], "[3, 29]": [290.3230290245411, 1181.6026330524967, 280.69177635322615, 0], "[5, 4]": [1.0110946217485228, -600, 532.5681013112073, -600], "[2, 2]": [436.6433148043441, 858.0062562974077, -600, -600], "[7, 16]": [311.5754217329248, 0, 284.14652656174337, 1190.1542208076369], "[3, 30]": [51.30899520414862, 1017.5521555339479, 0, 11.561169427328075], "[3, 4]": [101.9729680537463, -600, 2.7226947923360436, -600], "[0, 13]": [-598.5932649865431, -600, -600, 599.0917448056973], "[5, 23]": [13.125185806886265, 0, 1018.0188821857016, 54.20524976240402], "[5, 22]": [13.59523028083543, 59.01216559504989, 1029.665905368581, 0], "[1, 4]": [596.869650729206, -600, 1.8745827762994438, -600], "[1, 8]": [-600, 345.2095426598359, 5.017321292040871, -600], "[7, 9]": [-600, 1.5908329286475822, -600, 537.1597148115294], "[4, 10]": [-600, 681.6443147020119, -600, -600], "[1, 42]": [175.5676371887607, -600, -600, -600], "[2, 11]": [-598.7220520308722, -600, 471.85700266532155, 41.955243966484346], "[3, 9]": [-600, 464.092149332003, -600, -1.460431043804982], "[2, 10]": [-600, 638.3199907944895, -600, -600], "[5, 9]": [-600, 114.96013009581098, -600, 2.7899635050391454], "[1, 40]": [288.4116591981261, 0, 0.7387070642996225, -600], "[4, 6]": [414.1300906632475, -600, -600, -600], "[3, 5]": [233.86778028937863, -600, -600, 2.5678728770373738], "[3, 2]": [92.88838942650105, 922.5790750284663, -600, -600], "[7, 5]": [101.15053577509283, -600, -600, 965.5299559713885], "[2, 6]": [758.3125496942283, -600, -600, -600], "[5, 24]": [0.4611060038439608, 0, 278.31617443267953, -600], "[6, 12]": [-600, -600, 636.9504525786673, -600], "[5, 12]": [-600, -600, 512.8124149764637, -600], "[0, 6]": [744.8491464730561, -600, -600, -600], "[1, 36]": [1025.2893456173679, 60.598313398356396, 16.846080607157557, 0], "[1, 38]": [981.1478119330708, 37.93359558888464, -600, -600], "[3, 11]": [-600, -600, 261.8026821137527, 2.424360581377293], "[3, 34]": [-600, 284.8850656054311, -600, 0.7519612550013475], "[2, 12]": [-600, -600, 356.28300260806105, -600], "[7, 2]": [351.88482994414255, 4.211759335082793, -600, -600], "[5, 26]": [-600, 36.208352245694655, 996.0619645628428, -600], "[6, 6]": [438.9801154141402, -600, -600, -600], "[5, 27]": [-599.1405037766333, -600, 701.0102594012058, 18.850872800534233], "[4, 12]": [-600, -600, 809.7536307249902, -600], "[7, 20]": [-600, -600, 44.72188182207977, 966.156286170918], "[0, 12]": [-600, -600, 354.31563730989984, -600], "[7, 12]": [-600, -600, 185.70605022243686, -600], "[7, 17]": [22.154727674839545, -600, -600, 693.5033638971535], "[3, 12]": [-600, -600, 175.99950237861276, -600], "[7, 19]": [-600, 0.40529534519298027, -600, 266.6624764867956], "[3, 6]": [180.2824202309853, -600, -600, -600], "[0, 10]": [-600, 334.77142881619824, -600, -600],