{"[6, 1]": [2034.2185915455486, 1861.991937666138, -600, 3234.984859403212], "[5, 3]": [1235.5125773092475, -600, 3513.7590134964094, 1686.2194934869008], "[4, 4]": [459.7329603109513, -600, 3067.322516125267, -600], "[4, 2]": [1342.283679407029, 3223.804588491587, -600, -600], "[6, 0]": [2029.9547279083188, 1983.4258949100029, 3153.5395312631485, -600], "[6, 7]": [-600, 2856.742680904302, 3013.1347314880613, 3322.219681014127], "[6, 3]": [2832.083530510458, -600, 3336.7852885696684, 2995.1519651551753], "[7, 7]": [-600, 1480.895473037621, 1779.466052822991, 3536.539100420015], "[7, 3]": [2927.3407110941434, -600, 2897.57831725566, 3571.18560872773], "[7, 0]": [2947.4129022008515, 184.40576662088338, 229.5777660875094, -600], "[0, 7]": [-600, 1935.405735421392, 1967.340451850121, 3212.367984892022], "[0, 0]": [3097.157704221048, 2004.2863813128733, 1983.0369361953574, -600], "[0, 3]": [3305.676105339513, -600, 2834.943756649975, 3006.1677738829126], "[0, 1]": [2983.4979433874487, 2775.724840683974, -600, 3312.2817880722396], "[7, 1]": [1659.47237634611, 1244.3932383484293, -600, 3505.1559314915894], "[0, 9]": [-600, 86.84382150624458, -600, 2639.61249943042], "[0, 2]": [3058.6649539396203, 1202.8215469397485, -600, -600], "[2, 7]": [-600, 3197.6314791080786, 1921.1231338650082, 1897.4360941451705], "[2, 3]": [3232.621017506213, -600, 1871.2481951668449, 2021.820630564441], "[2, 0]": [3304.916369764908, 3009.966766763147, 2853.838505115973, -600], "[2, 1]": [2988.1648206798563, 3317.958581298333, -600, 2821.7117550594257], "[3, 1]": [1529.3622982033244, 3464.936905685601, -600, 1108.9768342075029], "[3, 3]": [2933.639901828478, -600, 230.86075970556035, 175.90913782018652], "[1, 0]": [3531.293622375142, 1743.1330853156046, 1427.5622562680544, -600], "[1, 1]": [3561.309801021681, 2853.070130585804, -600, 2943.48225356177], "[1, 7]": [-600, 287.6937487794368, 189.31816818752384, 2946.5429752363893], "[0, 4]": [2505.728189970612, -600, 160.0730159551429, -600], "[5, 1]": [168.11740940651424, 2881.767827962799, -600, 236.65432050917585], "[5, 7]": [-600, 2872.5137588763782, 3576.5203611594875, 2946.063410069429], "[4, 3]": [1801.9788805018006, -600, 3245.14117279042, 1858.3957238155406], "[4, 1]": [1970.7218016568727, 3205.371562787995, -600, 1946.235087642459], "[5, 0]": [1292.0640818782542, 1665.886157505317, 3542.618633210373, -600], "[4, 7]": [-600, 3352.546068341777, 2997.23491672942, 2817.3200420611456], "[0, 5]": [2524.484258524493, -600, -600, 3291.7321379033856], "[4, 0]": [2883.8429976342195, 3022.88074962866, 3339.1029653674664, -600], "[2, 4]": [3126.5816119060514, -600, 474.14259408243026, -600], "[1, 5]": [3451.757364330368, -600, -600, 1140.1394762246266], "[2, 5]": [3112.7363956309587, -600, -600, 1164.633352467264], "[2, 9]": [-600, 2169.622192697933, -600, 107.62676102946887], "[0, 11]": [-600, -600, 1183.7910208997757, 3110.134684640931], "[7, 18]": [0, 429.1493530099695, 586.9682193318557, 3585.0829752287254], "[1, 39]": [3573.739193937493, 0, 374.5542310739758, 545.535643191286], "[4, 8]": [-600, 3337.7984871759513, 2810.4332999563385, -600], "[4, 9]": [-600, 3123.215063750947, -600, 496.93366716451385], "[3, 7]": [-600, 3483.5772905500476, 1621.5655282068758, 1180.702369566761], "[1, 9]": [-600, 15.912823278648707, -600, 2052.9236728047144], "[5, 8]": [-600, 1543.7931051990072, 3506.071892944813, -600], "[2, 8]": [-596.1702997510205, 3159.572023961913, 1145.4060517868072, -600], "[6, 9]": [-600, 520.7853506339435, -600, 3169.5764573317915], "[6, 11]": [-600, -600, 3304.96455142869, 2687.30175026789], "[3, 32]": [0, 3524.7461555326418, 554.5993526977063, 366.54590392996755], "[6, 2]": [702.1138813323785, 2971.5119929951784, -600, -600], "[5, 5]": [118.59985621422263, -600, -600, 2900.708262092081], "[4, 11]": [-600, -600, 3049.7019690598886, 1095.6599711492272], "[5, 11]": [-600, -600, 3366.6552781152077, 991.2667430148681], "[5, 2]": [118.49112938601559, 2810.904469558955, -600, -600], "[4, 5]": [3104.3194683624306, -600, -600, 493.3256478481443], "[7, 4]": [1892.6692526988838, -600, 23.162942709916006, -600], "[6, 5]": [1259.5006994766245, -600, -600, 3110.738084923394], "[5, 25]": [0, 2242.6438555567306, 3646.65092323602, 2311.1042823840858], "[1, 2]": [3482.176365651612, 1551.7056748021732, -600, -600], "[0, 8]": [-600, 2937.5878842768348, 544.72218762042, -600], "[1, 11]": [-600, -600, 103.04283669494454, 2636.3532208194206], "[1, 3]": [3527.94245762159, -600, 1268.966291073529, 1728.0667806243357], "[1, 37]": [3633.4042649515186, 2278.191109929608, 0, 2354.197423058813], "[7, 15]": [556.3327889859188, 412.8036336093689, 0, 3571.077986387391], "[6, 4]": [195.58093270394755, -600, 2377.558196542161, -600], "[3, 8]": [-600, 3381.4480181980553, 1266.6140974210023, -600], "[6, 8]": [-600, 1372.582328360148, 3196.926603636122, -600], "[7, 8]": [-600, 262.9025541424629, 2908.275410830669, -600], "[7, 11]": [-600, -600, 1408.3116988139598, 3498.034504310565], "[6, 10]": [-600, 2961.9067896447855, -596.2682471999802, -600], "[6, 13]": [-600, -600, -600, 3254.233465860027], "[3, 0]": [2877.2834442998287, 3532.0904457731244, 2813.1930933386047, -600], "[3, 29]": [2170.602314416547, 3587.9265447170196, 2100.6130769886604, 0], "[5, 4]": [107.96286709609444, -600, 3233.1712848938696, -600], "[2, 2]": [2613.526850870797, 3304.314072616478, -600, -600], "[7, 16]": [2272.761815460018, 0, 2252.5934648882353, 3638.387371713477], "[3, 30]": [550.0484863893441, 3527.134491494196, 0, 391.69011425235414], "[3, 4]": [2190.1162169237914, -600, 52.99860833609552, -600], "[0, 13]": [-600, -600, -600, 3179.7569796592875], "[5, 23]": [384.9660766797797, 0, 3564.461184889807, 527.7748844569612], "[5, 22]": [388.2770014106704, 505.2755147164113, 3579.134784944568, 0], "[1, 4]": [3308.038189358571, -598.0833499240199, 108.28421457212266, -600], "[1, 8]": [-600, 2851.0458776266796, 192.1981780533948, -600], "[7, 9]": [-600, 98.57852912696504, -597.3168828765957, 3274.5303167746088], "[4, 10]": [-600, 3230.963497797288, -600, -600], "[1, 42]": [2266.8240686428353, -600, -600, -600], "[2, 11]": [-600, -600, 2939.3092921847506, 547.0658888089421], "[3, 9]": [-600, 3153.97397041248, -600, 60.46015543917855], "[2, 10]": [-600, 3166.1187536395364, -600, -600], "[5, 9]": [-600, 2418.2368152256577, -600, 47.039658459138494], "[1, 40]": [2597.6646539768362, 0, 23.805197761599793, -600], "[4, 6]": [3110.075148767479, -600, -600, -600], "[3, 5]": [2744.4559012759105, -600, -600, 83.45119634660833], "[3, 2]": [963.0871785895846, 3324.9102382835576, -600, -600], "[7, 5]": [995.5344861237489, -600, -600, 3386.910372451712], "[2, 6]": [3231.263862738538, -600, -600, -600], "[5, 24]": [40.20586202336008, 0, 2420.1748398529007, -600], "[6, 12]": [-600, -600, 3150.9464387470425, -600], "[5, 12]": [-600, -600, 3326.342276177501, -600], "[0, 6]": [3219.5695132599612, -600, -600, -600], "[1, 36]": [3574.241093626011, 594.844597546118, 418.5311481380669, 0], "[1, 38]": [3550.2041994472947, 459.58535984219446, -600, -600], "[3, 11]": [-600, -600, 2653.821305356725, 122.7286103044726], "[3, 34]": [-600, 2477.6307536483337, -600, 27.368986738214264], "[2, 12]": [-600, -600, 2963.108789570886, -600], "[7, 2]": [2874.7309115399166, 175.1607971228552, -600, -600], "[5, 26]": [-600, 436.4662980834402, 3553.094403475048, -600], "[6, 6]": [3061.371792480682, -596.4862056243045, -600, -600], "[5, 27]": [-600, -600, 3263.4882491813446, 207.98556292869446], "[4, 12]": [-600, -600, 3247.447421661838, -600], "[7, 20]": [-600, -600, 442.4054865789666, 3506.688945277309], "[0, 12]": [-600, -600, 3015.1831551524797, -600], "[7, 12]": [-600, -600, 2816.5997000998896, -600], "[7, 17]": [219.11963766792724, -600, -596.5427799847006, 3239.0207657012634], "[3, 12]": [-600, -600, 2669.418547706201, -600], "[7, 19]": [-600, 31.328042514151782, -600, 2441.368711590588], "[3, 6]": [2766.7481142183487, -600, -600, -600], "[0, 10]": [-600, 2927.4239151498664, -600, -600],