{"[4, 8]": [-600, 10582.073014545736, 11545.438765226585, -600], "[0, 0]": [10702.748565391697, 10985.71425055137, 11320.331652592566, 0], "[0, 1]": [11117.10495391552, 11167.684734942195, 0, 11687.450585333529], "[1, 3]": [11817.997938260327, 0, 11592.845386690795, 11609.20006921355], "[1, 7]": [-600, 11302.751770914218, 11285.467586300108, 11307.648404735566], "[2, 3]": [11059.097196629247, 0, 11041.840642464262, 11074.410533282022], "[2, 7]": [-600, 11366.579206948723, 11230.822161234817, 11311.904081589366], "[2, 0]": [11531.820900361276, 11667.260616833064, 11490.344287457769, 0], "[2, 1]": [11467.643037755239, 11459.793140332962, 0, 11431.496283107057], "[1, 0]": [11818.970974771373, 11388.860824623049, 11402.572513067078, 0], "[0, 7]": [-600, 11242.469559769248, 10778.217387842078, 11387.063127967345], "[0, 3]": [11518.776720510745, 0, 11193.565795570528, 11752.240606616517], "[7, 1]": [11556.598263609863, 11463.640889614113, 0, 11842.213247746948], "[7, 3]": [11383.351860986115, 0, 11190.857787379726, 11707.699076637547], "[7, 4]": [9185.932844604224, -600, 11170.649099592109, -600], "[6, 5]": [11403.476678554833, -600, -600, 11126.129754333444], "[6, 3]": [11457.986582124373, 0, 11668.643308027844, 11494.079485013139], "[6, 1]": [11310.13176841417, 10982.87082922581, 0, 11637.576022197092], "[6, 4]": [9611.643405820892, -600, 9132.589389309025, -600], "[0, 4]": [10595.240315906509, -600, 9067.409198061028, -600], "[0, 11]": [-600, -600, 11135.969631088119, 11367.259680898724], "[6, 0]": [11250.957366897577, 11052.635217133722, 11680.010360776634, 0], "[6, 7]": [-600, 11393.9866470142, 11673.461250365723, 11566.377193870248], "[6, 9]": [-600, 10362.189368110445, -600, 11211.108766673553], "[5, 11]": [-600, -600, 11751.41781801474, 11132.922929993661], "[4, 11]": [-600, -600, 10749.836038126412, 11169.21170832738], "[4, 7]": [-600, 11375.047094609354, 10478.332748290955, 11384.103992036189], "[4, 0]": [11276.598621440837, 11728.956677524639, 11335.615359249896, 0], "[4, 9]": [-600, 9803.75742630914, -600, 10791.409399261931], "[2, 4]": [9671.459249129899, -600, 10683.4112826918, -600], "[3, 2]": [11277.752721605955, 10953.262020032511, -600, -600], "[3, 0]": [11319.565235230897, 11586.845975200944, 11312.71245161457, 0], "[3, 7]": [-600, 11719.136734095147, 11173.896948363474, 11240.354097908383], "[3, 3]": [10138.37638869639, 0, 11324.079154536365, 9650.665082817317], "[3, 1]": [11523.964165197298, 11236.021020343182, 0, 11429.500002188859], "[4, 1]": [10878.113569629615, 11543.20697624145, 0, 10495.553181893654], "[4, 3]": [11362.482071501157, 0, 11447.899783001596, 11381.26228747586], "[1, 1]": [11797.673516166346, 11226.739248803167, 0, 11375.92010299717], "[7, 0]": [11385.256604719543, 11326.246073031441, 11220.385298001085, 0], "[7, 7]": [-600, 11500.61027786896, 11322.586920867398, 11741.17658893267], "[0, 5]": [11693.499354526146, -600, -600, 11139.602971540977], "[2, 9]": [467.00520367623926, 9228.08411628819, -600, 9264.660188852069], "[2, 5]": [11011.89912140283, 624.4465887343852, -600, 11020.454102472635], "[2, 2]": [11461.472739806286, 11303.834712150696, -600, -600], "[4, 4]": [9454.663917601833, -600, 11218.701697327426, -600], "[4, 2]": [10936.1122580925, 11411.31335674468, -600, -600], "[0, 9]": [-600, 10093.184452569702, -600, 7486.541419318919], "[6, 11]": [-600, -600, 11607.949588312458, 11649.733465792187], "[7, 5]": [11491.012387957, -600, -600, 11858.508745686859], "[5, 0]": [11518.822264163158, 11522.374383515771, 11827.59385538837, 0], "[5, 7]": [-600, 11516.13315827703, 11877.193004470533, 11297.829399432518], "[5, 3]": [11713.563589366064, 0, 11863.109915386149, 11754.072671836775], "[3, 29]": [11585.534127151253, 11892.154265687946, 11630.038693426937, 0], "[5, 1]": [11292.72409361544, 10963.273149421018, 0, 11306.680715631712], "[3, 8]": [-600, 11755.488447353178, 11441.406162215408, -600], "[2, 8]": [-600, 11121.023284550698, 10337.441708368477, -600], "[1, 4]": [11605.76082893834, -600, 10573.21423642904, -600], "[1, 2]": [11760.143673125955, 11395.791337139131, -600, -600], "[1, 8]": [-600, 11181.1790020309, 10906.145422377878, -600], "[5, 24]": [641.2481537463565, -600, 8830.345691995706, -600], "[3, 32]": [0, 11852.205743559667, 11674.257630895147, 11668.180904245119], "[1, 5]": [11566.493023099361, -600, -600, 11570.024732165855], "[1, 37]": [11764.415818486726, 11536.842984025836, 0, 11515.465589751562], "[6, 8]": [-600, 11441.223222350445, 11193.308144914876, -600], "[3, 30]": [11760.698742523038, 11794.762973165598, 0, 11469.341950311646], "[6, 12]": [-600, -600, 11678.630565749492, -600], "[5, 25]": [0, 9273.153540326837, 11940.08041142906, 9652.199213452845], "[2, 11]": [-600, -600, 10981.827264884938, 11075.45950259347], "[7, 15]": [11484.408905330687, 11472.851029039575, 0, 11400.388474244595], "[7, 16]": [11530.864824906539, 0, 11560.340954744252, 11805.518533012993], "[4, 5]": [11240.02024902616, -600, -600, 10705.268758335142], "[5, 8]": [-600, 11330.164653895636, 10826.233941980654, -600], "[5, 9]": [-600, 10938.528762087748, -600, 5084.837115430713], "[5, 22]": [11393.736620112442, 10827.603483302471, 11877.044391297253, 0], "[0, 2]": [11466.900488690735, 10762.625613289983, -600, 622.0329983240449], "[0, 8]": [-600, 11094.208299401362, 10744.9462239686, -600], "[7, 11]": [-600, -600, 11126.6515327107, 11773.7843607398], "[6, 2]": [11326.110681810602, 10728.780193987945, -600, -600], "[7, 2]": [11330.71659915218, 11342.6804626284, -600, -600], "[5, 4]": [11339.37711648662, 0, 4555.168962640741, -600], "[5, 2]": [11225.33953421695, 11127.319541389115, -600, -600], "[5, 23]": [5634.3153159648755, 0, 12026.316510780554, 6245.223874876878], "[4, 12]": [-600, -600, 11362.33159869671, -600], "[1, 36]": [11973.27730898458, 11599.28678410809, 11582.900351360786, 0], "[3, 4]": [9331.78020098571, -600, 5385.15075997565, -600], "[7, 18]": [0, 11762.134141882198, 11601.473286187891, 11906.144297094637], "[1, 6]": [11828.15145407539, 767.5505443657037, -600, -600], "[1, 10]": [-600, 9729.267416988041, -600, -600], "[7, 13]": [-600, -600, -600, 11718.63511711826], "[4, 10]": [-600, 10771.854315267557, -600, -600], "[1, 9]": [-600, 8194.74260834204, -600, 11056.038307112187], "[0, 6]": [10184.455563131782, -600, -600, 699.6762894269359], "[1, 39]": [11848.580381970409, 0, 11629.36620471302, 11628.962195827273], "[2, 13]": [-600, -600, -600, 8857.224546203877], "[3, 5]": [10973.09045005707, -600, -600, 10555.55842128217], "[2, 10]": [-600, 9710.109867918783, -600, -600], "[3, 9]": [-600, 11812.683646120715, -600, 9605.330443713849], "[3, 11]": [319.62402984085463, -600, 11335.873435471172, 10076.985619695382], "[0, 13]": [-600, -600, -600, 7689.398026308603], "[7, 9]": [-600, 11044.759813006169, 0, 5113.8846037129215], "[7, 8]": [-600, 11119.007707237524, 11161.165319360709, -600], "[5, 26]": [-600, 5488.857435900109, 12131.841115988154, -600], "[6, 13]": [-600, -600, -600, 11443.238285777754], "[6, 6]": [7826.569149983388, -600, -600, -600], "[2, 6]": [10754.60909779038, -600, -600, -600], "[1, 40]": [11820.281075179471, -600, 10200.917358205263, -600], "[1, 11]": [662.2551980811224, -242.76400262845436, 11284.861094221516, 11277.647558178167], "[6, 10]": [-600, 8954.663778006621, -600, -600], "[1, 13]": [-600, -600, -600, 9772.135156025823], "[3, 12]": [-600, -600, 11047.336377285965, -600], "[4, 6]": [4674.931218980061, 633.7674443771648, -600, -600], "[7, 19]": [-600, 4808.598899065102, -600, 11476.372672374911], "[4, 13]": [-600, -600, -600, 8132.009379172289], "[1, 38]": [11670.426210349777, 11591.697867743827, -600, -600], "[2, 12]": [-600, -600, 10889.397187866476, -600], "[2, 14]": [-600, -600, -600, -600], "[5, 5]": [11286.961876866011, -600, -600, 10712.658896175786], "[3, 33]": [-600, 11829.207436848934, 11612.095695167558, -600], "[3, 34]": [-600, 11784.153422498293, -600, 2843.937746288654], "[3, 31]": [9337.64850178861, 12010.198205015917, -600, -600],