{"[4, 8]": [-600, 9094.478785503736, 8959.354456646524, -600], "[2, 7]": [0, 8842.184108792708, 8526.195592776907, 8617.956153906198], "[2, 3]": [8561.357281060189, 0, 8477.268417499752, 8652.478088077709], "[2, 1]": [9205.76165246782, 8387.506389249362, 0, 8737.983183649738], "[2, 0]": [8889.519850252627, 9053.915342296545, 8674.015095752276, 0], "[2, 9]": [-600, 8833.538667402012, -600, 6655.734624345109], "[2, 2]": [8322.341747780429, 9100.902877631339, -600, -600], "[2, 5]": [8668.14512434153, -600, -600, 8396.521688293344], "[1, 0]": [9389.087442712935, 8894.952595021858, 8802.695997179317, 0], "[1, 9]": [-600, 6125.445089287506, -600, 7002.79188402964], "[6, 1]": [9007.686828448883, 8460.74066959562, 0, 8153.882544556615], "[6, 0]": [8837.273686729523, 8794.918800462625, 9151.447575441138, 0], "[6, 7]": [0, 8829.699264612174, 9198.257166253268, 8980.435048360949], "[6, 4]": [7073.386453261273, -600, 6175.90702312893, -600], "[7, 11]": [-600, -600, 8792.943436848576, 9168.128853950515], "[7, 3]": [8788.250412050025, 0, 8512.105798027169, 9339.698159550826], "[0, 7]": [0, 8379.61432885545, 8981.730751420146, 8653.56750399197], "[0, 3]": [8581.0580818781, 0, 8408.640962381984, 9017.935491512066], "[1, 39]": [8302.184357164773, 0, 8446.944299211355, 8705.906109195399], "[2, 4]": [7262.244921622583, -600, 8735.567752936537, -600], "[6, 3]": [8864.703354293333, 0, 9186.870179014519, 8935.174462431176], "[6, 5]": [8041.881592306266, -600, -600, 8690.463016078005], "[1, 3]": [9367.961714251614, 0, 8703.169798517474, 8948.559791134001], "[1, 7]": [0, 8663.823804660542, 8572.798151635994, 8594.099756721633], "[0, 0]": [8218.111950133854, 8351.095672632337, 8787.348625863226, 0], "[0, 9]": [-600, 9078.752405828674, -600, 5225.089925895054], "[5, 11]": [-600, -600, 8232.374980335844, 9046.915479424773], "[4, 11]": [-600, -600, 8134.9602731698205, 9061.771923229211], "[3, 1]": [8989.080627088559, 9329.284313619664, 0, 8857.315454698923], "[4, 1]": [8744.62516935413, 9077.232545210605, 0, 8037.126476606468], "[4, 4]": [6783.121255700203, -600, 9154.01342137612, -600], "[1, 37]": [9472.126961358, 9004.999174544051, 0, 9000.349589537793], "[3, 30]": [9006.703320454257, 9372.99424375964, 0, 8998.525457590405], "[0, 2]": [8358.336302265994, 9065.718190414216, -600, -600], "[0, 1]": [8811.635820438605, 8768.727472154227, 0, 9073.252704097918], "[0, 5]": [9158.429472921249, -600, -600, 8268.448943699612], "[0, 11]": [-600, -600, 8426.551057017707, 8586.46101769225], "[0, 8]": [-600, 7799.289327501244, 8751.860062144495, 1289.4716708091928], "[7, 1]": [8738.939802174995, 8698.733343304575, 0, 9180.343556798774], "[7, 0]": [8852.213899150265, 8573.418999388565, 8582.778220139882, 0], "[6, 9]": [-600, 7681.288679212632, -600, 9029.582102047822], "[6, 8]": [-600, 8535.604908337687, 8821.232382433851, -600], "[6, 12]": [-600, -600, 6687.30838418999, -600], "[1, 1]": [9460.552559518004, 8810.358291651499, 0, 8739.729638718676], "[2, 8]": [367.23138250095406, 8884.310054372745, 8527.106272086834, -600], "[5, 0]": [8947.520271926342, 8915.853642255432, 9155.71282011897, 0], "[5, 3]": [9102.486724606075, 0, 9102.094185509155, 9186.293392854875], "[5, 1]": [8450.915708853316, 8859.355615433195, 0, 8301.561903459271], "[5, 9]": [-600, 7541.356754287348, -600, 8102.928750119192], "[6, 11]": [-600, -600, 8440.975520486845, 9030.009157071232], "[5, 24]": [8419.936125684726, -600, 7629.893429337797, -600], "[5, 10]": [-600, 8489.652692128251, -600, -600], "[5, 12]": [-600, -600, 9139.203610016833, -600], "[5, 26]": [-600, 8063.191115501634, 9288.087936029011, -600], "[4, 0]": [8931.924991386544, 8943.507104517477, 9018.950409919154, 0], "[4, 2]": [8970.199838583356, 7847.628357535453, -600, -600], "[4, 6]": [5168.103118716319, -600, -600, -600], "[4, 10]": [-600, 8903.77127442411, -600, -600], "[7, 7]": [0, 8790.229041071736, 8760.363305391991, 9228.28670303831], "[1, 8]": [-600, 8727.791714113515, 7945.84626572044, -600], "[1, 10]": [-600, 8120.61806552708, -600, -600], "[3, 3]": [8538.868310057669, 0, 8626.582937615676, 8401.09779334529], "[2, 10]": [-600, 8600.429859734053, -600, -600], "[7, 16]": [8782.386457313649, 0, 8772.365102794041, 9363.858418627637], "[6, 6]": [6652.886436364324, -600, -600, -600], "[4, 9]": [-600, 9124.050362461614, -600, 7729.794853713221], "[4, 12]": [-600, -600, 9082.733427049503, -600], "[7, 15]": [8798.376997596188, 8797.293022978769, 0, 9410.869163074372], "[2, 11]": [-600, -600, 8107.503935642827, 7936.993782747469], "[0, 4]": [8665.73253486678, -600, 6995.653274106818, -600], "[0, 13]": [-600, -600, -600, 5870.178981688543], "[4, 3]": [8912.375896042373, 0, 8974.842752851218, 9144.305952206261], "[4, 7]": [0, 8932.090555496523, 9145.022240822127, 8945.13969101377], "[5, 22]": [8683.194944867728, 8585.385391068801, 8268.55337060512, 0], "[7, 4]": [6844.8585511778865, -600, 8152.310719014207, 443.76080106611494], "[7, 5]": [8766.030166022023, -600, -600, 9216.723384393248], "[5, 25]": [0, 8885.23510915993, 8788.008570223967, 9086.593757468037], "[5, 4]": [7571.848261829655, -600, 9156.347973390157, -600], "[5, 8]": [-600, 8823.545554930639, 9090.601285756753, -600], "[5, 23]": [9118.777731605798, 0, 8846.825103735511, 9132.816346029902], "[5, 7]": [0, 8755.448361408779, 8896.176922222563, 9078.051467612539], "[3, 29]": [8967.252200110313, 9407.389459210262, 8915.065969810235, 0], "[0, 6]": [9141.370904807536, -600, -600, -600], "[1, 2]": [9187.610645614577, 8616.925852712378, -600, -600], "[3, 9]": [-600, 9129.157275593225, -600, 7841.112181575847], "[3, 8]": [-600, 9029.553330726578, 8524.320451821288, -600], "[1, 36]": [8197.896258667977, 8777.809913107341, 8403.241897620454, 0], "[7, 21]": [-600, -600, -600, 6603.35015173582], "[6, 13]": [-600, -600, 349.2209517210566, 7523.617506971952], "[3, 34]": [-600, 7102.252638512162, -600, 7533.765040567678], "[3, 11]": [-600, 2764.915422879928, 8417.303307921273, 8308.214102470625], "[3, 10]": [-600, 8959.887036819575, -600, -600], "[1, 5]": [9242.543811231191, -600, -600, 8882.650078921657], "[3, 33]": [-600, 8712.465918236689, 8800.617497076393, 392.45961460390015], "[1, 38]": [9124.143418413929, 8959.342940946099, -600, -600], "[3, 0]": [8895.288694889903, 9401.396550829299, 8708.392218745461, 0], "[3, 2]": [8671.665544130487, 9026.076269319336, -600, -600], "[3, 32]": [0, 8395.801158739616, 8679.626514718902, 8525.102310946431], "[7, 9]": [-600, 8311.24466108134, -600, 8038.063084428835], "[7, 8]": [-600, 8353.644823986477, 8694.209047152142, -600], "[3, 7]": [0, 9396.46079796386, 9007.886488974149, 8858.252656789722], "[7, 20]": [-600, -600, 8772.070371878508, 9298.381581247113], "[2, 6]": [6254.949552927535, -600, -600, -600], "[7, 18]": [0, 8677.36960437998, 8837.494021857838, 9183.724394068919], "[0, 12]": [-600, -600, 7153.2721785348995, -600], "[3, 4]": [7426.382702611999, -600, 6296.93258545528, -600], "[6, 2]": [8188.322181839481, 7934.593348588681, -600, -600], "[5, 5]": [8676.693344159228, -600, -600, 8704.354760081458], "[1, 4]": [9022.667976350363, -600, 8122.011452853005, -600], "[6, 10]": [-600, 7489.515853951061, -600, -600], "[3, 12]": [-600, -600, 7932.82782194807, -600], "[4, 14]": [-600, -600, -600, -600], "[7, 17]": [8984.374441621352, -600, -600, 8804.572059973338], "[4, 5]": [7712.076499249976, -600, -600, 7357.11318413376], "[7, 12]": [-600, -600, 7977.816975334451, -600], "[3, 31]": [8897.973389918827, 8746.107418642463, -600, -600], "[3, 5]": [8525.185539213197, -600, -600, 8200.958448228026], "[2, 13]": [-600, -600, -600, 6019.440098883578], "[7, 19]": [-600, 8680.281764411464, -600, 7296.187302565768], "[5, 2]": [8614.392699641223, 8448.047284100969, -600, -600], "[5, 13]": [-600, -600, -600, 7972.2278552554435], "[7, 2]": [8575.62942531054, 8594.3586183143, -600, 356.88393713976484], "[1, 40]": [7989.307075872058, -600, 8519.134668371978, -600], "[1, 11]": [408.16612039153506, -600, 8242.984545648986, 8353.89747343675],