{"[0, 7]": [-1000, -10.427891512484415, -10.374223590665451, 1543.033464122512], "[0, 4]": [-77.12463844590565, -1000, 1189.5093856335889, -1000], "[0, 5]": [-1.5083666679128551, -1000, -1000, 1619.3923997918116], "[7, 5]": [1493.6346008704036, -1000, -1000, -0.5], "[6, 5]": [-5.1704098858202325, -1000, -1000, 1516.9862150256656], "[5, 22]": [-0.63855545, -0.5, 1832.9530888812978, 0], "[6, 0]": [-10.304338390773776, -10.548362920203829, 1516.5124669647646, -1000], "[6, 1]": [-10.12585558568186, -10.11304541945184, -1000, 1565.5307468101582], "[6, 7]": [-1000, -10.234891996831006, -10.122839999909612, 1525.3904186729121], "[2, 1]": [-10.752280217688805, 1655.7042569762223, -1000, -10.535140814905942], "[2, 0]": [1618.646478616149, -11.725526409684122, -11.429874483205683, -1000], "[2, 4]": [1049.1901531453896, -1000, -2.04755, -1000], "[2, 2]": [-3.318149667716658, 1642.0980113603791, -1000, -1000], "[3, 2]": [1520.4051988419312, -0.5, -1000, -1000], "[4, 10]": [-1000, 1196.806198582534, -1000, -1000], "[3, 1]": [-1.915714697569453, 1695.803271998028, -1000, -1.355], "[4, 1]": [-12.55561024459307, 1544.7502037807205, -1000, -12.575928542835497], "[4, 0]": [-11.972423210596203, 1688.0278406750456, -12.154460352885144, -1000], "[6, 11]": [-1000, -1000, -7.631598323768549, 1611.1215496393347], "[4, 11]": [-1000, -1000, 1369.9220816932889, -7.126136657066554], "[4, 3]": [-11.327613474434783, -1000, 1429.0960735829663, -11.23303292370345], "[5, 0]": [-1.0831173866189299, -1.18146054569, 1752.9615449648286, -1000], "[5, 1]": [-1.8981504500000002, -3.1529722237841566, -1000, 1319.6427540660325], "[1, 3]": [1694.595772589278, -1000, -1.9106344679028653, -2.8071002500124917], "[1, 1]": [1820.8737722367498, -3.151799566301032, -1000, -3.0997667537675313], "[0, 0]": [1472.7452899812388, -10.88526635562978, -10.793567322856793, -1000], "[0, 1]": [-8.724723019167794, -8.916233755840008, -1000, 1588.3076996613936], "[1, 7]": [-1000, 1322.5760470949485, -3.0789703126355, -3.209436514038824], "[0, 11]": [-1000, -1000, -0.32422369896404085, 1507.8299818242594], "[2, 7]": [-1000, 1548.1040027265553, -12.838792557775216, -12.418531933363552], "[5, 25]": [-1000, -1.4259511204412767, 1796.835055944633, -0.5], "[0, 3]": [-8.304453178732452, -1000, 1534.9757910678225, -8.535121406340991], "[3, 7]": [-1000, 1746.480363602652, -3.1925023033842255, -2.4417455], "[6, 9]": [-1000, -6.13861855435403, -1000, 1585.6997157992246], "[7, 15]": [-0.5940500000000001, -0.6271115036103524, -1000, 1684.5556151119413], "[3, 8]": [-1000, 1759.3073890272312, -1.6389842327535655, -1000], "[4, 8]": [-1000, 1688.247096299207, -14.683574058968665, -1000], "[6, 3]": [-10.18741319272767, -1000, 1501.705657027825, -10.182514118965306], "[7, 18]": [-1000, -0.5, -1.3792814641423163, 1575.9795202553696], "[4, 7]": [-1000, -12.541402991834092, 1696.6404107624846, -12.395620337117206], "[7, 9]": [-1000, 1284.1886723078812, -1000, -0.95], "[7, 1]": [-2.0377199182084547, -1.39955, -1000, 1395.3290248784622], "[6, 8]": [-1000, -8.05479643646168, 1463.3224808897573, -1000], "[0, 9]": [-1000, -1.6080792500153684, -1000, 1623.2128344719847], "[3, 0]": [-3.2146840555421745, 1715.8959971634752, -2.4762461271088867, -1000], "[4, 9]": [-1000, 1338.2902515987457, -1000, -8.18682935022317], "[0, 2]": [1415.885268710771, -4.329089328057321, -1000, -1000], "[2, 3]": [1324.035720089965, -1000, -12.51788435511279, -12.351143701476692], "[1, 39]": [1811.0463526316798, 0, 0, -0.5], "[2, 9]": [-1000, -8.422167287433666, -1000, 1238.319848437762], "[5, 11]": [-1000, -1000, 1764.0585194879477, -0.5], "[6, 4]": [-102.03565929491643, -1000, 969.4863400425984, -1000], "[3, 32]": [-1000, 1761.763761450176, 0, 0], "[3, 3]": [1356.2803077043327, -1000, -2.5556382483082314, -2.2578354050000002], "[7, 0]": [-2.9966878258804157, -2.7950044977504502, 1370.6177238553955, -1000], "[3, 9]": [-1000, 1722.427770387453, -1000, -0.95], "[5, 3]": [-1.7690000000000001, -1000, 1703.0434728855007, -2.9017948173026706], "[2, 10]": [-1000, 1527.7604933725065, -1000, -1000], "[1, 36]": [1795.3677902401644, 0, 0, 0], "[1, 2]": [1755.7554473279938, -2.5391632095705012, -1000, -1000], "[1, 37]": [1857.726511632259, 0, 0, 0], "[1, 9]": [-1000, -1.3097262365441815, -1000, 1159.3843836280205], "[3, 29]": [-1.408841982320618, 1825.0394778897885, 0, 0], "[4, 4]": [1193.039580422264, -1000, -9.63406052992234, -1000], "[4, 2]": [-9.809004316218912, 1541.4927413551923, -1000, -1000], "[5, 8]": [-1000, -1.9515242485063828, 1750.3182819761107, -1000], "[5, 23]": [-0.5, -1000, 1808.2099711613625, 0], "[7, 8]": [-1000, -0.6483515495000001, 1408.2736844225117, -1000], "[1, 0]": [1808.9501142195027, -2.6961849713362986, -2.319225305, -1000], "[6, 12]": [-1000, -1000, 1202.8830854376858, -1000], "[2, 5]": [1349.335552195481, -1000, -1000, -3.3805523428208852], "[7, 7]": [-1000, -1.44405545, 1534.1193134527662, -1.7195], "[7, 16]": [-0.5989505, -1000, -1.4999770377795725, 1591.8369064912367], "[5, 9]": [-1000, -0.9313049374529838, -1000, 1239.4748536474588], "[4, 12]": [-1000, -1000, 790.6301685908777, -1000], "[4, 5]": [1353.101289565039, -1000, -1000, -3.573048533528427], "[2, 8]": [-1000, 1544.568825327704, -1.8003493819163667, -1000], "[5, 4]": [-0.95, -1000, 1681.656436656593, -1000], "[5, 10]": [-1000, 1391.2161879822227, -1000, -1000], "[3, 4]": [-65.19446633738545, -1000, 1183.0227840610326, -1000], "[3, 34]": [-1000, 1798.0158968783026, 0, 0], "[1, 4]": [1587.550268854367, -1000, -1.355, -1000], "[7, 3]": [-0.68257976, -1000, 1503.5720756775584, -0.5], "[5, 7]": [-1000, -2.6212201148549292, 1741.2338746789464, -2.9645859783020034], "[6, 13]": [-1000, -1000, -1000, 1586.8871919400258], "[7, 11]": [-1000, -1000, 1510.314119725508, 0], "[1, 40]": [1656.0336358436493, 0, 0, 0], "[5, 2]": [1165.0393622638117, -1.4030215028907675, -1000, -1000], "[6, 10]": [-1000, 1374.386148231321, -1000, -1000], "[6, 2]": [1369.9627116393729, -2.293003402691402, -1000, -1000], "[3, 30]": [-0.962706997865197, 1826.7941073010065, 0, 0], "[5, 26]": [-1000, -0.6056598931117403, 1765.502320282138, 0], "[5, 5]": [1189.6297632129983, -1000, -1000, -0.7605659461230264], "[1, 8]": [-1000, 1167.3865666881463, -0.5495, -1000], "[2, 12]": [-1000, -1000, 709.6362302628897, -1000], "[4, 6]": [1354.7459107637144, -1000, -1000, -1000], "[1, 5]": [1731.4348260957954, 0, 0, 0], "[3, 5]": [1342.836699836921, -1000, -1000, -1.9000985878357561], "[3, 12]": [-1000, -1000, 716.7763072874548, -1000], "[7, 4]": [1320.656717506816, -1000, -71.64334236518938, -1000], "[7, 13]": [-1000, -1000, -1000, 1354.3981493726142], "[2, 6]": [1063.0458029085564, -1000, -1000, -1000], "[5, 24]": [-0.5, -1000, 1327.9305224295417, 0], "[5, 6]": [1173.4280401700094, -1000, -1000, -1000], "[1, 6]": [1753.7893593578997, -1000, -1000, -1000], "[0, 6]": [1067.2072941801318, -1000, -1000, -1000], "[0, 12]": [-1000, -1000, 1406.0393082128687, -1000], "[7, 2]": [-0.5927613695796866, 1354.0833570347834, -1000, -1000], "[3, 11]": [-1000, -1000, 1384.781256141914, 0], "[1, 41]": [1769.6649874856078, 0, 0, 0], "[1, 42]": [1687.5399350497157, 0, 0, 0], "[1, 10]": [-1000, 1377.074080217787, -1000, -1000], "[1, 38]": [1796.6620938176068, 0, 0, 0], "[6, 6]": [1199.6762140221786, -1000, -1000, -1000], "[5, 28]": [-1000, -1000, 1363.1702384993039, 0], "[5, 12]": [-1000, -1000, 1716.2514034398394, -1000], "[3, 13]": [-1000, -1000, -1000, 942.8243644597844], "[2, 11]": [-1000, -1000, 1315.730443102118, 0], "[0, 8]": [-1000, -0.8103191270306342, 1412.7229960423963, -1000], "[0, 10]": [-1000, 1344.8652273482337, -1000, -1000], "[3, 6]": [1349.68701219076, -1000, -1000, -1000], "[3, 33]": [-1000, 1889.1801355530163, 0, 0], "[1, 14]": [-1000, -1000, -1000, -1000], "[5, 13]": [-1000, -1000, -1000, 1244.9851135138078], "[7, 14]": [-1000, -1000, -1000, -1000], "[5, 27]": [-1000, -1000, 1792.8541980352666, 0], "[3, 31]": [-1.1929212707860928, 1760.28046667911, 0, 0], "[4, 13]": [-1000, -1000, -1000, 1286.9403501892791],