{"[6, 1]": [235.43937956426083, 200.63811854077665, -600, 681.9297163350202], "[5, 3]": [38.46830402747975, -600, 952.1941115173469, 170.879243890363], "[4, 4]": [18.162716814771866, -600, 467.88501831327153, -600], "[4, 2]": [115.73800958594265, 644.3342759935468, -600, -599.0703994344935], "[6, 0]": [208.49652474876342, 244.6276094381061, 658.959369529982, -600], "[6, 7]": [-600, 472.36766650101424, 596.5428741141649, 746.5845575836399], "[6, 3]": [455.06001336064213, -600, 750.273478032126, 580.7230210333022], "[7, 7]": [-600, 54.117251412856916, 185.97448693724195, 946.9326668590136], "[7, 3]": [499.1798095844048, -600, 483.246223283798, 997.9800073234251], "[7, 0]": [298.4655978127213, -0.4278811594588236, 16.412214494308714, -600], "[0, 7]": [-600, 188.2416282765398, 221.5856894042441, 652.7566408727262], "[0, 0]": [617.5830981876494, 231.7876678317507, 200.61244510949197, -600], "[0, 3]": [710.4370597592508, -600, 447.56731010460476, 561.7602279051715], "[0, 1]": [556.1538110171383, 427.8867125544188, -600, 713.1326038895335], "[7, 1]": [169.18315396375144, 39.23743247091786, -600, 918.1155923440373], "[0, 9]": [-600, -0.05691065561089148, -600, 186.49311424671512], "[0, 2]": [599.3177003162237, 106.7782434522893, -600, -600], "[2, 7]": [-600, 663.7754189978845, 229.93747219332147, 200.8475079839744], "[2, 3]": [675.5235518232942, -600, 192.29457496596476, 233.16330032906922], "[2, 0]": [734.0345847243788, 583.2551339007128, 463.8911807266243, -600], "[2, 1]": [566.4245118758613, 746.018741951467, -600, 441.7031986843257], "[3, 1]": [142.83251409604446, 924.3065619262505, -600, 29.40241999623552], "[3, 3]": [264.2244836196152, -600, 15.639982528394137, -2.7497046362592474], "[1, 0]": [937.3242795867869, 185.43735686813642, 51.19290929303136, -600], "[1, 1]": [994.5588997137355, 479.6884869698849, -600, 511.47266305576863], "[1, 7]": [-600, 18.76856483472612, -2.5521489377926, 291.7317342573005], "[0, 4]": [201.70678399244636, -600, 5.74766592171263, -600], "[5, 1]": [-0.6590595208477097, 278.35683349782556, -600, 22.568669555756745], "[5, 7]": [-600, 491.87804391217156, 1020.3341818422809, 507.5541667631293], "[4, 3]": [164.187648404249, -600, 706.9410924706882, 207.5978727642047], "[4, 1]": [220.89428589546884, 675.0127440682287, -600, 197.0610413965805], "[5, 0]": [45.88887029419136, 174.0228056968734, 963.0759864991826, -600], "[4, 7]": [-600, 772.0708310401069, 572.1498483201258, 432.45090976299826], "[0, 5]": [341.2916755769836, -600, -600, 683.0250441653599], "[4, 0]": [463.482681006446, 588.314563872754, 767.2986112967659, -600], "[2, 4]": [469.5989813706537, -600, 27.99789435079408, -600], "[1, 5]": [879.4625840475155, -600, -599.2339224904416, 102.00022129923236], "[2, 5]": [599.9754807448813, -600, -600, 105.29043885819041], "[2, 9]": [-598.769237764076, 158.9868835088621, -600, 4.74138215420086], "[0, 11]": [-600, -600, 103.57883579194426, 587.0026583408685], "[7, 18]": [0, 17.094814965735033, 47.17182308899874, 880.5441629866054], "[1, 39]": [860.7502917170839, 0, 9.775078038109825, 47.36607786841251], "[4, 8]": [-600, 751.5278603397538, 418.8763194821496, -600], "[4, 9]": [-600, 479.2653780113603, -600, 21.902206804422722], "[3, 7]": [-600, 936.3036126766882, 156.28616241463223, 34.41762668938263], "[1, 9]": [-600, -1.3589028985438831, -600, 18.01769536601941], "[5, 8]": [-600, 142.32822567977786, 914.3335408979146, -600], "[2, 8]": [-600, 628.9831596903205, 114.14055114438544, -600], "[6, 9]": [-600, 28.41081456294327, -600, 487.2612161245653], "[6, 11]": [-600, -600, 720.7432323334608, 390.2264793747609], "[3, 32]": [0, 863.1136536179745, 54.38329821272431, 6.473285789637439], "[6, 2]": [46.056442266367256, 407.45755321464736, -598.7698769627327, -598.8674394871399], "[5, 5]": [2.1340599721056757, -600, -600, 199.77030550892746], "[4, 11]": [-600, -600, 618.9668272359822, 100.3669897908901], "[5, 11]": [-600, -600, 846.8534349232598, 83.39831651328943], "[5, 2]": [1.7646953081001568, 219.89096291546915, -600, -600], "[4, 5]": [340.89075569850354, -600, -600, 33.31714102977161], "[7, 4]": [12.594684439850228, -600, 0.3230974612043683, -600], "[6, 5]": [119.6341850373449, -600, -600, 606.0159884740243], "[5, 25]": [0, 245.85018068611828, 1077.2628264866096, 255.98108806568248], "[1, 2]": [866.3960241731155, 137.9337993354938, -600, -600], "[0, 8]": [-600, 375.9886665706765, 39.657867118593195, -600], "[1, 11]": [-600, -600, 1.6336062572362724, 179.61904909126048], "[1, 3]": [935.9302502529428, -600, 36.64302865069457, 181.82781047453764], "[1, 37]": [1047.4868715451464, 253.32915219815433, 0, 269.8551895698549], "[7, 15]": [56.90331513878566, 9.94048514177532, 0, 849.6193436991068], "[6, 4]": [6.784238091790391, -600, 186.0827579151422, -600], "[3, 8]": [-600, 799.7676027990472, 112.64197815865754, -599.2167174858242], "[6, 8]": [-600, 137.7517061291882, 638.2986050503864, -600], "[7, 8]": [-599.0146679784453, 3.434016360129816, 267.74072075117584, -600], "[7, 11]": [-600, -600, 135.02733121270816, 861.8222545366446], "[6, 10]": [-600, 231.20863227424277, -600, -600], "[6, 13]": [-600, -600, -600, 559.4367225642869], "[3, 0]": [477.9305069234358, 1007.9601210964317, 456.13557410989364, -600], "[3, 29]": [239.04645510853175, 1058.121652404819, 230.25546588917518, 0], "[5, 4]": [0.7320581320655957, -600, 341.37064158621354, -600], "[2, 2]": [368.07514311363553, 713.5216947967864, -600, -600], "[7, 16]": [261.56110496423514, 0, 236.9406638779655, 1054.1100436242855], "[3, 30]": [47.79650418721006, 851.2963634139635, 0, 9.075204343244776], "[3, 4]": [53.81648730675783, -600, 2.7226947923360436, -600], "[0, 13]": [-600, -600, -600, 366.9856616420986], "[5, 23]": [11.004878154848045, 0, 856.9034744863868, 51.42398487723265], "[5, 22]": [11.5246812801269, 50.35839967518543, 864.6849280343026, 0], "[1, 4]": [401.7930352920119, -600, 1.6929435714785355, -600], "[1, 8]": [-600, 248.57452902587622, 3.9678174640053054, -600], "[7, 9]": [-600, 1.3456805837029298, -600, 343.0007263949705], "[4, 10]": [-600, 474.3945865692848, -598.6592292327305, -600], "[1, 42]": [108.48977037564619, -600, -600, -600], "[2, 11]": [-600, -600, 358.0510277074744, 34.36575574275739], "[3, 9]": [-600, 295.1995389300905, -600, -1.4727977905720941], "[2, 10]": [-600, 418.3454258450928, -600, -600], "[5, 9]": [-600, 56.6642649800132, -600, 0.7659185928138188], "[1, 40]": [213.9512705282737, 0, 0.7245985446471839, -600], "[4, 6]": [215.00057111422825, -598.7656357620237, -600, -600], "[3, 5]": [167.49273294259916, -600, -600, 1.6536240171766972], "[3, 2]": [79.55168221048683, 803.982490618872, -600, -600], "[7, 5]": [88.55513903763818, -600, -600, 830.073054602952], "[2, 6]": [559.7878717721018, -600, -600, -600], "[5, 24]": [0.4463226483148287, 0, 202.8288826759341, -600], "[6, 12]": [-600, -600, 414.4288004792119, -600], "[5, 12]": [-600, -597.6679740609787, 296.28501507402785, -600], "[0, 6]": [522.0946918432417, -600, -600, -600], "[1, 36]": [864.3722161995934, 48.85326766311672, 12.984443633299383, 0], "[1, 38]": [800.5785758946236, 32.21753427303865, -600, -600], "[3, 11]": [-600, -600, 189.5459310365271, 1.8822514043906824], "[3, 34]": [-600, 210.11401677297866, 0, 0.7409137762693425], "[2, 12]": [-600, -600, 176.2094737450289, -600], "[7, 2]": [232.9615095263427, 2.0499816981563312, -600, -600], "[5, 26]": [-600, 30.847511381445045, 795.9294601145598, -600], "[6, 6]": [217.57431561222592, -600, -600, -600], "[5, 27]": [-600, -600, 577.3728233905426, 18.850872800534233], "[4, 12]": [-600, -600, 573.6777068408379, -600], "[7, 20]": [-600, -600, 37.774861619851954, 777.3640817859127], "[0, 12]": [-600, -600, 164.3789601352486, -600], "[7, 12]": [-600, -600, 92.51014731736333, -600], "[7, 17]": [20.093435627085082, -600, -600, 571.1318624421463], "[3, 12]": [-600, -600, 82.82678363787737, -600], "[7, 19]": [-600, 0.40529534519298027, -600, 197.02741068573937], "[3, 6]": [84.8221507748409, -600, -600, -600], "[0, 10]": [-600, 165.29863982423524, -600, -600],