{"[5, 1]": [-0.7528451514219496, 24.496720189958562, -600, 437.1458397101755], "[6, 0]": [266.10690381112585, 302.728350912855, 850.1614642077529, -600], "[6, 7]": [-600, 556.7436656557268, 699.1278123957105, 981.2132506569544], "[6, 1]": [280.75081209087904, 226.95434218376468, -600, 881.8743015449116], "[6, 3]": [553.852726605586, -600, 981.8405212352384, 696.9170677523214], "[6, 9]": [-600, 25.873462807079438, -600, 744.6478861632518], "[6, 8]": [-600, 150.478945219061, 832.6780709890334, -598.4693545219393], "[4, 9]": [-600, 735.2129832087016, -600, 33.11479312869624], "[4, 8]": [-600, 993.4400994836026, 563.0451339672878, -598.4951446887044], "[4, 7]": [-600, 1009.7236323092122, 724.6673070841687, 574.1884021926277], "[4, 0]": [577.6407938193258, 721.5194283023668, 1001.8637649355812, -600], "[4, 11]": [-600, -600, 847.6016831771963, 157.5936526360865], "[7, 7]": [-600, 68.32116882104356, 204.98141581384345, 1150.019484884471], "[7, 3]": [623.541940454988, -600, 587.1821188291105, 1216.059475868171], "[0, 7]": [-600, 232.88999033204686, 274.8749775653835, 863.8737994573424], "[0, 3]": [933.9680094941895, -600, 517.9902061206845, 657.9009117290755], "[0, 1]": [673.8990165861178, 519.7195543132628, -600, 926.6064265932617], "[0, 0]": [797.7529352709095, 268.56877270544095, 236.9812258015594, -600], "[7, 1]": [212.37912232391935, 62.89413179318639, -600, 1162.0040895193508], "[7, 0]": [500.9154654638027, 1.8466126049066456, 20.900339516354652, -600], "[5, 3]": [47.83973797435127, -600, 1180.9631077636172, 208.17079654849098], "[4, 3]": [226.99924080709707, -600, 920.6238882876205, 272.34783445796154], "[4, 1]": [256.4869400327052, 881.0453953098231, -600, 222.3212390089651], "[5, 0]": [70.8211336421982, 205.1932016713577, 1184.7366611949958, -600], "[5, 7]": [-600, 640.1059804557268, 1232.4160054503498, 689.4011781243101], "[2, 3]": [858.7663244594207, -600, 220.38944521656668, 258.49277519652867], "[2, 7]": [-600, 848.4069889073972, 300.68785261068064, 255.3907007959236], "[2, 1]": [682.0614456782787, 953.6526234136298, -600, 539.8235144432805], "[2, 0]": [953.8097851169166, 662.6235743430162, 543.2580905056344, -600], "[1, 0]": [1121.8180677485943, 192.06996513004245, 59.8980091822083, -600], "[1, 7]": [-600, 24.030350430673476, -1.6243443055666071, 489.23182623352716], "[1, 3]": [1123.215196496696, -600, 46.10528085634201, 193.22919404507002], "[2, 4]": [730.0072013159524, -600, 30.594359328781355, -600], "[2, 8]": [-600, 813.8403850420918, 154.54939108393617, -600], "[2, 9]": [-600, 289.21248053450057, -600, 5.807082208277443], "[2, 2]": [944.506858834519, 529.0165259934322, -600, -597.3565021596999], "[1, 1]": [1205.099022934768, 519.6600921081598, -600, 584.2062895718739], "[3, 1]": [221.40419978320813, 1158.6231239383824, -600, 47.982607624514635], "[3, 3]": [17.670743788332263, -600, 428.9076124883838, 0.3736737943712393], "[3, 7]": [-600, 1129.9164145314387, 189.47281863696426, 43.82036522606998], "[0, 4]": [263.91261325272484, -600, 12.24270224902061, -600], "[0, 11]": [-600, -600, 117.63713643723123, 743.118985811899], "[5, 11]": [-600, -600, 1149.16772361865, 155.16515894435028], "[6, 4]": [5.709945942893612, -600, 327.90622767701495, -600], "[3, 32]": [0, 1100.8667452188492, 55.43234881456544, 11.362843194452369], "[5, 23]": [12.615119939371603, 0, 1116.1444767539745, 62.04858595116457], "[3, 29]": [340.01950147686085, 1260.989122490319, 318.99731405290987, 0], "[1, 36]": [1097.128804535364, 58.810046619934425, 15.552949174533, 0], "[4, 2]": [127.10764480861619, 843.8852629161564, -600, -600], "[6, 11]": [-600, -598.5778658150372, 527.7594067143882, 963.3228959552004], "[5, 8]": [-600, 208.00185255326153, 1134.1563776032062, -600], "[5, 2]": [2.9523246072252527, 402.878385467098, -600, -600], "[4, 5]": [528.8012710928028, -600, -600, 37.89224056570772], "[5, 25]": [0, 356.0166443207623, 1289.0164903949058, 372.86585662301326], "[7, 18]": [0, 21.286312069074143, 54.03412441158921, 1104.5697881705714], "[3, 11]": [-600, -600, 315.72641861454304, 2.040670582883351], "[2, 5]": [752.9114764915141, -600, -600, 125.6675791879599], "[0, 5]": [916.8283498905269, -600, -600, 456.51882280381], "[7, 5]": [127.02822640968321, -600, -600, 1105.8234670019324], "[4, 4]": [34.55768012308392, -598.6299801157367, 796.3870592487003, -600], "[7, 4]": [-0.28943238356860435, -600, 60.25781393625889, -600], "[0, 13]": [-600, -600, -600, 817.1285523986063], "[6, 5]": [138.9196040993142, -600, -600, 793.9650631157597], "[0, 9]": [-600, -1.784429517977332, -600, 228.84887863196656], "[3, 8]": [-600, 1000.8503688876746, 168.79661323998667, -600], "[2, 10]": [-600, 860.8886883316799, -600, -600], "[3, 0]": [639.3102942708979, 1205.4853456364178, 597.8183038596493, -600], "[0, 2]": [761.6901948680774, 114.83174563897371, -599.1866590245131, -600], "[5, 4]": [1.5192258773434046, -600, 700.9234441732841, -600], "[1, 5]": [976.0505162148601, -600, -600, 94.66330996666981], "[1, 37]": [1257.5172833169527, 281.3767947321619, 0, 302.4091182851332], "[3, 33]": [-600, 1067.4928124390558, 35.82546245742217, -600], "[5, 22]": [17.12864666474511, 80.46455078084011, 1133.894923528381, 0], "[0, 8]": [-600, 611.7086513022853, 53.766433477511264, -600], "[5, 9]": [-600, 1.961684155864535, -599.240809170249, 165.10439861865152], "[2, 13]": [-598.6526144662043, -600, -600, 490.8527248705097], "[1, 2]": [979.9192470147359, 145.9056510324515, -600, -600], "[3, 30]": [60.59214632700228, 1098.743209029291, 0, 13.797637442867119], "[2, 11]": [-600, -600, 621.1139192574001, 53.23280078466572], "[3, 5]": [281.91207605566046, -600, -600, 2.315759661881917], "[0, 6]": [723.4380100278596, -600, -600, -598.5210549819915], "[1, 39]": [1085.5216122755742, 0, 10.863667837185655, 53.008669814872576], "[4, 10]": [-600, 786.4649391220227, -600, -600], "[3, 2]": [143.70254548815288, 1124.0719315047352, -600, -600], "[2, 6]": [710.3235036444946, -600, -600, -600], "[3, 4]": [2.500426022358336, -600, 154.64662167331505, -600], "[1, 13]": [-600, -600, -600, 237.65479671772852], "[1, 9]": [-600, 0.6258473582187927, -600, 28.464064869393923], "[5, 10]": [-600, 271.9440728095798, -600, -600], "[6, 12]": [-600, -600, 878.7338950609302, -600], "[7, 15]": [58.103445956286635, 16.772443998719933, 0, 1113.2235716195548], "[7, 16]": [320.5014504931774, 0, 310.9600078182841, 1275.1024183275472], "[6, 2]": [61.35437685152104, 633.8518645800453, -600, -600], "[5, 27]": [-600, -600, 936.4046793728439, 24.36854844478208], "[5, 5]": [2.95123301223693, -600, -600, 270.46333876729625], "[4, 12]": [-600, -600, 911.0446097735443, -600], "[3, 9]": [-600, 626.2137731488052, -598.8812796869537, -0.06879639160153722], "[7, 2]": [458.7758399749649, 7.823491488287859, -600, -600], "[7, 9]": [-600, 1.4325644273615246, -600, 657.7515758926094], "[2, 12]": [-600, -600, 569.4980434328563, -600], "[6, 13]": [-600, -600, -600, 720.712149189817], "[4, 6]": [428.280456508217, -600, -600, -600], "[7, 11]": [-598.6209592536266, -600, 158.07113329937738, 1009.8624855014702], "[1, 4]": [582.2809785178467, -600, 1.18924536684887, -600], "[1, 10]": [-600, 239.63933764410154, -600, -600], "[3, 34]": [-600, 355.05739240855115, 0, 0.5069903944967108], "[1, 38]": [1006.2108632787507, 34.47504416056463, -600, -600], "[1, 8]": [-600, 432.82643128172003, 6.371724585309061, -600], "[1, 11]": [-600, -600, 4.186426666072984, 335.1601096459086], "[0, 12]": [-600, -600, 524.2242408702473, -600], "[6, 6]": [550.4144348867108, -600, -600, -600], "[7, 20]": [-600, -599.1913254650236, 32.76333537592413, 1051.516583300066], "[0, 10]": [-600, 428.2693334366818, -600, -600], "[5, 12]": [-600, -600, 867.9153061897763, -600], "[5, 26]": [-600, 37.00220405111973, 1130.164856275895, -600], "[4, 13]": [-600, -600, -600, 562.2446995188473], "[7, 8]": [-600, 7.73225974341341, 498.38339641433237, -600], "[1, 40]": [293.73892420718516, 0, 0.3755033574668451, -600], "[6, 10]": [-600, 524.1379958969171, -600, -600],