{"[0, 7]": [-1000, -10.427891512484415, -10.374223590665451, 937.3330310026873], "[0, 4]": [-77.12463844590565, -1000, 699.7118209559726, -1000], "[0, 5]": [-1.5083666679128551, -1000, -1000, 1047.1678976617043], "[7, 5]": [721.9263952073172, -1000, -1000, -0.5], "[6, 5]": [-5.1704098858202325, -1000, -1000, 705.5549771444729], "[5, 22]": [-0.63855545, -0.5, 1169.2529678918145, 0], "[6, 0]": [-10.304338390773776, -10.548362920203829, 838.2947789080206, -1000], "[6, 1]": [-10.12585558568186, -10.11304541945184, -1000, 862.506518686185], "[6, 7]": [-1000, -10.234891996831006, -10.122839999909612, 845.24890841491], "[2, 1]": [-10.752280217688805, 899.6627957417783, -1000, -10.535140814905942], "[2, 0]": [969.2860316664886, -11.725526409684122, -11.429874483205683, -1000], "[2, 4]": [417.65696522824373, -1000, -2.04755, -1000], "[2, 2]": [-3.318149667716658, 978.1991198448691, -1000, -1000], "[3, 2]": [928.6610695085751, -0.5, -1000, -1000], "[4, 10]": [-1000, 979.2347897738682, -1000, -1000], "[3, 1]": [-1.915714697569453, 984.5543716635724, -1000, -1.355], "[4, 1]": [-12.55561024459307, 930.8836602003053, -1000, -12.575928542835497], "[4, 0]": [-11.972423210596203, 1081.0564051660701, -12.154460352885144, -1000], "[6, 11]": [-1000, -1000, -7.631598323768549, 888.1341634244419], "[4, 11]": [-1000, -1000, 794.4137874156024, -7.126136657066554], "[4, 3]": [-11.327613474434783, -1000, 773.6823502768461, -11.23303292370345], "[5, 0]": [-1.0831173866189299, -1.18146054569, 1159.2253134953216, -1000], "[5, 1]": [-1.8981504500000002, -3.1529722237841566, -1000, 719.3674735884301], "[1, 3]": [1149.6891688072906, -1000, -1.9106344679028653, -2.8071002500124917], "[1, 1]": [1167.7637319072537, -3.151799566301032, -1000, -3.0997667537675313], "[0, 0]": [770.3997280197698, -10.88526635562978, -10.793567322856793, -1000], "[0, 1]": [-8.724723019167794, -8.916233755840008, -1000, 929.0796707720177], "[1, 7]": [-1000, 718.1432937827725, -3.0789703126355, -3.209436514038824], "[0, 11]": [-1000, -1000, -0.32422369896404085, 885.7563015204737], "[2, 7]": [-1000, 904.0550455209374, -12.838792557775216, -12.418531933363552], "[5, 25]": [-1000, -1.4259511204412767, 1198.6946938946926, -0.5], "[0, 3]": [-8.304453178732452, -1000, 872.2091536967607, -8.535121406340991], "[3, 7]": [-1000, 1053.6399490037466, -3.1925023033842255, -2.4417455], "[6, 9]": [-1000, -6.13861855435403, -1000, 865.5644949759618], "[7, 15]": [-0.5940500000000001, -0.6271115036103524, -1000, 1103.3241520273618], "[3, 8]": [-1000, 1014.4745873712709, -1.6389842327535655, -1000], "[4, 8]": [-1000, 1080.8968636150464, -14.683574058968665, -1000], "[6, 3]": [-10.18741319272767, -1000, 855.4729004682554, -10.182514118965306], "[7, 18]": [-1000, -0.5, -1.3792814641423163, 1068.4940528352151], "[4, 7]": [-1000, -12.541402991834092, 1040.1221339414503, -12.395620337117206], "[7, 9]": [-1000, 320.88648015864703, -1000, -0.95], "[7, 1]": [-2.0377199182084547, -1.39955, -1000, 636.2167714641047], "[6, 8]": [-1000, -8.05479643646168, 816.130406604188, -1000], "[0, 9]": [-1000, -1.6080792500153684, -1000, 974.7671131803903], "[3, 0]": [-3.2146840555421745, 1061.6230529083157, -2.4762461271088867, -1000], "[4, 9]": [-1000, 963.7521443966527, -1000, -8.18682935022317], "[0, 2]": [803.632764888465, -4.329089328057321, -1000, -1000], "[2, 3]": [612.0397135110592, -1000, -12.51788435511279, -12.351143701476692], "[1, 39]": [1117.828258043602, 0, 0, -0.5], "[2, 9]": [-1000, -8.422167287433666, -1000, 538.377904192888], "[5, 11]": [-1000, -1000, 1106.70742285136, -0.5], "[6, 4]": [-102.03565929491643, -1000, 142.24427947069756, -1000], "[3, 32]": [-1000, 1107.2801022709305, 0, 0], "[3, 3]": [391.68575530650253, -1000, -2.5556382483082314, -2.2578354050000002], "[7, 0]": [-2.9966878258804157, -2.7950044977504502, 808.8287482018176, -1000], "[3, 9]": [-1000, 938.8398959715518, -1000, -0.95], "[5, 3]": [-1.7690000000000001, -1000, 1050.1888156932744, -2.9017948173026706], "[2, 10]": [-1000, 888.694229542055, -1000, -1000], "[1, 36]": [1194.894883604266, 0, 0, 0], "[1, 2]": [1159.687660082157, -2.5391632095705012, -1000, -1000], "[1, 37]": [1202.8572488046586, 0, 0, 0], "[1, 9]": [-1000, -1.3097262365441815, -1000, 367.80089983171735], "[3, 29]": [-1.408841982320618, 1133.21444969456, 0, 0], "[4, 4]": [426.14231258036773, -1000, -9.63406052992234, -1000], "[4, 2]": [-9.809004316218912, 1008.9397731339257, -1000, -1000], "[5, 8]": [-1000, -1.9515242485063828, 1092.5402499909703, -1000], "[5, 23]": [-0.5, -1000, 1125.5379462060798, 0], "[7, 8]": [-1000, -0.6483515495000001, 804.8914596968922, -1000], "[1, 0]": [1135.2089108183993, -2.6961849713362986, -2.319225305, -1000], "[6, 12]": [-1000, -1000, 704.0147926684388, -1000], "[2, 5]": [841.2038736611327, -1000, -1000, -3.3805523428208852], "[7, 7]": [-1000, -1.44405545, 898.7004037587419, -1.7195], "[7, 16]": [-0.5989505, -1000, -1.4999770377795725, 889.3808186994789], "[5, 9]": [-1000, -0.9313049374529838, -1000, 438.2719150825547], "[4, 12]": [-1000, -1000, 55.32820154352221, -1000], "[4, 5]": [832.0539609559113, -1000, -1000, -3.573048533528427], "[2, 8]": [-1000, 854.6348404281297, -1.8003493819163667, -1000], "[5, 4]": [-0.95, -1000, 1003.430773352331, -1000], "[5, 10]": [-1000, 691.0102819640704, -1000, -1000], "[3, 4]": [-65.19446633738545, -1000, 335.4247327017355, -1000], "[3, 34]": [-1000, 984.3139439226832, 0, 0], "[1, 4]": [1096.9767450826675, -1000, -1.355, -1000], "[7, 3]": [-0.68257976, -1000, 765.5390589148628, -0.5], "[5, 7]": [-1000, -2.6212201148549292, 1178.9662821788665, -2.9645859783020034], "[6, 13]": [-1000, -1000, -1000, 828.8435073170972], "[7, 11]": [-1000, -1000, 767.8753016162335, 0], "[1, 40]": [864.1845530638678, 0, 0, 0], "[5, 2]": [554.2290030738873, -1.4030215028907675, -1000, -1000], "[6, 10]": [-1000, 590.2417333743616, -1000, -1000], "[6, 2]": [677.0941976758872, -2.293003402691402, -1000, -1000], "[3, 30]": [-0.962706997865197, 1167.9011252374007, 0, 0], "[5, 26]": [-1000, -0.6056598931117403, 1201.6994815828693, 0], "[5, 5]": [418.5031452529685, -1000, -1000, -0.7605659461230264], "[1, 8]": [-1000, 708.5313990168432, -0.5495, -1000], "[2, 12]": [-1000, -1000, 292.78836405983463, -1000], "[4, 6]": [685.0230899054761, -1000, -1000, -1000], "[1, 5]": [1160.8660331779859, 0, 0, 0], "[3, 5]": [717.461795727789, -1000, -1000, -1.9000985878357561], "[3, 12]": [-1000, -1000, 33.01959498719656, -1000], "[7, 4]": [637.3513291989506, -1000, -71.64334236518938, -1000], "[7, 13]": [-1000, -1000, -1000, 516.3349391908297], "[2, 6]": [583.9419652972621, -1000, -1000, -1000], "[5, 24]": [-0.5, -1000, 815.4231250229329, 0], "[5, 6]": [212.59995185580098, -1000, -1000, -1000], "[1, 6]": [1143.0290469940173, -1000, -1000, -1000], "[0, 6]": [658.651685558321, -1000, -1000, -1000], "[0, 12]": [-1000, -1000, 673.4196167545349, -1000], "[7, 2]": [-0.5927613695796866, 645.3709944576894, -1000, -1000], "[3, 11]": [-1000, -1000, 607.2958237006872, 0], "[1, 41]": [1217.1435228222383, 0, 0, 0], "[1, 42]": [1167.985598399335, 0, 0, 0], "[1, 10]": [-1000, 605.4295603964304, -1000, -1000], "[1, 38]": [1265.5950398680127, 0, 0, 0], "[6, 6]": [451.4665976255747, -1000, -1000, -1000], "[5, 28]": [-1000, -1000, 937.1519204676702, 0], "[5, 12]": [-1000, -1000, 1095.6747794147116, -1000], "[3, 13]": [-1000, -1000, -1000, 214.8263827845779], "[2, 11]": [-1000, -1000, 763.17315102575, 0], "[0, 8]": [-1000, -0.8103191270306342, 601.6994794859215, -1000], "[0, 10]": [-1000, 735.3778112588052, -1000, -1000], "[3, 6]": [658.3123428323923, -1000, -1000, -1000], "[3, 33]": [-1000, 1116.6752033187636, 0, 0], "[1, 14]": [-1000, -1000, -1000, -1000], "[5, 13]": [-1000, -1000, -1000, 532.6899099444695], "[7, 14]": [-1000, -1000, -1000, -1000], "[5, 27]": [-1000, -1000, 1141.8042195193648, 0], "[3, 31]": [-1.1929212707860928, 1025.1970477829118, 0, 0], "[4, 13]": [-1000, -1000, -1000, 647.3567416348037], "[3, 10]": [-1000, 820.5104366587307, 0, 0],