{"[6, 0]": [10648.766456376918, 10635.204952108308, 10647.221526014211, -600], "[6, 7]": [-600, 10587.37522170016, 11114.099571132017, 10043.328723632509], "[6, 3]": [10967.651945197462, -600, 10962.486947794228, 11170.824719455404], "[6, 1]": [10586.136651649456, 10643.523266448912, -600, 10589.656552400662], "[6, 4]": [10295.690176228718, -600, 8896.999794532458, -600], "[0, 3]": [11053.37433091348, -600, 10813.707217051217, 11123.557838772835], "[0, 7]": [-600, 10620.378684101845, 10429.427260443943, 11062.396179935091], "[0, 1]": [10963.072892253764, 10781.296244624782, -600, 11128.48063770897], "[0, 0]": [10716.12995204123, 10846.047213225904, 10824.684993519964, -600], "[1, 3]": [11215.840174166477, 0, 11156.616277153396, 11134.202843994983], "[1, 7]": [0, 10830.606228700832, 10886.802857909455, 10851.854849755924], "[2, 3]": [10600.486665424205, -600, 10520.193616122553, 10821.526578294344], "[2, 1]": [11019.932001894225, 11126.828981398674, -600, 11008.667731833519], "[2, 0]": [10911.527380132113, 11165.692081048008, 11032.295687445523, -600], "[1, 0]": [11259.797392426635, 11116.432374652368, 11055.251031889307, -600], "[2, 7]": [-600, 10008.967585845054, 10762.2301192318, 10784.27248778419], "[1, 1]": [11170.54174375831, 10869.75440140291, 0, 10920.663625565103], "[0, 9]": [-600, 9186.141596638317, -600, 8554.01104389246], "[6, 9]": [-600, 10439.057492751697, 1001.3329710621556, 8786.670397958766], "[6, 8]": [-600, 10536.493382171853, 10681.445043334947, -600], "[0, 4]": [10717.248974868846, -600, 9009.126745108255, 937.0625747096037], "[0, 11]": [-600, -600, 10571.110894626883, 10700.266674131572], "[0, 5]": [11018.638920567892, -600, 550.7328921436856, 10755.890688045181], "[7, 1]": [10895.75844097143, 10920.23700846646, 0, 11212.704216038625], "[7, 16]": [11122.787080815244, 0, 11066.330595590847, 11359.79450029638], "[3, 1]": [11076.524698269131, 10988.638527077892, 0, 11068.343152501533], "[4, 1]": [10894.11037394985, 10915.163786583671, -600, 10719.775012152588], "[4, 0]": [11080.742535484662, 11129.87234899132, 11066.698232473198, -600], "[4, 7]": [-600, 11140.091789194541, 11188.165949810395, 10934.402856785953], "[3, 7]": [0, 11216.158567379161, 11026.9969887257, 11093.123838711004], "[3, 3]": [10869.83542645212, -600, 10949.037941518722, 10967.553121666033], "[1, 39]": [11364.615644793294, 0, 11272.79902578834, 11206.146808413816], "[6, 11]": [-600, -600, 10072.753792719768, 10963.73280194404], "[7, 7]": [0, 10699.660260245235, 10603.533909440299, 11228.818145223553], "[7, 0]": [10666.177910025644, 10592.053547374868, 10397.707457653973, -600], "[6, 2]": [10545.50247073923, 10555.979151989928, -600, -600], "[6, 5]": [10462.530406049429, -600, -600, 10610.56542177227], "[7, 3]": [10941.514143453893, 0, 10972.409200696131, 11272.196269850316], "[2, 4]": [10653.081307878763, -600, 9232.747316305697, -600], "[2, 9]": [-600, 9529.777256123334, -600, 10556.002847736243], "[2, 2]": [11093.022413998993, 10769.958933875692, -600, -600], "[4, 3]": [10821.158892813146, -600, 10527.41309696908, 10582.933283665145], "[4, 9]": [-600, 10947.057173215895, 825.437876268461, 9757.286346297893], "[4, 11]": [-600, -600, 10618.376902019518, 9998.315004741102], "[2, 8]": [-600, 10858.992673994655, 10674.500589898798, -600], "[4, 4]": [10592.96895619479, 5032.053975320849, 9799.460706275888, -600], "[4, 2]": [10442.089440335787, 10808.817567278038, -600, -600], "[5, 3]": [11148.743942125575, 0, 11290.263104684253, 11206.903546806929], "[5, 0]": [11051.49018581799, 10976.10360406967, 11220.393938519108, -600], "[5, 1]": [10700.095478342006, 10699.842518924877, -600, 10716.779716553114], "[5, 7]": [-600, 10884.898824267259, 11207.030074204413, 10877.142224558664], "[3, 0]": [10983.243123522077, 11194.415844406269, 10955.015136701108, 0], "[0, 2]": [10637.342771522122, 10459.061992738614, -600, -600], "[2, 5]": [10753.699481681559, -600, -600, 10890.22636934285], "[4, 10]": [-600, 10572.559103399668, -600, -600], "[4, 8]": [-600, 10687.15088409933, 11067.19427811504, -600], "[5, 8]": [-600, 11027.978111360822, 11099.418178775804, -600], "[6, 13]": [-600, -600, 553.6816657223751, 9327.115631461653], "[3, 29]": [11247.88167478479, 11369.912616158836, 11215.831711272484, 0], "[5, 11]": [-600, -600, 11330.474532768392, 11216.085279033723], "[0, 13]": [-600, -600, -600, 9330.618838411578], "[5, 25]": [0, 11114.02208989944, 11413.991891775635, 10954.014934696352], "[2, 6]": [11008.117778524182, -600, -600, 550.5856302425152], "[5, 4]": [11102.002329221552, -600, 11270.341209512275, -600], "[7, 11]": [-600, -600, 10711.637885283053, 10285.523313053278], "[7, 4]": [9201.549351952943, -600, 10456.848420716695, -600], "[7, 9]": [-600, 10602.010955165159, 1338.9137625889161, 10407.944102348414], "[7, 5]": [10999.645258045744, -600, -600, 11193.647050125748], "[5, 23]": [11321.750608319899, 0, 11484.985594799196, 11301.336193596555], "[3, 32]": [0, 11406.997625669354, 11354.468341857199, 11348.542117468662], "[3, 30]": [11064.894773829024, 10843.281620333306, 0, 11043.015077855307], "[2, 10]": [-600, 6728.119754226885, -600, -600], "[7, 18]": [0, 10817.059319007598, 10813.618320078851, 10116.791520832212], "[5, 22]": [10908.114772917314, 10908.372886157516, 11360.218731291454, 0], "[1, 9]": [-600, 10242.12327084536, -600, 8681.503076285087], "[1, 37]": [11277.636654700747, 11016.75083153617, 0, 11044.405187775776], "[5, 9]": [-600, 9558.531066501364, 675.2445485921746, 10012.291891589353], "[3, 2]": [10981.642838912558, 11117.821847167987, -600, -600], "[3, 4]": [9588.121972752586, -600, 8367.792510951607, -600], "[1, 36]": [11417.47535279447, 11287.190134160406, 11265.681520031461, 0], "[7, 15]": [11159.636616227177, 11200.338549982409, 0, 11304.109768626256], "[0, 6]": [7519.923985909576, -600, -600, -600], "[4, 5]": [10323.948821639624, -600, -600, 10147.420918283557], "[2, 11]": [-600, -600, 10747.663909621484, 10655.581913387503], "[3, 5]": [10989.44643109733, -600, -600, 10902.10599215143], "[3, 11]": [-600, -600, 11036.364944074874, 10462.638996954367], "[1, 2]": [11217.040089612785, 11079.686887490105, -600, -600], "[2, 13]": [-600, -600, -600, 8744.730046618897], "[4, 6]": [10260.400585547191, -600, -600, -600], "[7, 2]": [10844.188438141884, 10827.13620037886, -600, -600], "[0, 8]": [-600, 9463.060050471486, 9936.26602426535, 561.0972499216448], "[1, 5]": [11167.273852512415, -600, -600, 11165.772515770834], "[7, 8]": [-600, 10610.435249771388, 10167.628345096628, -600], "[1, 4]": [11211.56096210661, -600, 10642.192048378809, -600], "[0, 12]": [-600, -600, 9412.474726182978, -600], "[3, 9]": [-600, 11035.040729828737, -600, 10270.670535523246], "[3, 12]": [-600, -600, 8936.948934260432, -600], "[6, 10]": [-600, 10116.705618377986, -600, -600], "[4, 12]": [-600, -600, 6924.07282902703, -600], "[1, 8]": [-600, 10585.689987124813, 10592.865203455096, -600], "[1, 11]": [-600, -600, 10864.613459774, 10866.218054901015], "[5, 13]": [-600, -600, -600, 10841.50877104957], "[5, 2]": [10585.739257232106, 10615.647987723081, -600, -600], "[2, 12]": [-600, -600, 9963.309520110752, -600], "[7, 13]": [-600, -600, -600, 10524.535856759763], "[3, 8]": [-600, 11146.533126882652, 10990.123487541076, -600], "[5, 5]": [10710.985052096832, -600, 622.5341316821421, 10701.229064766938], "[3, 10]": [-600, 11252.406836382503, -600, -600], "[5, 24]": [10921.072219478221, -600, 9933.352401002026, -600], "[3, 31]": [11461.676319759245, 11540.909569158786, -600, -600], "[5, 27]": [-600, -600, 11489.979989410007, 11500.48310588662], "[6, 12]": [-600, -600, 9854.492970413334, 589.2163329283155], "[6, 6]": [9644.219879112181, -600, -600, -600], "[7, 19]": [-600, 11058.341636056948, 966.2368823347756, 11025.035763129497], "[1, 38]": [11278.109641430783, 11200.061048140898, -600, -600], "[1, 12]": [-600, -600, 10781.758650972562, -600], "[1, 40]": [10139.198165332113, 1663.5757364785409, 10686.02622955172, -600], "[4, 13]": [-600, -600, -600, 8338.759654013042],