{"[4, 8]": [-600, 2524.0292025775702, 533.6820978956928, -600], "[0, 0]": [329.9565512293898, 2325.3923840808093, 443.7982995274094, 0], "[0, 1]": [1705.2659756032463, 15.884576570999858, 0, 0], "[1, 3]": [0, 0, 1520.6922366934693, 57.99980486625351], "[1, 7]": [-600, 107.9758619791712, 124.54925767761398, 1805.8808965137655], "[2, 3]": [2083.339688201695, 0, 318.5782734702789, 393.72423318761], "[2, 7]": [-600, 2550.6899096372576, 467.0090976704481, 263.80309160566543], "[2, 0]": [2565.1581236480506, 1133.8791040586216, 759.771086312533, 0], "[2, 1]": [2466.7244705041926, 921.3829487817469, 0, 845.8993367138039], "[1, 0]": [38.97600215873573, 158.50358383305212, 1587.6057074103944, 0], "[0, 7]": [-600, 1445.1299570077474, 0, 0], "[0, 3]": [35.33137023980279, 0, 0, 2256.280415482287], "[7, 1]": [2123.198998238642, 0, 0, 0], "[7, 3]": [421.0592753875872, 0, 0, 0], "[7, 4]": [-10.05581808180457, -600, 2022.724734546267, -600], "[6, 5]": [2444.912473241373, -600, -600, 512.5241671008669], "[6, 3]": [2428.4394579677005, 0, 137.55449875459078, 80.13583022183124], "[6, 1]": [2456.794684671493, 359.3998133821994, 0, 0], "[6, 4]": [-57.54135738476528, -600, 1434.886659312453, -600], "[0, 4]": [2370.4417546576656, -600, 0, -600], "[0, 11]": [-448.99835353006813, -600, 29.298257008810985, 2079.8904730341164], "[6, 0]": [0, 374.0379078937626, 2389.3959998054615, 0], "[6, 7]": [-600, 387.36040546474055, 91.48214996125988, 2434.388267597551], "[6, 9]": [-600, -6.116496206037489, -600, 2492.155534305049], "[5, 11]": [-600, -600, 464.0837747903378, 2605.227628641864], "[4, 11]": [-600, -600, 2645.461123906254, 216.39985863910843], "[4, 7]": [-600, 1551.875343606914, 2701.5144409197774, 1650.336558231077], "[4, 0]": [316.2674976903214, 629.6378370922981, 2610.2100134043953, 0], "[4, 9]": [-600, 1517.2009467354494, -600, 0], "[2, 4]": [1199.534225761461, -600, -52.44181770361779, -600], "[3, 2]": [540.3080821530742, 2588.8768469866295, -600, -600], "[3, 0]": [673.1609268536303, 546.5084151377107, 2513.675783543981, 0], "[3, 7]": [-600, 2520.729233447912, 341.62389151702666, 0], "[3, 3]": [1537.3039370603015, 0, 195.90897112352252, 45.49732587857513], "[3, 1]": [2527.609937628603, 104.64355645244596, 0, 171.47751032759118], "[4, 1]": [97.96325801208798, 2598.642761679398, 0, 398.64734137032997], "[4, 3]": [68.9340497648104, 0, 2624.087218885547, 0], "[1, 1]": [0, 796.1314855134847, 0, 0], "[7, 0]": [71.64501938185593, 1898.524182088681, 132.5246983704943, 0], "[7, 7]": [-600, 1766.3471249214579, 0, 0], "[0, 5]": [2401.3127186277743, -600, -600, 381.43792331139565], "[2, 9]": [-600, 2237.254179868536, -600, 8.452371933179968], "[2, 5]": [385.2250997323831, -600, -600, 1736.3450904499055], "[2, 2]": [2425.7065636207935, 778.5510281762911, -495.0034015978441, -380.7976438672665], "[4, 4]": [-80.43929103238494, -600, 2343.785559207648, -600], "[4, 2]": [275.50559082479504, 1784.3857854610642, -600, -600], "[0, 9]": [-337.66961092086297, 435.48076722702206, -600, 0], "[6, 11]": [-600, -600, 984.3808484572289, 2356.574823350236], "[7, 5]": [2440.0215126640182, -600, -467.0087810090249, 167.88755492072457], "[5, 0]": [0, 0, 2343.167283439813, 0], "[5, 7]": [-600, 210.4343899409965, 0, 2376.260937656304], "[5, 3]": [0, 0, 34.56318474331609, 2355.0169443717386], "[3, 29]": [663.1970146097487, 2700.938286217613, 825.7071152618455, 0], "[5, 1]": [415.7798652830521, 0, 0, 1226.3936457818663], "[3, 8]": [-600, 2567.879564621803, 140.8256784196604, -600], "[2, 8]": [-600, 2533.757600746176, 931.7345228445806, -600], "[1, 4]": [1001.6031004602685, -600, 0, -600], "[1, 2]": [1410.822575163381, 0, -517.5514909117117, -600], "[1, 8]": [-600, 1888.1691473336987, 0, -600], "[5, 24]": [933.6538929297093, -600, 2266.6310790036932, -600], "[3, 32]": [0, 2830.0547608947572, 618.0157668585659, 179.40448032075517], "[1, 5]": [707.8898333456103, -600, -600, 307.0947103908466], "[1, 37]": [1442.0994161048434, 427.6645654783158, 0, 344.162751494323], "[6, 8]": [-600, 128.32919922483603, 2404.41830644473, -600], "[3, 30]": [519.794982404666, 2659.7740705132724, 0, 509.71703488488583], "[6, 12]": [-600, -600, 2289.252121198279, -600], "[5, 25]": [0, 420.2198010882971, 2121.653648422696, 448.98950812454876], "[2, 11]": [-600, -600, 87.17009852995876, 1635.2867718165292], "[7, 15]": [515.9504248950647, 528.125929459585, 0, 2074.068203803092], "[7, 16]": [398.07112843325876, 0, 56.383297152305104, 815.9725188288022], "[4, 5]": [1481.4366188342408, -413.5951383377316, -600, 0], "[5, 8]": [-600, 2391.219896611513, 0, -600], "[5, 9]": [-600, 726.7686964992414, -600, 0], "[5, 22]": [377.9762614306086, 391.2319177751227, 2253.5723578368115, 0], "[0, 2]": [1077.2948742247208, 64.00747134724627, -600, -473.0164396373904], "[0, 8]": [-600, 983.8113741971406, 0, -600], "[7, 11]": [-600, -600, 1871.161651955672, 0], "[6, 2]": [2173.368671458057, 0, -600, -600], "[7, 2]": [886.8352648597792, 0, -600, -600], "[5, 4]": [264.74709973416185, -600, 2040.1627265057298, -600], "[5, 2]": [0, 1721.5630221071283, -600, -600], "[5, 23]": [709.8636617774303, 0, 2090.104973359743, 741.5754024272621], "[4, 12]": [-600, -600, 2450.3899955135585, -600], "[1, 36]": [1705.2054218163785, 63.89687362639905, 0, 0], "[3, 4]": [767.5442239597869, -600, 36.90954883198328, -600], "[7, 18]": [0, 674.8678869759646, 605.9837111840914, 2090.190370695485], "[1, 6]": [925.7299942660761, -600, -600, -600], "[1, 10]": [-600, 800.3456745390068, -600, -600], "[7, 13]": [-600, -600, -600, 1582.2790561172753], "[4, 10]": [-600, 1757.5976669044871, -600, -600], "[1, 9]": [-600, 482.88820238500494, -600, 850.3093959112068], "[0, 6]": [1213.0920762750136, -600, -600, -600], "[1, 39]": [2498.5304398594517, 0, 547.2278823103826, 59.72629549818121], "[2, 13]": [-600, -600, -600, 1291.0066758354774], "[3, 5]": [1031.1596133265787, -600, -600, 383.16518180532273], "[2, 10]": [-600, 2453.5004199531463, -600, -600], "[3, 9]": [-600, 2418.240012953346, -600, 401.4985855831975], "[3, 11]": [-600, -600, 1351.2834151381435, 51.77417216876417], "[0, 13]": [-600, -600, -600, 1259.488001646345], "[7, 9]": [-600, 0, -600, 860.2609423564068], "[7, 8]": [-600, 1750.8552495145937, 24.979688457464977, -284.1849128217999], "[5, 26]": [-600, 562.5812351473614, 2893.9927765175808, -600], "[6, 13]": [-600, -600, -600, 2458.7019614778937], "[6, 6]": [721.80128848451, -600, -600, -600], "[2, 6]": [1405.2891284399914, -600, -600, -600], "[1, 40]": [2128.2789553469893, -600, 0, -600], "[1, 11]": [-600, -600, 1192.2850248531663, 0], "[6, 10]": [-600, 1941.0459154971875, -600, -600], "[1, 13]": [-600, -600, -600, 1122.7587027296431], "[3, 12]": [-600, -600, 1086.7686214801427, -600], "[4, 6]": [265.3640795197174, -600, -600, -600], "[7, 19]": [-600, 0, -600, 1584.8643382763717], "[4, 13]": [-600, -600, -600, 1517.0043513321307], "[1, 38]": [1785.9781667990342, 521.6154605943352, -600, -600], "[2, 12]": [-600, -600, 1939.3423805086509, -600], "[2, 14]": [-600, -600, -600, -600], "[5, 5]": [0, -600, -600, 1045.2393718955386], "[3, 33]": [-600, 2805.036965175632, 568.8223170558823, -600], "[3, 34]": [-600, 2041.973271094979, -600, 399.0693707787005], "[3, 31]": [812.7708517144443, 2802.633633864831, 401.8395214053576, -600], "[5, 12]": [-600, -600, 2481.8031834062576, -600], "[3, 10]": [-600, 2324.646508039377, -600, -600], "[3, 6]": [478.5019412329045, -600, -600, -600], "[0, 10]": [-600, 560.6083695892564, -600, -600], "[0, 12]": [-600, -600, 1311.2542553398066, -450.62253480775746], "[7, 20]": [-600, -600, 518.3771438923949, 1313.37550104307], "[7, 17]": [380.53469377413296, -600, -600, 1645.6279065382316], "[5, 27]": [50.33534750584704, -600, 620.1750335365323, 2554.662749490688], "[5, 10]": [-600, 1422.400424122279, -600, -600], "[7, 12]": [-600, -600, 664.6036490398433, -600], "[1, 41]": [1417.626507629, -600, -600, 688.864408682846], "[4, 14]": [-600, -600, -600, -600], "[3, 13]": [-600, -600, -600, 843.0979301631328], "[6, 14]": [-600, -600, -600, -600],