{"[4, 8]": [-600, 1928.3904804055005, 368.0759302641103, -600], "[0, 0]": [1221.4605139373944, 124.4571579808118, 125.13228375021366, 0], "[0, 1]": [459.54158834437715, 0, 0, 2112.0822851663725], "[1, 3]": [2252.4865025368335, 0, 150.9238260608948, 0], "[1, 7]": [-600, 497.07094899799336, 0, 0], "[2, 3]": [1970.7924860780222, 0, 71.437810301661, 105.45319658746301], "[2, 7]": [-600, 2105.2311971224644, 530.3220683907223, 458.60231852535605], "[2, 0]": [2154.1601312551225, 993.2654914857912, 770.1858207324933, 0], "[2, 1]": [410.71881318246494, 2153.480798865325, 0, 447.74833750386534], "[1, 0]": [2248.9269663904506, 0, 209.2561032585873, 0], "[0, 7]": [-600, 1041.0945214015983, 0, 70.28038336372212], "[0, 3]": [440.7150994202126, 0, 141.2498982520137, 2180.242076883182], "[7, 1]": [1557.7668734988094, 0, 0, 0], "[7, 3]": [570.8919562747792, 0, 0, 0], "[7, 4]": [477.0959722779978, -600, 0, -600], "[6, 5]": [-3.1410633268016235, -600, -600, 1053.3962137700487], "[6, 3]": [1425.3070147804085, 0, 0, 0], "[6, 1]": [740.6151585750242, 1770.0854402001912, 0, 309.30883264213105], "[6, 4]": [-21.691903533484638, -600, 1956.2544328311594, -600], "[0, 4]": [-59.94, -600, 1477.5295016210462, -600], "[0, 11]": [-600, -600, 2043.073184311811, 635.04163881044], "[6, 0]": [1784.6398809516143, 149.35264727981428, 74.66612685410715, 0], "[6, 7]": [-600, 1458.9611782877887, 0, 0], "[6, 9]": [-600, 1967.5982824395742, -600, 0], "[5, 11]": [-600, -600, 63.43053666469992, 529.3790546671715], "[4, 11]": [-600, -483.0671711599517, 1018.9564931006187, 0], "[4, 7]": [-600, 1146.3306398191955, 0, 0], "[4, 0]": [1510.7629273114583, 0, 89.28304215923914, 0], "[4, 9]": [-600, 1877.2595429452558, -600, 63.69287360433717], "[2, 4]": [1406.759568122496, -600, 357.04519751868287, -600], "[3, 2]": [566.1832103193067, 1206.7994930096606, -600, -600], "[3, 0]": [556.9442532988281, 69.78845020062398, 2106.176052580525, 0], "[3, 7]": [-600, 1031.684761418622, 0, 0], "[3, 3]": [368.97219609666496, 0, 0, 29.66095633181183], "[3, 1]": [172.90582240816556, 2093.9243962104283, 0, 261.5322143863493], "[4, 1]": [1810.6602613963048, 113.78498386099889, 0, 174.53655788228912], "[4, 3]": [115.78082412110382, 0, 899.2551899758892, 32.70252739657653], "[1, 1]": [2249.173631103474, 885.6715515414767, 0, 1171.3047346929097], "[7, 0]": [0, 44.25891703446485, 895.264366755613, 0], "[7, 7]": [-600, 227.42556587103525, 0, 0], "[0, 5]": [1330.8225747395797, -600, -600, 2105.2625353659237], "[2, 9]": [-600, 1141.3123046868914, -600, 0], "[2, 5]": [2159.68184761799, -600, -600, 145.20029393724047], "[2, 2]": [0, 2141.780588471793, -600, -600], "[4, 4]": [373.9438351011698, -600, 0, -600], "[4, 2]": [1653.9766399535283, 13.720535252993395, -600, -524.0828156028531], "[0, 9]": [-600, 375.4580312267466, -600, 0], "[6, 11]": [-600, -600, 2038.2390852772508, 143.24181115137262], "[7, 5]": [126.54826211897023, -600, -600, 0], "[5, 0]": [0, 0, 607.5223010594207, 0], "[5, 7]": [-600, 7.544978269263061, 6.643496809963749, 769.4959793606457], "[5, 3]": [0, 0, 267.4314749066452, 0], "[3, 29]": [619.3767846860799, 613.0214125322569, 2066.0924456343337, 0], "[5, 1]": [105.57776059267982, 118.23342145276484, 0, 706.832580802599], "[3, 8]": [-600, 0, 1823.4460410185773, -600], "[2, 8]": [-600, 162.75882870949332, 2104.0196422402128, -600], "[1, 4]": [2080.858038786834, -600, 0, -600], "[1, 2]": [2248.8292943310457, 149.72790611877764, -600, -600], "[1, 8]": [-600, 379.56706236829507, 0, -600], "[5, 24]": [641.2481537463565, -600, 1453.5262325368649, -600], "[3, 32]": [0, 400, 0, 576.6220780912547], "[1, 5]": [296.2090798338608, -271.9893579586873, -600, 2139.1465952060275], "[1, 37]": [2249.6883570893215, 543.6434771080186, 0, 235.1399781031679], "[6, 8]": [-600, 2017.3371118439952, 179.04808149923028, -498.9767212169468], "[3, 30]": [475.3285465395936, 2136.6498862563376, 0, 178.8270101210542], "[6, 12]": [-600, -600, 2043.303053756201, -527.1596459118347], "[5, 25]": [0, 849.5052162310953, 1106.5987430199261, 655.5319172967593], "[2, 11]": [-600, -600, 871.2770911719355, 207.38181526126812], "[7, 15]": [388.3850236841587, 0, 0, 1002.5178217553332], "[7, 16]": [530.3796842633383, 0, 177.24873007283097, 841.8953722632241], "[4, 5]": [822.4941101193001, -600, -469.6625328690668, 90.80873409981135], "[5, 8]": [-600, 1989.6548383740494, 79.71634565652764, -600], "[5, 9]": [-600, 638.9573754735887, -600, 0], "[5, 22]": [629.6233322719053, 599.7343546886137, 1351.8096218943508, 0], "[0, 2]": [1887.8083688661245, 263.5174565479281, -600, -531.6978660186944], "[0, 8]": [-520.1499707367224, 1177.8491089086021, 188.14755071735598, -600], "[7, 11]": [-600, -600, 2046.4344174157354, 56.48507626496568], "[6, 2]": [1590.2088599211072, 0, -449.037289471839, -600], "[7, 2]": [0, 552.0749292107377, -600, -600], "[5, 4]": [281.7990787472479, 0, 0, -600], "[5, 2]": [381.4274289086345, 182.28140026353591, -600, -600], "[5, 23]": [297.98207640654397, 0, 1021.4820377532031, 384.07497540708124], "[4, 12]": [-600, -600, 343.197192935046, -600], "[1, 36]": [2118.5735871312345, 518.6259487132529, 536.9264916810035, 0], "[3, 4]": [446.50685042196005, -600, 994.0275377949984, -600], "[7, 18]": [0, 0, 531.2844908794543, 982.6705987020991], "[1, 6]": [2137.426586227534, -600, -600, -600], "[1, 10]": [-600, 658.2368183830973, -600, -600], "[7, 13]": [-600, -600, -600, 20.411491026819114], "[4, 10]": [-600, 1625.452082160051, -600, -600], "[1, 9]": [-600, 383.0747906547737, -600, 0], "[0, 6]": [1249.8475231655939, -600, -600, -600], "[1, 39]": [400, 0, 116.24012921497261, 1891.5621677312693], "[2, 13]": [-600, -600, -600, 1092.7233483121597], "[3, 5]": [671.1841961990241, -600, -600, 585.956079150534], "[2, 10]": [-600, 1516.7276165825988, -600, -600], "[3, 9]": [-600, 1566.6629009156584, -600, 503.8494876622099], "[3, 11]": [-600, -600, 91.21272284262744, 684.6497504728346], "[0, 13]": [-600, -600, -600, 2080.928664826964], "[7, 9]": [-600, 202.97341589668366, 0, 0], "[7, 8]": [-600, -2.6443452703061396, 536.4088621230636, -600], "[5, 26]": [-600, 689.1996322397882, 1252.9701803695993, -600], "[6, 13]": [-600, -600, -600, 983.5731400224811], "[6, 6]": [644.0144967736302, -600, -600, -478.14454353139746], "[2, 6]": [1999.2928621938527, -600, -600, -600], "[1, 40]": [1712.3392384001188, -600, 1485.5516793889271, -600], "[1, 11]": [-600, -242.76400262845436, 806.1879650716257, 100.5185172406211], "[6, 10]": [-600, 1370.596588946851, -600, -600], "[1, 13]": [-600, -600, -600, 746.9563100769251], "[3, 12]": [-600, -600, 1028.7660572215505, -600], "[4, 6]": [712.8959150931944, -463.83480964760054, -600, -600], "[7, 19]": [-600, 609.2098725545304, -600, 918.4207336872693], "[4, 13]": [-600, -490.7875992186633, -600, 565.5230737951658], "[1, 38]": [2245.5692489674916, 399.9414058619903, -600, -600], "[2, 12]": [-600, -600, 1083.7466387035252, -600], "[2, 14]": [-600, -600, -600, -600], "[5, 5]": [446.5650744700271, -536.9658257657809, -600, 0], "[3, 33]": [-600, 1400.2192932730943, 580.8525103028987, -600], "[3, 34]": [-600, 1711.5052593655853, -600, 899.8262167528807], "[3, 31]": [606.0902477963951, 1771.1252187458592, -600, -600], "[5, 12]": [-600, -600, 580.0373247596956, -600], "[3, 10]": [-600, 1809.920043150073, -600, -600], "[3, 6]": [303.8869827872157, -600, -600, -600], "[0, 10]": [-220.03533302323905, 881.019301019491, -600, -600], "[0, 12]": [-600, -600, 1320.7545271213198, -600], "[7, 20]": [-600, -600, 185.63385591508444, 2094.2490782798573], "[7, 17]": [0, -600, -600, 992.2775436861507], "[5, 27]": [-600, -600, 1176.8519717585614, 612.1797310955687], "[5, 10]": [-600, 714.3295907216573, -600, -600], "[7, 12]": [-600, -600, 942.1774098378249, -600], "[1, 41]": [400, -600, -600, 2123.0656355603974], "[4, 14]": [-600, -600, -600, -600], "[3, 13]": [-600, -600, -600, 470.59352645437014], "[6, 14]": [-600, -600, -600, -600], "[7, 6]": [400.299553680156, -600, -600, -600], "[5, 13]": [-600, -600, -600, 106.11555626821172],