{"[6, 0]": [11249.29806919331, 11260.333319760404, 11694.453239452805, -600], "[6, 7]": [-600, 11624.49005331816, 11831.747204720754, 11296.787955169479], "[6, 3]": [11627.58638108677, -600, 11845.979960240345, 11783.25081313317], "[6, 1]": [11294.11129191936, 11393.080497300272, -600, 11236.897982518862], "[6, 4]": [9566.263911837137, -600, 10964.693241970841, -600], "[0, 3]": [11526.813869738064, -600, 11481.402718944993, 11690.028688506416], "[0, 7]": [-600, 11239.542480709075, 11224.325906542077, 11148.287598883939], "[0, 1]": [11854.234763320432, 11505.677710568947, -600, 11656.443149709476], "[0, 0]": [11383.168146541315, 11305.660039568722, 11319.80302263135, -600], "[1, 3]": [11796.244429118748, 0, 11683.059484659485, 11785.092941765724], "[1, 7]": [0, 11602.849293320454, 11650.734227873145, 11718.633571851109], "[2, 3]": [11803.87611723024, -600, 11592.610763284052, 11665.091008797184], "[2, 1]": [11749.833251803335, 11739.78761185666, -600, 11683.973667240765], "[2, 0]": [11384.248538802229, 11815.92751886139, 11735.505809516939, -600], "[1, 0]": [11795.257062577848, 11777.957517729195, 11774.93558737567, -600], "[2, 7]": [-600, 11677.034746524514, 11387.035199844817, 11419.900206697026], "[1, 1]": [11777.45618404806, 11589.007998232813, 0, 11662.811821694542], "[0, 9]": [-600, 11232.443242115945, -600, 8742.158428645052], "[6, 9]": [-600, 11097.784409333522, -600, 10449.646876059369], "[6, 8]": [-600, 11094.433285246467, 11585.155098452276, -600], "[0, 4]": [8488.736370865574, -600, 11124.151735184172, -600], "[0, 11]": [-600, -600, 11000.45745516525, 11611.887183789033], "[0, 5]": [11504.888589479702, -600, -600, 11513.345984209427], "[7, 1]": [11740.5019517096, 11589.63998908795, 0, 11981.736032197767], "[7, 16]": [11666.225956915672, 0, 11629.601691250993, 12086.574751976197], "[3, 1]": [11853.336257829007, 11960.625439999465, 0, 11796.28643814149], "[4, 1]": [11329.517064055633, 11251.919314370638, -600, 11708.532768115778], "[4, 0]": [11568.433619517897, 11700.781483891938, 11628.43281342932, -600], "[4, 7]": [-600, 11664.720024999204, 11802.588706180173, 11740.122839344152], "[3, 7]": [0, 11927.611989358376, 11726.232348315567, 11618.574247494296], "[3, 3]": [11593.986271302429, -600, 11721.251963853429, 11572.403792228539], "[1, 39]": [11958.245156539762, 0, 11754.291475412514, 11747.098537647707], "[6, 11]": [-600, -600, 11707.877404629728, 11528.183316780385], "[7, 7]": [0, 11790.02183882348, 11355.18596500399, 11874.124376599557], "[7, 0]": [11311.164378775042, 11346.144125261642, 11335.360949792055, -600], "[6, 2]": [10537.535218144421, 11432.99162339465, -600, -600], "[6, 5]": [11226.646154812677, -600, -600, 10716.565689160088], "[7, 3]": [11417.205716517046, 0, 11560.345657882252, 11968.183329859772], "[2, 4]": [9768.86145125233, -600, 11027.157465615102, -600], "[2, 9]": [1232.607618825782, 11211.894963291688, -600, 9714.05813449697], "[2, 2]": [11597.521916131382, 11748.99221010722, -600, -600], "[4, 3]": [11433.455269722908, -600, 11775.840854419963, 11515.315246790859], "[4, 9]": [-600, 9666.969496755424, -600, 11600.563469176628], "[4, 11]": [-600, 629.1357039528698, 11699.279395013322, 11421.939648935708], "[2, 8]": [-600, 11462.16944578633, 11289.190331117206, -600], "[4, 4]": [11415.289868572087, 2800.906081076503, 9543.554889032894, -600], "[4, 2]": [11046.617037891101, 11629.48742702329, -600, -600], "[5, 3]": [11757.614822142848, 0, 11833.552256560857, 11740.97881189509], "[5, 0]": [11512.072930484197, 11468.515002611895, 11884.438014542782, -600], "[5, 1]": [11447.853428050885, 11503.408367138958, -600, 11453.018046743759], "[5, 7]": [-600, 11438.270670648755, 11925.024296505924, 11707.474679767618], "[3, 0]": [11607.321351313112, 11961.970431465099, 11552.98609709376, 0], "[0, 2]": [11332.705154850475, 10501.80396321673, -600, -600], "[2, 5]": [11550.523458223128, -600, -600, 11661.8107027415], "[4, 10]": [-600, 10443.15754242907, -600, -600], "[4, 8]": [-600, 11637.485644677758, 11808.494200903822, -600], "[5, 8]": [-600, 11668.269674895822, 11598.67010857537, -600], "[6, 13]": [-600, -600, -600, 11424.639930866391], "[3, 29]": [11898.00959750449, 12020.134976229368, 11925.7603685062, 0], "[5, 11]": [-600, -600, 11912.644754683995, 11444.615439539186], "[0, 13]": [-600, -600, -600, 10042.851200550362], "[5, 25]": [0, 11974.207572661166, 12022.728067436337, 11978.262073230788], "[2, 6]": [10995.635599577094, -600, -600, -600], "[5, 4]": [11741.81963178165, -600, 12025.82747638378, -600], "[7, 11]": [-600, -600, 11738.154125794881, 11925.383559956477], "[7, 4]": [9589.016101027315, -600, 9626.359796016237, -600], "[7, 9]": [-600, 10899.098664807212, 0, 11934.132235593197], "[7, 5]": [11704.01369234372, -600, -600, 11908.957713376083], "[5, 23]": [11999.95004036132, 0, 12193.111505249162, 12162.443547989971], "[3, 32]": [0, 12031.276501732895, 12010.384382608621, 11988.882795608499], "[3, 30]": [11613.980281486325, 11972.903450220578, 0, 11642.191400361695], "[2, 10]": [-600, 11309.924441043891, -600, -600], "[7, 18]": [0, 11777.720604451773, 11740.723615840176, 12029.48944618134], "[5, 22]": [11501.253967778077, 11571.460144824012, 11362.79247198619, 0], "[1, 9]": [-600, 11145.532055221924, -600, 9313.659864381034], "[1, 37]": [11973.902748081417, 10590.364222609072, 0, 11787.016735700363], "[5, 9]": [-600, 9903.649954395754, -600, 9384.152877862347], "[3, 2]": [11907.616054301869, 12088.0998811127, -600, -600], "[3, 4]": [9320.643313745519, -600, 11436.690236229457, -600], "[1, 36]": [12048.919644638889, 11910.147915591235, 11878.15990182089, 0], "[7, 15]": [11769.897568571034, 11746.409254244521, 0, 12010.174010519051], "[0, 6]": [10750.572747745975, -600, -600, -600], "[4, 5]": [11554.627945178569, -600, -600, 11053.393881786917], "[2, 11]": [-600, -600, 11656.350248412144, 11292.157340989655], "[3, 5]": [11482.861269131552, -600, -600, 11255.726384434558], "[3, 11]": [-600, 2073.7624956175955, 11623.527347198484, 11427.693414845859], "[1, 2]": [11784.213764937149, 11724.359283146994, -600, -600], "[2, 13]": [-600, -600, -600, 10364.762093846912], "[4, 6]": [11058.756128440487, -600, -600, -600], "[7, 2]": [11304.569458197084, 11272.801632332435, -600, -600], "[0, 8]": [-600, 11039.99609386237, 11156.169573513564, -600], "[1, 5]": [11909.313089934469, -600, -600, 11828.494894279595], "[7, 8]": [-600, 11349.68874917023, 11306.473211676737, -600], "[1, 4]": [10454.070894505205, -600, 11357.043869720872, -600], "[0, 12]": [-600, -600, 8713.426230759953, -600], "[3, 9]": [-600, 11956.829153507886, -600, 10705.207874464559], "[3, 12]": [-600, -600, 10885.15674466764, -600], "[6, 10]": [-600, 10254.996864575107, -600, -600], "[4, 12]": [-600, -600, 11252.577909987682, -600], "[1, 8]": [-600, 11335.813641101144, 11288.370377388961, -600], "[1, 11]": [-600, 998.6314052568982, 11798.127929625542, 11787.243073527787], "[5, 13]": [-600, -600, -600, 11256.081908151013], "[5, 2]": [11403.363259785167, 11248.330137633435, -600, -600], "[2, 12]": [-600, -600, 10437.836761416318, -600], "[7, 13]": [-600, -600, -600, 11753.569608148598], "[3, 8]": [-600, 11843.389178489218, 11803.753409947463, -600], "[5, 5]": [11430.8601330707, -600, -600, 11496.677222514707], "[3, 10]": [-600, 12143.707619841736, -600, -600], "[5, 24]": [12342.987523911765, -600, 12456.823460468193, -600], "[3, 31]": [12317.182844325976, 12314.316697184475, -600, -600], "[5, 27]": [-600, -600, 12388.463718929012, 12361.55857334467], "[6, 12]": [-600, -600, 9968.601663160585, -600], "[6, 6]": [8983.866479899607, -600, -600, -600], "[7, 19]": [-600, 11803.117759042465, 0, 11891.403236241731], "[1, 38]": [11965.228243897265, 11912.601877473562, -600, -600], "[1, 12]": [-600, -600, 11317.475672982975, -600], "[1, 40]": [11980.974576961631, 1663.5757364785409, 11852.495933826714, -600], "[4, 13]": [-600, -600, -600, 11452.924464837286], "[1, 10]": [-600, 10926.717390959358, -600, -600], "[7, 17]": [12030.417967424903, -600, -600, 12105.758935478936],