{"[6, 0]": [4632.452390651386, 5484.649120276437, 4923.1328331166, -600], "[6, 7]": [-600, 5048.214559353892, 5851.795717995255, 5065.703311623382], "[6, 3]": [5116.826729870359, -600, 5220.349387767705, 5834.978744205918], "[6, 1]": [4793.885251210993, 5371.456920456885, -600, 4720.202578985299], "[6, 4]": [2819.4870566350214, -600, 5506.19393693366, -600], "[0, 3]": [5633.907267935889, -600, 3522.337746039773, 3522.330227732418], "[0, 7]": [-600, 3521.528772299443, 3521.339438543676, 5632.311297686257], "[0, 1]": [3709.576362564869, 5557.198431659199, -600, 3522.3479686436885], "[0, 0]": [3522.3390462420834, 5659.359659553831, 4148.697540239258, -600], "[1, 3]": [5429.665554875672, 0, 5140.871241501109, 5140.018375070944], "[1, 7]": [0, 5590.226642272262, 4914.335731808242, 5001.251802678268], "[2, 3]": [4899.549058613099, -600, 5450.847333724522, 4867.561418272025], "[2, 1]": [5713.6528226108485, 5071.801095186993, -600, 5080.090371162899], "[2, 0]": [4709.631490290584, 5527.212529662695, 5095.358442008524, -600], "[1, 0]": [5193.491541139684, 5630.1714044949995, 5203.238297337971, -600], "[2, 7]": [-600, 4764.785945912547, 4918.613072638987, 5448.514338487031], "[1, 1]": [5225.936621115767, 5483.2844645553505, 0, 5217.591440020354], "[0, 9]": [-600, 2606.348395917624, -600, 5398.725311232855], "[6, 9]": [-600, 5205.948243593561, -600, 4074.357023962769], "[6, 8]": [-600, 5377.1385530950565, 4358.668182216191, -600], "[0, 4]": [5738.600048712144, -600, 4099.534151202718, -600], "[0, 11]": [-600, -600, 5479.69713767078, 3558.2969985893133], "[0, 5]": [5590.689363917986, -600, -600, 4684.024286399718], "[7, 1]": [4927.939492343766, 4926.625379650733, 0, 5899.492472876638], "[7, 16]": [5243.110639105227, 0, 5156.681110668046, 6056.923251232547], "[3, 1]": [5223.582288489701, 5905.184237309931, 0, 5271.903366355976], "[4, 1]": [5046.561545407026, 5663.933676589415, -600, 4985.535392158181], "[4, 0]": [5151.13793824069, 5910.446390582294, 5109.246374870915, -600], "[4, 7]": [-600, 5172.957932267465, 5891.334569580151, 5117.631972836619], "[3, 7]": [0, 5886.578838265681, 5360.627312756166, 5359.6385062177], "[3, 3]": [4865.953378432886, -600, 5232.78020153129, 4974.760519038247], "[1, 39]": [5567.067953616798, 0, 5419.375828972154, 5406.420945318396], "[6, 11]": [-600, -600, 4538.237659945249, 5678.7356674237835], "[7, 7]": [0, 5201.2708789754615, 5225.558932333831, 5940.481715972314], "[7, 0]": [5130.592453051736, 4795.577499358744, 4760.5643298884015, -600], "[6, 2]": [4370.495144638894, 5354.26679861774, -600, -600], "[6, 5]": [4284.640917729516, -600, -600, 5544.464946042362], "[7, 3]": [5076.56810517905, 0, 5033.738450149708, 5911.809056314458], "[2, 4]": [5637.350615224698, -600, 4512.602241452371, -600], "[2, 9]": [-600, 4113.957537159368, -600, 5529.882240156084], "[2, 2]": [5743.6112271054535, 4587.939033499706, -600, -600], "[4, 3]": [4879.920949425965, -600, 4956.22728240186, 5737.361919986433], "[4, 9]": [-600, 4053.304264054189, -600, 4539.038929497961], "[4, 11]": [-600, -600, 5873.292275127165, 4457.052147172436], "[2, 8]": [121.37879157283885, 4135.24063476286, 4668.846595712486, -600], "[4, 4]": [4132.033833022838, -600, 5791.97646918353, -600], "[4, 2]": [4579.682348586273, 5267.413579770393, -600, -600], "[5, 3]": [5083.329608626934, 0, 6006.979734395264, 5068.646139768405], "[5, 0]": [5093.200511876409, 5149.160791298229, 5986.472665189088, -600], "[5, 1]": [4922.601050959094, 4855.749989881727, -600, 4959.193787798257], "[5, 7]": [-600, 5044.191216176874, 6040.8123885198365, 5169.248249762556], "[3, 0]": [5137.55680053095, 5706.295314898438, 5201.445498543003, 0], "[0, 2]": [5557.938127567279, 4464.3480560526405, -600, -600], "[2, 5]": [4429.035273502942, -600, -600, 5545.097581998358], "[4, 10]": [-600, 2483.4171004330074, -600, -600], "[4, 8]": [-600, 4241.427350057151, 5812.89169961006, -600], "[5, 8]": [-600, 5202.052357283647, 5492.419155639003, -600], "[6, 13]": [-600, -600, -600, 4067.82506744233], "[3, 29]": [5058.391651080594, 6017.472250794558, 5215.121090665864, 0], "[5, 11]": [-600, -600, 5136.2551992931785, 5763.145440412796], "[0, 13]": [-600, -600, -600, 5271.535546494362], "[5, 25]": [0, 5015.250079681199, 6079.498397029082, 5392.699529570076], "[2, 6]": [5726.745187616823, 494.2866854260069, -600, -600], "[5, 4]": [4808.628639922302, -600, 5445.827505639166, -600], "[7, 11]": [-600, -600, 4584.550901268411, 5868.085225943963], "[7, 4]": [4803.884302346428, -600, 3750.0229883501197, 273.84767219983223], "[7, 9]": [-600, 4341.703293313329, -600, 5658.361825606749], "[7, 5]": [5214.619524633232, -600, -600, 5864.984783657906], "[5, 23]": [5401.714940799081, 0, 6047.8190343475335, 5412.647930584908], "[3, 32]": [0, 5984.17185411504, 5403.3040832670795, 5379.795528366607], "[3, 30]": [5321.756592832928, 5873.485608844493, 0, 5342.717186422548], "[2, 10]": [-600, 4839.342404726204, -600, -600], "[7, 18]": [0, 5231.040951480303, 5128.168266457523, 5879.318741562493], "[5, 22]": [5470.342311898639, 5477.498062376073, 6088.310054981406, 0], "[1, 9]": [-600, 5169.318048749533, -600, 3914.052820423016], "[1, 37]": [5758.125494425596, 5273.735409123897, 0, 5275.111968465127], "[5, 9]": [-600, 3420.7365158538323, -600, 4658.782466229825], "[3, 2]": [5375.9780771864325, 5808.145975503424, -600, -600], "[3, 4]": [5096.99038698913, -600, 3862.51519089832, -600], "[1, 36]": [5178.601141788913, 5184.485785960202, 5470.181788774317, 0], "[7, 15]": [5070.232337221081, 5088.583715357623, 0, 5956.56580729382], "[0, 6]": [3686.743797090197, -600, -600, -600], "[4, 5]": [4368.451217444668, -600, -600, 4946.602946325685], "[2, 11]": [-600, -600, 5311.969704377391, 4461.868387680777], "[3, 5]": [4943.48096458568, -600, -600, 5130.648302116134], "[3, 11]": [-600, 517.2674541774957, 4773.857051608553, 5116.338791243349], "[1, 2]": [5287.727164424607, 4570.085891337353, -600, -600], "[2, 13]": [-600, -600, -600, 2943.161916604129], "[4, 6]": [4871.510434887273, -600, -600, -600], "[7, 2]": [4615.062556944627, 4801.7815669197, -600, -600], "[0, 8]": [-600, 5087.893355459744, 4033.332987735256, -600], "[1, 5]": [5075.282916470374, -600, -600, 5446.051273478495], "[7, 8]": [-600, 4923.708832213103, 4372.455314909082, -600], "[1, 4]": [5130.320481608477, -600, 4287.547304585387, -600], "[0, 12]": [-600, -600, 4830.766208110245, -600], "[3, 9]": [-600, 4710.397720159127, 197.11303737621904, 5023.356822237276], "[3, 12]": [-600, -600, 5044.16574467156, -600], "[6, 10]": [-600, 1525.9763872401327, -600, -600], "[4, 12]": [-600, 16.72345722922819, 5100.719085183298, -600], "[1, 8]": [-600, 4611.205641248998, 5246.2995088898115, -600], "[1, 11]": [-600, -600, 4900.14648044889, 5219.828434995292], "[5, 13]": [-600, -600, -600, 3278.6402525425187], "[5, 2]": [4996.493535924097, 4770.141971468934, -600, -600], "[2, 12]": [-600, -600, 3604.85993436491, -600], "[7, 13]": [-600, -600, -600, 5767.711335672438], "[3, 8]": [-600, 5850.3083310416005, 4962.698653908144, -600], "[5, 5]": [4852.1080142393, -600, -600, 5116.934881316412], "[3, 10]": [-600, 5799.832938400619, -600, -600], "[5, 24]": [4933.958843645011, -600, 5627.877095104974, -600], "[3, 31]": [5111.174196213017, 5888.096195180783, -600, -600], "[5, 27]": [423.15368037529083, -600, 5958.8889427481445, 5510.179356753014], "[6, 12]": [-600, -600, 5516.134303242188, -600], "[6, 6]": [5440.3621448700105, -600, -600, -600], "[7, 19]": [-600, 4523.981673509981, 966.2368823347756, 4604.7765711575985], "[1, 38]": [4843.772852692352, 5423.939613301167, -600, -600], "[1, 12]": [-600, 265.8852087191807, 4881.986356398661, -600], "[1, 40]": [4189.339089148947, -600, 4925.231584447307, -600], "[4, 13]": [-600, -600, -600, 2329.2450902331257], "[1, 10]": [-600, 4377.388737343234, -600, -600], "[7, 17]": [4701.354369716275, 618.3454449396024, -600, 6017.542621092333], "[1, 6]": [4447.4901170520325, -600, -600, -600], "[1, 41]": [5239.01161104373, -600, -600, 5403.295131328514],