{"[5, 1]": [-0.7528451514219496, 24.496720189958562, -600, 433.07436970858345], "[6, 0]": [263.91860280561, 301.63837424607533, 855.570157311219, -600], "[6, 7]": [-600, 555.303852720797, 697.746673192389, 979.7557807383778], "[6, 1]": [280.75081209087904, 226.33506963336205, -600, 884.1560382090076], "[6, 3]": [552.9273842143959, -600, 975.1867713274255, 694.9833052658491], "[6, 9]": [-600, 25.873462807079438, -600, 738.9981648625022], "[6, 8]": [-600, 150.478945219061, 827.8161343213418, -598.4693545219393], "[4, 9]": [-600, 727.741486746543, -600, 32.306716250425644], "[4, 8]": [-600, 990.1787359988754, 561.0639420937348, -600], "[4, 7]": [-600, 1008.240702107794, 721.2339913787879, 573.0467406312301], "[4, 0]": [575.5313258615649, 719.0432448169933, 1002.6470611217196, -600], "[4, 11]": [-600, -600, 842.3292841604376, 156.9112336122226], "[7, 7]": [-600, 68.32116882104356, 204.98141581384345, 1145.2622983208544], "[7, 3]": [622.1623503356149, -600, 584.8658238865515, 1212.8476206591201], "[0, 7]": [-600, 231.77844817106998, 274.29232078856984, 862.7541394130118], "[0, 3]": [926.572795751148, -600, 515.6786058176795, 655.0399770228423], "[0, 1]": [671.7218065706958, 517.2574894453116, -600, 917.1610719626646], "[0, 0]": [792.2305053291141, 267.52721767037923, 236.35883070739922, -600], "[7, 1]": [212.37912232391935, 62.50390391083043, -600, 1156.9933889630418], "[7, 0]": [494.62820367199305, 1.8466126049066456, 20.900339516354652, -600], "[5, 3]": [47.62281126667553, -600, 1173.8131705061794, 208.17079654849098], "[4, 3]": [226.99924080709707, -600, 914.1956563000841, 271.0664336524349], "[4, 1]": [256.01658017350184, 878.7810744257721, -600, 222.3212390089651], "[5, 0]": [70.4959228680017, 204.54822160993132, 1178.8647831803055, -600], "[5, 7]": [-600, 635.5626719173831, 1221.5556227410532, 687.6100820905182], "[2, 3]": [854.9313214479633, -600, 219.14274436372864, 257.30807363629407], "[2, 7]": [-600, 845.3623571739475, 299.62475294588984, 254.79696845951406], "[2, 1]": [679.0565095014206, 951.2910833654852, -600, 537.8523919205301], "[2, 0]": [948.3758061254805, 660.4596413066988, 541.8636279009581, -600], "[1, 0]": [1119.27243502683, 190.88026479521884, 59.8980091822083, -600], "[1, 7]": [-600, 23.267060141527228, -1.6243443055666071, 483.01253579380364], "[1, 3]": [1117.5992748397584, -600, 46.10528085634201, 192.56835365255063], "[2, 4]": [726.2837037647657, -600, 30.594359328781355, -600], "[2, 8]": [-600, 809.9288130273142, 153.86255609878327, -600], "[2, 9]": [-600, 286.23546452231614, -600, 5.807082208277443], "[2, 2]": [938.490773165896, 524.7378283613236, -600, -600], "[1, 1]": [1200.100925943218, 516.9877271456455, -600, 579.6803681301559], "[3, 1]": [220.2439080401496, 1151.2543337175064, -600, 47.756876787674884], "[3, 3]": [17.670743788332263, -600, 425.55402197418437, 0.3736737943712393], "[3, 7]": [-600, 1125.8047544765332, 188.81910891230336, 43.82036522606998], "[0, 4]": [262.0008505089475, -600, 12.24270224902061, -600], "[0, 11]": [-600, -600, 115.53719016279489, 739.2572603630782], "[5, 11]": [-600, -600, 1141.878159953627, 155.16515894435028], "[6, 4]": [5.709945942893612, -600, 321.8720829212505, -600], "[3, 32]": [0, 1094.3142863336889, 55.43234881456544, 11.362843194452369], "[5, 23]": [12.615119939371603, 0, 1108.614346403175, 62.04858595116457], "[3, 29]": [339.48640987232994, 1257.3728736229998, 317.9871959459294, 0], "[1, 36]": [1092.7462136800411, 58.810046619934425, 15.552949174533, 0], "[4, 2]": [127.10764480861619, 838.4515418293395, -600, -600], "[6, 11]": [-600, -600, 526.8562226827734, 959.5344346214009], "[5, 8]": [-600, 207.38560225488163, 1132.3480555803262, -600], "[5, 2]": [2.9523246072252527, 398.8704749748742, -600, -600], "[4, 5]": [522.5220594916383, -600, -600, 37.89224056570772], "[5, 25]": [0, 354.58876554136447, 1282.8655389856149, 371.24642423780847], "[7, 18]": [0, 21.286312069074143, 54.03412441158921, 1099.182878527647], "[3, 11]": [-600, -600, 313.19206143552987, 2.040670582883351], "[2, 5]": [748.9923899411166, -600, -600, 124.44886760147772], "[0, 5]": [913.7803188723977, -600, -600, 453.2597855309832], "[7, 5]": [127.02822640968321, -600, -600, 1100.4996320723887], "[4, 4]": [33.754304851739974, -598.6299801157367, 791.0708036121312, -600], "[7, 4]": [-0.28943238356860435, -600, 57.18852141443091, -600], "[0, 13]": [-600, -600, -600, 809.8200467636166], "[6, 5]": [138.18385351157985, -600, -600, 787.8853581347487], "[0, 9]": [-600, -1.784429517977332, -600, 224.8882991776103], "[3, 8]": [-600, 994.5253669439379, 168.12309052305727, -600], "[2, 10]": [-600, 850.9273369103694, -600, -600], "[3, 0]": [637.5734584398602, 1196.638768381876, 595.5508859144929, -600], "[0, 2]": [759.9816142485179, 114.83174563897371, -599.1866590245131, -600], "[5, 4]": [1.5192258773434046, -600, 694.0013463044925, -600], "[1, 5]": [974.0129967126564, -600, -600, 94.66330996666981], "[1, 37]": [1251.5009090639164, 280.3653465691364, 0, 302.4091182851332], "[3, 33]": [-600, 1060.8756427933465, 35.05557623974303, -600], "[5, 22]": [16.75192698723244, 80.46455078084011, 1125.5998783153516, 0], "[0, 8]": [-600, 603.7004195812568, 53.766433477511264, -600], "[5, 9]": [-600, 1.961684155864535, -600, 159.60227603520065], "[2, 13]": [-600, -600, -600, 480.68381853303964], "[1, 2]": [975.3465224992798, 144.6205304406877, -600, -600], "[3, 30]": [60.59214632700228, 1092.293003447162, 0, 13.797637442867119], "[2, 11]": [-600, -600, 610.7548862715311, 52.434867805500396], "[3, 5]": [278.76648010753763, -600, -600, 2.315759661881917], "[0, 6]": [714.3467192879084, -600, -600, -598.5210549819915], "[1, 39]": [1079.8011728416534, 0, 10.863667837185655, 53.008669814872576], "[4, 10]": [-600, 778.9022256854746, -600, -600], "[3, 2]": [143.70254548815288, 1120.5087383472528, -600, -600], "[2, 6]": [702.4727951835237, -600, -600, -600], "[3, 4]": [2.500426022358336, -600, 150.96671955121622, -600], "[1, 13]": [-600, -600, -600, 229.360357057332], "[1, 9]": [-600, 0.6258473582187927, -600, 28.647832310310957], "[5, 10]": [-600, 265.56712847177437, -600, -600], "[6, 12]": [-600, -600, 873.1302394909803, -600], "[7, 15]": [58.103445956286635, 16.34218207447304, 0, 1107.414824083419], "[7, 16]": [319.38728368843914, 0, 310.9600078182841, 1266.8021321179883], "[6, 2]": [60.791126535140876, 625.2483179694178, -600, -600], "[5, 27]": [-600, -600, 929.9488313975477, 24.36854844478208], "[5, 5]": [2.524516146767755, -600, -600, 267.5305922827758], "[4, 12]": [-600, -600, 902.9996629988689, -600], "[3, 9]": [-600, 617.8284404182704, -598.8812796869537, -0.06879639160153722], "[7, 2]": [449.9863374099292, 7.823491488287859, -600, -600], "[7, 9]": [-600, 1.4325644273615246, -600, 648.4318716506809], "[2, 12]": [-600, -600, 561.1905967507568, -600], "[6, 13]": [-600, -600, -600, 712.5717157596139], "[4, 6]": [421.11346173020274, -600, -600, -600], "[7, 11]": [-598.6209592536266, -600, 156.6703339339681, 1007.499677853206], "[1, 4]": [574.6501067399339, -600, 1.18924536684887, -600], "[1, 10]": [-600, 234.77927013279376, -600, -600], "[3, 34]": [-600, 349.6317494028775, 0, 0.5069903944967108], "[1, 38]": [997.4198041354513, 34.47504416056463, -600, -600], "[1, 8]": [-600, 427.6384476237281, 6.371724585309061, -600], "[1, 11]": [-600, -600, 4.186426666072984, 329.47353297791324], "[0, 12]": [-600, -600, 514.5039252886878, -600], "[6, 6]": [537.2720119267274, -600, -600, -600], "[7, 20]": [-600, -599.1913254650236, 32.76333537592413, 1044.3494186203175], "[0, 10]": [-600, 421.2209471949512, -600, -600], "[5, 12]": [-600, -600, 856.3556881892504, -600], "[5, 26]": [-600, 37.00220405111973, 1123.5697457539188, -600], "[4, 13]": [-600, -600, -600, 552.1007101079131], "[7, 8]": [-600, 7.73225974341341, 488.85723906463386, -600], "[1, 40]": [289.8881918945557, 0, 0.3755033574668451, -600], "[6, 10]": [-600, 505.6446879606697, -600, -600], "[7, 19]": [-600, 1.2481915157774754, 0, 349.6813181754386],