{"[6, 0]": [4632.452390651386, 5770.09002539148, 4923.1328331166, -600], "[6, 7]": [-600, 5048.214559353892, 5989.210206749956, 5065.703311623382], "[6, 3]": [5116.826729870359, -600, 5220.349387767705, 5953.528683058518], "[6, 1]": [4793.885251210993, 5507.717439446968, -600, 4720.202578985299], "[6, 4]": [2819.4870566350214, -600, 5854.075118177261, -600], "[0, 3]": [5837.5366980186855, -600, 3522.337746039773, 3522.330227732418], "[0, 7]": [-600, 3521.528772299443, 3521.339438543676, 5803.545545618639], "[0, 1]": [3709.576362564869, 5787.754991746497, -600, 3522.3479686436885], "[0, 0]": [3522.3390462420834, 5792.808356172021, 4405.52138635629, -600], "[1, 3]": [5565.459542782712, 0, 5140.871241501109, 5140.018375070944], "[1, 7]": [0, 5707.602247533752, 4914.335731808242, 5001.251802678268], "[2, 3]": [4899.549058613099, -600, 5669.640249566538, 4867.561418272025], "[2, 1]": [5047.746036114247, 5071.801095186993, -600, 5696.040065995093], "[2, 0]": [4709.631490290584, 5689.344401961343, 5095.358442008524, -600], "[1, 0]": [5193.491541139684, 5765.880273098643, 5203.238297337971, -600], "[2, 7]": [-600, 4764.785945912547, 4918.613072638987, 5680.504455777619], "[1, 1]": [5225.936621115767, 5591.827702468292, 0, 5217.591440020354], "[0, 9]": [-600, 2606.348395917624, -600, 5686.899304124235], "[6, 9]": [-600, 5068.825735329597, -600, 4074.357023962769], "[6, 8]": [-600, 5524.518939780467, 4358.668182216191, -600], "[0, 4]": [5853.946914726493, -600, 4099.534151202718, -600], "[0, 11]": [-600, -600, 5651.6131546190045, 3558.2969985893133], "[0, 5]": [5766.223151747133, -600, -600, 4784.237484407311], "[7, 1]": [4927.939492343766, 4926.625379650733, 0, 6053.334505304854], "[7, 16]": [5243.110639105227, 0, 5156.681110668046, 6177.267036458798], "[3, 1]": [5223.582288489701, 5930.412095960049, 0, 5271.903366355976], "[4, 1]": [5046.561545407026, 5773.762669669617, -600, 4985.535392158181], "[4, 0]": [5249.248043330626, 5996.271551666081, 5109.246374870915, -600], "[4, 7]": [-600, 5172.957932267465, 5932.085732648141, 5117.631972836619], "[3, 7]": [0, 5995.678349679185, 5360.627312756166, 5359.6385062177], "[3, 3]": [4865.953378432886, -600, 5545.369719976981, 4974.760519038247], "[1, 39]": [5807.519620074636, 0, 5419.375828972154, 5406.420945318396], "[6, 11]": [-600, -600, 4538.237659945249, 5805.005216392146], "[7, 7]": [0, 5201.2708789754615, 5225.558932333831, 6047.995009664337], "[7, 0]": [5183.213454987129, 4795.577499358744, 4760.5643298884015, -600], "[6, 2]": [4370.495144638894, 5239.085914821889, -600, -600], "[6, 5]": [4284.640917729516, -600, -600, 5439.935050868609], "[7, 3]": [5123.942031351553, 0, 5238.521099554602, 6083.253068693469], "[2, 4]": [5768.317432940933, -600, 4512.602241452371, -600], "[2, 9]": [-600, 4113.957537159368, -600, 5734.091274933009], "[2, 2]": [5833.130803532572, 4587.939033499706, -600, -600], "[4, 3]": [4879.920949425965, -600, 5062.986103500513, 5735.3095991974305], "[4, 9]": [-600, 4630.545939177317, -600, 3698.0572718450353], "[4, 11]": [-600, -600, 5827.932839006664, 4457.052147172436], "[2, 8]": [121.37879157283885, 3322.7449350807024, 3802.168020530824, -600], "[4, 4]": [4132.033833022838, -600, 5876.10482571471, -600], "[4, 2]": [4579.682348586273, 5547.594231598613, -600, -600], "[5, 3]": [5083.329608626934, 0, 6113.9254580382485, 5068.646139768405], "[5, 0]": [5093.200511876409, 5204.6335511631105, 6064.66032913013, -600], "[5, 1]": [4922.601050959094, 4855.749989881727, -600, 5105.117786530171], "[5, 7]": [-600, 5044.191216176874, 6122.001508071547, 5169.248249762556], "[3, 0]": [5137.55680053095, 5996.3624882599115, 5222.81019434901, 0], "[0, 2]": [5822.505455357574, 4464.3480560526405, -600, -600], "[2, 5]": [4429.035273502942, -600, -600, 5735.237038257143], "[4, 10]": [-600, 3904.9594352566146, -600, -600], "[4, 8]": [-600, 4241.427350057151, 5928.432152820087, -600], "[5, 8]": [-600, 5502.376197412809, 5148.472917504617, -600], "[6, 13]": [-600, -600, -600, 2713.9028315596493], "[3, 29]": [5058.391651080594, 6178.275919155691, 5215.121090665864, 0], "[5, 11]": [-600, -600, 5136.2551992931785, 5789.0664205220255], "[0, 13]": [-600, -600, -600, 5494.595695974996], "[5, 25]": [0, 5015.250079681199, 6199.493853136601, 5392.699529570076], "[2, 6]": [5792.072364285287, 494.2866854260069, -600, -600], "[5, 4]": [4808.628639922302, -600, 5503.129842669013, -600], "[7, 11]": [-600, -600, 4584.550901268411, 6034.278627161425], "[7, 4]": [4817.334464963669, -600, 3750.0229883501197, 273.84767219983223], "[7, 9]": [-600, 4341.703293313329, -600, 5861.743166573034], "[7, 5]": [5214.619524633232, -600, -600, 5912.010334552179], "[5, 23]": [5401.714940799081, 0, 6202.707406673762, 5412.647930584908], "[3, 32]": [0, 6130.707977720797, 5403.3040832670795, 5379.795528366607], "[3, 30]": [5321.756592832928, 5873.485608844493, 0, 5342.717186422548], "[2, 10]": [-600, 4826.886580263666, -600, -600], "[7, 18]": [0, 5231.040951480303, 5128.168266457523, 6072.722955920792], "[5, 22]": [5470.342311898639, 5477.498062376073, 6230.243205413992, 0], "[1, 9]": [-600, 5361.793926289595, -600, 3914.052820423016], "[1, 37]": [5894.161566382181, 5273.735409123897, 0, 5275.111968465127], "[5, 9]": [-600, 3420.7365158538323, -600, 4233.8088214709], "[3, 2]": [5375.9780771864325, 5889.733142837993, -600, -600], "[3, 4]": [4841.219911399211, -600, 3862.51519089832, -600], "[1, 36]": [5178.601141788913, 5184.485785960202, 5666.5386508752945, 0], "[7, 15]": [5070.232337221081, 5088.583715357623, 0, 6094.098596073639], "[0, 6]": [4946.358430487191, -600, -600, -600], "[4, 5]": [4368.451217444668, -600, -600, 5114.128671081911], "[2, 11]": [-600, -600, 5662.30052733726, 4461.868387680777], "[3, 5]": [4943.48096458568, -600, -600, 5114.538486820385], "[3, 11]": [-600, 517.2674541774957, 4773.857051608553, 5000.298291803253], "[1, 2]": [4633.044366931154, 4570.085891337353, -600, -600], "[2, 13]": [-600, -600, -600, 1344.246516300531], "[4, 6]": [5223.511329195963, -600, -600, -600], "[7, 2]": [4615.062556944627, 4848.182473096964, -600, -600], "[0, 8]": [-600, 5225.998143625103, 4033.332987735256, -600], "[1, 5]": [5075.282916470374, -600, -600, 5641.025809999283], "[7, 8]": [-600, 4986.084373645337, 4372.455314909082, -600], "[1, 4]": [4885.975212268301, -600, 4287.547304585387, -600], "[0, 12]": [-600, -600, 3686.9908615786894, -600], "[3, 9]": [-600, 5268.684854158748, 197.11303737621904, 4707.548711742765], "[3, 12]": [-600, -600, 4634.632587105759, -600], "[6, 10]": [-600, 1972.1072436335573, -600, -600], "[4, 12]": [-600, 16.72345722922819, 5459.622518745898, -600], "[1, 8]": [-600, 4611.205641248998, 5437.828429983686, -600], "[1, 11]": [-600, -600, 4900.14648044889, 5575.306724534933], "[5, 13]": [-600, -600, -600, 1942.295029296771], "[5, 2]": [4745.19175996623, 5119.079184683063, -600, -600], "[2, 12]": [-600, -600, 4010.261344806626, -600], "[7, 13]": [-600, -600, -600, 5893.763012289492], "[3, 8]": [-600, 5996.584862521833, 4962.698653908144, -600], "[5, 5]": [4852.1080142393, -600, -600, 5227.765442012966], "[3, 10]": [-600, 5817.399702686494, -600, -600], "[5, 24]": [4933.958843645011, -600, 5500.268885327204, -600], "[3, 31]": [5111.174196213017, 5907.914493979162, -600, -600], "[5, 27]": [423.15368037529083, -600, 6200.79625765829, 5510.179356753014], "[6, 12]": [-600, -600, 5485.209478942826, -600], "[6, 6]": [5103.530287788728, -600, -600, -600], "[7, 19]": [-600, 4523.981673509981, 966.2368823347756, 4854.983083645776], "[1, 38]": [4843.772852692352, 5535.080794173062, -600, -600], "[1, 12]": [-600, 265.8852087191807, 5034.48257241516, -600], "[1, 40]": [4189.339089148947, -600, 4876.506723943528, -600], "[4, 13]": [-600, -600, -600, 1109.430614521574], "[1, 10]": [-600, 4165.859301080005, -600, -600], "[7, 17]": [4701.354369716275, 618.3454449396024, -600, 6122.98600436237], "[1, 6]": [4183.0519662778015, -600, -600, -600], "[1, 41]": [5239.01161104373, -600, -600, 5462.520589198242],