{"[6, 1]": [269.5753475195556, 237.02162411901705, -600, 850.8917421700131], "[5, 3]": [51.10471365140043, -600, 1122.730392579125, 211.3389476111856], "[4, 4]": [24.008112360892092, -600, 708.6602408362653, -600], "[4, 2]": [142.15427113797222, 820.3016082888065, -598.6797267211755, -600], "[6, 0]": [247.54586320682856, 273.6579482007653, 795.2346624840399, -600], "[6, 7]": [-600, 567.0148726350973, 705.0098509575874, 928.5691368070321], "[6, 3]": [542.0661286565025, -600, 939.3857487753222, 689.5145918810961], "[7, 7]": [-600, 72.15130713941454, 215.22496546454738, 1128.3696717219368], "[7, 3]": [607.2777558135756, -600, 591.5765247414481, 1175.3506121985592], "[7, 0]": [454.92231042975686, 0.756009506497427, 21.3502138592721, -600], "[0, 7]": [-600, 221.0722708113772, 255.08347666524614, 826.0663641510756], "[0, 0]": [767.1408364083727, 262.85157922022375, 233.00009068337707, -600], "[0, 3]": [897.1358449231809, -600, 531.3755304442591, 669.9132657963991], "[0, 1]": [663.6733938707974, 519.6049936702551, -600, 900.4712387402437], "[7, 1]": [204.7111039495694, 54.23783763854118, -600, 1113.7737644548918], "[0, 9]": [-600, -0.5508018680527154, -600, 299.4769804794611], "[0, 2]": [738.2388316522414, 124.15277676248607, -600, -600], "[2, 7]": [-600, 820.9986626672539, 260.03734070889664, 245.14006605993126], "[2, 3]": [831.797768705185, -600, 225.91103658075195, 268.42311965229624], "[2, 0]": [913.1426885906598, 688.8809575022975, 550.0877269167272, -600], "[2, 1]": [672.7777501601215, 929.7012697516385, -600, 533.6519803589217], "[3, 1]": [180.0317407850738, 1097.3695978567412, -600, 37.99750883127349], "[3, 3]": [396.3559814456925, -600, 19.236322835959076, -2.1660329333616932], "[1, 0]": [1131.587989842308, 222.66314274544345, 67.63816678265613, -600], "[1, 1]": [1175.0275063380332, 577.083694057375, -600, 625.325007688516], "[1, 7]": [-600, 23.492602412659327, -0.5968826321934586, 439.2443039808416], "[0, 4]": [297.6228862664263, -600, 6.888421891499917, -598.6775992660965], "[5, 1]": [0.4089960600477692, 415.85700440988916, -600, 24.428133647693485], "[5, 7]": [-600, 584.8880794954973, 1186.5264793250042, 630.3568509310693], "[4, 3]": [197.9933392024744, -600, 867.5519900614656, 239.46899403449015], "[4, 1]": [259.42293826899385, 846.289865697305, -600, 231.03791167933448], "[5, 0]": [60.36978750027146, 204.6374645377564, 1145.2096497386397, -600], "[4, 7]": [-600, 961.198560036545, 681.5512500931943, 524.596952592127], "[0, 5]": [420.3228099035834, -600, -598.7346391369804, 883.7560096518986], "[4, 0]": [561.2111948989095, 699.9231820421757, 956.4173129958465, -600], "[2, 4]": [707.6713681138385, -600, 35.84579557638118, -600], "[1, 5]": [1047.1413443989966, -600, -600, 122.29522178085274], "[2, 5]": [736.2778413272263, -600, -598.9519195049976, 132.3880609877354], "[2, 9]": [-600, 255.78198874937576, -600, 4.79688384353482], "[0, 11]": [-600, -600, 125.35495350695645, 732.9594362083596], "[7, 18]": [0, 21.15780752497812, 55.260810250285225, 1084.87683862737], "[1, 39]": [1079.0127065350823, 0, 14.169754330895135, 57.05198398660812], "[4, 8]": [-600, 949.5984391778803, 522.7106917972114, -600], "[4, 9]": [-600, 727.0087940659298, -600, 29.12119930667356], "[3, 7]": [-600, 1097.6437484362707, 185.8525885356532, 47.59145379657262], "[1, 9]": [-600, -0.8638847707926895, -600, 70.34568726086714], "[5, 8]": [-600, 186.23011347425063, 1086.6280356485888, -600], "[2, 8]": [-600, 774.6757584303157, 130.83295875500806, -600], "[6, 9]": [-600, 37.739968770779406, -600, 725.7869044211513], "[6, 11]": [-600, -600, 915.6208346876768, 473.7544661083497], "[3, 32]": [0, 1064.8671458482072, 63.17346557090194, 10.254839450161818], "[6, 2]": [61.48896093421616, 584.2057956833828, -600, -600], "[5, 5]": [2.992795943910869, -600, -600, 317.95750177050417], "[4, 11]": [-600, -600, 762.075643069937, 121.5679570132702], "[5, 11]": [-600, -600, 994.9550126670129, 98.2787481206496], "[5, 2]": [2.9636993620455545, 335.5243917165534, -600, -600], "[4, 5]": [542.0349998704945, -600, -600, 42.48063765416278], "[7, 4]": [52.944595861828354, -600, 0.3230974612043683, -600], "[6, 5]": [148.71707803003045, -600, -600, 739.521080265196], "[5, 25]": [0, 312.7397042376867, 1247.6100958154914, 323.78532429776544], "[1, 2]": [1056.869246974406, 166.07622587368044, -600, -600], "[0, 8]": [-600, 551.1586614310638, 48.27030165795109, -600], "[1, 11]": [-600, -598.988703987415, 2.797341145344394, 271.1812077707304], "[1, 3]": [1118.4642568820611, -600, 50.61570774257511, 220.75556764055855], "[1, 37]": [1241.9797196637205, 319.3776800678101, 0, 343.0289756390529], "[7, 15]": [63.15431288813334, 13.05439979925351, 0, 1069.2179971098108], "[6, 4]": [7.978430505616897, -600, 284.20958047707717, -600], "[3, 8]": [-600, 966.0165908665964, 134.67795051679613, -600], "[6, 8]": [-600, 164.696290477363, 802.7082037796376, -600], "[7, 8]": [-600, 8.947376618731614, 425.49104826443636, -600], "[7, 11]": [-600, -600, 167.75932353751023, 1059.5587588648893], "[6, 10]": [-600, 522.861040144057, -600, -600], "[6, 13]": [-600, -600, -600, 832.8530233812381], "[3, 0]": [574.5489693915355, 1171.7164209611437, 550.0724841473109, -600], "[3, 29]": [301.8061897639917, 1214.3849771401508, 292.0845332145838, 0], "[5, 4]": [1.0110946217485228, -600, 588.4769169002236, -600], "[2, 2]": [457.6058893291955, 905.3903326767946, -600, -600], "[7, 16]": [323.53936903192175, 0, 296.2154189991259, 1233.568663407754], "[3, 30]": [52.07447052439601, 1059.0758613505582, 0, 12.082636367404398], "[3, 4]": [121.48017221086097, -600, 2.7226947923360436, -600], "[0, 13]": [-600, -600, -599.1312216790418, 674.3267374336159], "[5, 23]": [13.608694827116976, 0, 1065.747287176896, 57.380546035780604], "[5, 22]": [13.59523028083543, 59.734145379348405, 1083.0698664421227, 0], "[1, 4]": [662.1595869040484, -600, 1.9570609636841823, -600], "[1, 8]": [-600, 380.2048299482396, 5.017321292040871, -600], "[7, 9]": [-600, 1.5908329286475822, -600, 596.6089591958307], "[4, 10]": [-600, 739.4578690865659, -600, -600], "[1, 42]": [201.59089138409317, -600, -600, -600], "[2, 11]": [-600, -600, 511.3236029789796, 43.91504316814762], "[3, 9]": [-600, 510.65318239548, -600, -1.444256512955961], "[2, 10]": [-598.54422125739, 704.0298564727841, -600, -600], "[5, 9]": [-600, 136.71509837856252, -600, 2.7899635050391454], "[1, 40]": [318.65646932528705, 0, 0.7864457223266644, -600], "[4, 6]": [486.14825996774607, -600, -600, -600], "[3, 5]": [263.0667489762538, -600, -600, 2.8152981353453264], "[3, 2]": [97.12181848904984, 947.0048809369383, -600, -600], "[7, 5]": [103.04449993560355, -600, -598.6936389072063, 1003.0740059741997], "[2, 6]": [814.287853812473, -600, -600, -600], "[5, 24]": [0.4611060038439608, 0, 304.22873853564903, -600], "[6, 12]": [-600, -600, 702.7055827492185, -600], "[5, 12]": [-600, -600, 600.2558348280046, -600], "[0, 6]": [794.5637969663932, -600, -600, -600], "[1, 36]": [1076.5269800863132, 61.98427587155473, 16.846080607157557, 0], "[1, 38]": [1031.2211275802802, 37.93359558888464, -600, -600], "[3, 11]": [-600, -600, 288.0911703331561, 3.5555585218500063], "[3, 34]": [-600, 308.5901593384281, -600, 0.7519612550013475], "[2, 12]": [-600, -600, 422.62989114785273, -600], "[7, 2]": [392.08925149601345, 5.666269629262858, -600, -600], "[5, 26]": [-600, 36.94657351610345, 1050.3585744437294, -600], "[6, 6]": [513.3026494090202, -600, -600, -600], "[5, 27]": [-600, -600, 744.7080565017438, 19.691889480142258], "[4, 12]": [-600, -600, 862.0078648659708, -600], "[7, 20]": [-600, -600, 45.462490977001195, 1020.7532438011048], "[0, 12]": [-600, -600, 424.41328599598404, -600], "[7, 12]": [-600, -600, 227.28108513205007, -600], "[7, 17]": [22.83762909616933, -600, -600, 726.3515828599607], "[3, 12]": [-600, -600, 216.02244251694069, -600], "[7, 19]": [-600, 0.40529534519298027, -600, 284.7675357204346], "[3, 6]": [214.48942533706474, -600, -600, -600], "[0, 10]": [-600, 407.14756946700254, -600, -600],