{"[6, 0]": [4632.452390651386, 5804.026008149803, 4923.1328331166, -600], "[6, 7]": [-600, 5048.214559353892, 5962.542233732273, 5065.703311623382], "[6, 3]": [5116.826729870359, -600, 5220.349387767705, 5969.835481380613], "[6, 1]": [4793.885251210993, 5500.150207567895, -600, 4720.202578985299], "[6, 4]": [2819.4870566350214, -600, 5829.392365247864, -600], "[0, 3]": [5701.046638438538, -600, 3522.337746039773, 3522.330227732418], "[0, 7]": [-600, 3521.528772299443, 3521.339438543676, 5709.8118435565875], "[0, 1]": [3709.576362564869, 5666.02814499302, -600, 3522.3479686436885], "[0, 0]": [3522.3390462420834, 5796.984342582054, 4544.397106286631, -600], "[1, 3]": [5340.856700710011, 0, 5140.871241501109, 5140.018375070944], "[1, 7]": [0, 5765.684536062252, 4914.335731808242, 5001.251802678268], "[2, 3]": [4899.549058613099, -600, 5694.214599445895, 4867.561418272025], "[2, 1]": [5047.746036114247, 5071.801095186993, -600, 5737.939306680448], "[2, 0]": [4709.631490290584, 5747.696935990204, 5095.358442008524, -600], "[1, 0]": [5193.491541139684, 5824.314472280688, 5203.238297337971, -600], "[2, 7]": [-600, 4764.785945912547, 4918.613072638987, 5672.810911382051], "[1, 1]": [5225.936621115767, 5710.936559186463, 0, 5217.591440020354], "[0, 9]": [-600, 2606.348395917624, -600, 5825.667711636829], "[6, 9]": [-600, 4734.173131398301, -600, 4074.357023962769], "[6, 8]": [-600, 5706.756039164689, 4358.668182216191, -600], "[0, 4]": [5801.5416613257385, -600, 4099.534151202718, -600], "[0, 11]": [-600, -600, 5618.333547882909, 3558.2969985893133], "[0, 5]": [5621.02526005677, -600, -600, 4885.777308103511], "[7, 1]": [4927.939492343766, 4926.625379650733, 0, 6013.159741422537], "[7, 16]": [5243.110639105227, 0, 5156.681110668046, 6175.128182448746], "[3, 1]": [5223.582288489701, 5956.873410306087, 0, 5271.903366355976], "[4, 1]": [5046.561545407026, 5564.629577156035, -600, 4985.535392158181], "[4, 0]": [5249.248043330626, 6082.3448613703895, 5109.246374870915, -600], "[4, 7]": [-600, 5172.957932267465, 6106.509778761534, 5117.631972836619], "[3, 7]": [0, 6121.217969006417, 5360.627312756166, 5359.6385062177], "[3, 3]": [4865.953378432886, -600, 5638.003969533533, 4974.760519038247], "[1, 39]": [5611.598816638363, 0, 5419.375828972154, 5406.420945318396], "[6, 11]": [-600, -600, 4658.543539372123, 5767.174555134274], "[7, 7]": [0, 5201.2708789754615, 5225.558932333831, 6065.410295818471], "[7, 0]": [5386.5073035669075, 4795.577499358744, 4760.5643298884015, -600], "[6, 2]": [4124.538260253631, 5057.971038292639, -600, -600], "[6, 5]": [4284.640917729516, -600, -600, 5529.825648119698], "[7, 3]": [5123.942031351553, 0, 5238.521099554602, 6094.998508831235], "[2, 4]": [5691.9166082773545, -600, 4512.602241452371, -600], "[2, 9]": [-600, 4113.957537159368, -600, 5799.0374187476755], "[2, 2]": [5701.7772140337875, 4587.939033499706, -600, -600], "[4, 3]": [4879.920949425965, -600, 5161.272450788197, 5774.071335066871], "[4, 9]": [-600, 3349.2594296564985, -600, 4306.550893202575], "[4, 11]": [-600, -600, 5950.857671637184, 4457.052147172436], "[2, 8]": [121.37879157283885, 3322.7449350807024, 5120.902123145082, -600], "[4, 4]": [4132.033833022838, -600, 5930.189442544366, -600], "[4, 2]": [4579.682348586273, 5425.976291502697, -600, -600], "[5, 3]": [5083.329608626934, 0, 6110.195353810467, 5068.646139768405], "[5, 0]": [5093.200511876409, 5204.6335511631105, 6134.025931655098, -600], "[5, 1]": [4922.601050959094, 4855.749989881727, -600, 5121.102105351179], "[5, 7]": [-600, 5106.744126415277, 6120.010886692865, 5169.248249762556], "[3, 0]": [5137.55680053095, 6014.845445202155, 5256.820142652761, 0], "[0, 2]": [5596.5478588097685, 4595.127457725666, -600, -600], "[2, 5]": [4429.035273502942, -600, -600, 5764.673841518655], "[4, 10]": [-600, 3289.0317494084647, -600, -600], "[4, 8]": [-600, 4241.427350057151, 5972.022150780969, -600], "[5, 8]": [-600, 5033.44117304412, 5508.2979394119375, -600], "[6, 13]": [-600, -600, -600, 1324.3873523166171], "[3, 29]": [5058.391651080594, 6206.823240322394, 5215.121090665864, 0], "[5, 11]": [-600, -600, 5136.2551992931785, 5751.272928545244], "[0, 13]": [-600, -600, -600, 5135.639310552252], "[5, 25]": [0, 5015.250079681199, 6170.209158225501, 5400.430739604758], "[2, 6]": [5734.805485923852, 494.2866854260069, -600, -600], "[5, 4]": [4808.628639922302, -600, 5628.329983599191, -600], "[7, 11]": [-600, -600, 4694.381764928354, 5833.385507077085], "[7, 4]": [4531.922441528619, -600, 3750.0229883501197, 273.84767219983223], "[7, 9]": [-600, 4341.703293313329, -600, 5819.041890772534], "[7, 5]": [5214.619524633232, -600, -600, 6025.51200604881], "[5, 23]": [5401.714940799081, 0, 6295.264309326344, 5412.647930584908], "[3, 32]": [0, 6261.655019412382, 5403.3040832670795, 5379.795528366607], "[3, 30]": [5321.756592832928, 5849.521730850751, 0, 5342.717186422548], "[2, 10]": [-600, 5358.71926415547, -600, -600], "[7, 18]": [0, 5231.040951480303, 5128.168266457523, 6103.999855321664], "[5, 22]": [5470.342311898639, 5477.498062376073, 6281.603700024848, 0], "[1, 9]": [-600, 5412.220573484258, -600, 3914.052820423016], "[1, 37]": [5884.855790053689, 5273.735409123897, 0, 5275.111968465127], "[5, 9]": [-600, 3420.7365158538323, -600, 4923.461688877865], "[3, 2]": [5375.9780771864325, 5951.7432922677535, -600, -600], "[3, 4]": [5056.870780304499, -600, 3862.51519089832, -600], "[1, 36]": [5178.601141788913, 5184.485785960202, 5721.95760788477, 0], "[7, 15]": [5070.232337221081, 5088.583715357623, 0, 6104.950799893945], "[0, 6]": [4382.635302846986, -600, -600, -600], "[4, 5]": [4368.451217444668, -600, -600, 4830.2460454862], "[2, 11]": [-600, -600, 5637.513772299486, 4461.868387680777], "[3, 5]": [4943.48096458568, -600, -600, 5137.4467965341355], "[3, 11]": [-600, 517.2674541774957, 4773.857051608553, 5061.239144182927], "[1, 2]": [4984.231111089179, 4570.085891337353, -600, -600], "[2, 13]": [-600, -600, -600, 1709.833313926556], "[4, 6]": [4879.278585210049, -600, -600, -600], "[7, 2]": [4615.062556944627, 4825.264776931182, -600, -600], "[0, 8]": [-600, 4907.128100398823, 4033.332987735256, -600], "[1, 5]": [5075.282916470374, -600, -600, 5647.2062985914845], "[7, 8]": [-600, 4984.86136425482, 4372.455314909082, -600], "[1, 4]": [4440.194054275794, -600, 4287.547304585387, -600], "[0, 12]": [-600, -600, 3916.596186750997, -600], "[3, 9]": [-600, 5340.294386823138, 197.11303737621904, 4707.548711742765], "[3, 12]": [-600, -600, 4908.052299441304, -600], "[6, 10]": [-600, 2579.8801954269256, -600, -600], "[4, 12]": [-600, 16.72345722922819, 5429.455003143709, -600], "[1, 8]": [-600, 4611.205641248998, 5077.061282554973, -600], "[1, 11]": [-600, -600, 4900.14648044889, 5546.9710020355915], "[5, 13]": [-600, -600, -600, 1673.5878925372074], "[5, 2]": [4550.456682422926, 4789.523223862893, -600, -600], "[2, 12]": [-600, -600, 4124.705885630422, -600], "[7, 13]": [-600, -600, -600, 5919.056930316756], "[3, 8]": [-600, 6056.69535905054, 4962.698653908144, -600], "[5, 5]": [4852.1080142393, -600, -600, 5216.74176235772], "[3, 10]": [-600, 5967.072902522915, -600, -600], "[5, 24]": [4933.958843645011, -600, 5605.72651815255, -600], "[3, 31]": [5111.174196213017, 5789.099604344077, -600, -600], "[5, 27]": [423.15368037529083, -600, 6327.7563611652795, 5510.179356753014], "[6, 12]": [-600, -600, 5830.965228316616, -600], "[6, 6]": [4866.5945250652985, -600, -600, -600], "[7, 19]": [-600, 4523.981673509981, 966.2368823347756, 4673.091516385022], "[1, 38]": [4843.772852692352, 5679.767271419808, -600, -600], "[1, 12]": [-600, 265.8852087191807, 5034.48257241516, -600], "[1, 40]": [4189.339089148947, -600, 4876.506723943528, -600], "[4, 13]": [-600, -600, -600, 2024.2645128956462], "[1, 10]": [-600, 4882.213399427752, -600, -600], "[7, 17]": [4701.354369716275, 618.3454449396024, -600, 6197.615327478854], "[1, 6]": [3657.0103326121643, -600, -600, -600], "[1, 41]": [5239.01161104373, -600, -600, 5540.838329704357],