{"[2, 1]": [10514.39404055858, 10602.176757972878, 0, 10469.987390602435], "[2, 4]": [8048.935107780244, -600, 10246.854690183949, -600], "[3, 2]": [10752.784649651205, 10611.463746756452, -600, -600], "[2, 0]": [10557.602325227996, 10763.46805059883, 10523.748765610853, 0], "[1, 0]": [10785.477570058054, 10547.383499620664, 10537.361652738036, 0], "[1, 7]": [0, 10042.571904822918, 10179.535372749198, 10272.32494083516], "[1, 9]": [-600, 9434.167640604164, -600, 7888.205889396853], "[0, 2]": [10413.892887122156, 9548.246531239982, -600, -600], "[5, 0]": [10588.693990437092, 10513.257704103933, 10842.425735243003, 0], "[5, 1]": [10527.374357084409, 10500.738474405753, 0, 10556.19650023177], "[5, 9]": [850.9852390241497, 8999.127607226324, -600, 9197.510984447206], "[6, 8]": [-600, 9859.024795728135, 10065.429647590754, -600], "[4, 7]": [0, 10579.971803649914, 10677.565075854653, 10546.122069454988], "[4, 3]": [10526.739901501282, 0, 10578.413469002158, 10511.625113766586], "[4, 0]": [10639.983040464493, 10696.914648896078, 10641.442709451643, 0], "[3, 7]": [0, 10513.784192401328, 10563.316442460682, 10505.264852228263], "[3, 3]": [10597.704962270958, 0, 10504.23182371789, 10468.861014742224], "[2, 7]": [0, 10670.293923986603, 10089.021264708255, 10068.120534079637], "[3, 1]": [10650.896026770446, 10624.495906724096, 0, 10582.036494297054], "[3, 29]": [10631.08185667772, 10171.70328233338, 10526.826497362488, 0], "[4, 1]": [10662.016026770178, 10471.0230134388, 0, 10402.72986422196], "[4, 9]": [-600, 10599.38887587716, -600, 9936.949616617785], "[5, 8]": [-600, 10452.732362519968, 10816.879040969268, 543.8797810753699], "[6, 12]": [-600, -600, 9027.62410144726, -600], "[0, 7]": [0, 10023.587479961729, 10179.968592978968, 10362.986316621018], "[0, 4]": [9020.158374567513, -600, 7171.907806829788, -600], "[0, 5]": [10548.258882899698, -600, -600, 10263.400120951068], "[0, 3]": [10235.933993717194, 0, 10256.558328890334, 10522.408940793955], "[0, 0]": [10371.980269021396, 10202.332476756968, 10187.735505295828, 0], "[0, 1]": [10579.827596847064, 9915.288743858504, 0, 10133.373446538042], "[1, 3]": [10779.575122493843, 0, 10398.941266965552, 10435.823962347564], "[2, 3]": [9366.921938202813, 0, 10176.083128048907, 10343.665312651807], "[2, 2]": [10545.96722069703, 9394.095507203774, -600, -600], "[1, 36]": [10960.74892662524, 10447.773607581561, 10467.667969127418, 0], "[7, 15]": [10077.6403224761, 10191.260322366961, 0, 9492.725797506673], "[7, 0]": [10190.617567287001, 10200.756254034743, 10235.893816354328, 0], "[6, 1]": [9882.68081895469, 9873.156734199194, 0, 10526.074155449593], "[6, 3]": [10279.8820309628, 0, 10369.25185116751, 10757.53883231763], "[7, 18]": [0, 10442.146567208172, 10533.08101636358, 10709.791878982103], "[1, 39]": [10884.217032172231, 0, 10500.276559298449, 10499.884279666783], "[3, 30]": [10707.279962316052, 10655.749911565395, 0, 10669.58203660238], "[3, 4]": [8959.97758781372, -600, 10124.90364240217, -600], "[4, 2]": [10601.501032931496, 10709.332143586762, 1646.1480223510243, -600], "[2, 9]": [-600, 8500.356769386257, -600, 9700.586973108524], "[3, 0]": [10638.124007055096, 10595.376159697673, 10584.574140073608, 0], "[6, 4]": [9651.270088842366, -600, 7960.843012700945, 537.305073450291], "[6, 0]": [9710.883996720215, 9724.255624875974, 9237.862097317942, 0], "[6, 7]": [0, 10238.615442161097, 10369.84275927665, 10262.146616181975], "[7, 7]": [0, 10114.132987266701, 10341.133604257966, 10174.42603801618], "[0, 9]": [-600, 10094.629062865786, -600, 9966.076484103349], "[7, 4]": [9763.70241228036, -600, 7965.160226081123, -600], "[7, 16]": [10288.414956447872, 0, 10243.953182279118, 10858.74453949168], "[6, 9]": [-600, 9224.676796178119, 908.0708335410325, 8568.70786064105], "[1, 1]": [10851.605049152842, 10154.598834959033, 0, 10398.136304444348], "[2, 5]": [9386.784298196619, 539.1767483311448, -600, 9465.263292230831], "[6, 11]": [-600, -600, 10260.98364754151, 10587.423819763158], "[7, 11]": [-600, -600, 10337.096023439726, 10446.693903833795], "[7, 3]": [9961.835283310087, 0, 10275.918506993334, 10809.087887761158], "[4, 11]": [-600, -600, 10504.848868091716, 10269.054085284064], "[5, 4]": [10694.1146353256, 2561.3578876526385, 10815.064921103718, -600], "[0, 11]": [-600, -600, 10181.302289845513, 10410.725165570644], "[0, 13]": [-600, -600, -600, 9865.196537211024], "[1, 5]": [10751.437098501894, -600, -600, 10678.594904253623], "[7, 1]": [10259.55360363078, 10162.89808371881, 0, 10778.78121621113], "[4, 4]": [9100.592757300743, -600, 10551.500652289302, -600], "[3, 8]": [-600, 10674.377251872304, 10473.51711887492, -600], "[2, 8]": [-600, 10342.002359951108, 10212.308954100852, -600], "[5, 22]": [10590.862207234366, 10560.60396854161, 10475.137310915507, 0], "[5, 11]": [-600, -600, 10852.942830503134, 10595.48564738717], "[7, 8]": [-600, 10133.560276749826, 10271.322262758487, -600], "[2, 10]": [-600, 8813.406731059646, -600, -600], "[5, 10]": [-600, 9668.790351793175, -600, -600], "[6, 5]": [9548.53683249489, -600, -600, 9429.19031616187], "[4, 10]": [-600, 10587.74273812158, -600, -600], "[5, 23]": [10630.622330859422, 0, 10866.300979431768, 10475.070354359816], "[3, 32]": [0, 10878.98664560051, 10416.745907079743, 10383.993992028403], "[4, 5]": [10563.469542848605, -600, -600, 10484.902624547076], "[5, 7]": [0, 10338.57712032957, 10857.430785424727, 10651.247105864466], "[6, 2]": [9169.825765936477, 9120.28856820963, -600, -600], "[5, 3]": [10779.171687852679, 0, 10829.005269582325, 10777.650053579344], "[4, 8]": [-600, 10744.593728057973, 9597.969902934678, -600], "[7, 13]": [-600, -600, -600, 10447.92685113746], "[5, 25]": [0, 9155.714773459536, 10941.77768775801, 9722.238512300308], "[2, 6]": [9682.337012406424, -600, -600, -600], "[2, 11]": [-600, -600, 10147.158963529759, 9733.130536335382], "[4, 12]": [-600, -600, 9707.351844906289, -600], "[0, 8]": [-600, 10155.539552811855, 10278.303604754794, -600], "[1, 2]": [10658.253839250117, 10585.397481843216, -600, -600], "[0, 6]": [8109.566432055957, -600, -600, -600], "[3, 9]": [-600, 10643.290938370585, 0, 10604.614672138518], "[3, 11]": [-600, -600, 10277.540943677015, 10268.468941416097], "[6, 13]": [-600, -600, -600, 9821.825582714388], "[7, 5]": [10051.378448000627, -600, -600, 10804.631445842775], "[1, 37]": [10828.266678339009, 10475.782084112536, 0, 10335.614770230562], "[7, 2]": [9807.37043261808, 10191.09680279853, 520.9388489957862, -600], "[5, 24]": [10189.688021927957, 5595.463309470702, 9383.4985417096, -600], "[5, 2]": [10144.800904717538, 10161.800931058044, -600, -600], "[4, 6]": [7975.498695953502, -600, -600, -600], "[5, 5]": [10711.891498120822, -600, -600, 10705.901041424459], "[4, 13]": [-600, -600, -600, 10057.576047747103], "[7, 9]": [-600, 9078.233087476448, -600, 10540.502216124756], "[3, 33]": [-600, 10806.113773905394, 10568.394315190637, -600], "[3, 5]": [10638.964749540237, -600, -600, 10650.304081291175], "[7, 20]": [-600, -600, 10342.004118128276, 10622.650834479758], "[1, 8]": [-600, 10273.896420838419, 10065.451218023969, -600], "[7, 17]": [10579.659454884164, 532.1689250693521, -600, 10740.027261651629], "[3, 34]": [-600, 9635.234497108218, -600, 10408.842205407875], "[3, 12]": [-600, -600, 10072.904735461181, -600], "[5, 26]": [-600, 10546.132197395269, 10834.742894366384, -600], "[1, 11]": [-600, -600, 10182.64347482517, 10241.550323697113], "[1, 40]": [9947.334546265756, 0, 10298.542888994607, -600], "[3, 31]": [10994.984146037086, 11006.209526262719, -600, -600], "[1, 38]": [10642.381746034687, 9400.10564341481, -600, -600], "[1, 4]": [9896.492883816827, -600, 10149.639893225529, -600], "[7, 19]": [-600, 10033.578381854371, 5581.191270647811, 10315.10532051087], "[1, 10]": [-600, 9316.056680556716, -600, -600], "[0, 12]": [-600, -600, 9855.608971823875, -600], "[7, 12]": [-600, -600, 8939.958849767032, -600], "[1, 6]": [10850.177396103812, -600, -600, -600], "[1, 41]": [10836.37591578796, -600, -600, 10808.740572850475],