{"[6, 0]": [7288.508809778091, 7211.635583901593, 6855.887063794174, -600], "[6, 7]": [-600, 7360.597720415432, 7831.128140184088, 7478.157781143196], "[6, 3]": [7437.433508893042, -600, 7760.782352726795, 7485.0863243164695], "[6, 1]": [7390.91392736297, 7223.894107455566, -600, 7214.069225982195], "[6, 4]": [6997.616104592246, -600, 6463.727511125991, -600], "[0, 3]": [6947.078417842084, -600, 7343.40363384602, 7761.890866602296], "[0, 7]": [-600, 7220.031642112173, 6965.53613996375, 6758.396775218506], "[0, 1]": [7772.731366002966, 7432.283380724386, -600, 7407.826952427194], "[0, 0]": [7430.125658648508, 7185.949876753965, 6873.018780162843, -600], "[1, 3]": [7837.109606332682, 0, 7676.197944054361, 7714.484154357757], "[1, 7]": [0, 7335.459325502841, 7303.816771203096, 7355.479978773568], "[2, 3]": [7805.280056997863, -600, 7357.794865384178, 7403.585968786776], "[2, 1]": [7809.3298337355545, 7492.253745572925, -600, 7445.254212305839], "[2, 0]": [7632.992374126472, 7730.392730482452, 7631.937254902845, -600], "[1, 0]": [7814.111413419683, 7781.084401794222, 7777.855099057178, -600], "[2, 7]": [-600, 7744.507905737867, 7189.566738567393, 7090.12078500228], "[1, 1]": [7782.21622444616, 7695.557987645803, 0, 7700.655818380606], "[0, 9]": [-600, 6431.50072351101, -600, 5564.456167846627], "[6, 9]": [-600, 7504.531304050817, -600, 6272.460277937757], "[6, 8]": [-600, 7351.497308559761, 7705.437098920608, -600], "[0, 4]": [4784.773200475426, -600, 6837.297968621754, -600], "[0, 11]": [-600, -600, 7419.423790891158, 7242.825194312647], "[0, 5]": [7614.852522442217, -600, -600, 7113.21427504691], "[7, 1]": [7468.148778792508, 7471.60148587555, 0, 7918.833747192845], "[7, 16]": [7480.364289464982, 0, 7462.453851479952, 8078.851795962219], "[3, 1]": [7635.74315418857, 7947.73670914192, 0, 7680.3995116697], "[4, 1]": [7426.996823434325, 7727.153419008408, -600, 7495.945227876065], "[4, 0]": [7525.454782095628, 7757.563199088774, 7539.876953444834, -600], "[4, 7]": [-600, 7629.5545548750415, 7832.084604609323, 7658.104832495275], "[3, 7]": [0, 7925.133010260708, 7679.299596063639, 7693.650548811721], "[3, 3]": [7563.589764020857, -600, 7533.117313934362, 7499.091882142062], "[1, 39]": [7989.151699117985, 0, 7754.5992441433955, 7844.856301878479], "[6, 11]": [-600, -600, 7768.792505274845, 6821.973423733754], "[7, 7]": [0, 7453.254127754878, 7365.306618165574, 7963.155319284366], "[7, 0]": [7394.14089911669, 7409.911207239355, 7290.642016572393, -600], "[6, 2]": [7125.445907493485, 7209.700810931053, -600, -600], "[6, 5]": [7625.154951009428, -600, -600, 7003.527053041221], "[7, 3]": [7449.9602897605755, 0, 7336.368949373559, 7984.844438247956], "[2, 4]": [6393.149555869779, -600, 7114.777594158244, -600], "[2, 9]": [-600, 6456.485488999843, -600, 7096.3244588233865], "[2, 2]": [7656.415450222088, 7040.217106537437, -600, -600], "[4, 3]": [7318.0824492187985, -600, 7748.723223549275, 7328.682628963776], "[4, 9]": [-600, 6638.470440096673, -600, 5909.161986145444], "[4, 11]": [-600, -600, 7669.110757566821, 7180.340274325981], "[2, 8]": [-600, 6737.831788307306, 7337.89174919701, -600], "[4, 4]": [7420.212750536334, 5032.053975320849, 6884.465605170151, -600], "[4, 2]": [7423.134227085393, 7054.026742048102, -600, -600], "[5, 3]": [7554.429205897387, 0, 7577.226466879574, 7637.611182641836], "[5, 0]": [7537.629941193923, 7541.637289084552, 7794.340355859215, -600], "[5, 1]": [7515.270551074719, 7613.29282816059, -600, 7653.175568531644], "[5, 7]": [-600, 7543.801614382106, 7826.928009148418, 7572.41709471521], "[3, 0]": [7657.135535039698, 7776.951864706653, 7433.591598591436, 0], "[0, 2]": [7556.781549919029, 6661.69325949631, -600, -600], "[2, 5]": [6473.06346514221, -600, -600, 6762.126723895423], "[4, 10]": [-600, 7528.844485694879, -600, -600], "[4, 8]": [-600, 7610.990953063565, 6767.2997133373, -600], "[5, 8]": [-600, 7558.592478167735, 7708.396827987487, -600], "[6, 13]": [-600, -600, -600, 7685.82757210121], "[3, 29]": [7227.3883634454305, 7921.183120436248, 7471.1910945570935, 0], "[5, 11]": [-600, -600, 7715.7925084228755, 7629.890920627546], "[0, 13]": [-600, -600, -600, 7596.61048380819], "[5, 25]": [0, 7464.342977975313, 7889.004823963586, 7664.277931381538], "[2, 6]": [4780.940104763755, 2.3163989269700096, -600, -600], "[5, 4]": [7161.900859143767, -600, 6919.250556942294, -600], "[7, 11]": [-600, -600, 7397.690440343911, 7855.557184362677], "[7, 4]": [5743.588021256898, -600, 7011.639644567427, -600], "[7, 9]": [-600, 6778.440965722979, 1338.9137625889161, 7710.8797185993935], "[7, 5]": [7415.131901233936, -600, -600, 7841.7940644134], "[5, 23]": [7573.53435509837, 0, 7398.58716561239, 7603.225190135548], "[3, 32]": [0, 8066.140912848808, 7601.9350387386685, 7616.422701370539], "[3, 30]": [7942.592646809045, 8005.168371762552, 0, 7962.098854702079], "[2, 10]": [-600, 7259.330822595165, -600, -600], "[7, 18]": [0, 7895.453743855518, 7848.414455678718, 8054.298206249626], "[5, 22]": [7728.521911140532, 7772.056907308228, 7922.858626744008, 0], "[1, 9]": [-600, 6752.198449720028, -600, 6575.462136936441], "[1, 37]": [7919.714507652565, 7752.06207416009, 0, 7679.024992505249], "[5, 9]": [-600, 7420.510393366349, 675.2445485921746, 6025.460483109752], "[3, 2]": [7674.385093797512, 7885.017405468905, 185.40992337599596, -600], "[3, 4]": [6744.54051361383, -600, 6356.8899908587555, -600], "[1, 36]": [7990.162035543133, 7639.433753117448, 7637.465200636281, 0], "[7, 15]": [7491.928523943508, 7488.098018574741, 0, 7353.499047336447], "[0, 6]": [6681.353023716977, -600, -600, -600], "[4, 5]": [6885.055461346101, -600, -600, 7532.1071431979435], "[2, 11]": [-600, -600, 7142.28057961968, 6942.86538046094], "[3, 5]": [7556.6540425648145, -600, -600, 7564.728112514061], "[3, 11]": [-600, -600, 7248.305824463058, 7230.9008868996925], "[1, 2]": [7802.016025216047, 7600.277057548147, -600, -600], "[2, 13]": [-600, -600, -600, 6739.215165162343], "[4, 6]": [7256.771716206999, -600, -600, -600], "[7, 2]": [7399.646190667634, 7422.555153299042, -600, -600], "[0, 8]": [-600, 7154.134387560013, 6738.471098166156, -600], "[1, 5]": [7908.247091798345, -600, -600, 7856.038762038158], "[7, 8]": [-600, 7467.064626054025, 7466.377470030485, -600], "[1, 4]": [7791.805103782236, -600, 7124.576408851718, -600], "[0, 12]": [-600, -600, 6989.496602964968, -600], "[3, 9]": [-600, 7832.611012392076, -600, 7515.81390714097], "[3, 12]": [-600, -600, 6709.001662655399, -600], "[6, 10]": [-600, 6467.528523076651, -600, -600], "[4, 12]": [-600, -600, 7081.179664576252, -600], "[1, 8]": [-600, 6661.3252504896645, 7280.001734243892, -600], "[1, 11]": [-600, -600, 7491.1776577986675, 7365.819425028307], "[5, 13]": [-600, -600, -600, 6878.991028304093], "[5, 2]": [7310.619758391033, 7465.600726104642, -600, -600], "[2, 12]": [-600, -600, 6300.1258774943235, -600], "[7, 13]": [541.62143527546, -600, -600, 7379.6487929265495], "[3, 8]": [-600, 7833.827227375272, 7416.340735347612, -600], "[5, 5]": [7416.147750679691, -600, -600, 7538.887818946161], "[3, 10]": [-600, 7339.729852800856, 478.17670240859866, -600], "[5, 24]": [7326.477763257569, -600, 7079.498236059666, -600], "[3, 31]": [7931.408625512967, 8023.100715702759, -600, -600], "[5, 27]": [-600, -600, 6984.944206973506, 7661.946744218869], "[6, 12]": [-600, -600, 6690.125170251567, -600], "[6, 6]": [7216.31223236083, -600, -600, -600], "[7, 19]": [-600, 7614.57865115122, 966.2368823347756, 7125.17763212671], "[1, 38]": [7896.987518097597, 7665.704110525038, -600, -600], "[1, 12]": [-600, -600, 7331.049575077843, -600], "[1, 40]": [7044.36401934167, 1663.5757364785409, 7204.180942489533, -600], "[4, 13]": [-600, -600, -600, 4395.045771602444], "[1, 10]": [-600, 7179.009764764599, -600, -600], "[7, 17]": [7564.789394816048, -600, -600, 7750.417838713514], "[1, 6]": [7475.539756066514, -600, -600, -600], "[1, 41]": [8033.722335200813, -600, -600, 8003.678161367532], "[3, 34]": [-600, 7544.594962727976, -600, 7758.260407628422],