{"[6, 1]": [230.62378142120554, 196.27145616016693, -600, 664.021265469401], "[5, 3]": [36.72889418462123, -600, 931.4134119837273, 165.09134052044678], "[4, 4]": [17.555690035222202, -600, 440.12010893603326, -600], "[4, 2]": [111.94554663352972, 625.9460367085478, -600, -600], "[6, 0]": [202.2486050581831, 242.8107247641962, 645.8986325289013, -600], "[6, 7]": [-600, 461.08777411117615, 580.3138640538216, 728.1535280228385], "[6, 3]": [440.8137596080372, -600, 735.3252647418101, 565.9617585260095], "[7, 7]": [-600, 51.58419908594598, 180.4910777701479, 924.4785681819527], "[7, 3]": [483.8404212048482, -600, 468.7901799949421, 978.3682346942875], "[7, 0]": [284.20850602135414, -0.4278811594588236, 16.412214494308714, -600], "[0, 7]": [-600, 181.80368153938306, 218.6891997868403, 639.8755229369822], "[0, 0]": [610.1753343745577, 229.31741784858352, 192.83892668968613, -600], "[0, 3]": [686.5378042691756, -600, 436.1069104590254, 550.5297826896868], "[0, 1]": [546.1649012300967, 414.58551961391845, -600, 692.4800381061681], "[7, 1]": [164.84936310278417, 37.16615048397434, -600, 895.4311174666634], "[0, 9]": [-600, 0.5480373817708794, -600, 178.60002261612868], "[0, 2]": [581.6703896764735, 104.75052989583095, -600, -600], "[2, 7]": [-600, 646.8845722689568, 226.80087424832837, 196.49470000388374], "[2, 3]": [657.6839570450774, -600, 187.88179423314233, 226.92039608276528], "[2, 0]": [717.1353895142726, 571.0084358291106, 450.52393366812, -600], "[2, 1]": [549.707891372444, 725.6416181662428, -600, 429.1163047069845], "[3, 1]": [140.20011955568904, 904.4266069775118, -600, 28.051438815667463], "[3, 3]": [253.06176581202152, -600, 14.380735114484525, -3.004815276648575], "[1, 0]": [918.4738537511571, 180.29374027333785, 49.07502761668998, -600], "[1, 1]": [971.6923179734698, 467.0992594760715, -600, 496.76168242362706], "[1, 7]": [-600, 18.76856483472612, -2.5521489377926, 279.5365369536467], "[0, 4]": [194.29404773606166, -600, 5.185765990771108, -600], "[5, 1]": [-0.930423315797769, 266.2410893725358, -600, 22.270896014030967], "[5, 7]": [-600, 477.73305550491443, 1002.8169429375909, 491.9672833075659], "[4, 3]": [160.56727117323317, -600, 686.1855367026745, 205.89859322569848], "[4, 1]": [215.31067944025378, 660.7685908261154, -600, 192.82418511347947], "[5, 0]": [44.41820559665971, 169.24440755954345, 942.7965805429835, -600], "[4, 7]": [-600, 752.418380277681, 558.127083721093, 421.12396843527875], "[0, 5]": [334.41404271424466, -600, -600, 658.4983446069102], "[4, 0]": [448.51315524867766, 573.1910719352434, 746.0146348521795, -600], "[2, 4]": [450.3127225499191, -600, 27.417488360935607, -600], "[1, 5]": [857.1866556229163, -600, -599.2339224904416, 99.84434872129046], "[2, 5]": [580.4181834195093, -600, -600, 102.49315113066346], "[2, 9]": [-598.769237764076, 149.97555907689784, -600, 4.162146985495086], "[0, 11]": [-600, -600, 103.03399913139559, 572.2454695228707], "[7, 18]": [0, 16.044233567754212, 46.45259718229803, 859.4910933697803], "[1, 39]": [839.8314082826629, 0, 9.614179614616353, 47.36607786841251], "[4, 8]": [-600, 729.3328081564109, 406.37876132798675, -598.8047331057703], "[4, 9]": [-600, 458.7809011014151, -600, 21.322082554636086], "[3, 7]": [-600, 915.8579779511343, 152.34438944042, 33.17153038336676], "[1, 9]": [-600, -1.3589028985438831, -600, 17.242302360798696], "[5, 8]": [-600, 137.75371703918432, 893.4577925272179, -600], "[2, 8]": [-600, 605.9352865113059, 111.54476385826634, -600], "[6, 9]": [-600, 27.219740827908364, -600, 458.53468885816204], "[6, 11]": [-600, -600, 699.1662538280669, 377.0700378817988], "[3, 32]": [0, 839.0659653486463, 52.5870090793771, 6.473285789637439], "[6, 2]": [44.81532333527738, 388.5494285678505, -600, -598.8674394871399], "[5, 5]": [2.1340599721056757, -600, -600, 192.07478744910117], "[4, 11]": [-600, -600, 601.3010834592757, 96.29789125593621], "[5, 11]": [-600, -600, 832.3220072736574, 80.51616709163606], "[5, 2]": [1.5043599461383241, 208.3690643836337, -600, -600], "[4, 5]": [322.6538557815976, -600, -600, 32.013682817652764], "[7, 4]": [10.454949189882484, -600, 0.3230974612043683, -600], "[6, 5]": [117.44166255902621, -600, -600, 586.2760991943464], "[5, 25]": [0, 236.910134161231, 1056.5680373761052, 247.4481622860642], "[1, 2]": [845.9231000005145, 134.21452464537745, -600, -600], "[0, 8]": [-600, 360.2102229710391, 38.135095358563554, -600], "[1, 11]": [-600, -600, 1.6336062572362724, 172.5384707267714], "[1, 3]": [913.6612794431802, -600, 35.71397443534886, 178.45698445758433], "[1, 37]": [1029.1357864722859, 243.70956839655597, 0, 259.04662041310934], "[7, 15]": [55.07439921685462, 9.944223104361635, 0, 827.2962037287999], "[6, 4]": [6.784238091790391, -600, 176.5473952427048, -599.1123014331201], "[3, 8]": [-600, 781.3040444009781, 107.28275853247445, -600], "[6, 8]": [-600, 133.19842624822482, 619.5379462692646, -600], "[7, 8]": [-600, 3.434016360129816, 256.70242293702466, -600], "[7, 11]": [-600, -600, 129.98768802089745, 833.8062932332864], "[6, 10]": [-600, 209.42481611069044, -600, -600], "[6, 13]": [-600, -600, -600, 522.4536539388757], "[3, 0]": [463.2574468821852, 989.7710347900035, 445.1968576815637, -600], "[3, 29]": [233.7786552802211, 1042.1270578104863, 222.5183494902236, 0], "[5, 4]": [0.5237194872566885, -600, 314.0982186261332, -600], "[2, 2]": [356.98091522387944, 692.8887570372434, -600, -600], "[7, 16]": [254.99937351074837, 0, 229.7309958654174, 1035.9369564885226], "[3, 30]": [47.79650418721006, 829.2641609181215, 0, 9.328711689685742], "[3, 4]": [49.679395290606685, -600, 2.7226947923360436, -600], "[0, 13]": [-600, -600, -600, 333.15671509738195], "[5, 23]": [11.004878154848045, 0, 835.3653891711994, 48.876721949935266], "[5, 22]": [11.330532761100017, 50.35839967518543, 846.4296892960026, 0], "[1, 4]": [376.5451646488663, -600, 1.6807538560918833, -600], "[1, 8]": [-600, 239.56588360084717, 3.685123245626301, -600], "[7, 9]": [-600, 1.3281826019069358, -600, 325.9829099939028], "[4, 10]": [-600, 439.0749765792894, -600, -600], "[1, 42]": [100.96030029483738, -600, -600, -600], "[2, 11]": [-600, -600, 342.34823546563183, 33.1118099717186], "[3, 9]": [-600, 280.78180038371175, -599.0814416042865, -1.4774344695757704], "[2, 10]": [-600, 375.8850085626093, -600, -600], "[5, 9]": [-600, 51.15095698109112, -600, 0.7659185928138188], "[1, 40]": [206.8174568754208, 0, 0.7245985446471839, -600], "[4, 6]": [187.1476059886053, -600, -600, -600], "[3, 5]": [159.11255051159966, -600, -600, 1.4965844776317034], "[3, 2]": [77.27199361894833, 786.5352825942738, -600, -600], "[7, 5]": [86.02918269762253, -600, -600, 814.0478977502843], "[2, 6]": [525.5872138755688, -600, -600, -600], "[5, 24]": [0.4463226483148287, 0, 194.81720222147712, -600], "[6, 12]": [-600, -600, 386.2634906294399, -600], "[5, 12]": [-600, -597.6679740609787, 273.73634192038037, -600], "[0, 6]": [489.97343302751347, -600, -600, -600], "[1, 36]": [849.3305697817475, 47.76065429298521, 12.492330565617847, 0], "[1, 38]": [774.5951534613863, 32.21753427303865, -600, -600], "[3, 11]": [-600, -600, 182.74512729286346, 1.8822514043906824], "[3, 34]": [-600, 198.5742172931009, 0, 0.3821476849203673], "[2, 12]": [-600, -600, 161.73447742225315, -600], "[7, 2]": [219.07892342994603, 2.0499816981563312, -600, -600], "[5, 26]": [-600, 29.053305522727552, 763.6753299680905, -600], "[6, 6]": [193.19538622091207, -600, -600, -600], "[5, 27]": [-600, -600, 558.6581719176036, 18.850872800534233], "[4, 12]": [-600, -598.6969661777258, 537.8898552837679, -600], "[7, 20]": [-600, -600, 37.23096641090931, 753.7998289789373], "[0, 12]": [-600, -600, 137.34488045033888, -600], "[7, 12]": [-600, -600, 85.50779278235933, -600], "[7, 17]": [19.447682628028456, -600, -600, 556.304642843512], "[3, 12]": [-600, -598.722016523197, 76.27802629814433, -600], "[7, 19]": [-600, 0.3880323493889427, -600, 184.79406055484884], "[3, 6]": [73.01981007241164, -600, -600, -600], "[0, 10]": [-600, 144.04986424226132, -600, -600],