{"[4, 8]": [-600, 15438.154824556972, 15434.326960175023, -600], "[0, 0]": [14089.471540259534, 14970.17289206677, 15133.1472603898, 0], "[0, 1]": [15235.373042293915, 15003.26795914978, 0, 15309.404261658827], "[1, 3]": [15548.60552278128, 0, 15229.175673574124, 15358.7467835192], "[1, 7]": [0, 14975.846992925766, 14998.973120703084, 15256.735059669341], "[2, 3]": [15071.467900111382, 0, 15335.098124546774, 15115.043645798309], "[2, 7]": [0, 15325.885807190032, 15361.84619474631, 15149.606588599789], "[2, 0]": [15488.952082412941, 15344.412946804947, 15342.290290129382, 0], "[2, 1]": [15490.975667044373, 15406.076950188412, 0, 15203.044055630324], "[1, 0]": [15503.546765717565, 15090.534459256438, 15166.120976084027, 0], "[0, 7]": [0, 15041.278384910907, 15156.791289348334, 14952.48944107644], "[0, 3]": [15294.339839850296, 0, 15044.860111811842, 15207.45588976064], "[7, 1]": [15298.515864851834, 14999.346929207713, 0, 15117.405810966597], "[7, 3]": [15220.442982646742, 0, 15243.694170195795, 15578.163296452962], "[7, 4]": [13093.678182682153, -600, 14482.518719463247, 1127.6859085759163], "[6, 5]": [15330.004034473466, -600, -600, 14554.98645071216], "[6, 3]": [15185.372080083902, 0, 15316.493315011836, 15544.614979404934], "[6, 1]": [14997.059746581852, 14954.31824781931, 0, 15431.117209732864], "[6, 4]": [12403.189962974971, -600, 11415.632698822368, -600], "[0, 4]": [14653.809692882127, -600, 12017.94638259802, -600], "[0, 11]": [-600, -600, 14998.139971783214, 15242.806809465517], "[6, 0]": [15305.772751497127, 15172.698906195705, 15183.793794510046, 0], "[6, 7]": [0, 14042.76684820444, 15319.309510232119, 15176.747952543734], "[6, 9]": [-600, 15065.845823581947, -600, 12713.268896277437], "[5, 11]": [-600, -600, 14155.624136135164, 15386.574198443343], "[4, 11]": [-600, -600, 15334.43140921298, 15342.940591170087], "[4, 7]": [0, 15242.104113528781, 15511.973535102798, 15193.556383881214], "[4, 0]": [15358.040375273065, 15461.546035163146, 15514.665476873095, 0], "[4, 9]": [-600, 13072.304146384387, 1508.9477444398162, 13973.589383654475], "[2, 4]": [13105.680530089867, 1528.576334147322, 15038.965041946656, -600], "[3, 2]": [15590.456602878836, 15606.319228777182, -600, -600], "[3, 0]": [15321.654708358308, 15574.622836028126, 15316.234643196763, 0], "[3, 7]": [0, 15530.643969669598, 15432.955494934173, 15452.839891186562], "[3, 3]": [15316.668295614343, 0, 15322.353088804828, 15302.582839759269], "[3, 1]": [15450.600925545788, 15584.003614719728, 0, 15464.034932462193], "[4, 1]": [15045.037426238456, 14432.79089216988, 0, 15295.851132177162], "[4, 3]": [15182.852675033322, 0, 15384.84942688163, 15161.172769008583], "[1, 1]": [15555.582642392767, 15091.000437594686, 0, 14914.65474744061], "[7, 0]": [14226.642681760934, 14832.255313199359, 15125.270249329644, 0], "[7, 7]": [0, 15116.981726336882, 15150.356219699903, 15498.737134869163], "[0, 5]": [15318.745580628916, -600, -600, 15209.167208141847], "[2, 9]": [0, 15451.427044096314, -600, 13499.043974828804], "[2, 5]": [15035.738949511546, -600, -600, 14939.147851677571], "[2, 2]": [15439.689230655804, 15381.244569253728, -600, -600], "[4, 4]": [13795.043079623229, -600, 15089.493327516679, -600], "[4, 2]": [15357.599772863705, 15491.27070948668, -600, -600], "[0, 9]": [-600, 15227.109700464775, -600, 12647.5235015934], "[6, 11]": [-600, -600, 15265.013121465303, 15226.756031668949], "[7, 5]": [15522.20648367903, -600, -600, 15539.095694406145], "[5, 0]": [15539.783671497755, 15410.591434258055, 15553.083599606753, 0], "[5, 7]": [0, 15156.75079251448, 15609.795961269489, 15371.786467284746], "[5, 3]": [15517.648923097498, 0, 15598.329314161969, 15517.98450974569], "[3, 29]": [15415.512510146476, 15645.944765168158, 15378.575144620634, 0], "[5, 1]": [15398.675174214852, 15382.964846314499, 0, 15386.69946262591], "[3, 8]": [-600, 15552.654763521581, 15363.447876326461, -600], "[2, 8]": [-600, 14730.186396104671, 15289.854764280457, -600], "[1, 4]": [15467.322644215648, 0, 13897.913177853134, -600], "[1, 2]": [15466.674115341755, 14258.05500155999, -600, -600], "[1, 8]": [-600, 15032.917782554192, 14324.220199519688, -600], "[5, 24]": [15239.511700599589, 2071.6309046997003, 11587.282862475917, -600], "[3, 32]": [0, 15746.484328770952, 15437.237408676978, 15448.521509979037], "[1, 5]": [15595.20886715755, -600, -600, 15361.49373516265], "[1, 37]": [15592.371885751721, 15196.825827190087, 0, 15261.544735476837], "[6, 8]": [-600, 14852.473901576974, 15029.673150123977, -600], "[3, 30]": [15675.852736126235, 15748.366756903048, 0, 15704.679901375806], "[6, 12]": [-600, -600, 12962.598665714027, -600], "[5, 25]": [0, 15560.529029917034, 15740.548574720291, 15572.296113369432], "[2, 11]": [-600, -600, 15284.9086955221, 14684.071393419285], "[7, 15]": [15708.82187525409, 15701.090042674294, 0, 15749.310634863452], "[7, 16]": [15278.202848492683, 0, 15503.26442202245, 15673.903385484013], "[4, 5]": [15281.169081623513, -600, -600, 15228.247149028888], "[5, 8]": [-600, 15505.227212778622, 15563.358216427874, -600], "[5, 9]": [-600, 15138.35012884919, -600, 15404.481331955647], "[5, 22]": [15439.198040176481, 15351.747122642131, 14861.583686836111, 0], "[0, 2]": [15220.197564452319, 14963.031247796616, -600, -600], "[0, 8]": [-600, 15043.713070630722, 14274.61357771568, -600], "[7, 11]": [-600, 1000.9524455367603, 15221.136218118087, 15230.39661904813], "[6, 2]": [14800.544131092862, 14196.254350470825, -600, -600], "[7, 2]": [15163.851101065356, 14912.719602864589, -600, -600], "[5, 4]": [15220.141425189066, 0, 14142.032743606813, -600], "[5, 2]": [15135.93640027161, 15149.53311710932, -600, -600], "[5, 23]": [15687.810984232487, 0, 15809.584738301946, 15672.029650173414], "[4, 12]": [-600, -600, 15385.620497685944, -600], "[1, 36]": [14603.309760334292, 15139.170958025312, 15155.275435485813, 0], "[3, 4]": [12329.365327219344, -600, 15139.393861670475, -600], "[7, 18]": [0, 14975.807441825358, 15128.686757511427, 14523.381420002293], "[1, 6]": [14966.329468575712, 1005.8089590449863, -600, -600], "[1, 10]": [-600, 15000.794734584715, -600, -600], "[7, 13]": [-600, -600, 1078.4036993819755, 15353.221351052804], "[4, 10]": [-600, 15337.333804605438, -600, -600], "[1, 9]": [-600, 11693.832188284752, -600, 13620.132720065449], "[0, 6]": [15244.0401296196, -600, -600, -600], "[1, 39]": [14721.88255234167, 0, 15017.606004231466, 15228.293271055047], "[2, 13]": [-600, -600, -600, 15247.854469767031], "[3, 5]": [15611.157284652098, -600, -600, 15640.18214930396], "[2, 10]": [-600, 15407.634335795117, -600, -600], "[3, 9]": [-600, 15545.02094821139, -600, 15028.03516562781], "[3, 11]": [-600, -600, 14598.151086175552, 14881.821490478884], "[0, 13]": [-600, -600, -600, 14497.889880823494], "[7, 9]": [-600, 14700.432150998718, 0, 13979.3364036138], "[7, 8]": [-600, 15064.962864336007, 14957.57293392472, -600], "[5, 26]": [-600, 15712.8607405332, 15774.256068411629, -600], "[6, 13]": [-600, -600, -600, 15288.435800274781], "[6, 6]": [10448.989034565595, -600, -600, -600], "[2, 6]": [14808.164619449051, -600, -600, -600], "[1, 40]": [13845.830179175797, 0, 13331.517005045258, -600], "[1, 11]": [-600, -600, 15150.34984001256, 15261.784482593848], "[6, 10]": [-600, 14880.806828191806, -600, -600], "[1, 13]": [-600, -600, -600, 13464.033675524417], "[3, 12]": [-600, -600, 14891.865878074972, -600], "[4, 6]": [15427.563495826711, -600, -600, -600], "[7, 19]": [-600, 15414.896153448964, -600, 12680.727905701546], "[4, 13]": [-600, -600, -600, 15432.273979669622], "[1, 38]": [15824.800342729592, 15589.674077148156, -600, -600], "[2, 12]": [-600, -600, 12909.176226608388, -600], "[2, 14]": [-600, -600, -600, -600], "[5, 5]": [15578.237391758857, -600, -600, 15583.475126579106], "[3, 33]": [-600, 15537.404439115806, 15242.401002244713, -600], "[3, 34]": [-600, 14622.642971274747, -600, 15043.328123059633], "[3, 31]": [15616.719043789326, 15927.341541834656, -600, -600], "[5, 12]": [-600, -600, 14469.660291576838, -600],