{"[5, 1]": [34.180789657719544, 60.207804833853714, -600, 1083.7452494653821], "[6, 0]": [676.6698448048442, 723.2890249222262, 1508.9214827409235, -600], "[6, 7]": [-600, 1233.2366732841062, 1371.7173315433206, 1648.935270832711], "[6, 1]": [646.8140691574139, 583.0946394591307, -600, 1548.2803925854234], "[6, 3]": [1214.9160127133694, -600, 1650.2535943788587, 1367.1604249190561], "[6, 9]": [-600, 113.36239963053981, -597.9266475230583, 1412.3199757068962], "[6, 8]": [-600, 406.5783337123815, 1503.728067280599, -597.7735119102799], "[4, 9]": [-600, 1386.0497399252008, -600, 113.0524786260844], "[4, 8]": [-600, 1674.5527153687763, 1199.7246781436424, -600], "[4, 7]": [-600, 1687.614412609306, 1398.8700838762131, 1245.2974419802845], "[4, 0]": [1243.8295600701047, 1409.6326505178781, 1681.1477753368135, -600], "[4, 11]": [-600, -600, 1510.294182917622, 408.01535905710864], "[7, 7]": [-600, 299.6987172213839, 510.1286537567448, 1814.3853499785798], "[7, 3]": [1296.0763896374488, -600, 1224.5194924897494, 1879.3443221368166], "[0, 7]": [-600, 639.7411711502386, 652.9819761870476, 1520.0149794084502], "[0, 3]": [1599.39625401434, -600, 1155.177088467913, 1318.3228210121067], "[0, 1]": [1343.3872129401316, 1165.6979924872032, -600, 1590.0118590786014], "[0, 0]": [1440.9705808739782, 658.3294336715285, 643.0543335456969, -600], "[7, 1]": [587.0101399907948, 306.38302672961214, -600, 1824.4591116283777], "[7, 0]": [1172.9128237927423, 29.14562071692428, 69.61129738184874, -600], "[5, 3]": [198.83950099943712, -600, 1837.8897846375148, 520.7951639337057], "[4, 3]": [601.028937376689, -600, 1582.788541264373, 680.3462159382481], "[4, 1]": [643.3252439586336, 1511.4193367787516, -600, 574.8243034577642], "[5, 0]": [273.1207622834339, 540.0353510681477, 1843.1350168797364, -600], "[5, 7]": [-600, 1293.8324756598392, 1893.8653213549983, 1378.9794203129147], "[2, 3]": [1522.2791707214947, -600, 576.5325746210148, 644.2807107385786], "[2, 7]": [-600, 1519.6415777314448, 688.9424650334947, 682.1412808840637], "[2, 1]": [1338.5557679601634, 1627.8039334985988, -600, 1183.0652133736967], "[2, 0]": [1631.9434560546497, 1343.411086373493, 1197.244149676899, -600], "[1, 0]": [1787.4954083838588, 504.21530254598235, 266.907708023355, -600], "[1, 7]": [-600, 60.089317267274744, 23.762584703490703, 1147.1560552483825], "[1, 3]": [1786.886368629292, -600, 220.62794937783025, 507.18646377466314], "[2, 4]": [1388.266845897419, -600, 113.04415902538419, -600], "[2, 8]": [-600, 1488.0683805721644, 436.7262039623892, -600], "[2, 9]": [-600, 767.2689901053983, -600, 32.51204671629513], "[2, 2]": [1613.1714721351852, 1133.4110841114941, -600, -600], "[1, 1]": [1865.0721654470983, 1161.728750258937, -600, 1225.0504862278626], "[3, 1]": [558.8741159313525, 1816.3233994663065, -600, 214.7148999434402], "[3, 3]": [50.72817489424882, -600, 1045.0211753212795, 23.321386274237096], "[3, 7]": [-600, 1795.980605764742, 483.2490153858397, 218.90638758302194], "[0, 4]": [785.1858903233554, -600, 35.20237052730343, -600], "[0, 11]": [-600, -600, 345.4636686211653, 1381.4299110647098], "[5, 11]": [-600, -600, 1806.3018912562154, 427.91730351901407], "[6, 4]": [37.660385367226766, -600, 874.9994001811972, -600], "[3, 32]": [0, 1798.0732864046981, 154.02865801167334, 55.80464054960978], "[5, 23]": [60.89938865496438, 0, 1807.1797907407408, 185.38377753980535], "[3, 29]": [830.1735657120463, 1924.2755495198073, 804.4706085221044, 0], "[1, 36]": [1794.2586689071538, 155.8755990441142, 83.78246599252448, 0], "[4, 2]": [346.75326474993346, 1517.88447347791, -600, -600], "[6, 11]": [-600, -600, 1158.244206455383, 1632.553620435575], "[5, 8]": [-600, 568.3073974984725, 1809.0813440681202, -600], "[5, 2]": [23.184073254945442, 1025.70268180124, -600, -598.4633931984902], "[4, 5]": [1206.3485413213389, -593.9374632798994, -600, 118.85176937229564], "[5, 25]": [0, 857.7765923495632, 1960.744661761423, 917.2969089192529], "[7, 18]": [0, 97.8392204900678, 167.68646030974284, 1809.925746800435], "[3, 11]": [-600, -600, 871.2463566148128, 21.455669282244557], "[2, 5]": [1404.4787114572882, -600, -600, 345.04292054061796], "[0, 5]": [1580.806294658055, -600, -600, 1025.9379747277392], "[7, 5]": [336.6656571547646, -600, -600, 1769.004341479543], "[4, 4]": [123.28622632820539, -600, 1507.6163356692489, -600], "[7, 4]": [1.9262334147186995, -600, 270.1154629258468, -600], "[0, 13]": [-600, -600, -600, 1495.1679555397557], "[6, 5]": [351.96245317170167, -600, -600, 1451.5592021739085], "[0, 9]": [-600, 9.711448878516881, -600, 702.3987055396739], "[3, 8]": [-600, 1681.6892838598433, 442.0098242693681, -600], "[2, 10]": [-600, 1543.1377703467326, -600, -600], "[3, 0]": [1304.5236879120257, 1863.9105004788069, 1262.7231294500375, -600], "[0, 2]": [1429.6366003122691, 334.6915032937181, -600, -600], "[5, 4]": [6.310942496223349, -600, 1470.3715056106478, -600], "[1, 5]": [1620.8643610716174, -597.9816088386062, -598.6560905963452, 252.06625404095968], "[1, 37]": [1922.8650427409455, 732.0811961460014, 0, 760.6219855914443], "[3, 33]": [-600, 1797.5845657027137, 115.12516241236355, -600], "[5, 22]": [85.09686511383498, 173.9381768568845, 1823.8797460179678, 0], "[0, 8]": [-600, 1272.4586509204164, 173.31379945235477, -600], "[5, 9]": [-600, 4.948025409937978, -600, 565.8762232347185], "[2, 13]": [-600, -600, -600, 1204.949494946242], "[1, 2]": [1661.549938870901, 375.1728659903984, -600, -600], "[3, 30]": [151.40097913064062, 1807.9001758609168, 0, 61.732316826170106], "[2, 11]": [-600, -600, 1292.3227229976042, 156.6351437447502], "[3, 5]": [789.3621418844406, -600, -600, 13.755136955661634], "[0, 6]": [1420.8911179028455, -600, -600, -600], "[1, 39]": [1797.7328273916928, 0, 58.94161769935895, 156.66437975206685], "[4, 10]": [-600, 1495.50004002447, -600, -600], "[3, 2]": [406.80382937466004, 1791.8260645981102, -600, -600], "[2, 6]": [1428.0008137105817, -600, -600, -600], "[3, 4]": [9.250472370366762, -600, 520.9522651298574, -600], "[1, 13]": [-600, -600, -598.87987860579, 764.2547452097463], "[1, 9]": [-600, 4.8547622418344965, -600, 120.16427266405314], "[5, 10]": [-600, 828.4928184629916, -600, -600], "[6, 12]": [-600, -600, 1559.7154264194528, -597.7741629597931], "[7, 15]": [164.87954709413185, 82.02592241089002, 0, 1820.0819751044553], "[7, 16]": [824.547467677816, 0, 792.0867018628591, 1941.1511203209482], "[6, 2]": [179.69048456404784, 1312.1362964170032, -600, -600], "[5, 27]": [-600, -600, 1688.477619928764, 71.97821604669063], "[5, 5]": [13.42602561044836, -600, -600, 756.6764305517481], "[4, 12]": [-600, -600, 1595.2314603827253, -600], "[3, 9]": [-600, 1361.151338077328, -600, 4.399357564750523], "[7, 2]": [1165.3738500035481, 46.443421982398036, -600, -600], "[7, 9]": [-600, 13.10403030505708, -599.0117473579022, 1409.6036385236089], "[2, 12]": [-600, -600, 1244.172226920334, -600], "[6, 13]": [-600, -600, -600, 1428.6678026655004], "[4, 6]": [1109.0862143639, -600, -600, -600], "[7, 11]": [-600, -600, 443.1967744800527, 1691.1779332955514], "[1, 4]": [1250.838113583595, -600, 9.347942099218908, -600], "[1, 10]": [-600, 748.2325187808989, -600, -600], "[3, 34]": [-600, 814.5501903130952, 0, 3.6366093285005494], "[1, 38]": [1713.6907973588372, 95.65782077491092, -598.6289819212257, -600], "[1, 8]": [-600, 1083.4829152360658, 42.97062775537648, -600], "[1, 11]": [-600, -600, 19.008247442881558, 932.11696148378], "[0, 12]": [-600, -600, 1261.2210130220926, -600], "[6, 6]": [1281.5404553268377, -600, -600, -600], "[7, 20]": [-600, -600, 107.64827560300243, 1782.5752988801507], "[0, 10]": [-600, 1108.5950933056363, -600, -600], "[5, 12]": [-600, -600, 1635.571377643476, -600], "[5, 26]": [-600, 118.67566790589572, 1839.5006270245365, -600], "[4, 13]": [-600, -600, -600, 1305.633835947644], "[7, 8]": [-600, 53.286252985296485, 1185.5878665607215, -600], "[1, 40]": [709.6654747893638, 0, 3.997349569783169, -600], "[6, 10]": [-600, 1260.5041585986626, -600, -600],