{"[4, 8]": [-600, 3992.434142775885, 1349.0769701565425, -600], "[0, 0]": [1910.61495287025, 3840.4293875705403, 1474.5182174564582, 0], "[0, 1]": [3264.1487089217844, 267.731547795939, 0, 525.870897314845], "[1, 3]": [0, 0, 3208.360468669116, 57.99980486625351], "[1, 7]": [-600, 107.9758619791712, 124.54925767761398, 3386.8148316478005], "[2, 3]": [3459.8206007358567, 0, 318.5782734702789, 393.72423318761], "[2, 7]": [-600, 4009.5250485258534, 726.8590956667756, 479.35270040770024], "[2, 0]": [4039.2318211386882, 1960.512303204299, 2590.210641294923, 0], "[2, 1]": [3846.130031373477, 2232.643882031845, 0, 1211.4850852809677], "[1, 0]": [38.97600215873573, 158.50358383305212, 3141.598391164745, 0], "[0, 7]": [-600, 3413.904385947751, 0, 0], "[0, 3]": [1521.2890859263919, 0, 499.49714995349814, 3660.1951407244246], "[7, 1]": [3746.888709493926, 0, 0, 0], "[7, 3]": [2668.1859278798374, 0, 0, 0], "[7, 4]": [-10.05581808180457, -600, 3238.3741734999544, -600], "[6, 5]": [3926.2640467802375, -600, -600, 2048.721487674827], "[6, 3]": [3878.7045248622944, 0, 137.55449875459078, 364.2519973393876], "[6, 1]": [3899.0592826321035, 1270.4775075108744, 0, 1058.8946779093303], "[6, 4]": [-57.54135738476528, -600, 3744.7366542326545, -600], "[0, 4]": [3878.749699892859, -600, 703.5958100314846, -600], "[0, 11]": [-600, -600, 505.7393551155287, 3659.1703196695457], "[6, 0]": [598.6867077734394, 1179.4017753945118, 3965.7205690181313, 0], "[6, 7]": [-600, 963.4778962438862, 1314.500836238409, 3995.054195683371], "[6, 9]": [-600, 364.96353049174854, -600, 3926.943684431806], "[5, 11]": [-600, -600, 4107.353037165849, 965.7187166619063], "[4, 11]": [-600, -600, 4101.29553532411, 216.39985863910843], "[4, 7]": [-600, 3250.827016204936, 4191.363383973441, 3112.023986464043], "[4, 0]": [1014.3505542888472, 1236.1961619965655, 4097.856645691174, 0], "[4, 9]": [-600, 3214.1665154693383, -600, 0], "[2, 4]": [2822.653783713424, -600, -52.44181770361779, -600], "[3, 2]": [1743.657987379474, 4069.7797271435993, -600, -600], "[3, 0]": [1788.656925060527, 1966.5343938231626, 4004.4435295249295, 0], "[3, 7]": [-600, 4024.576418362334, 341.62389151702666, 178.70729811412858], "[3, 3]": [1858.8867801164736, 0, 195.90897112352252, 45.49732587857513], "[3, 1]": [3623.3478512359775, 775.9442050512954, 0, 171.47751032759118], "[4, 1]": [97.96325801208798, 3666.754159338313, 0, 398.64734137032997], "[4, 3]": [328.5623830593935, 0, 4133.861616251938, 348.38480309306846], "[1, 1]": [0, 1901.412741565764, 0, 0], "[7, 0]": [366.49608973937546, 3333.0028659186305, 826.6462124639912, 0], "[7, 7]": [-600, 3226.269071976517, 268.88937404063637, 0], "[0, 5]": [3901.1004268233132, -600, -600, 1404.6467471832066], "[2, 9]": [-600, 3714.406760194904, -600, 8.452371933179968], "[2, 5]": [385.2250997323831, -600, -600, 3088.0733174104103], "[2, 2]": [4061.129518914081, 1330.5701401267281, -600, -600], "[4, 4]": [-132.33536192914644, -600, 3931.4794520098503, -600], "[4, 2]": [275.50559082479504, 3151.990569534344, -600, -600], "[0, 9]": [-337.66961092086297, 1192.5608274550439, -600, 0], "[6, 11]": [-600, -600, 3164.2397346784373, 4015.7529926178963], "[7, 5]": [3913.205907155705, -600, -467.0087810090249, 737.2366832891548], "[5, 0]": [0, 279.2327798514407, 4056.2646257800084, 0], "[5, 7]": [-600, 583.7492607147256, 699.579938779304, 4081.7617442134374], "[5, 3]": [0, 0, 34.56318474331609, 4037.0402228451094], "[3, 29]": [1284.1718624964594, 4324.873835593495, 1094.3967684773802, 0], "[5, 1]": [415.7798652830521, 0, 0, 2314.5899346023944], "[3, 8]": [-600, 4027.9263187050983, 140.8256784196604, -600], "[2, 8]": [-600, 4026.2744659973014, 1755.871207705014, -600], "[1, 4]": [1687.0368127391973, -600, 0, -600], "[1, 2]": [2330.405856721441, 0, -517.5514909117117, -600], "[1, 8]": [-600, 3548.5970838822714, 0, -600], "[5, 24]": [933.6538929297093, -600, 2957.336738884646, -600], "[3, 32]": [0, 4357.754379645701, 618.0157668585659, 466.41552257372905], "[1, 5]": [707.8898333456103, -600, -600, 307.0947103908466], "[1, 37]": [2021.8129274111147, 427.6645654783158, 0, 344.162751494323], "[6, 8]": [-600, 1284.633238797337, 3938.413355077286, -600], "[3, 30]": [519.794982404666, 4306.990984485336, 0, 509.71703488488583], "[6, 12]": [-600, -600, 3942.020132979957, -600], "[5, 25]": [0, 420.2198010882971, 4366.909779597462, 758.1209203129883], "[2, 11]": [-600, -600, 87.17009852995876, 3351.0171699141465], "[7, 15]": [515.9504248950647, 528.125929459585, 0, 3752.4797068688654], "[7, 16]": [398.07112843325876, 0, 56.383297152305104, 1042.3094452783669], "[4, 5]": [2910.648298601458, -413.5951383377316, -600, 0], "[5, 8]": [-600, 3979.830333255163, 304.17196022265364, -600], "[5, 9]": [-600, 1714.8039091613402, -600, 0], "[5, 22]": [377.9762614306086, 391.2319177751227, 4004.606603027189, 0], "[0, 2]": [2722.0561160892353, 64.00747134724627, -600, -473.0164396373904], "[0, 8]": [-600, 3230.691411101282, 0, -600], "[7, 11]": [-600, -600, 237.7038741104117, 3830.9260322756345], "[6, 2]": [3690.2675886876305, 0, -600, -600], "[7, 2]": [2192.951381830997, 0, -600, -600], "[5, 4]": [264.74709973416185, -600, 3639.913242387198, -600], "[5, 2]": [0, 3472.3598736855297, -600, -600], "[5, 23]": [709.8636617774303, 0, 3711.3020026029053, 741.5754024272621], "[4, 12]": [-600, -600, 4017.8835416539373, -600], "[1, 36]": [3256.5079540204392, 63.89687362639905, 0, 0], "[3, 4]": [2388.3748440626164, -600, 36.90954883198328, -600], "[7, 18]": [0, 674.8678869759646, 605.9837111840914, 4308.637497598272], "[1, 6]": [925.7299942660761, -600, -600, -600], "[1, 10]": [-600, 1718.026461632084, -600, -600], "[7, 13]": [-600, -600, -600, 4067.410774578524], "[4, 10]": [-600, 2640.1374305225854, -600, -600], "[1, 9]": [-600, 482.88820238500494, -600, 1848.231142375129], "[0, 6]": [2791.8427735357254, -600, -600, -600], "[1, 39]": [4112.802230447392, 0, 547.2278823103826, 59.72629549818121], "[2, 13]": [-600, -600, -600, 2390.939550680563], "[3, 5]": [1930.8928641661075, -600, -600, 383.16518180532273], "[2, 10]": [-600, 3970.54014348249, -600, -600], "[3, 9]": [-600, 3989.760492183998, -600, 401.4985855831975], "[3, 11]": [-600, -600, 3049.083728424889, 51.77417216876417], "[0, 13]": [-600, -600, -600, 2165.5503304350514], "[7, 9]": [-600, 0, -600, 2413.8170016405556], "[7, 8]": [-600, 3142.1714017589857, 24.979688457464977, -284.1849128217999], "[5, 26]": [-600, 3957.745326898848, 683.2251023935498, -600], "[6, 13]": [-600, -600, -600, 3971.5115879348023], "[6, 6]": [2861.656921138641, -600, -600, -600], "[2, 6]": [3193.128723871848, -600, -600, -600], "[1, 40]": [3831.4174644577242, -600, 0, -600], "[1, 11]": [-600, -600, 1633.6850153170765, 0], "[6, 10]": [-600, 3617.0832568771893, -600, -600], "[1, 13]": [-600, -600, -600, 1559.244690341466], "[3, 12]": [-600, -600, 2760.210989315931, -600], "[4, 6]": [2853.000884854498, -600, -600, -600], "[7, 19]": [-600, 0, -600, 1730.1204756614482], "[4, 13]": [-600, -600, -600, 3644.251455507209], "[1, 38]": [3206.054207780096, 521.6154605943352, -600, -600], "[2, 12]": [-600, -600, 3505.0281661317704, -600], "[2, 14]": [-600, -600, -600, -600], "[5, 5]": [0, -600, -600, 2462.528461248106], "[3, 33]": [-600, 4271.8660781307935, 568.8223170558823, -600], "[3, 34]": [-600, 3528.5861667340164, -600, 399.0693707787005], "[3, 31]": [812.7708517144443, 4282.346030903089, 401.8395214053576, -600], "[5, 12]": [-600, -600, 3968.414422316167, -600], "[3, 10]": [-600, 3985.9134290310076, -600, -600], "[3, 6]": [1504.6155998187664, -600, -600, -600], "[0, 10]": [-600, 476.3870566871089, -600, -600], "[0, 12]": [-600, -600, 3184.210133079075, -450.62253480775746], "[7, 20]": [-600, -600, 518.3771438923949, 4354.49258512688], "[7, 17]": [380.53469377413296, -600, -600, 2647.303485204073], "[5, 27]": [-600, -600, 620.1750335365323, 4061.093192550965], "[5, 10]": [-600, 2375.3385053588268, -600, -600], "[7, 12]": [-600, -600, 2346.360270558952, -600],