{"[6, 1]": [247.3796504032267, 220.2770815193597, -600, 750.2329657584119], "[5, 3]": [41.875200597096836, -600, 1016.4605763079642, 189.72848280401024], "[4, 4]": [20.92020553822329, -600, 571.4634043342429, -600], "[4, 2]": [130.575802622813, 711.5902427148745, -600, -600], "[6, 0]": [223.68170601942677, 260.34460018617887, 697.8819872925458, -600], "[6, 7]": [-600, 509.74030300417, 644.1932256371015, 813.8065184471419], "[6, 3]": [495.08302686671516, -600, 821.848999856981, 631.2227946601636], "[7, 7]": [-600, 62.685746032306454, 198.9798379191279, 1022.1468978527889], "[7, 3]": [546.9622411285229, -600, 532.6991205296988, 1068.82512647138], "[7, 0]": [351.7482759953463, -0.4278811594588236, 18.417474322881166, -600], "[0, 7]": [-600, 201.2977549114617, 238.26682648222646, 726.4490106689616], "[0, 0]": [688.8261715520803, 246.4965685363678, 213.65676825232782, -600], "[0, 3]": [782.2751106749364, -600, 483.8579870729519, 610.5734231345681], "[0, 1]": [605.8024247971598, 465.5360703648464, -600, 790.876507374865], "[7, 1]": [183.49048138735952, 47.21826498924158, -600, 997.3277302507237], "[0, 9]": [-598.7600355800635, -0.05691065561089148, -600, 224.45830264239703], "[0, 2]": [650.5678193004372, 112.86339122928383, -600, -600], "[2, 7]": [-600, 729.7518032608134, 243.3120002855383, 218.56340622784188], "[2, 3]": [746.8352967653661, -600, 207.95993456177186, 250.84767760771803], "[2, 0]": [798.2519608820701, 630.9366500647369, 502.93826122875896, -600], "[2, 1]": [610.898760519733, 811.9238404707045, -600, 485.91762086126994], "[3, 1]": [160.56544150764188, 990.3345722830338, -600, 33.52433449648307], "[3, 3]": [305.6646726160626, -600, 16.494664906169834, -2.4740764129518227], "[1, 0]": [1012.7429551053378, 200.47406919927133, 58.55664541428226, -600], "[1, 1]": [1070.9359937101992, 516.4090072317072, -600, 562.4060580968008], "[1, 7]": [-600, 22.3598370359265, -1.8874834602011408, 346.3293713110707], "[0, 4]": [234.7652294277801, -600, 6.181002053720026, -598.7975659425581], "[5, 1]": [-0.3722129865586518, 330.5529388647398, -600, 23.665301516556145], "[5, 7]": [-600, 534.0849935153366, 1087.3403909992078, 567.0234271794621], "[4, 3]": [176.1362361984631, -600, 777.5158528004295, 220.42355089747952], "[4, 1]": [239.14868239314882, 743.7973685641449, -600, 213.2968251220813], "[5, 0]": [54.43749070897429, 186.78044354306405, 1038.4809573977627, -600], "[4, 7]": [-600, 854.3050740008006, 622.7762843234292, 473.82253970221734], "[0, 5]": [377.89518067833114, -600, -600, 762.6794244646679], "[4, 0]": [506.1390441331135, 637.1852892163682, 847.3723682750147, -600], "[2, 4]": [571.495758679482, -600, 31.09626864044573, -600], "[1, 5]": [952.8852635173407, -598.987670701979, -600, 114.03898157494184], "[2, 5]": [662.2534210929597, -600, -600, 116.06741747772276], "[2, 9]": [-598.769237764076, 196.62029593846788, -600, 4.132240772046659], "[0, 11]": [-600, -600, 117.2432941442571, 641.89250639448], "[7, 18]": [0, 19.075025026587117, 51.05835986491863, 963.927035498305], "[1, 39]": [942.202520844644, 0, 11.29100549037137, 52.932219690511616], "[4, 8]": [-600, 837.3136294112578, 463.83603960571077, -600], "[4, 9]": [-600, 579.4836149820245, -600, 25.30745048760342], "[3, 7]": [-600, 1001.5207498533853, 168.980121485858, 39.68247493380538], "[1, 9]": [-600, -1.3589028985438831, -600, 26.96021817295341], "[5, 8]": [-600, 166.3060098253227, 987.0292721573836, -600], "[2, 8]": [-600, 690.6966827934474, 119.81775675405792, -600], "[6, 9]": [-600, 29.679796340319886, -600, 572.8386956844407], "[6, 11]": [-598.7484010379352, -600, 787.9814724892652, 427.1981022026287], "[3, 32]": [0, 940.8638573140505, 58.25295556270315, 8.933912719121192], "[6, 2]": [52.831379024763045, 475.6962844852603, -600, -600], "[5, 5]": [2.347591275714162, -600, -600, 240.17075318527299], "[4, 11]": [-600, -598.7171827049594, 681.9665852318665, 106.91383564091036], "[5, 11]": [-600, -600, 920.1891832345462, 91.64152237029967], "[5, 2]": [2.587002233170158, 264.6810906469214, -600, -600], "[4, 5]": [412.5367929680224, -600, -600, 39.002743471539105], "[7, 4]": [22.248978077959954, -600, 0.3230974612043683, -600], "[6, 5]": [133.63426122903456, -600, -600, 659.8601107033035], "[5, 25]": [0, 272.29952298872917, 1150.634633508935, 285.9445436588156], "[1, 2]": [943.3760956860446, 152.27606551751282, -600, -600], "[0, 8]": [-600, 439.7219324632672, 41.70133219037395, -600], "[1, 11]": [-600, -598.988703987415, 1.9723968457042391, 211.48222866189747], "[1, 3]": [1018.7918285268096, -600, 43.002547337353974, 198.1840145106351], "[1, 37]": [1127.7972214656488, 279.639461756581, 0, 303.6260509360596], "[7, 15]": [60.169311426355534, 11.153022549215518, 0, 935.9701722234928], "[6, 4]": [6.784238091790391, -600, 226.14401865880205, -600], "[3, 8]": [-600, 862.1070142335093, 122.86375868671104, -600], "[6, 8]": [-600, 153.38799299443804, 697.7650796080198, -600], "[7, 8]": [-600, 5.013017863647972, 327.84103501686764, -600], "[7, 11]": [-600, -600, 150.86727210608302, 942.0304175499931], "[6, 10]": [-600, 345.52134659339066, -598.7431209031574, -600], "[6, 13]": [-600, -600, -600, 684.432979592598], "[3, 0]": [517.26304962627, 1068.809322594374, 499.8707278900759, -600], "[3, 29]": [264.1394158451975, 1121.5163947984313, 260.82429177120713, 0], "[5, 4]": [0.7433796028985183, -600, 431.71417332113674, -600], "[2, 2]": [410.7915470230797, 785.8891662145014, -600, -600], "[7, 16]": [287.8850413928761, 0, 258.87450658625926, 1125.9244459549818], "[3, 30]": [49.089900208575145, 938.232143721431, 0, 10.620367915024397], "[3, 4]": [76.34283095794122, -600, 2.7226947923360436, -600], "[0, 13]": [-600, -600, -600, 470.97570751108066], "[5, 23]": [12.070256370533297, 0, 940.9226520540459, 53.47404019646491], "[5, 22]": [13.26098750259136, 54.04027580529529, 949.8807851652135, 0], "[1, 4]": [500.2356357001694, -600, 1.8221435114730278, -600], "[1, 8]": [-600, 290.7286524552513, 4.284784434940194, -600], "[7, 9]": [-600, 1.5218050484650716, -600, 431.93267631856077], "[4, 10]": [-600, 588.1876100256501, -600, -600], "[1, 42]": [139.9662325456188, -600, -600, -600], "[2, 11]": [-600, -600, 404.35080584390425, 38.55177948862787], "[3, 9]": [-600, 373.64645514521493, -600, -1.4727977905720941], "[2, 10]": [-600, 540.5171365919788, -600, -600], "[5, 9]": [-600, 81.76904208006933, -600, 1.3858941318130698], "[1, 40]": [259.42200290692034, 0, 0.7387070642996225, -600], "[4, 6]": [311.6842247263177, -600, -600, -600], "[3, 5]": [198.38274405821102, -600, -600, 1.9415586526177808], "[3, 2]": [86.90900516168475, 865.7924444275723, -600, -600], "[7, 5]": [95.31885015006189, -600, -600, 902.3222393241059], "[2, 6]": [673.306934928787, -600, -600, -600], "[5, 24]": [0.4611060038439608, 0, 240.89600141608918, -600], "[6, 12]": [-600, -600, 549.5537442286891, -600], "[5, 12]": [-600, -600, 404.49541618667115, -600], "[0, 6]": [647.1868019259088, -600, -600, -600], "[1, 36]": [948.1862621366312, 57.329303174599744, 14.44467714781081, 0], "[1, 38]": [893.2482108393025, 35.28084355902094, -600, -600], "[3, 11]": [-600, -600, 226.8405208016192, 2.424360581377293], "[3, 34]": [-600, 250.27189819552518, 0, 0.7519612550013475], "[2, 12]": [-600, -600, 265.24660551621764, -600], "[7, 2]": [293.6073088021871, 2.370988120906185, -600, -600], "[5, 26]": [-600, 33.37351208395691, 900.7385840419233, -600], "[6, 6]": [312.80870379200235, -600, -600, -600], "[5, 27]": [-600, -600, 642.0008272699188, 18.850872800534233], "[4, 12]": [-600, -600, 700.2452844439736, -600], "[7, 20]": [-600, -600, 42.696742807170224, 864.7265459183869], "[0, 12]": [-600, -600, 253.38315435737002, -600], "[7, 12]": [-600, -600, 133.5836272912299, -600], "[7, 17]": [21.3933952887244, -600, -600, 638.6317381089261], "[3, 12]": [-600, -600, 121.37883806261817, -600], "[7, 19]": [-600, 0.40529534519298027, -600, 232.87013039101058], "[3, 6]": [131.9979475822088, -600, -600, -600], "[0, 10]": [-598.7566234398955, 241.9182755703762, -600, -600],