{"[6, 1]": [1305.6693463527909, 1176.2728191261801, -600, 2423.1319649189545], "[5, 3]": [626.6501457081786, -600, 2687.8877891469588, 1056.5848752011473], "[4, 4]": [253.3931888375919, -600, 2277.291637740713, -600], "[4, 2]": [836.7231930981644, 2394.0381970461913, -600, -600], "[6, 0]": [1296.8116293317964, 1290.7154230342226, 2349.008877611534, -600], "[6, 7]": [-600, 2019.6228373416886, 2186.172458491316, 2509.68501656332], "[6, 3]": [1997.5538414241469, -600, 2518.801706655937, 2170.6584547024286], "[7, 7]": [-600, 823.2158844097772, 1139.6722381149136, 2710.8909355606365], "[7, 3]": [2096.7431939172266, -600, 2052.1576946262007, 2748.560589303866], "[7, 0]": [2084.1600834164465, 93.8298751263881, 145.62054019025481, -600], "[0, 7]": [-600, 1214.0202145362082, 1274.439457910259, 2390.8837675186564], "[0, 0]": [2300.820253523972, 1269.814564505688, 1251.5381919306103, -600], "[0, 3]": [2485.4041818872574, -600, 1981.094663665532, 2163.4508156339607], "[0, 1]": [2138.416498375234, 1946.5773606973346, -600, 2491.9595717795587], "[7, 1]": [1045.2972567346228, 679.8734900817412, -600, 2690.312144858373], "[0, 9]": [-600, 52.41255688110648, -600, 1790.727449455024], "[0, 2]": [2238.374331243942, 680.2256702060663, -600, -600], "[2, 7]": [-600, 2348.8299898306345, 1191.5443397097044, 1184.652604147348], "[2, 3]": [2412.9067951796173, -600, 1214.9563604993882, 1270.7900826019325], "[2, 0]": [2497.8670682478732, 2173.3081165243766, 2006.9563095359167, -600], "[2, 1]": [2145.448743511079, 2507.3958628532127, -600, 1978.743054586794], "[3, 1]": [914.158412442009, 2648.1177095373405, -600, 578.5598120211956], "[3, 3]": [2070.8729875383133, -600, 135.46242657154846, 77.32195804739506], "[1, 0]": [2708.1939571692033, 1113.0013749757268, 783.6569762152036, -600], "[1, 1]": [2747.2657632768437, 2025.2694195784054, -600, 2095.407086639039], "[1, 7]": [-600, 162.7516801844758, 90.77319939877498, 2091.5632911879466], "[0, 4]": [1687.7424157202422, -600, 71.19622267910894, -600], "[5, 1]": [78.82996945560839, 2014.0596357530203, -600, 137.20626341056789], "[5, 7]": [-600, 2036.0411279962757, 2756.497860346225, 2110.9743798707523], "[4, 3]": [1111.8166370382817, -600, 2440.2018646608717, 1201.182252291264], "[4, 1]": [1265.1047706264499, 2394.9926109799494, -600, 1240.1553067019083], "[5, 0]": [681.9524066012859, 1048.057250982477, 2714.460416617195, -600], "[4, 7]": [-600, 2539.8743460913406, 2154.292168046997, 1982.2839248534185], "[0, 5]": [1729.5797855279502, -600, -600, 2456.6381181439274], "[4, 0]": [2047.4095038828225, 2194.5421143379417, 2537.037104710138, -600], "[2, 4]": [2297.761484090803, -600, 278.59337186099805, -600], "[1, 5]": [2627.952071629952, -600, -597.7898929954933, 645.2450792251373], "[2, 5]": [2279.7457983031672, -600, -600, 687.0051302061288], "[2, 9]": [-600, 1465.7038733288316, -600, 55.84886712105607], "[0, 11]": [-600, -600, 722.6789655449178, 2269.9631291538903], "[7, 18]": [0, 214.37615373274687, 345.44728626912564, 2747.2714104682896], "[1, 39]": [2738.543928982203, 0, 206.32761044124788, 307.1840288459228], "[4, 8]": [-600, 2532.6969635169, 1947.0986836608283, -600], "[4, 9]": [-600, 2353.948606671885, -600, 280.89541741846716], "[3, 7]": [-600, 2652.9419913749202, 1021.9587545174094, 612.4699179348083], "[1, 9]": [-600, 9.48412612937788, -600, 1203.1421631652017], "[5, 8]": [-600, 965.4638415126007, 2681.0684684337934, -600], "[2, 8]": [-600, 2343.4177418241816, 710.2429089905957, -600], "[6, 9]": [-600, 319.3227695591463, -600, 2351.7093272533157], "[6, 11]": [-600, -600, 2488.036325181546, 1862.636272150937], "[3, 32]": [0, 2689.773324235231, 334.44703147398917, 200.8402241286501], "[6, 2]": [418.2097388161037, 2166.133065820093, -600, -600], "[5, 5]": [60.87888007795161, -600, -600, 1989.444370508518], "[4, 11]": [-597.1968086337419, -600, 2232.0788125630065, 669.5442231172813], "[5, 11]": [-600, -600, 2511.1776214200145, 596.8302811977437], "[5, 2]": [66.20754321741369, 1934.8398057336617, -600, -600], "[4, 5]": [2257.550344420812, -600, -597.2374090472905, 282.9252273918481], "[7, 4]": [1035.4775612185504, -600, 12.55134797989894, -600], "[6, 5]": [826.4157687070547, -600, -600, 2305.6391019662024], "[5, 25]": [0, 1471.8370006980897, 2814.0870372219883, 1554.1014440400875], "[1, 2]": [2656.355092398176, 955.018110381267, -600, -600], "[0, 8]": [-600, 2121.8675011230125, 336.7127017350117, -600], "[1, 11]": [-600, -597.6279055691854, 37.135281314942425, 1762.7329822345823], "[1, 3]": [2696.5353120761642, -600, 654.1352426923333, 1087.6911977116602], "[1, 37]": [2821.282993210549, 1495.3199250572004, 0, 1574.2915905205082], "[7, 15]": [326.0126057407858, 204.24865780574027, 0, 2732.900471363155], "[6, 4]": [127.23901033575746, -600, 1620.4080516748404, -597.797950915691], "[3, 8]": [-600, 2556.786007972314, 723.7854900000586, -600], "[6, 8]": [-600, 854.1078334986522, 2380.698811568701, -600], "[7, 8]": [-600, 130.98145062048178, 2074.3965961444815, -600], "[7, 11]": [-600, -600, 865.8193375790374, 2660.3553077719453], "[6, 10]": [-600, 2183.159457218549, -600, -600], "[6, 13]": [-600, -600, -600, 2419.4040209728155], "[3, 0]": [2042.9995388703073, 2715.968200975802, 2001.4948908663573, -600], "[3, 29]": [1433.7187297971052, 2773.811028101937, 1375.830056963946, 0], "[5, 4]": [34.10406260099153, -600, 2362.1751787585067, -600], "[2, 2]": [1825.4008789380348, 2488.870750156207, -600, -600], "[7, 16]": [1529.7812502819074, 0, 1484.8048691188865, 2815.2340511990387], "[3, 30]": [318.25210283900617, 2694.2980914891587, 0, 185.03106317587145], "[3, 4]": [1303.0860513934633, -600, 18.046058140659973, -600], "[0, 13]": [-600, -600, -600, 2342.285532327801], "[5, 23]": [184.1186285741915, 0, 2720.409555224796, 336.01877746253615], "[5, 22]": [190.4404108137421, 297.3203156322908, 2736.251790354673, 0], "[1, 4]": [2461.439739089022, -598.0833499240199, 41.928386441451934, -600], "[1, 8]": [-600, 2001.5441343449088, 94.23510775307298, -600], "[7, 9]": [-600, 38.5846314797025, -600, 2402.451839089026], "[4, 10]": [-600, 2401.573816310133, -600, -600], "[1, 42]": [1363.163089572235, -600, -600, -600], "[2, 11]": [-600, -600, 2131.225700940871, 326.03366479464165], "[3, 9]": [-600, 2282.3632717226064, -600, 27.40426017660264], "[2, 10]": [-600, 2357.996598198323, -600, -600], "[5, 9]": [-600, 1489.832987260324, -600, 32.07405495378664], "[1, 40]": [1714.1317841680611, 0, 8.362131960697328, -600], "[4, 6]": [2271.9843485988395, -600, -600, -600], "[3, 5]": [1858.433839571707, -600, -600, 47.006953151494336], "[3, 2]": [569.4696836131097, 2484.8157903046967, -600, -600], "[7, 5]": [584.4379481910196, -600, -597.2402330465914, 2551.948250414781], "[2, 6]": [2413.030362873623, -600, -600, -600], "[5, 24]": [17.519109561565546, 0, 1562.3337322622765, -600], "[6, 12]": [-600, -600, 2351.5328698013377, -600], "[5, 12]": [-600, -600, 2477.8552941511803, -600], "[0, 6]": [2406.4041180763197, -600, -600, -600], "[1, 36]": [2742.1290781307384, 334.93965019174016, 202.89169175422794, 0], "[1, 38]": [2714.5442100848545, 281.8846028990043, -600, -600], "[3, 11]": [-600, -600, 1764.1569685607826, 54.101730359889906], "[3, 34]": [-600, 1605.3380536870507, -600, 10.006815670729047], "[2, 12]": [-600, -600, 2109.4851063049837, -600], "[7, 2]": [2065.1021786753486, 79.39469002209609, -600, -600], "[5, 26]": [-600, 237.4248096067435, 2715.730223319279, -600], "[6, 6]": [2243.135726225583, -600, -600, -600], "[5, 27]": [-600, -600, 2400.8789421254096, 126.99124802017181], "[4, 12]": [-600, -600, 2455.0062133466995, -600], "[7, 20]": [-597.1513489730226, -600, 252.3590549730962, 2670.887056967862], "[0, 12]": [-600, -600, 2190.728491264124, -600], "[7, 12]": [-600, -600, 1933.3046011254526, -600], "[7, 17]": [124.00729122557956, -600, -600, 2348.6173174808446], "[3, 12]": [-600, -600, 1776.385280623002, -600], "[7, 19]": [-600, 8.450790894409106, -600, 1541.222474744707], "[3, 6]": [1841.548473910747, -600, -600, -600],