{"[6, 0]": [5515.294867686686, 6141.3880175518225, 5477.241201864079, -600], "[6, 7]": [-600, 5753.821513804351, 6337.205652558456, 5415.156266195002], "[6, 3]": [5901.9550438248125, -600, 6353.768308063198, 5500.232294969028], "[6, 1]": [5708.872976034941, 5673.761285319308, -600, 6267.585364306131], "[6, 4]": [6217.697301915181, -600, 4324.837768029647, -600], "[0, 3]": [6151.3153452257975, -600, 5471.760866887978, 5453.983744785802], "[0, 7]": [-600, 5346.891085239491, 6062.678257045555, 5328.9231859285965], "[0, 1]": [6163.245197438899, 5627.715068694571, -600, 5736.587735216703], "[0, 0]": [4969.607208379177, 5105.757728592809, 5865.689782163359, -600], "[1, 3]": [6304.792283578421, 0, 5686.116486324088, 5681.333200988015], "[1, 7]": [0, 5316.017251418834, 6088.811689282712, 5363.981230361707], "[2, 3]": [5542.451908793309, -600, 5843.532978933754, 5549.285399636005], "[2, 1]": [6131.564555832638, 5706.592286214367, -600, 5639.521727695967], "[2, 0]": [5784.906860634102, 5995.812122726773, 5672.80148585931, -600], "[1, 0]": [5666.082224378716, 5620.569596352885, 6050.6299343063165, -600], "[2, 7]": [-600, 5838.353141562629, 5485.198987738727, 5445.863635794758], "[1, 1]": [6365.085863239291, 5712.8390989414065, 0, 5777.445151013593], "[0, 9]": [-600, 6149.740863473827, -600, 4258.182077660796], "[6, 9]": [-600, 4875.6882977955775, 370.00200011858396, 6218.762108655899], "[6, 8]": [-600, 4586.990319329823, 6216.470154447515, 65.11535487010315], "[0, 4]": [5648.298233253009, -600, 3650.9128635402276, -600], "[0, 11]": [-600, -600, 4333.594636366607, 3702.0652250751073], "[0, 5]": [6321.036388898018, -600, -600, 5607.30844846109], "[7, 1]": [5473.9977397009725, 6181.320978582563, 0, 5430.549646963878], "[7, 16]": [6083.303750145085, 0, 6021.6986099348, 6436.282292690689], "[3, 1]": [5946.11913433782, 6338.62860227047, 0, 5954.250164259447], "[4, 1]": [5512.789282656229, 5453.240976255757, -600, 5769.850009449299], "[4, 0]": [5890.699591441091, 6266.428598376723, 5971.545968291934, -600], "[4, 7]": [-600, 6272.194854274865, 5878.888227531166, 5850.105426976966], "[3, 7]": [0, 6286.080136993912, 5860.490806172159, 5853.736954839424], "[3, 3]": [5646.273230592367, -600, 5832.97572284655, 5646.04426146748], "[1, 39]": [6295.777728144759, 0, 5773.054995842835, 5767.844816991435], "[6, 11]": [6.4319250183107215, -600, 5324.892465913077, 6365.330332558313], "[7, 7]": [0, 5702.473720859647, 5768.443469017018, 6424.487459000478], "[7, 0]": [6247.5702117441815, 5449.333814347627, 5475.674826822998, -600], "[6, 2]": [4700.108079584105, 6105.55547008921, -600, -600], "[6, 5]": [5332.173636782299, -600, -600, 6294.457618056079], "[7, 3]": [6004.583672540416, 0, 5722.6291781936725, 6426.95002349262], "[2, 4]": [4358.62185827675, -600, 5799.502039693233, -600], "[2, 9]": [-600, 4161.250763338506, -600, 5888.2634069655405], "[2, 2]": [5083.283202020096, 5974.2700310359205, -600, -600], "[4, 3]": [5534.3378745987275, -600, 5582.62746798745, 6097.8432981734195], "[4, 9]": [-600, 4770.740493112619, -600, 5242.447618335784], "[4, 11]": [-600, -600, 4854.244365232869, 5951.194463505589], "[2, 8]": [-600, 5777.895526232734, 4506.434402528312, -600], "[4, 4]": [3990.8000890370627, 807.5437572791907, 5891.3948612607965, -600], "[4, 2]": [3362.9105629367737, 2673.6068157894833, -600, -600], "[5, 3]": [5947.716414733994, 0, 6346.0002784762855, 5959.837644511327], "[5, 0]": [6002.628803919295, 5936.684707334577, 6343.5432777533615, -600], "[5, 1]": [5643.438113901375, 5642.135556141858, -600, 6095.938507711107], "[5, 7]": [-600, 5889.062536848173, 6416.237883336912, 5930.823543301738], "[3, 0]": [5571.214565259335, 6320.840343903543, 5911.322683978061, 0], "[0, 2]": [4776.996293507571, 6182.735753480788, -600, -600], "[2, 5]": [4991.707667222229, -600, -600, 5896.356796770447], "[4, 10]": [-600, 2603.607810758906, 118.91986627413326, -600], "[4, 8]": [-600, 6205.377997246987, 5238.800838464643, -600], "[5, 8]": [-600, 5222.779845391083, 6365.009424242175, -600], "[6, 13]": [-600, -600, -600, 6242.486187459914], "[3, 29]": [6004.62849173218, 6440.488742576438, 5995.263505015626, 0], "[5, 11]": [-600, -600, 6359.469300277218, 5721.7778441800165], "[0, 13]": [302.28877266285565, -600, -600, 4762.949348847515], "[5, 25]": [0, 5939.828885549096, 6509.140959778463, 5903.66876634264], "[2, 6]": [5964.058939394395, -600, -600, -600], "[5, 4]": [5493.3318693649735, -600, 6315.895589934029, -600], "[7, 11]": [-600, 1381.8350670411328, 5353.052873367708, 6411.905405507825], "[7, 4]": [6098.189911537815, -600, 3806.381633267433, -600], "[7, 9]": [-600, 5263.798270757694, -600, 6417.1031716865455], "[7, 5]": [5736.573945420114, -600, -600, 6391.014652142054], "[5, 23]": [6054.129618443632, 0, 6282.912148840038, 6045.066382893772], "[3, 32]": [0, 5486.5761209483435, 5760.029414155296, 5666.003154927481], "[3, 30]": [5873.039609896329, 6423.549053083004, 0, 5871.418137259184], "[2, 10]": [-600, 4226.7926120112315, -600, -600], "[7, 18]": [0, 5719.833465025833, 5636.9724459956515, 6514.670121838529], "[5, 22]": [5749.108721612715, 5756.017880798912, 6504.914561524669, 0], "[1, 9]": [-600, 6171.742603527177, -600, 4395.086238841496], "[1, 37]": [6422.343449029359, 6070.832049224614, 0, 6065.398368948448], "[5, 9]": [-600, 4987.612445443998, -600, 5578.922057728594], "[3, 2]": [5378.586090536084, 5649.553571179145, -600, -600], "[3, 4]": [4147.6128243571875, -600, 5684.096538395599, -600], "[1, 36]": [6370.792914669944, 5589.493311369779, 5613.889400301651, 0], "[7, 15]": [6220.811152036131, 5693.513994377084, 0, 5605.306941920419], "[0, 6]": [6271.667121140193, -600, -600, -600], "[4, 5]": [5195.17453938933, -600, -600, 4862.04197557486], "[2, 11]": [-600, -600, 4954.7295407297115, 5619.351831184606], "[3, 5]": [5666.946602946691, -600, -600, 5588.593566757632], "[3, 11]": [-600, -600, 5691.249463201733, 4781.267757740157], "[1, 2]": [6306.212028640715, 5233.871882635361, -600, -600], "[2, 13]": [-600, -600, -600, 2144.7537622227665], "[4, 6]": [3283.122624830959, -600, -600, -600], "[7, 2]": [5467.1423744635285, 6053.5469290764095, -600, -600], "[0, 8]": [-600, 5154.1421673447585, 5710.3858278553, -600], "[1, 5]": [5411.980513964772, -600, -600, 5816.881216841672], "[7, 8]": [-600, 5081.219346607811, 5577.6633519544075, 103.17779430305438], "[1, 4]": [5240.102409308155, -600, 4881.084218399467, -600], "[0, 12]": [-600, -600, 192.7368412049464, -600], "[3, 9]": [-600, 5348.403844869757, 672.7219074239774, 4841.263034594803], "[3, 12]": [-600, -600, 5658.159634421114, -600], "[6, 10]": [-600, 4267.932618140648, -600, -600], "[4, 12]": [-600, -600, 6039.660323972788, -600], "[1, 8]": [-600, 5326.769054831906, 5995.936465471815, -600], "[1, 11]": [-600, -600, 5663.891039003437, 4804.538885565628], "[5, 13]": [-600, -600, -600, 3239.4150958252344], "[5, 2]": [5602.51946045952, 5861.1045937685685, -600, -600], "[2, 12]": [-600, -600, 5439.032650389313, -600], "[7, 13]": [-600, -600, 450.11735198654765, 6394.198827041504], "[3, 8]": [-600, 6261.515687265644, 5725.651753557289, -600], "[5, 5]": [5978.758307485696, -600, -600, 5575.225254283261], "[3, 10]": [-600, 4253.076257528361, -600, -600], "[5, 24]": [5370.17685517389, -600, 6109.1433794693985, 587.5457039840765], "[3, 31]": [5972.303616231904, 6243.836166015386, -600, -600], "[5, 27]": [-600, -600, 6618.86443454262, 5794.676892662551], "[6, 12]": [-600, -600, 5259.5927706128305, -600], "[6, 6]": [5526.186104173932, -600, -600, -600], "[7, 19]": [-600, 5392.724649708052, 966.2368823347756, 6577.67307598331], "[1, 38]": [5935.427518741831, 6000.120956681261, -600, -600], "[1, 12]": [-600, -600, 5165.191709866751, -600], "[1, 40]": [5047.52331985309, -600, 5547.4671121622105, -600], "[4, 13]": [-600, -600, -600, 2435.4772003222324], "[1, 10]": [-600, 5921.228372440068, -600, -600], "[7, 17]": [5951.168053954276, -600, -600, 6664.107502707943], "[1, 6]": [4812.399049066203, -600, -600, -600],