{"[4, 8]": [-600, 11873.755425658732, 12067.989144787429, -600], "[0, 0]": [11439.777346267962, 11788.28028147999, 11157.68738505474, 0], "[0, 1]": [11970.088517020235, 11622.947028586297, 0, 12293.506730685689], "[1, 3]": [12405.484103848567, 0, 11474.444736925312, 11720.970814142633], "[1, 7]": [-600, 11484.45155586438, 11233.240423230174, 11364.66953709499], "[2, 3]": [11708.144301147655, 0, 11399.364704819724, 11398.334626787368], "[2, 7]": [-600, 11367.330037893265, 11378.465144014517, 11398.852087867122], "[2, 0]": [11095.147769820513, 11578.693072262313, 11537.946203000274, 0], "[2, 1]": [12082.49816325926, 11648.40634132564, 0, 11576.695381267253], "[1, 0]": [11269.10109333301, 11685.30116911797, 11550.550240619801, 0], "[0, 7]": [-600, 11598.714381042528, 11126.321767913138, 11008.98718922446], "[0, 3]": [12033.672943798643, 0, 11088.90678668181, 12322.012303256415], "[7, 1]": [11856.00662146408, 11662.747962205516, 0, 12114.716009387072], "[7, 3]": [11913.6217496526, 0, 11468.7385007438, 12200.340977511525], "[7, 4]": [9185.932844604224, -600, 11547.617584990836, -600], "[6, 5]": [10724.578209641284, -600, -600, 11992.687140089603], "[6, 3]": [11862.959726655461, 0, 11371.5218427641, 12077.142682706704], "[6, 1]": [11286.622491920727, 11647.663173341938, 0, 12064.499580579573], "[6, 4]": [9146.381385496827, -600, 12158.619504379792, -600], "[0, 4]": [9423.036745251475, -600, 11896.247252828933, -600], "[0, 11]": [-600, -600, 11954.172334713601, 11289.413473600756], "[6, 0]": [11856.879334265166, 12078.648291827514, 12001.583342568547, 0], "[6, 7]": [-600, 12111.167698285075, 12161.728673891088, 12105.89524948941], "[6, 9]": [-600, 12117.343385664743, -600, 11087.58851145991], "[5, 11]": [-600, -600, 12133.62189768057, 11704.739719350435], "[4, 11]": [-600, -600, 11690.056963309706, 11218.449224798454], "[4, 7]": [-600, 12124.402864838254, 11746.111282492086, 11689.858517836772], "[4, 0]": [11973.756130039103, 12164.968261945922, 11862.795679248467, 0], "[4, 9]": [-600, 12111.188077121575, -600, 11112.243748440917], "[2, 4]": [10097.272770442869, -600, 11075.007765253999, -600], "[3, 2]": [11994.096415997408, 10953.262020032511, -600, -600], "[3, 0]": [11891.919559686532, 12382.183895534865, 11709.015860652808, 0], "[3, 7]": [-600, 11115.26433485084, 11628.688472066295, 11559.82154300502], "[3, 3]": [10138.37638869639, 0, 11644.602833894167, 9650.665082817317], "[3, 1]": [12084.480738679653, 10978.377285706481, 0, 11591.194183909953], "[4, 1]": [11603.639175937467, 12145.443459921491, 0, 11623.169974017423], "[4, 3]": [11475.259029405443, 0, 11869.703062005057, 11490.931056229972], "[1, 1]": [12422.280239319058, 11698.189130220018, 0, 11637.283398130485], "[7, 0]": [11983.805378480982, 11653.63662941133, 11661.62496068087, 0], "[7, 7]": [-600, 11714.595997691655, 11397.591391735965, 12184.198067184094], "[0, 5]": [12097.87773493372, -600, -600, 11616.657269596526], "[2, 9]": [467.00520367623926, 9759.03496767531, -600, 10761.149797554239], "[2, 5]": [11902.886327295002, -600, -600, 11617.047405274803], "[2, 2]": [11754.681384810847, 11525.864143821855, -600, -600], "[4, 4]": [11763.017762704934, -600, 9893.301169600943, -600], "[4, 2]": [12002.760720052067, 11435.031595760705, 647.4275222926381, -600], "[0, 9]": [-600, 7667.803111757073, -600, 9874.029666803017], "[6, 11]": [-600, -600, 12145.046401674897, 11926.01335193458], "[7, 5]": [11917.189252536893, -600, -600, 11765.74094636089], "[5, 0]": [11762.668102863625, 11846.040173861908, 12165.919985313682, 0], "[5, 7]": [-600, 12107.091307419276, 11678.922129876348, 11456.392974936], "[5, 3]": [11757.865601358306, 0, 12122.138164503149, 11834.225843769073], "[3, 29]": [11904.269866914785, 12449.682321176386, 11897.823708504306, 0], "[5, 1]": [11556.529611894977, 12016.05316384074, 0, 11576.470491299235], "[3, 8]": [-600, 12429.942739939645, 11845.392304882545, -600], "[2, 8]": [-600, 11263.024329111975, 10937.830396342019, -600], "[1, 4]": [12198.16080867892, -600, 11196.296052551748, -600], "[1, 2]": [12236.717602797858, 11707.019669843303, -600, -600], "[1, 8]": [-600, 11675.018182251939, 10897.0577757164, -600], "[5, 24]": [641.2481537463565, -600, 12127.998837043611, -600], "[3, 32]": [0, 12286.307198950099, 12066.802504117433, 12081.585963832133], "[1, 5]": [12084.105741666914, -600, -600, 11753.32211113846], "[1, 37]": [12528.40062573267, 11816.614186605804, 0, 11728.160088785231], "[6, 8]": [-600, 11938.8018275423, 12142.542829471833, -600], "[3, 30]": [12246.912331202897, 12445.05593127059, 0, 11446.535303270271], "[6, 12]": [-600, -600, 12168.401685671039, 655.0959115941741], "[5, 25]": [0, 4142.033580867976, 12321.7249354342, 6330.378881312948], "[2, 11]": [-600, -600, 10854.151380613865, 11333.068607718633], "[7, 15]": [11806.701778893985, 11514.632166645217, 0, 12236.93938290218], "[7, 16]": [11874.175878393075, 0, 11417.103463721662, 12371.868803122537], "[4, 5]": [10133.851092046476, -600, -600, 11646.08411329067], "[5, 8]": [-600, 12148.708629017867, 11853.26660309025, -600], "[5, 9]": [-600, 11968.746154211844, -600, 5084.837115430713], "[5, 22]": [11287.968093372538, 10799.33758496799, 12227.130459674496, 0], "[0, 2]": [10729.284194833295, 11520.939502766716, -600, -600], "[0, 8]": [-600, 11499.979664480818, 10612.394044613582, -600], "[7, 11]": [-600, -600, 11778.101361877521, 12182.537013273522], "[6, 2]": [10677.70558411303, 12032.922248524586, -600, -600], "[7, 2]": [11598.328182633748, 11743.069202528412, -600, -600], "[5, 4]": [11830.856890057614, 0, 4555.168962640741, -600], "[5, 2]": [11086.782754032472, 11954.334112873417, -600, -600], "[5, 23]": [5634.3153159648755, 0, 12123.965284562944, 4217.661039119593], "[4, 12]": [-600, -600, 10354.8779531165, -600], "[1, 36]": [12201.119282679661, 11977.01224038532, 12053.975483163957, 0], "[3, 4]": [10964.600659451076, -600, 4699.750336785268, -600], "[7, 18]": [0, 11863.31591522431, 11649.683517140607, 12298.140606121256], "[1, 6]": [11382.666236895062, 767.5505443657037, -600, -600], "[1, 10]": [-600, 10136.114998888015, -600, -600], "[7, 13]": [-600, -600, -600, 12044.268762465026], "[4, 10]": [-600, 12075.766537195066, -600, -600], "[1, 9]": [-600, 8194.74260834204, -600, 10307.29733271568], "[0, 6]": [11500.550181109162, -600, -600, 699.6762894269359], "[1, 39]": [12445.5486009964, 0, 12128.060195544333, 12175.87276180331], "[2, 13]": [-600, -600, -600, 11028.30409629581], "[3, 5]": [11531.290521399613, -600, -600, 10299.70539038164], "[2, 10]": [-600, 11019.96893316952, -600, -600], "[3, 9]": [-600, 12383.713216602315, -600, 9373.335253205449], "[3, 11]": [319.62402984085463, -600, 11343.16037604549, 9697.514407472254], "[0, 13]": [740.8459783034359, -600, -600, 11988.73916681349], "[7, 9]": [-600, 11643.058500167395, 0, 5113.8846037129215], "[7, 8]": [-600, 11814.001650289694, 11196.142316369505, -600], "[5, 26]": [-600, 5488.857435900109, 12394.590657434896, -600], "[6, 13]": [-600, -600, -600, 11732.06299661949], "[6, 6]": [11606.508574809557, -600, -600, -600], "[2, 6]": [9706.684785948486, -600, -600, -600], "[1, 40]": [12252.236489286272, -600, 10200.917358205263, -600], "[1, 11]": [-600, -242.76400262845436, 11331.653482678206, 11589.808780156223], "[6, 10]": [-600, 12045.627257686483, -600, -600], "[1, 13]": [-600, -600, -600, 11598.70084605443], "[3, 12]": [-600, -600, 10801.749458487804, -600], "[4, 6]": [9450.876134810038, -600, -600, -600], "[7, 19]": [-600, 4808.598899065102, -600, 12352.043951421614], "[4, 13]": [-600, -600, -600, 9081.531767297653], "[1, 38]": [12301.65915935314, 12134.209319405547, -600, -600], "[2, 12]": [517.0378769082188, -600, 10895.649160024659, -600], "[2, 14]": [-600, -600, -600, -600], "[5, 5]": [11947.148994658006, -600, -600, 10332.875257726573], "[3, 33]": [-600, 12534.17174376163, 11602.532295159135, -600], "[3, 34]": [-600, 12433.68796475316, -600, 2843.937746288654], "[3, 31]": [9337.64850178861, 12334.931135607805, -600, -600],