{"[4, 8]": [-600, 10887.557495466157, 11407.981001647368, -600], "[2, 7]": [0, 11294.539382177278, 10979.908514484776, 10946.913291443625], "[2, 3]": [10508.88971286148, 0, 10601.46912120677, 10858.360847015862], "[2, 1]": [11398.7882720659, 11230.310001783651, 0, 11227.716906980302], "[2, 0]": [10553.798193074155, 11399.307083471018, 11081.224462560818, 0], "[2, 9]": [2014.1202675302702, 10963.9554410393, -600, 9092.168338333344], "[2, 2]": [10974.691623691753, 11375.695037150088, -600, -600], "[2, 5]": [11276.802989961763, 1897.297445564937, -600, 10884.016402152994], "[1, 0]": [11425.330075809832, 11078.791378443262, 11167.30886571893, 0], "[1, 9]": [-600, 9437.142099309254, -600, 7930.325752148636], "[6, 1]": [10836.810285938682, 10797.756916235627, 0, 11136.163345016983], "[6, 0]": [10975.464812439648, 10688.581554276187, 10682.604848694627, 0], "[6, 7]": [0, 10877.787418354521, 10666.113611574252, 10803.288368708349], "[6, 4]": [9446.029603625459, -600, 8480.682963157067, -600], "[7, 11]": [-600, -600, 10896.201885624316, 11303.609792770741], "[7, 3]": [11065.35153697651, 0, 10920.029479682657, 10903.14955245024], "[0, 7]": [0, 10489.640382286096, 10699.03043112479, 10599.582918390213], "[0, 3]": [10649.35342803717, 0, 10664.116345560356, 10931.447003871544], "[1, 39]": [10331.802645218815, 0, 10760.354543113244, 10875.765672115456], "[2, 4]": [9038.635469859533, -600, 10960.977124690138, -600], "[6, 3]": [11107.176329465648, 0, 10952.909271128607, 10831.31628540251], "[6, 5]": [10620.841943507308, -600, -600, 10659.129964579515], "[1, 3]": [11448.11541044369, 0, 11197.414435276321, 11121.950982530281], "[1, 7]": [0, 10753.08194405876, 10651.150897452748, 10660.32308715678], "[0, 0]": [9833.88347196439, 10541.440885256983, 10673.261786487943, 0], "[0, 9]": [-600, 10756.097723911062, -600, 9835.458836532951], "[5, 11]": [-600, -600, 11213.606904027436, 11282.619141467609], "[4, 11]": [560.2130670048527, -600, 10570.641631293063, 11309.651910164248], "[3, 1]": [11403.861926804375, 11436.598501230492, 0, 11430.635447802302], "[4, 1]": [11070.460525935607, 11117.77012408891, 0, 11193.744164419835], "[4, 4]": [9259.2503443677, -600, 10663.098142604887, -600], "[1, 37]": [11447.398873056653, 11128.663967624367, 0, 11020.174505057617], "[3, 30]": [11187.706125692646, 10424.29091557727, 0, 11140.394274104181], "[0, 2]": [10992.433737054289, 10579.141407919213, -600, 577.3454819344076], "[0, 1]": [11017.17385735766, 10752.62625889793, 0, 10846.321799689409], "[0, 5]": [10877.390798442764, -600, -600, 10740.025749666836], "[0, 11]": [-600, -600, 10385.66181552256, 10678.080788226338], "[0, 8]": [-600, 10576.37868633711, 10024.577235869305, -600], "[7, 1]": [11108.78290478217, 10847.449625423418, 0, 10972.626470344503], "[7, 0]": [10939.737533752386, 10855.183145382749, 10901.865872098973, 0], "[6, 9]": [-600, 9768.679521958844, -600, 11104.435862264023], "[6, 8]": [-600, 10586.5260781027, 10619.87597032583, -600], "[6, 12]": [-600, -600, 9104.457985077988, -600], "[1, 1]": [11418.571946344558, 11160.596288996185, 0, 10584.771546274123], "[2, 8]": [-600, 10087.08187712108, 10820.331430384585, -600], "[5, 0]": [11139.445921217412, 11255.370859545388, 11306.40879386475, 0], "[5, 3]": [11176.195613335962, 0, 11247.17478960213, 11224.058456472723], "[5, 1]": [10689.470711246244, 10853.22995797592, 0, 10616.652898867438], "[5, 9]": [-600, 8702.183662044534, -600, 9440.375228655364], "[6, 11]": [-600, -600, 10552.849467272288, 11273.684492014814], "[5, 24]": [9282.729441461765, -600, 11452.587657419794, -600], "[5, 10]": [-600, 10024.566725049357, -600, -600], "[5, 12]": [-600, -600, 11332.037154262667, -600], "[5, 26]": [-600, 10780.402992279613, 11468.547171334014, -600], "[4, 0]": [11181.913289285887, 11181.468355510871, 11140.061500811407, 0], "[4, 2]": [10867.798915552303, 11042.8516772995, -600, -600], "[4, 6]": [8027.958996547965, -600, -600, 633.4488752882819], "[4, 10]": [-600, 9438.862499797751, -600, -600], "[7, 7]": [0, 10831.688946721059, 10866.404182356024, 11072.592126837477], "[1, 8]": [-600, 10690.485151890616, 10665.40257160713, -600], "[1, 10]": [-600, 9082.385664610316, -600, -600], "[3, 3]": [10049.624230109941, 0, 10197.094203371646, 11001.793831953757], "[2, 10]": [-600, 10702.660404097334, -600, -600], "[7, 16]": [10932.979857665103, 0, 10816.88405679714, 10631.424793840335], "[6, 6]": [7613.053131073639, -600, -600, -600], "[4, 9]": [-600, 10618.098709843882, -600, 9692.309676246634], "[4, 12]": [-600, -600, 11373.46581743772, -600], "[7, 15]": [11321.69378088785, 11247.21015999751, 0, 11395.998163325712], "[2, 11]": [-600, -600, 11006.705313409271, 10422.878269194915], "[0, 4]": [8235.849211931103, -600, 9993.950111670338, -600], "[0, 13]": [649.0171537103606, -600, -600, 9542.367797928931], "[4, 3]": [10730.139253086036, 0, 10944.937872925682, 10996.195343150303], "[4, 7]": [0, 11299.280402739767, 11384.152557987552, 11271.90989054042], "[5, 22]": [10776.635883262801, 10708.882295702486, 10650.907626349417, 0], "[7, 4]": [9854.753525044984, -600, 9060.076479037574, -600], "[7, 5]": [10883.488915961476, -600, -600, 11031.308746674174], "[5, 25]": [0, 11259.197171599531, 11305.604579352648, 11335.109527886108], "[5, 4]": [10404.805457615708, 0, 11118.444867922535, -600], "[5, 8]": [-600, 10874.02893465676, 11395.10152469279, -600], "[5, 23]": [11242.247148220948, 0, 10924.579710199987, 11391.587925927462], "[5, 7]": [0, 11197.394002333675, 11214.16755192798, 11279.970595804622], "[3, 29]": [11304.249706883447, 11601.48444707505, 11260.765050489497, 0], "[0, 6]": [10473.513097133991, 461.94328317076724, -600, -600], "[1, 2]": [11423.312450484696, 10617.911959237566, -600, -600], "[3, 9]": [-600, 11525.395971476893, -600, 11175.236875262692], "[3, 8]": [-600, 11385.942487009626, 11251.359691442633, -600], "[1, 36]": [11514.238080369909, 10684.626227648885, 10798.673898078729, 0], "[7, 21]": [-600, -600, -600, 10003.842595575465], "[6, 13]": [-600, -600, -600, 9837.160733709616], "[3, 34]": [-600, 11329.493129229315, -600, 11119.659822494905], "[3, 11]": [-600, 623.9992367349366, 10959.053764333794, 11003.711243586433], "[3, 10]": [-600, 10750.150039790182, -600, -600], "[1, 5]": [11291.178565014772, 591.3109573607969, -600, 11152.635317946071], "[3, 33]": [-600, 11651.72514741634, 11399.827593314129, -600], "[1, 38]": [11469.138882753015, 11434.408881109146, -600, -600], "[3, 0]": [11259.621430320474, 11444.712998498459, 11311.944403272437, 0], "[3, 2]": [11511.937431746857, 11529.032218791503, -600, -600], "[3, 32]": [0, 11254.436541424819, 11083.980159026136, 11084.644445934728], "[7, 9]": [-600, 10784.202294519306, -600, 11309.466127795928], "[7, 8]": [-600, 10463.75682057635, 10704.873382813099, -600], "[3, 7]": [0, 11413.48019548494, 11350.136560717958, 11373.5637714939], "[7, 20]": [-600, -600, 10988.489584765952, 11424.867721090848], "[2, 6]": [7470.120523739868, 661.4628876978625, -600, -600], "[7, 18]": [0, 10645.731688944683, 10695.972074268502, 10187.351631306634], "[0, 12]": [-600, -600, 9548.851118484972, -600], "[3, 4]": [10763.312223589232, -600, 10884.564514312804, -600], "[6, 2]": [10032.996236193609, 10463.558071958367, -600, 614.751136934761], "[5, 5]": [11124.171846665917, 470.8536494654529, -600, 11268.309714539024], "[1, 4]": [10544.544133716565, -600, 10336.721051389817, -600], "[6, 10]": [-600, 7717.507555759, -600, -600], "[3, 12]": [-600, -600, 10868.286388811322, -600], "[4, 14]": [-600, -600, -600, -600], "[7, 17]": [11487.32318761023, -600, 1205.04368158236, 11242.515526062392], "[4, 5]": [11066.843662131494, -600, -600, 10921.045285238148], "[7, 12]": [-600, -600, 10294.084882240177, -600], "[3, 31]": [11216.998819759137, 11214.577050488871, -600, -600], "[3, 5]": [11412.664257559923, -600, -600, 11438.918503455934], "[2, 13]": [-600, -600, -600, 6733.990545780024], "[7, 19]": [-600, 10178.741716145914, 0, 9833.164639621049],