{"[5, 1]": [35.23562632230039, 61.78793494252743, -600, 1250.6322456625564], "[6, 0]": [696.4944418688127, 732.9612410162465, 1644.868749114116, -600], "[6, 7]": [-600, 1260.0840216725305, 1408.5810280064723, 1795.0474688516495], "[6, 1]": [661.9772396700413, 590.5316359913343, -600, 1682.3139440782293], "[6, 3]": [1239.7016185087984, -600, 1792.1417856489377, 1400.735097170954], "[6, 9]": [-600, 117.49750086510528, -600, 1552.6428002777002], "[6, 8]": [-600, 414.5501849369807, 1645.7292034448535, -600], "[4, 9]": [-600, 1505.7851175991677, -600, 115.60351590192683], "[4, 8]": [-597.7805071778067, 1804.9199731345993, 1233.810854051706, -600], "[4, 7]": [-600, 1813.815899165651, 1429.8926122329435, 1262.8043913436468], "[4, 0]": [1273.6031455030875, 1435.9692329814748, 1811.8884664514658, -600], "[4, 11]": [-600, -600, 1618.2072878726854, 415.2422975403372], "[7, 7]": [-600, 309.51902388274993, 521.8930857018902, 1951.541844905195], "[7, 3]": [1327.7810645902287, -600, 1260.1761409997239, 2017.5278166057462], "[0, 7]": [-600, 655.090787254626, 669.2449628758106, 1657.3504919218483], "[0, 3]": [1736.1323350139023, -600, 1186.688418454469, 1349.1908921150443], "[0, 1]": [1382.2341579521647, 1194.6355973356071, -600, 1721.4345060514072], "[0, 0]": [1587.491910464428, 668.1209517941099, 664.5173790692342, -600], "[7, 1]": [601.9357358654951, 314.82187025891017, -600, 1983.2256994874251], "[7, 0]": [1344.2573172858831, 29.14562071692428, 69.61129738184874, -600], "[5, 3]": [207.4657627130288, -600, 1979.0733507767816, 532.986978824607], "[4, 3]": [612.8718994331821, -600, 1717.6531224051407, 690.3949010741389], "[4, 1]": [659.9247098449239, 1653.9270366673074, -600, 586.3279777331546], "[5, 0]": [286.7506763698876, 553.6436552115939, 1983.5853632749797, -600], "[5, 7]": [-600, 1326.2303403833307, 2022.7443421793485, 1413.8844113689825], "[2, 3]": [1662.716505562425, -600, 594.4444134791345, 661.3489420655192], "[2, 7]": [-600, 1649.8970233718446, 707.7232788539178, 698.3319856014225], "[2, 1]": [1373.934943219009, 1764.1916743824388, -600, 1204.1523262638643], "[2, 0]": [1765.6978948019919, 1372.7260260902312, 1225.4168550312163, -600], "[1, 0]": [1920.2419617976004, 511.75946866132233, 281.41218853905457, -600], "[1, 7]": [-600, 61.467892586115184, 24.91363665132655, 1334.1130357372122], "[1, 3]": [1914.0055279859305, -600, 232.92575764950683, 519.8917963046507], "[2, 4]": [1526.2285826655816, -600, 120.26755214668603, -600], "[2, 8]": [-600, 1625.6873435671182, 444.77876169806, -600], "[2, 9]": [-600, 865.5725679755225, -600, 32.51204671629513], "[2, 2]": [1756.7789765712557, 1171.837517506724, -600, -600], "[1, 1]": [1999.3611566490395, 1189.7708832347698, -600, 1259.7117229107878], "[3, 1]": [569.6184085394918, 1960.2330523821033, -600, 223.0075747818172], "[3, 3]": [52.306786340759665, -600, 1216.9899492698944, 23.321386274237096], "[3, 7]": [-600, 1931.3834655341145, 491.7321138935785, 229.93513943199844], "[0, 4]": [928.1452241118761, -600, 37.90416345410199, -600], "[0, 11]": [-600, -600, 359.75451365246676, 1498.719879911234], "[5, 11]": [-600, -600, 1947.04607332553, 444.3961013006435], "[6, 4]": [40.536779624111674, -600, 1060.7216090664213, -600], "[3, 32]": [0, 1951.849982579869, 155.50589718339623, 57.83820059291431], "[5, 23]": [61.671812382708, 0, 1975.9752893188042, 188.23483741622888], "[3, 29]": [853.7100130091186, 2065.9022457975316, 823.8800929779541, 0], "[1, 36]": [1953.2563509572972, 157.28206757248358, 87.1016970956394, 0], "[4, 2]": [352.67588028243597, 1627.7072662001979, -600, -600], "[6, 11]": [-600, -600, 1188.2547494163373, 1779.7085170600171], "[5, 8]": [-600, 582.1817221446868, 1949.869858447572, -600], "[5, 2]": [24.269908453630805, 1220.4012667478164, -600, -598.4633931984902], "[4, 5]": [1385.5752578522538, -600, -600, 132.5190522857121], "[5, 25]": [0, 876.19364902626, 2094.7025608822296, 939.561274174852], "[7, 18]": [0, 98.34372424645714, 171.97105593647885, 1969.2634974027703], "[3, 11]": [-600, -600, 1082.1935674698111, 21.455669282244557], "[2, 5]": [1516.5863969359577, -600, -600, 348.7035189716995], "[0, 5]": [1718.7607278710893, -600, -600, 1056.225740157643], "[7, 5]": [343.9473442584182, -600, -598.6568356678732, 1914.9476484575082], "[4, 4]": [130.27546870745832, -600, 1655.343718163458, -600], "[7, 4]": [1.9262334147186995, -600, 424.40051140368587, -600], "[0, 13]": [-600, -600, -600, 1631.0580130510803], "[6, 5]": [355.71902873208586, -598.073642348903, -600, 1562.8986842343886], "[0, 9]": [-600, 9.711448878516881, -600, 770.8571490741404], "[3, 8]": [-597.7912364757979, 1815.0703432046844, 453.06443141795654, -600], "[2, 10]": [-600, 1684.5743023393522, -600, -600], "[3, 0]": [1332.2265082159533, 2006.0430975064044, 1295.015309492112, -600], "[0, 2]": [1571.684938740191, 341.9868961841866, -600, -600], "[5, 4]": [6.805387587038244, -600, 1676.6729664185918, -600], "[1, 5]": [1749.577860768754, -600, -600, 258.26216304120214], "[1, 37]": [2057.184104814674, 751.0172357528677, 0, 774.6392270752746], "[3, 33]": [-600, 1953.5973023607698, 117.98629555472101, -600], "[5, 22]": [89.2994209064539, 179.34080327285764, 1978.7189763691206, 0], "[0, 8]": [-600, 1443.0340515629155, 186.88545996518712, -600], "[5, 9]": [-600, 6.323644419724665, -600, 810.7275728627114], "[2, 13]": [-600, -600, -600, 1421.2588666554723], "[1, 2]": [1799.242400030634, 383.97336663370163, -600, -600], "[3, 30]": [157.01009848832024, 1953.8510684118755, 0, 62.82316340723327], "[2, 11]": [-600, -600, 1467.103915900649, 167.18036371239046], "[3, 5]": [933.6948034828353, -600, -600, 13.755136955661634], "[0, 6]": [1565.6069505899036, -600, -600, -600], "[1, 39]": [1952.0239121078496, 0, 59.95303029052755, 159.38477656256728], "[4, 10]": [-600, 1638.2321096596293, -600, -600], "[3, 2]": [418.37474794550815, 1926.6615860275508, -600, -600], "[2, 6]": [1560.4053239655066, -600, -600, -600], "[3, 4]": [9.250472370366762, -600, 717.6534706677652, -600], "[1, 13]": [-600, -600, -598.87987860579, 1004.1220512573295], "[1, 9]": [-600, 4.8547622418344965, -600, 220.15198960803252], "[5, 10]": [-600, 1094.7803206675353, -600, -600], "[6, 12]": [-600, -600, 1714.5061097617697, -600], "[7, 15]": [166.34461099644474, 84.3423038104001, 0, 1981.3505418981688], "[7, 16]": [850.5812208993308, 0, 811.4307845220033, 2086.0227298600366], "[6, 2]": [185.35382315642764, 1462.3488569704168, -600, -600], "[5, 27]": [-600, -600, 1847.5152350855064, 73.45773919330024], "[5, 5]": [13.42602561044836, -600, -600, 911.2868063642625], "[4, 12]": [-600, -600, 1727.9309035708732, -600], "[3, 9]": [-600, 1541.1232769891767, -600, 5.0964345160707625], "[7, 2]": [1368.0151410608726, 51.97427215349324, -600, -600], "[7, 9]": [-600, 16.486322451125716, -599.0117473579022, 1619.744133908169], "[2, 12]": [-600, -600, 1481.4066710493998, -600], "[6, 13]": [-600, -600, -600, 1601.8668206815828], "[4, 6]": [1351.6453885410542, -600, -600, -600], "[7, 11]": [-600, -600, 450.0730432217768, 1839.3022945270518], "[1, 4]": [1466.0389591936505, -600, 9.347942099218908, -600], "[1, 10]": [-600, 1014.5453584119648, -600, -600], "[3, 34]": [-600, 955.9576469200686, 0, 3.6366093285005494], "[1, 38]": [1886.6760613755605, 97.0536522356047, -598.6289819212257, -600], "[1, 8]": [-600, 1298.5925353590212, 42.97062775537648, -600], "[1, 11]": [-600, -600, 21.263497893941366, 1156.2100019170991], "[0, 12]": [-600, -600, 1465.768224342211, -600], "[6, 6]": [1498.694860900774, -600, -600, -600], "[7, 20]": [-600, -600, 109.14420717551334, 1943.4533427892482], "[0, 10]": [-600, 1360.6900096901973, -600, -600], "[5, 12]": [-600, -600, 1832.5136862709437, -600], "[5, 26]": [-600, 121.57807836519805, 1992.706297255992, -600], "[4, 13]": [-600, -600, -600, 1512.6019850722225], "[7, 8]": [-600, 60.43364141860399, 1382.7536574841522, -600], "[1, 40]": [877.995031728221, 0, 3.997349569783169, -600], "[6, 10]": [-600, 1474.339118583379, -600, -600], "[7, 19]": [-600, 5.90030116728934, 0, 1017.3814989331984],