{"[5, 1]": [35.23562632230039, 60.207804833853714, -600, 1119.5518428763155], "[6, 0]": [683.4304704411425, 728.5639244792746, 1542.343702387266, -600], "[6, 7]": [-600, 1240.836498415844, 1382.0423524861767, 1679.7464570119491], "[6, 1]": [651.4012474449772, 585.7073965790316, -600, 1580.2051742153176], "[6, 3]": [1222.7870031667999, -600, 1683.4359433241368, 1375.8606150569744], "[6, 9]": [-600, 114.54696384410151, -597.9266475230583, 1441.6892498484333], "[6, 8]": [-600, 407.6961983564524, 1529.347858029413, -600], "[4, 9]": [-600, 1429.149608383784, -600, 114.4488409981054], "[4, 8]": [-597.868303211632, 1699.466297858054, 1211.525698768203, -600], "[4, 7]": [-600, 1716.883625852488, 1409.1788401649446, 1253.32416669156], "[4, 0]": [1252.9999515062898, 1415.4817908479802, 1708.932396302166, -600], "[4, 11]": [-600, -597.7162112295548, 1534.4562685454766, 409.2037505428213], "[7, 7]": [-600, 301.5081919664276, 513.2048343313347, 1844.0531776955163], "[7, 3]": [1306.2916434950605, -600, 1236.0698561443123, 1917.0258219520772], "[0, 7]": [-600, 645.3188282103791, 660.8342271916393, 1552.3414536937023], "[0, 3]": [1629.368570844109, -600, 1166.0938142095954, 1326.9823342641641], "[0, 1]": [1352.0712903254232, 1173.7561302555177, -600, 1623.308600424938], "[0, 0]": [1487.9139007677277, 661.6756607884156, 648.1901989631425, -600], "[7, 1]": [589.7947831129013, 308.13449621100045, -600, 1860.0143083264102], "[7, 0]": [1211.7252295909536, 29.14562071692428, 69.61129738184874, -600], "[5, 3]": [199.97254586054984, -600, 1866.2953081419898, 523.9371810080926], "[4, 3]": [604.4270115033297, -600, 1619.8108812331225, 686.5895845861488], "[4, 1]": [650.8444196822768, 1546.9114793932042, -600, 579.1811867084925], "[5, 0]": [278.56717937341745, 541.9979832691329, 1872.4316108939108, -600], "[5, 7]": [-600, 1301.283627462285, 1911.9978048189437, 1387.6257498070518], "[2, 3]": [1554.77025058789, -600, 581.0168070100592, 646.8321284113321], "[2, 7]": [-600, 1538.0256721826077, 698.9505683443132, 686.1474387758694], "[2, 1]": [1348.677648011343, 1651.8342065688862, -600, 1189.339804516082], "[2, 0]": [1654.689928631721, 1351.1712257187985, 1204.7325775885447, -600], "[1, 0]": [1814.3746747653734, 505.4352089494787, 268.5839969640801, -600], "[1, 7]": [-600, 61.467892586115184, 24.91363665132655, 1191.2031117356853], "[1, 3]": [1807.772607979573, -600, 223.6125755614936, 510.26735018477063], "[2, 4]": [1434.143833171486, -600, 113.04415902538419, -600], "[2, 8]": [-597.7714693878455, 1519.898269017441, 439.9713285787314, -600], "[2, 9]": [-600, 785.9077210725613, -600, 32.51204671629513], "[2, 2]": [1644.829239997745, 1144.612901855545, -600, -600], "[1, 1]": [1900.4139244111468, 1170.5342995379608, -600, 1234.1129714790475], "[3, 1]": [559.8479648766942, 1837.8075067391571, -600, 218.1581901702547], "[3, 3]": [50.72817489424882, -600, 1087.0094093165292, 23.321386274237096], "[3, 7]": [-600, 1826.7607494392819, 486.36650220148766, 222.42165073033203], "[0, 4]": [813.2468139604428, -600, 37.90416345410199, -600], "[0, 11]": [-600, -600, 352.403179410339, 1399.633128450325], "[5, 11]": [-600, -600, 1837.0296507101039, 430.2439551434785], "[6, 4]": [37.660385367226766, -600, 921.7753865281878, -600], "[3, 32]": [0, 1834.748415457726, 154.02865801167334, 55.80464054960978], "[5, 23]": [60.89938865496438, 0, 1845.2275297462809, 186.80475610728965], "[3, 29]": [835.5635804660186, 1955.377978065023, 808.703043852668, 0], "[1, 36]": [1831.797532825488, 155.8755990441142, 83.78246599252448, 0], "[4, 2]": [350.1944480949285, 1540.5661056799618, -600, -600], "[6, 11]": [-600, -600, 1167.7887169194628, 1676.0417941578123], "[5, 8]": [-600, 571.1362123865463, 1836.683352511157, -600], "[5, 2]": [24.269908453630805, 1065.0841471516255, -600, -598.4633931984902], "[4, 5]": [1245.882202807148, -593.9374632798994, -600, 120.33485850858332], "[5, 25]": [0, 861.7415061958038, 1988.2347869596651, 923.2750388826239], "[7, 18]": [0, 97.13698126957773, 167.68646030974284, 1851.2811532614846], "[3, 11]": [-600, -600, 914.8036082645042, 21.455669282244557], "[2, 5]": [1430.8982559151295, -600, -600, 345.04292054061796], "[0, 5]": [1614.6666284615533, -600, -600, 1035.5275387011038], "[7, 5]": [340.18659466890693, -598.2204371230788, -600, 1802.604244198244], "[4, 4]": [123.28622632820539, -600, 1538.1180472762765, -600], "[7, 4]": [1.9262334147186995, -600, 305.9417304370993, -600], "[0, 13]": [-600, -600, -600, 1530.5863957312702], "[6, 5]": [351.96245317170167, -598.073642348903, -600, 1484.3927118396064], "[0, 9]": [-600, 9.711448878516881, -600, 714.730071333447], "[3, 8]": [-600, 1704.5676788679439, 444.16552332253974, -600], "[2, 10]": [-600, 1573.0453291028605, -600, -600], "[3, 0]": [1312.9244101809506, 1888.4599835416343, 1274.1736280204707, -600], "[0, 2]": [1461.0854917331542, 338.0524272950337, -600, -600], "[5, 4]": [6.310942496223349, -600, 1519.48283373427, -600], "[1, 5]": [1648.081345645231, -600, -598.6560905963452, 253.34557033174855], "[1, 37]": [1947.9570405508234, 739.9825757535579, 0, 765.8678014140523], "[3, 33]": [-600, 1826.01112301758, 116.5280045777631, -600], "[5, 22]": [86.10775539509297, 177.95669796928738, 1863.64050499968, 0], "[0, 8]": [-600, 1301.9798329140872, 178.7504843153001, -600], "[5, 9]": [-600, 4.948025409937978, -600, 615.2366384497417], "[2, 13]": [-600, -600, -600, 1259.1210550403703], "[1, 2]": [1686.0284921752711, 377.3366299182262, -600, -600], "[3, 30]": [152.78942586233674, 1841.6373108391228, 0, 61.732316826170106], "[2, 11]": [-600, -600, 1338.6510539737437, 158.94663239815978], "[3, 5]": [820.8360787145821, -600, -600, 13.755136955661634], "[0, 6]": [1457.5768184947976, -600, -600, -600], "[1, 39]": [1829.3719612559548, 0, 58.94161769935895, 159.38477656256728], "[4, 10]": [-600, 1532.59078802899, -597.7120500205152, -600], "[3, 2]": [411.275807073498, 1808.0725995926796, -597.8619364923915, -600], "[2, 6]": [1458.2447034245686, -600, -600, -600], "[3, 4]": [9.250472370366762, -600, 558.7091508940604, -600], "[1, 13]": [-600, -600, -598.87987860579, 822.4453033360061], "[1, 9]": [-600, 4.8547622418344965, -600, 133.02639336102217], "[5, 10]": [-600, 893.86259055523, -600, -600], "[6, 12]": [-600, -600, 1593.4034628073762, -600], "[7, 15]": [164.87954709413185, 83.12323498449136, 0, 1860.583083941595], "[7, 16]": [833.0422430535695, 0, 798.5359154633034, 1975.37252911765], "[6, 2]": [181.0622914627423, 1339.4050353134905, -600, -600], "[5, 27]": [-600, -600, 1725.1655982658488, 71.97821604669063], "[5, 5]": [13.42602561044836, -600, -600, 781.7945360760226], "[4, 12]": [-600, -600, 1632.3250403677143, -600], "[3, 9]": [-600, 1398.0182475837503, -600, 4.553870666285898], "[7, 2]": [1205.6595950151204, 46.688145597478126, -600, -600], "[7, 9]": [-600, 13.564069573140094, -599.0117473579022, 1462.127543079997], "[2, 12]": [-600, -600, 1309.5782494530172, -600], "[6, 13]": [-600, -600, -600, 1458.4256110199751], "[4, 6]": [1169.135497968722, -600, -600, -600], "[7, 11]": [-600, -600, 447.5287317051755, 1721.8609475068336], "[1, 4]": [1287.6468811114337, -600, 9.347942099218908, -600], "[1, 10]": [-600, 803.4558738083905, -600, -600], "[3, 34]": [-600, 843.271648752067, 0, 3.6366093285005494], "[1, 38]": [1751.0402330299655, 95.65782077491092, -598.6289819212257, -600], "[1, 8]": [-600, 1134.2685742479896, 42.97062775537648, -600], "[1, 11]": [-600, -600, 20.147977824240815, 980.786862676959], "[0, 12]": [-600, -600, 1314.7152993602606, -600], "[6, 6]": [1337.7480219160568, -600, -600, -600], "[7, 20]": [-600, -600, 107.64827560300243, 1821.8304213239603], "[0, 10]": [-600, 1168.4384760939504, -600, -600], "[5, 12]": [-600, -600, 1685.2406661630514, -600], "[5, 26]": [-600, 118.67566790589572, 1875.5093196640328, -600], "[4, 13]": [-600, -600, -600, 1351.535883840181], "[7, 8]": [-600, 54.4103089999157, 1229.6218008205055, -600], "[1, 40]": [739.164416124228, 0, 3.997349569783169, -600], "[6, 10]": [-600, 1313.2774028578344, -600, -600],