{"[5, 1]": [-0.7528451514219496, 24.496720189958562, -600, 455.08801728935066], "[6, 0]": [270.4650321671868, 305.5438106905189, 861.4362600188637, -600], "[6, 7]": [-600, 566.3106832101236, 705.9730430787587, 1005.8787308812405], "[6, 1]": [282.5682271566461, 228.00273832225525, -600, 899.8706163722043], "[6, 3]": [559.0746548379109, -600, 1008.1987476442849, 704.1142714584515], "[6, 9]": [-600, 26.694982841326826, -600, 765.34268430953], "[6, 8]": [-600, 152.56461288924962, 852.9593680568332, -600], "[4, 9]": [-600, 761.8574363395572, -600, 33.11479312869624], "[4, 8]": [-600, 1015.1306875150757, 568.4221546943145, -600], "[4, 7]": [-600, 1036.3291110243993, 733.255694163045, 578.8198050002678], "[4, 0]": [586.1651673047247, 730.1026359393717, 1028.540670679225, -600], "[4, 11]": [-600, -600, 866.6587446218205, 159.80501121927335], "[7, 7]": [-600, 69.20704539755678, 206.92370754382034, 1174.6435801874125], "[7, 3]": [634.7598167456912, -600, 594.7215754309575, 1237.0793905620833], "[0, 7]": [-600, 235.17604138596977, 276.5976246424515, 875.2081416658881], "[0, 3]": [952.0812517323548, -600, 526.9043681819518, 665.4285409499141], "[0, 1]": [683.0464267703499, 524.7259702895503, -600, 945.4134422264976], "[0, 0]": [800.8699047887327, 272.7381631082093, 241.48551937981057, -600], "[7, 1]": [214.398482125561, 65.16104425381843, -600, 1187.2247036944852], "[7, 0]": [523.4249583856748, 1.8466126049066456, 20.900339516354652, -600], "[5, 3]": [48.8652217900928, -600, 1203.4294117704824, 211.02278972684667], "[4, 3]": [231.50166262778978, -600, 936.1025687083006, 273.64278606016023], "[4, 1]": [258.9435229087445, 881.5591727745717, -600, 224.9928888986349], "[5, 0]": [72.54268816814698, 209.049682849077, 1204.5128214423837, -600], "[5, 7]": [-600, 648.8248296003986, 1241.4567241739167, 701.0691787245986], "[2, 3]": [876.5149849001643, -600, 222.31792928152234, 258.9616261759209], "[2, 7]": [-600, 875.1712920330789, 302.3532506506294, 259.75631219899384], "[2, 1]": [694.5840789905332, 982.7984467232409, -600, 545.7730437005958], "[2, 0]": [978.9466825584033, 671.4996648280544, 549.4900387131413, -600], "[1, 0]": [1143.9159353874973, 193.89406618741614, 61.51780696308778, -600], "[1, 7]": [-600, 24.563346042816438, -1.6243443055666071, 511.3394165807205], "[1, 3]": [1142.8477271067302, -600, 46.69043567499771, 196.59784499848715], "[2, 4]": [751.9697315484519, -600, 32.1667612777154, -600], "[2, 8]": [-600, 835.6360071275013, 155.95363334094307, -600], "[2, 9]": [-600, 300.7086881348622, -600, 6.555402711818795], "[2, 2]": [965.1459750858592, 537.7857588670188, -600, -600], "[1, 1]": [1228.9492853937966, 526.1137345811134, -600, 590.865130567603], "[3, 1]": [224.52899644255388, 1175.874018006227, -600, 48.450195358665646], "[3, 3]": [17.670743788332263, -600, 446.13733785509413, 0.3736737943712393], "[3, 7]": [-600, 1151.7069403598193, 191.57229011488866, 44.91365450025311], "[0, 4]": [278.05688037946567, -600, 12.76544990308368, -600], "[0, 11]": [-600, -600, 121.24939921591985, 756.4087505230561], "[5, 11]": [-600, -600, 1162.4638389842178, 156.5524177467213], "[6, 4]": [6.50439488012601, -600, 346.4438394096766, -600], "[3, 32]": [0, 1126.1049865279983, 55.43234881456544, 11.362843194452369], "[5, 23]": [12.615119939371603, 0, 1139.6946237770876, 63.77165008005633], "[3, 29]": [345.0493015815033, 1282.0446561021538, 322.7031284354277, 0], "[1, 36]": [1120.5958752578242, 58.810046619934425, 16.824826922011685, 0], "[4, 2]": [127.82044186288876, 864.0975479349023, -600, -600], "[6, 11]": [-600, -600, 535.3306959556402, 987.2555187450313], "[5, 8]": [-600, 212.45266254725445, 1161.4275357245044, -600], "[5, 2]": [2.9523246072252527, 421.0578393741166, -600, -600], "[4, 5]": [545.3851400053022, -600, -600, 39.65535029644706], "[5, 25]": [0, 361.41817253455423, 1313.3226113594983, 378.5614763067102], "[7, 18]": [0, 21.286312069074143, 54.03412441158921, 1129.9852911147543], "[3, 11]": [-600, -600, 329.5285743276454, 2.040670582883351], "[2, 5]": [762.6433154591584, -600, -600, 128.63355414907394], "[0, 5]": [937.0315451041768, -600, -600, 463.1690273049809], "[7, 5]": [128.45562650190243, -598.9273778155314, -600, 1127.1564094807839], "[4, 4]": [35.3650736458185, -598.6299801157367, 825.9800042493972, -600], "[7, 4]": [-0.28943238356860435, -600, 68.23199605330032, -600], "[0, 13]": [-600, -600, -600, 852.3245688967187], "[6, 5]": [139.57328903778307, -600, -600, 814.7063842100068], "[0, 9]": [-600, -1.784429517977332, -600, 234.62145163414047], "[3, 8]": [-600, 1018.2407018314761, 170.8033360209863, -600], "[2, 10]": [-600, 890.8529040096278, -600, -600], "[3, 0]": [648.1763091599356, 1218.7757576415563, 606.4616544536175, -600], "[0, 2]": [781.6838019528168, 116.18907795397301, -599.1866590245131, -600], "[5, 4]": [1.5192258773434046, -600, 737.7082570220877, -600], "[1, 5]": [990.691370220404, -600, -600, 95.4360832420684], "[1, 37]": [1280.0895493774065, 283.42072043042634, 0, 305.19496326455595], "[3, 33]": [-600, 1095.4474390646506, 37.46837666386594, -600], "[5, 22]": [17.12864666474511, 80.46455078084011, 1156.733794371667, 0], "[0, 8]": [-600, 636.31057009866, 57.5557127621652, -598.6620702576314], "[5, 9]": [-600, 1.961684155864535, -599.240809170249, 186.66862861823273], "[2, 13]": [-598.6526144662043, -600, -600, 529.3078503045537], "[1, 2]": [992.3727226102524, 147.1719527453088, -600, -600], "[3, 30]": [62.2158455122062, 1119.7376113490207, 0, 14.739049630439753], "[2, 11]": [-600, -600, 646.4534076436307, 56.09203392381771], "[3, 5]": [294.40730974515657, -600, -600, 2.315759661881917], "[0, 6]": [746.0650473400277, -600, -600, -598.5210549819915], "[1, 39]": [1110.2057609565727, 0, 10.863667837185655, 53.008669814872576], "[4, 10]": [-600, 821.9249620800651, -600, -600], "[3, 2]": [145.86703836576189, 1142.6530143613465, -600, -599.1124118199128], "[2, 6]": [743.308275746675, -600, -600, -600], "[3, 4]": [2.500426022358336, -600, 171.0409127694874, -600], "[1, 13]": [-600, -600, -600, 259.1559505595376], "[1, 9]": [-600, 0.6258473582187927, -600, 30.88640509280565], "[5, 10]": [-600, 297.5549387215359, -600, -600], "[6, 12]": [-600, -600, 904.8459282590075, -600], "[7, 15]": [58.103445956286635, 16.772443998719933, 0, 1135.7471601376358], "[7, 16]": [324.9266725721712, 0, 313.5935709771686, 1293.7105907368611], "[6, 2]": [62.182886243258785, 661.5148023834302, -600, -600], "[5, 27]": [-600, -600, 957.4306840624636, 25.26313196232677], "[5, 5]": [2.95123301223693, -600, -600, 281.1939779741878], "[4, 12]": [-600, -600, 934.7671926808924, -600], "[3, 9]": [-600, 651.9583043296959, -598.8812796869537, -0.06879639160153722], "[7, 2]": [490.1142839611298, 8.816587286045865, -600, -600], "[7, 9]": [-600, 1.4325644273615246, -600, 691.280684730152], "[2, 12]": [-600, -600, 607.1668209834343, -600], "[6, 13]": [-600, -600, -600, 755.911804481847], "[4, 6]": [470.31778013726716, -600, -600, -600], "[7, 11]": [-600, -600, 159.36587234293233, 1030.073736202472], "[1, 4]": [610.2322267515999, -600, 1.18924536684887, -600], "[1, 10]": [-600, 265.292647607374, -600, -600], "[3, 34]": [-600, 370.3789336818854, 0, 0.5069903944967108], "[1, 38]": [1032.3067265286863, 35.23079124589897, -600, -600], "[1, 8]": [-600, 461.7459446360681, 6.371724585309061, -600], "[1, 11]": [-600, -600, 4.186426666072984, 353.4632050658266], "[0, 12]": [-600, -600, 572.0323127666056, -600], "[6, 6]": [587.6407188443123, -600, -600, -600], "[7, 20]": [-600, -599.1913254650236, 33.478973470838326, 1077.917577950415], "[0, 10]": [-600, 464.8648609691936, -600, -600], "[5, 12]": [-600, -600, 904.604591837112, -600], "[5, 26]": [-600, 37.00220405111973, 1153.480494311768, -600], "[4, 13]": [-600, -600, -600, 602.3977585087347], "[7, 8]": [-600, 7.784141110979714, 529.8133493205266, -600], "[1, 40]": [308.26430203555856, 0, 0.3755033574668451, -600], "[6, 10]": [-600, 565.1204615715021, -600, -600], "[7, 19]": [-600, 1.2481915157774754, 0, 366.7927898649527],