{"[4, 8]": [-600, 16606.081170390346, 17372.649627032773, -600], "[0, 0]": [17209.38235563831, 16936.877562946018, 17075.03717327015, 0], "[0, 1]": [17051.44630530459, 17083.86855714318, 0, 17227.481254218794], "[1, 3]": [17203.382312500595, 0, 16934.571834562903, 17098.995306539175], "[1, 7]": [0, 17127.59884558995, 16885.046719604718, 17107.698207872152], "[2, 3]": [16817.140435556827, 0, 16592.67289914276, 16628.414222163017], "[2, 7]": [0, 16507.4957727917, 17080.10627978592, 16945.456716561388], "[2, 0]": [17132.231064877462, 17207.20812492466, 17023.171943019446, 0], "[2, 1]": [17206.754634620465, 17052.757868482135, 0, 16864.858489306884], "[1, 0]": [17444.890212161306, 17309.095668888847, 17200.868741566384, 0], "[0, 7]": [0, 16992.49671408533, 16790.778088072057, 17128.285453568486], "[0, 3]": [16968.38874870451, 0, 17026.167773977628, 17289.669469233137], "[7, 1]": [17261.045094265082, 17261.582892695704, 0, 17359.96095224992], "[7, 3]": [17095.435848655034, 0, 17053.48455950618, 17432.531289694736], "[7, 4]": [15054.282694074365, -600, 14245.619707683198, -600], "[6, 5]": [16948.42883188492, -600, -600, 16694.505136565924], "[6, 3]": [16983.82478483965, 0, 17175.926744629134, 17356.567385468607], "[6, 1]": [16910.81646728626, 16828.6280422775, 0, 17206.524933008237], "[6, 4]": [15392.247859086632, -600, 13039.677630531032, -600], "[0, 4]": [14238.383324656315, -600, 16307.7950807373, -600], "[0, 11]": [-600, -600, 16919.049203376824, 17166.90857467142], "[6, 0]": [16989.977604012132, 16961.731537111285, 17112.76676478006, 0], "[6, 7]": [0, 17006.56174361927, 17320.589830531848, 17231.510773393064], "[6, 9]": [-600, 17052.697077169913, -600, 15845.59840917206], "[5, 11]": [-600, -600, 15817.785580732965, 17177.32624286082], "[4, 11]": [-600, -600, 17203.15917769113, 17132.665614640362], "[4, 7]": [0, 17271.432849511337, 17353.63386766758, 17296.91771035032], "[4, 0]": [17295.777605967458, 17422.288696235984, 17299.28739095481, 0], "[4, 9]": [-600, 14579.030572024594, 1508.9477444398162, 17175.66001525382], "[2, 4]": [16655.43016892363, 1528.576334147322, 14062.4269918729, -600], "[3, 2]": [17545.77185718144, 17560.97389418695, -600, 2798.746951809544], "[3, 0]": [17382.703395347784, 17531.95160947204, 17147.496906950197, 0], "[3, 7]": [0, 17497.273831616516, 17254.461662771217, 17439.933684590527], "[3, 3]": [17196.438016274333, 0, 17111.676263221285, 17170.412504405856], "[3, 1]": [17336.016769625054, 16483.08884336102, 0, 17219.81245347944], "[4, 1]": [17281.683064703815, 17399.073286284125, 0, 16931.46747037366], "[4, 3]": [16620.92135686923, 0, 17321.286119626457, 17228.773283821847], "[1, 1]": [17450.620166145854, 17161.883387710473, 0, 16975.664842502883], "[7, 0]": [17024.831135361695, 16836.47147267776, 16867.753485143716, 0], "[7, 7]": [0, 17065.169227812992, 16972.039105302734, 17413.889875900273], "[0, 5]": [17218.225351723686, 1176.0614475414202, -600, 16641.11651016102], "[2, 9]": [0, 17193.23992273489, -600, 14071.887228633155], "[2, 5]": [16698.400209735562, -600, -600, 16895.453672240066], "[2, 2]": [17182.796599945326, 17221.178943037194, -600, -600], "[4, 4]": [14975.648441268771, -600, 16542.36936274394, -600], "[4, 2]": [17123.296854979573, 17341.971029071727, -600, -600], "[0, 9]": [-600, 13831.016471582656, -600, 14753.378630509285], "[6, 11]": [-600, -600, 17102.446584706297, 17252.554671082817], "[7, 5]": [17224.57344792162, -600, -600, 17369.219790379364], "[5, 0]": [17327.241995490214, 17288.86873490777, 17448.82791067938, 0], "[5, 7]": [0, 17206.896005991402, 17520.689010986003, 17119.880689673744], "[5, 3]": [17335.145389290396, 0, 17434.624860067404, 17305.98609354211], "[3, 29]": [17561.505283977745, 17658.9424381012, 17320.670648842406, 0], "[5, 1]": [17052.72934697634, 17046.89687335215, 0, 17207.3136935177], "[3, 8]": [-600, 17504.774448491306, 17232.357898980103, -600], "[2, 8]": [-600, 17099.564838210623, 17068.84008693826, -600], "[1, 4]": [17183.811557000165, 0, 15491.650401795847, -600], "[1, 2]": [17301.45855280431, 15544.491295945145, -600, -600], "[1, 8]": [-600, 17096.759512797857, 16890.507405072138, -600], "[5, 24]": [17303.821543681897, 2071.6309046997003, 10384.125451103455, -600], "[3, 32]": [0, 16500.018411628695, 17041.65527386909, 17210.954804525172], "[1, 5]": [17284.49017931219, -600, -600, 17192.576621282646], "[1, 37]": [17644.604809360837, 17335.30409653718, 0, 17352.205619215743], "[6, 8]": [-600, 16977.572520721867, 17167.376756440484, -600], "[3, 30]": [17294.58761663948, 17026.147414906376, 0, 17304.09259264851], "[6, 12]": [-600, -600, 17093.379911250973, -600], "[5, 25]": [0, 17191.817349001285, 17565.174481490314, 17351.946780680497], "[2, 11]": [-600, -600, 16717.83438945642, 16875.005667254984], "[7, 15]": [17225.40315912513, 17162.857947849116, 0, 17546.011155182063], "[7, 16]": [17273.026387770107, 0, 17162.515284114073, 17584.316664370162], "[4, 5]": [17277.23893243262, -600, -600, 17059.84892036069], "[5, 8]": [-600, 17188.29606137812, 17107.584474765037, -600], "[5, 9]": [-600, 17063.69453684208, -600, 15685.174657426698], "[5, 22]": [17270.59118271041, 17282.966619343824, 17592.95195644079, 0], "[0, 2]": [16554.863224622644, 17032.541711071775, -600, -600], "[0, 8]": [-600, 16974.723648159532, 16709.39015621684, -600], "[7, 11]": [-600, 1183.1984867844426, 16850.316614912907, 17219.751716625313], "[6, 2]": [16891.559583079412, 17094.192570111387, -600, -600], "[7, 2]": [17060.655015859866, 16997.80930751989, -600, -600], "[5, 4]": [16233.853841957658, 0, 17425.062043890863, -600], "[5, 2]": [16976.43269717865, 16784.23118191714, -600, -600], "[5, 23]": [17263.907234962047, 0, 17336.67843704412, 17305.167880006044], "[4, 12]": [-600, -600, 17051.322239836725, -600], "[1, 36]": [16725.71708599237, 17056.856440354226, 16983.57118681314, 0], "[3, 4]": [12329.365327219344, -600, 17121.687375404017, -600], "[7, 18]": [0, 17358.96500597008, 17323.431062578744, 17395.674478468696], "[1, 6]": [17039.530426358877, -600, 1490.6822390907932, -600], "[1, 10]": [-600, 17063.8137246703, -600, -600], "[7, 13]": [-600, -600, -600, 17478.203089288974], "[4, 10]": [-600, 16230.212002282164, -600, -600], "[1, 9]": [-600, 15011.710062721351, -600, 13688.093590518562], "[0, 6]": [17151.635582976887, -600, -600, -600], "[1, 39]": [17596.851391122713, 0, 17091.8133531097, 17319.93527583266], "[2, 13]": [-600, -600, -600, 13512.33403013022], "[3, 5]": [17163.980927683326, -600, -600, 17194.42615672437], "[2, 10]": [-600, 15407.360462379564, -600, -600], "[3, 9]": [-600, 16130.199136393132, -600, 17116.437937627008], "[3, 11]": [-600, -600, 16966.420338265092, 17142.596805972007], "[0, 13]": [-600, -600, -600, 15398.42671186367], "[7, 9]": [-600, 16860.744897655204, 0, 16426.71304035678], "[7, 8]": [-600, 16802.3716710696, 17000.603530881108, -600], "[5, 26]": [-600, 17360.88781163234, 15884.455394577813, -600], "[6, 13]": [-600, -600, -600, 16414.82991103389], "[6, 6]": [12500.650015958672, -600, -600, 2953.9234758953207], "[2, 6]": [17076.930255768675, -600, -600, -600], "[1, 40]": [16099.18632775866, 0, 17150.15185887927, -600], "[1, 11]": [-600, -600, 16838.21826272566, 17013.32440295602], "[6, 10]": [-600, 16918.02872092496, 1180.260064929829, -600], "[1, 13]": [1473.2223887538976, -600, -600, 14966.168919181162], "[3, 12]": [-600, -600, 16909.107596605114, -600], "[4, 6]": [17155.11400172277, -600, -600, -600], "[7, 19]": [-600, 17055.183321173656, -600, 14111.853228557273], "[4, 13]": [-600, -600, -600, 17160.52085836066], "[1, 38]": [16194.315253761764, 17136.248018880982, -600, -600], "[2, 12]": [-600, -600, 15233.59530638469, -600], "[2, 14]": [-600, -600, -600, -600], "[5, 5]": [17174.876569041604, -600, -600, 17142.022835553293], "[3, 33]": [-600, 16701.073760720647, 17173.584835577454, -600], "[3, 34]": [-600, 14439.033601475203, -600, 17095.17203606995], "[3, 31]": [17577.824386758854, 15744.789930222374, -600, -600], "[5, 12]": [-600, -600, 17388.619518308926, -600],