{"[6, 1]": [237.9157375272762, 203.32203972705292, -600, 691.6358141117012], "[5, 3]": [39.33913831005449, -600, 964.9701918119529, 175.188962106516], "[4, 4]": [19.723546012981664, -600, 487.45881476577944, -600], "[4, 2]": [117.17585494557427, 659.3941973229634, -600, -600], "[6, 0]": [211.124411734721, 249.9285990769948, 669.0002735960409, -600], "[6, 7]": [-600, 480.99535265666105, 607.5713710768182, 756.4953073173273], "[6, 3]": [463.69074659590734, -600, 767.1117010846423, 590.7071170904705], "[7, 7]": [-600, 55.873567410904094, 188.3135026029653, 962.7391411652067], "[7, 3]": [510.1568988439022, -600, 492.33176732990995, 1012.7345250187429], "[7, 0]": [310.05117107239977, -0.4278811594588236, 16.412214494308714, -600], "[0, 7]": [-600, 189.62195497343635, 224.5163264348911, 663.1876190537243], "[0, 0]": [632.404195164175, 234.47562354882032, 203.19650730707235, -600], "[0, 3]": [720.4800687315035, -600, 456.16984421451565, 573.0996054757704], "[0, 1]": [569.1257767701059, 437.52781640072317, -600, 725.8217370895288], "[7, 1]": [173.06800835366832, 41.55266089096845, -600, 935.669121518396], "[0, 9]": [-600, -0.05691065561089148, -600, 193.75040127198565], "[0, 2]": [612.9821277471284, 107.89654951440433, -600, -600], "[2, 7]": [-600, 676.9640414115399, 233.58170453770043, 203.4625807016789], "[2, 3]": [688.3478184124875, -600, 195.73731218928586, 237.92674751692738], "[2, 0]": [752.5821602162782, 594.2148437689648, 473.29025344254006, -600], "[2, 1]": [574.3755354760173, 758.68126154087, -600, 452.3536906576213], "[3, 1]": [146.56195983906923, 943.7575903978634, -600, 30.48394545357336], "[3, 3]": [270.66209462654655, -600, 15.639982528394137, -2.7497046362592474], "[1, 0]": [953.1422114760312, 189.3194339147203, 52.57361307495905, -600], "[1, 1]": [1007.3109392858165, 486.04389643994847, -600, 522.6790910866196], "[1, 7]": [-600, 18.76856483472612, -2.5521489377926, 301.97297149407115], "[0, 4]": [209.30084885453135, -600, 5.74766592171263, -600], "[5, 1]": [-0.6590595208477097, 289.97985149772825, -600, 22.568669555756745], "[5, 7]": [-600, 503.2333668604719, 1036.4866930259416, 521.3570775526376], "[4, 3]": [166.95618519173047, -600, 726.0358311087537, 210.34899784680994], "[4, 1]": [223.87411730313474, 694.807289118088, -600, 198.5186330270305], "[5, 0]": [48.24035350556982, 177.90559875067288, 980.5667685887724, -600], "[4, 7]": [-600, 789.6425859316953, 583.8623464413484, 442.13417711654046], "[0, 5]": [347.2296308731828, -598.8577583249311, -600, 702.3804193124591], "[4, 0]": [472.3697444494156, 600.0031367415957, 786.3280854789595, -600], "[2, 4]": [493.5272088016936, -600, 29.20739536664911, -600], "[1, 5]": [892.5118932295984, -600, -600, 103.97464111350463], "[2, 5]": [615.4106557217123, -600, -600, 107.9777466378236], "[2, 9]": [-598.769237764076, 166.64034857269587, -600, 4.74138215420086], "[0, 11]": [-600, -600, 105.78494895442974, 599.3127441014882], "[7, 18]": [0, 17.91068677857079, 47.17182308899874, 897.6222484031688], "[1, 39]": [875.0041461290922, 0, 10.617858453775158, 49.85929382868699], "[4, 8]": [-600, 767.9558967141123, 429.4888177328385, -600], "[4, 9]": [-600, 501.26801463180163, -600, 23.238001339578304], "[3, 7]": [-600, 950.3279499541798, 158.8106994330355, 35.1511276631965], "[1, 9]": [-600, -1.3589028985438831, -600, 19.821305853390086], "[5, 8]": [-600, 146.86960207982955, 929.8886899674442, -600], "[2, 8]": [-600, 643.6040271857961, 114.7398690650478, -600], "[6, 9]": [-600, 28.385127633035413, -600, 504.54503998234946], "[6, 11]": [-600, -600, 733.0918378056103, 399.0361134204081], "[3, 32]": [0, 879.4115779468076, 55.59965860752997, 6.909219453723791], "[6, 2]": [46.87758068065024, 422.13011840823134, -600, -598.8674394871399], "[5, 5]": [2.1340599721056757, -600, -600, 208.8573348985127], "[4, 11]": [-600, -600, 633.3385856449837, 102.48484559351662], "[5, 11]": [-600, -600, 863.9514564559049, 83.39831651328943], "[5, 2]": [2.040550951755635, 228.83772225526693, -600, -600], "[4, 5]": [355.01674384065814, -600, -600, 34.74473456590511], "[7, 4]": [14.03259715289197, -600, 0.3230974612043683, -600], "[6, 5]": [123.40960961612092, -600, -600, 615.9840272866944], "[5, 25]": [0, 253.23173820704173, 1086.7447502149778, 262.2959139207699], "[1, 2]": [886.4041374932518, 140.31192653353355, -600, -600], "[0, 8]": [-600, 387.2539950242554, 40.8784174439776, -600], "[1, 11]": [-600, -600, 1.6336062572362724, 185.67091219865952], "[1, 3]": [951.6920863007052, -600, 37.34241498648639, 187.1660165667501], "[1, 37]": [1064.4176563244407, 257.26096350062846, 0, 276.86335663200714], "[7, 15]": [58.144140548512475, 10.67066568024904, 0, 866.1354309955235], "[6, 4]": [6.784238091790391, -600, 193.10590314968468, -600], "[3, 8]": [-600, 808.0738548929855, 114.83920665831153, -600], "[6, 8]": [-600, 139.84191530792356, 649.3422725388708, -600], "[7, 8]": [-599.0146679784453, 3.434016360129816, 281.3455726357602, -600], "[7, 11]": [-600, -600, 137.61037538892384, 879.0389771980871], "[6, 10]": [-600, 254.5168096991229, -600, -600], "[6, 13]": [-600, -600, -600, 586.676323943457], "[3, 0]": [486.42195565958485, 1018.1889753493542, 467.1308250763481, -600], "[3, 29]": [244.56267361866193, 1070.8530262665604, 238.22910288942353, 0], "[5, 4]": [0.7433796028985183, -600, 359.7018045925898, -600], "[2, 2]": [380.0575345671955, 732.9243815904036, -600, -600], "[7, 16]": [267.8740249285536, 0, 241.09133177606748, 1068.6261687656413], "[3, 30]": [48.43191652253276, 871.0474465059316, 0, 9.229124473227364], "[3, 4]": [57.64315342549781, -600, 2.7226947923360436, -600], "[0, 13]": [-600, -600, -600, 392.9126731595071], "[5, 23]": [11.456539903856886, 0, 877.6131412807379, 52.0817011937791], "[5, 22]": [11.939827534792665, 51.572275602487764, 883.9652412257917, 0], "[1, 4]": [422.16464505114914, -600, 1.7065793932992046, -600], "[1, 8]": [-600, 257.3007424493485, 3.9678174640053054, -600], "[7, 9]": [-600, 1.3646186358462076, -600, 365.18030917259006], "[4, 10]": [-600, 500.724219509211, -595.9116499056171, -600], "[1, 42]": [114.43643265817495, -600, -600, -600], "[2, 11]": [-600, -600, 368.95812121576967, 35.65028586014245], "[3, 9]": [-600, 310.4144087915479, -600, -1.4727977905720941], "[2, 10]": [-600, 444.07040788880903, -600, -600], "[5, 9]": [-600, 60.23498241398099, -600, 1.3858941318130698], "[1, 40]": [220.14418319055815, 0, 0.7387070642996225, -600], "[4, 6]": [226.71016672579384, -598.7656357620237, -600, -600], "[3, 5]": [172.68266499881656, -600, -600, 1.6536240171766972], "[3, 2]": [81.35753944154203, 820.8626996111957, -600, -600], "[7, 5]": [89.73756753699128, -600, -600, 845.1029863291059], "[2, 6]": [584.2229944784871, -600, -600, -600], "[5, 24]": [0.4463226483148287, 0, 210.5586226297737, -600], "[6, 12]": [-600, -600, 443.00174380013686, -600], "[5, 12]": [-600, -600, 319.6377838532769, -600], "[0, 6]": [550.4651800255623, -600, -600, -600], "[1, 36]": [883.0455185037359, 49.99175256156352, 13.263181710997799, 0], "[1, 38]": [817.377991135364, 33.389507628289735, -600, -600], "[3, 11]": [-600, -600, 193.74053047107702, 1.8822514043906824], "[3, 34]": [-600, 218.88991793868263, 0, 0.7409137762693425], "[2, 12]": [-600, -600, 190.16824345351787, -600], "[7, 2]": [243.39089308797736, 2.3476614937527165, -600, -600], "[5, 26]": [-600, 31.4782226016838, 820.7171834287143, -600], "[6, 6]": [244.66777607486873, -600, -600, -600], "[5, 27]": [-600, -600, 592.4159249028339, 18.850872800534233], "[4, 12]": [-600, -600, 608.3345344429215, -600], "[7, 20]": [-600, -600, 39.62440836042904, 795.016417575152], "[0, 12]": [-600, -600, 188.4677860779778, -600], "[7, 12]": [-600, -600, 103.54051119584155, -600], "[7, 17]": [20.676628317164337, -600, -600, 585.3140862871248], "[3, 12]": [-600, -600, 92.51666628391858, -600], "[7, 19]": [-600, 0.40529534519298027, -600, 203.10869424872956], "[3, 6]": [91.32955451591418, -600, -600, -600], "[0, 10]": [-600, 183.4638423103741, -600, -600],