{"[4, 8]": [-600, 13677.772342715016, 13534.518799295745, -600], "[0, 0]": [13419.534626986324, 13093.157172249721, 13093.340844986347, 0], "[0, 1]": [13565.927724794536, 13395.485573442436, 0, 13449.69276056649], "[1, 3]": [13753.50839057365, 0, 13267.721799055998, 13283.897548041834], "[1, 7]": [0, 13081.415247169693, 13032.562504670404, 13112.177646174809], "[2, 3]": [12816.575886559967, 0, 13190.17341903479, 13368.334556944572], "[2, 7]": [0, 13506.114582079023, 13275.271998255437, 13259.540770782207], "[2, 0]": [13638.443542998739, 13568.519582936762, 13469.675693293078, 0], "[2, 1]": [13464.364478506102, 13594.568249065527, 0, 13218.916596301027], "[1, 0]": [13726.19585215493, 13477.080157419863, 13016.694523395476, 0], "[0, 7]": [0, 13290.54137378773, 13063.439928804642, 12932.478109978241], "[0, 3]": [13109.532823937774, 0, 13197.558971492492, 13434.963951911475], "[7, 1]": [13413.674259881529, 13340.133634131722, 0, 13540.543016067628], "[7, 3]": [13432.555187060432, 0, 13432.744908092836, 13687.80651689914], "[7, 4]": [10696.519287673515, -600, 11803.377806928816, -600], "[6, 5]": [13503.831824519582, -600, -600, 13282.540886433038], "[6, 3]": [13401.863087367965, 0, 13498.165542818182, 13638.09586930849], "[6, 1]": [13277.63155556672, 13355.430579988557, 0, 13242.672420689043], "[6, 4]": [13532.781689602294, -600, 9339.685238650467, -600], "[0, 4]": [11921.323425581075, -600, 12859.035450867965, -600], "[0, 11]": [-600, -600, 12890.659622324116, 13145.841743912912], "[6, 0]": [13345.710996116999, 13261.527740210153, 13322.96467945465, 0], "[6, 7]": [0, 13445.523323997786, 13556.45214255137, 13388.589815453897], "[6, 9]": [-600, 13351.38191432855, -600, 10598.380335002172], "[5, 11]": [-600, -600, 13697.922547938706, 13677.481421704471], "[4, 11]": [-600, -600, 13391.819948655819, 13485.542720538015], "[4, 7]": [0, 13358.971466107805, 13703.156652360167, 13478.477484837777], "[4, 0]": [13604.878126203836, 13624.143523934834, 13679.63916658092, 0], "[4, 9]": [-600, 12712.984411882782, 1508.9477444398162, 12052.997445202518], "[2, 4]": [11801.557506024594, -600, 13426.859916794634, -600], "[3, 2]": [13802.817544704967, 13831.99746026207, -600, -600], "[3, 0]": [12368.918833111125, 13817.021965056627, 13417.769059943228, 0], "[3, 7]": [0, 13798.863664899307, 13526.039646818039, 13491.790779036042], "[3, 3]": [13373.970371782236, 0, 13222.302057611058, 13298.554701004567], "[3, 1]": [13582.829919864645, 13726.237026912824, 0, 13584.901177372974], "[4, 1]": [13309.999983330725, 13540.511571234021, 0, 13190.0017283804], "[4, 3]": [13298.01217446742, 0, 13205.103228700473, 13204.855339916368], "[1, 1]": [13805.56814402898, 13348.305617329612, 0, 13314.035560493512], "[7, 0]": [13327.20857308885, 13298.454778466124, 13305.031374228907, 0], "[7, 7]": [0, 13444.318372333255, 13486.163145577228, 13678.901237688866], "[0, 5]": [13163.49052293598, -600, -600, 13376.630331018194], "[2, 9]": [-600, 11555.456016299206, -600, 12212.921825969162], "[2, 5]": [12565.542078818216, -600, -600, 13078.79465720017], "[2, 2]": [13627.394306730594, 12567.056189281966, -600, -600], "[4, 4]": [13089.374209962354, -600, 12067.906705183452, -600], "[4, 2]": [12857.835562952769, 13345.39990932086, -600, -600], "[0, 9]": [-600, 13052.128737708852, -600, 11729.69933629099], "[6, 11]": [-600, -600, 13333.870180688848, 13486.745923899261], "[7, 5]": [13498.858986812755, -600, -600, 13629.388245557084], "[5, 0]": [13657.396732745212, 13516.913583172933, 13688.083631380578, 0], "[5, 7]": [0, 13500.732263309921, 13730.723835151339, 13493.258107819216], "[5, 3]": [13365.637000644738, 0, 13747.8608879971, 13636.135712112033], "[3, 29]": [13726.589993350952, 13888.185085951054, 13805.766376622905, 0], "[5, 1]": [13361.76555696049, 13436.62074979573, 0, 13387.11563894944], "[3, 8]": [776.6965237670615, 13811.076318287822, 13767.37630296042, -600], "[2, 8]": [-600, 13306.130861940284, 13258.746336117536, -600], "[1, 4]": [12651.81841961329, 0, 13080.894604629219, -600], "[1, 2]": [13736.742034266601, 13359.005173801104, -600, -600], "[1, 8]": [-600, 12987.739238790291, 12795.39278800424, -600], "[5, 24]": [13436.782433368277, 2071.6309046997003, 10408.614576228325, -600], "[3, 32]": [0, 12483.147982483617, 13450.679032868778, 13406.439709582279], "[1, 5]": [13760.127562435768, 803.5725732034437, -600, 13648.471320489083], "[1, 37]": [13882.269529335048, 13598.564114413624, 0, 13536.8610114469], "[6, 8]": [-600, 13268.225875790333, 13393.729932554808, -600], "[3, 30]": [13899.154958788338, 13898.31083476871, 0, 13889.025093035782], "[6, 12]": [-600, -600, 12929.44436874157, -600], "[5, 25]": [0, 13642.274556302684, 13839.453857148583, 13647.494508554413], "[2, 11]": [-600, -600, 12564.442733316228, 13094.580241936948], "[7, 15]": [13395.10627408299, 13352.345807135436, 0, 12195.970945126226], "[7, 16]": [13276.087311232302, 0, 13324.132053302152, 13840.75542843389], "[4, 5]": [12859.561739701267, -600, -600, 12264.501807972476], "[5, 8]": [-600, 13686.19380876664, 13746.90207606518, -600], "[5, 9]": [-600, 10997.764498084247, -600, 12202.163282225965], "[5, 22]": [13714.130573715973, 13720.942982145763, 13934.187923489242, 0], "[0, 2]": [13064.712024650446, 13285.652695055427, -600, -600], "[0, 8]": [-600, 12922.82186371213, 13227.485227475514, -600], "[7, 11]": [-600, -600, 13574.138991336682, 13770.34748355125], "[6, 2]": [13364.021664389013, 13271.440892449951, -600, -600], "[7, 2]": [13359.292856383157, 13325.693970800887, 796.3517018166483, -600], "[5, 4]": [13368.441138706992, 0, 12210.80998742815, -600], "[5, 2]": [13399.161533681236, 13291.315568918553, -600, -600], "[5, 23]": [13601.329598601076, 0, 12604.779828226709, 13600.359167607123], "[4, 12]": [-600, -600, 13637.834736581943, -600], "[1, 36]": [13180.463209556201, 13293.770912929784, 13306.354922351362, 0], "[3, 4]": [10586.405781301562, -600, 12169.835586967954, -600], "[7, 18]": [0, 13322.793087930198, 13314.639764939559, 13474.915345313048], "[1, 6]": [13917.508171422494, 1005.8089590449863, -600, -600], "[1, 10]": [-600, 13142.24721870677, -600, -600], "[7, 13]": [-600, -599.94, 1078.4036993819755, 13743.431551193335], "[4, 10]": [-600, 11756.704225028538, -600, -600], "[1, 9]": [-600, 11171.437572635605, -600, 9517.539762501594], "[0, 6]": [11484.619822943034, -600, -600, -600], "[1, 39]": [13792.595478379659, 0, 13516.460117428518, 13530.412410115945], "[2, 13]": [-600, -600, -600, 10673.559736659956], "[3, 5]": [13572.129622103403, -600, -600, 13642.562750494402], "[2, 10]": [-600, 11980.48867848912, -600, -600], "[3, 9]": [-600, 13828.653931808856, -600, 13625.944621529146], "[3, 11]": [-600, -600, 13222.387260462257, 13411.810706902424], "[0, 13]": [-600, -600, -600, 12379.918946865091], "[7, 9]": [-600, 12337.14524824616, 0, 12335.966333616056], "[7, 8]": [-600, 13115.7025944643, 13151.85899409841, -600], "[5, 26]": [-600, 13810.900813284261, 13940.202095950526, -600], "[6, 13]": [-600, -600, -600, 13491.61182967843], "[6, 6]": [12686.107989102311, -600, -600, -600], "[2, 6]": [13271.628987446273, -600, -600, -600], "[1, 40]": [13273.472778703901, 0, 13362.187956197837, -600], "[1, 11]": [-600, -600, 12921.994492198832, 13066.28961129714], "[6, 10]": [-600, 13330.270825790114, -600, -600], "[1, 13]": [-600, -600, -600, 12551.745201333222], "[3, 12]": [-600, -600, 13322.937654131401, -600], "[4, 6]": [11937.219069193212, -600, -600, -600], "[7, 19]": [-600, 13403.102013037973, -600, 12958.73037623666], "[4, 13]": [-600, -600, -600, 12209.873100260576], "[1, 38]": [13698.733695995408, 13763.462031425392, -600, -600], "[2, 12]": [-600, 828.6328463365398, 12769.002458382209, -600], "[2, 14]": [-600, -600, -600, -600], "[5, 5]": [13669.041513504655, -600, -600, 13626.683991463316], "[3, 33]": [-600, 13926.403977667323, 13890.870546552693, -600], "[3, 34]": [-600, 11555.686972829892, -600, 13616.838477330175], "[3, 31]": [14488.517897367912, 14560.952127911674, -600, -600],