{"[6, 0]": [7487.8964998996125, 7211.635583901593, 6855.887063794174, -600], "[6, 7]": [-600, 7322.093610773284, 7768.27287586993, 7536.474357606428], "[6, 3]": [7342.518744298549, -600, 6916.431334188399, 7650.381701098607], "[6, 1]": [7491.720833729606, 7263.514865764106, -600, 7195.337309924922], "[6, 4]": [6456.008880668618, -600, 7116.010712377198, -600], "[0, 3]": [7472.185302317767, -600, 7361.33768648333, 7705.403533628363], "[0, 7]": [-600, 7479.306440407342, 7002.859780505663, 6758.396775218506], "[0, 1]": [7241.450382058714, 7176.104679608072, -600, 7751.132796642204], "[0, 0]": [7284.17206188949, 7481.297873769596, 6994.475748767232, -600], "[1, 3]": [7828.339097925846, 0, 7621.420424833805, 7575.032619718506], "[1, 7]": [0, 7467.9367279676235, 7303.816771203096, 7316.477325957606], "[2, 3]": [7240.56484671836, -600, 7149.147086268022, 7157.978302064563], "[2, 1]": [7329.912284442969, 7352.456507030528, -600, 7342.509879002099], "[2, 0]": [7378.197272799993, 7794.5622550334065, 7302.094567391804, -600], "[1, 0]": [7883.070526471202, 7358.642342597433, 7295.877017715009, -600], "[2, 7]": [-600, 6990.260852066747, 7107.064657128776, 7102.8305704931245], "[1, 1]": [7906.053461525681, 7479.837810651852, 0, 7410.3232420281565], "[0, 9]": [-600, 6959.634897663996, -600, 5564.456167846627], "[6, 9]": [-600, 7568.223879860624, -600, 5984.299831707352], "[6, 8]": [-600, 7364.768451377295, 7671.842310994464, -600], "[0, 4]": [4784.773200475426, -600, 7535.308077132736, -600], "[0, 11]": [-600, -600, 7279.637187090861, 7567.30918407968], "[0, 5]": [6772.998127778427, -600, -600, 7691.402824625982], "[7, 1]": [7458.0269579258875, 7239.838863997332, 0, 7221.683541064998], "[7, 16]": [7465.871437405401, 0, 7411.4145844533, 7828.229442374423], "[3, 1]": [7458.572590864022, 7836.948476374426, 0, 7454.151820854175], "[4, 1]": [7352.0110102908275, 7751.7228152262205, -600, 7348.523770344536], "[4, 0]": [7526.369620575275, 7784.943144960146, 7628.8811563223635, -600], "[4, 7]": [-600, 7538.51494961683, 7828.590032436509, 7616.370952493025], "[3, 7]": [0, 7909.028763057542, 7679.299596063639, 7651.373130733458], "[3, 3]": [7278.683431943798, -600, 7397.1953667045855, 7330.421097740598], "[1, 39]": [7953.783949607947, 0, 7713.451769608535, 7723.277982143739], "[6, 11]": [-600, -600, 7680.4741603347165, 6870.766831545223], "[7, 7]": [0, 7441.3398369012875, 7365.306618165574, 7842.573135750619], "[7, 0]": [7254.77253852707, 7264.450360127879, 7420.608654588619, -600], "[6, 2]": [7427.044300890141, 6967.840056793851, -600, -600], "[6, 5]": [6958.5109415141405, -600, -600, 6829.707085618811], "[7, 3]": [7402.541797553629, 0, 7314.421041239492, 7845.291658738024], "[2, 4]": [6266.911776841402, -600, 6157.707887721744, -600], "[2, 9]": [-600, 5983.249060417113, -600, 6859.745826985749], "[2, 2]": [6696.2312708226655, 7076.099082669857, -600, -600], "[4, 3]": [7312.872832495806, -600, 7551.064364332306, 7313.376304879185], "[4, 9]": [-600, 5900.610458225661, -600, 6828.156452285653], "[4, 11]": [-600, -600, 7018.73381097192, 7076.198662682971], "[2, 8]": [-600, 7158.313183688003, 6829.424735437598, -600], "[4, 4]": [7325.407119268333, 5032.053975320849, 6884.465605170151, -600], "[4, 2]": [7029.138195091547, 7669.591192336764, -600, -600], "[5, 3]": [7550.060909825768, 0, 7869.33676612499, 7572.731579096065], "[5, 0]": [7519.435546031565, 7532.963107546797, 7857.785306434613, -600], "[5, 1]": [7417.234148187589, 7392.835438027208, -600, 7436.595683183136], "[5, 7]": [-600, 7375.169589066961, 7781.4770664281605, 7546.791809350031], "[3, 0]": [7572.36510697786, 7920.263001152516, 7475.386632976745, 0], "[0, 2]": [6679.845466409021, 7360.955356239842, 34.6349527468692, -600], "[2, 5]": [6654.099283798328, -600, -600, 7014.253630859803], "[4, 10]": [-600, 6464.266541638551, -600, -600], "[4, 8]": [-600, 7581.194596481007, 6459.04872729841, -600], "[5, 8]": [-600, 7560.429584176649, 7826.860676371299, -600], "[6, 13]": [-600, -600, -600, 5582.73375335356], "[3, 29]": [7244.003789116301, 7958.288641438352, 7456.012318161146, 0], "[5, 11]": [-600, -600, 7460.391374549518, 7566.835018100655], "[0, 13]": [-600, -600, -600, 6957.8826420365385], "[5, 25]": [0, 7453.117165710892, 7949.213664942623, 7610.913383881962], "[2, 6]": [6292.908144340396, 2.3163989269700096, -600, -600], "[5, 4]": [7362.452565700722, -600, 6919.250556942294, -600], "[7, 11]": [-600, -600, 7397.690440343911, 7827.813908510271], "[7, 4]": [5257.961569183978, -600, 7466.500395138588, -600], "[7, 9]": [-600, 7212.851298696248, 1338.9137625889161, 6739.263457069941], "[7, 5]": [7415.131901233936, -600, -600, 7725.16716390122], "[5, 23]": [7561.641131003878, 0, 7398.58716561239, 7558.024519923666], "[3, 32]": [0, 7896.542541806658, 7536.51880927025, 7616.422701370539], "[3, 30]": [7820.52604582046, 8049.969187139116, 0, 7826.328993165503], "[2, 10]": [224.51532931050463, 3809.579666379382, -600, -600], "[7, 18]": [0, 7749.472264773332, 7748.397361292881, 7831.075435531502], "[5, 22]": [7514.148182597065, 7568.709641050787, 7975.093583366616, 0], "[1, 9]": [-600, 5987.236470281512, -600, 7085.731633617394], "[1, 37]": [7988.338965223365, 7572.1170336883, 0, 7593.396552361004], "[5, 9]": [-600, 7246.263795587262, 675.2445485921746, 6025.460483109752], "[3, 2]": [7555.3132759309465, 7483.679820234998, 185.40992337599596, -600], "[3, 4]": [6698.616528483134, -600, 5660.76099177288, -600], "[1, 36]": [8000.818663414479, 7639.433753117448, 7637.465200636281, 0], "[7, 15]": [7426.801004527625, 7412.535453872571, 0, 7353.499047336447], "[0, 6]": [7478.724404411543, -600, -600, -600], "[4, 5]": [6896.672148074193, -600, -600, 7236.645744749816], "[2, 11]": [-600, -600, 7142.128272766693, 6942.86538046094], "[3, 5]": [7308.640609888023, -600, -600, 7329.119055897042], "[3, 11]": [-600, -600, 7228.733126808738, 7146.868135793732], "[1, 2]": [7702.5388974268435, 7477.842093525306, -600, -600], "[2, 13]": [-600, -600, -600, 6918.172874814667], "[4, 6]": [7257.421888718582, -600, -600, -600], "[7, 2]": [7322.333526656395, 7259.053281662377, -600, -600], "[0, 8]": [-600, 7365.382880606323, 6755.032113897785, 220.47248580709856], "[1, 5]": [7851.029782210813, -600, -600, 7730.86681907786], "[7, 8]": [-600, 7379.273301754994, 7033.798100481085, -600], "[1, 4]": [7733.976759486281, -600, 7124.576408851718, -600], "[0, 12]": [-600, -600, 7317.992893568099, -600], "[3, 9]": [-600, 6924.625146542856, -600, 7031.907978174728], "[3, 12]": [-600, -600, 6194.74540658501, -600], "[6, 10]": [-600, 7408.10691596318, -600, -600], "[4, 12]": [-600, -600, 5984.936268906954, -600], "[1, 8]": [-600, 6661.3252504896645, 7027.572378698274, -600], "[1, 11]": [-600, -600, 6996.108080199774, 7208.147351837215], "[5, 13]": [-600, -600, -600, 6629.790358596028], "[5, 2]": [7378.802589191074, 7107.577599441697, -600, -600], "[2, 12]": [-600, -600, 5918.062657991177, -600], "[7, 13]": [541.62143527546, -600, -600, 7075.885149026057], "[3, 8]": [-600, 7807.821425356486, 7416.340735347612, -600], "[5, 5]": [7411.4979683472175, -600, -600, 7348.04660966862], "[3, 10]": [-600, 7678.5151213872, 478.17670240859866, -600], "[5, 24]": [7331.951979084024, -600, 7079.498236059666, -600], "[3, 31]": [7737.92141068228, 7800.094616259557, -600, -600], "[5, 27]": [-600, -600, 6984.944206973506, 7663.891141437755], "[6, 12]": [-600, -600, 6496.412550916331, -600], "[6, 6]": [5261.468391544199, -600, -600, -600], "[7, 19]": [-600, 7544.458720067268, 966.2368823347756, 7125.17763212671], "[1, 38]": [7796.081369328634, 7584.6713199045635, -600, -600], "[1, 12]": [-600, -600, 6476.833379761608, -600], "[1, 40]": [7085.920051722439, 1663.5757364785409, 7041.66727231688, -600], "[4, 13]": [-600, -600, -600, 5025.531666651267], "[1, 10]": [-600, 6198.93265065787, -600, -600], "[7, 17]": [7564.789394816048, -600, -600, 7676.008925713282], "[1, 6]": [7743.133665397937, -600, -600, -600], "[1, 41]": [7892.915126572227, -600, -600, 7902.371533733242],