{"[6, 1]": [728.3600888615889, 630.393638528382, -600, 1701.9311111108889], "[5, 3]": [240.8469555358736, -600, 1952.1415655270196, 545.2778920180931], "[4, 4]": [102.4310748118675, -600, 1575.009017701899, -600], "[4, 2]": [431.5602810124045, 1670.29915566087, -600, -600], "[6, 0]": [703.3905058812259, 696.4980408691454, 1631.2897640931942, -600], "[6, 7]": [-600, 1273.3429503719221, 1419.618885754266, 1785.4634636305166], "[6, 3]": [1239.5681432725885, -600, 1796.6759709659889, 1392.153498119643], "[7, 7]": [-600, 348.8408270367586, 612.7850821938122, 1984.9944696119703], "[7, 3]": [1338.0624724943166, -600, 1305.0643953854537, 2024.165953745738], "[7, 0]": [1344.4348750534193, 30.703598573974766, 66.85001363897155, -600], "[0, 7]": [-600, 645.8290791146709, 693.1674274219426, 1681.6048141875315], "[0, 0]": [1583.3335306064243, 685.1228462394181, 670.6929022866028, -600], "[0, 3]": [1752.428833391668, -600, 1220.7300338606615, 1390.6129306661671], "[0, 1]": [1379.0768346443647, 1205.9785458715705, -600, 1760.233380787039], "[7, 1]": [560.5287857641855, 268.41359367501644, -600, 1956.0741136960287], "[0, 9]": [-600, 16.539907395851557, -600, 1043.326845276768], "[0, 2]": [1532.772092432559, 347.26206958009203, -600, -600], "[2, 7]": [-600, 1627.372606436798, 644.7221492712819, 629.5996844160098], "[2, 3]": [1674.0793321329352, -600, 596.0340860799782, 676.6860578462919], "[2, 0]": [1768.4743536310552, 1416.50381041076, 1249.77638190877, -600], "[2, 1]": [1391.570371462878, 1779.361501764335, -600, 1224.7822335756755], "[3, 1]": [518.6169113285506, 1921.66895164756, -600, 213.53801540576944], "[3, 3]": [1278.8859947407254, -600, 62.32450835988256, 13.469988280278764], "[1, 0]": [1981.0446573779636, 602.9181740398067, 313.873372125934, -600], "[1, 1]": [2021.8051763409521, 1275.491563887535, -600, 1339.1782090981783], "[1, 7]": [-600, 76.26344916036489, 30.83702635022053, 1327.8129150670427], "[0, 4]": [1001.7537643893561, -600, 28.514585156221976, -600], "[5, 1]": [29.91454445551357, 1263.1051260533836, -600, 68.64114558299613], "[5, 7]": [-600, 1286.113664319908, 2032.644833074435, 1354.0479257660381], "[4, 3]": [575.8339212580715, -600, 1713.8882917303984, 643.0854690558814], "[4, 1]": [700.9060269628714, 1684.7643516744724, -600, 637.6364345762133], "[5, 0]": [276.9322140637, 561.2265398357493, 1987.3059842119321, -600], "[4, 7]": [-600, 1814.5436612750843, 1409.780101685409, 1239.7648165203373], "[0, 5]": [1016.7918203477115, -600, -600, 1736.1118940204904], "[4, 0]": [1281.3409743523487, 1415.6452329202878, 1808.8563699875688, -600], "[2, 4]": [1600.5937409987666, -600, 125.358407242958, -600], "[1, 5]": [1892.6781286025118, -600, -600, 348.58998130880343], "[2, 5]": [1562.1109077155706, -600, -600, 357.30532061201046], "[2, 9]": [-595.864164070143, 872.1743408137539, -600, 27.666774784443078], "[0, 11]": [-600, -600, 359.65774680476994, 1554.4299755871398], "[7, 18]": [0, 99.72314200511497, 178.80315502431816, 2002.481848964762], "[1, 39]": [1989.7766102916376, 0, 72.9247952417125, 144.58346614851752], "[4, 8]": [-600, 1809.2282455388868, 1213.4756570324014, -600], "[4, 9]": [-600, 1640.1662387991216, -600, 137.60292768844562], "[3, 7]": [-600, 1933.5279637768297, 524.2521082853168, 233.87711810111742], "[1, 9]": [-600, -1.1467179356148933, -600, 554.7283550788619], "[5, 8]": [-600, 522.4096753255469, 1952.5817687427511, -600], "[2, 8]": [-600, 1620.384212952356, 370.57449648890866, -600], "[6, 9]": [-600, 138.98417521116517, -600, 1619.6004538234452], "[6, 11]": [-600, -600, 1763.5389563500553, 1126.8987839023825], "[3, 32]": [0, 1951.130717405603, 167.5353123849948, 57.92774627304159], "[6, 2]": [209.25195291758527, 1455.2825144308986, -600, -600], "[5, 5]": [19.06768038368587, -600, -600, 1187.1225986434977], "[4, 11]": [-600, -600, 1553.981441013169, 339.92654604088295], "[5, 11]": [-600, -597.7769325916577, 1778.016473849072, 285.8703293484398], "[5, 2]": [24.75145693939583, 1187.5384802704048, -600, -600], "[4, 5]": [1503.1142437013987, -600, -600, 128.2386695052436], "[7, 4]": [508.83265477515573, -600, 3.869422531126994, -600], "[6, 5]": [407.4936119351897, -600, -597.7027039826261, 1569.9623726373663], "[5, 25]": [0, 838.7602460302658, 2095.846151514211, 870.9057450681338], "[1, 2]": [1925.1443386536826, 484.36604807630255, -600, -600], "[0, 8]": [-595.8040988195693, 1403.5985725568821, 165.04491743742756, -600], "[1, 11]": [-600, -600, 19.333586401645427, 1012.7275247931783], "[1, 3]": [1972.0156662970003, -600, 243.63974147528913, 607.5373478225896], "[1, 37]": [2094.789355531836, 846.3178703352834, 0, 884.5996351579424], "[7, 15]": [188.1661755435486, 72.18074911956718, 0, 1988.7623140086073], "[6, 4]": [40.29789490164845, -600, 932.2660313080174, -598.5391477258918], "[3, 8]": [-600, 1824.3257193192949, 363.774820152237, -600], "[6, 8]": [-600, 452.6194860447259, 1652.2310790341764, -600], "[7, 8]": [-600, 49.741825248334976, 1335.1507189030617, -600], "[7, 11]": [-600, -600, 452.4811856156764, 1931.3119036460744], "[6, 10]": [-600, 1455.3963635650232, -600, -600], "[6, 13]": [-600, -600, -600, 1706.0804829939414], "[3, 0]": [1287.986484499802, 2003.0099765645416, 1236.3520763689874, -600], "[3, 29]": [804.3158342759388, 2049.317562824823, 760.3208676932778, 0], "[5, 4]": [9.45145808860859, -600, 1592.4946378652605, -600], "[2, 2]": [1093.5599728810018, 1758.987799427239, -600, -600], "[7, 16]": [861.8380435125671, 0, 831.9504151575685, 2092.285916539918], "[3, 30]": [141.89277567222044, 1959.6567327544667, 0, 68.16163075448077], "[3, 4]": [669.1152257212082, -600, 4.580194617945635, -600], "[0, 13]": [-600, -600, -600, 1619.6268202862996], "[5, 23]": [67.16523049742916, 0, 1978.5609825493568, 166.9865736766025], "[5, 22]": [73.74690261169025, 155.08127871187358, 1996.2638764718004, 0], "[1, 4]": [1690.0141182899447, -598.0833499240199, 14.031659263366825, -600], "[1, 8]": [-600, 1248.9462335371138, 40.24855965324887, -600], "[7, 9]": [-600, 14.249816194780806, -600, 1635.2983946564682], "[4, 10]": [-600, 1686.1209811020824, -600, -600], "[1, 42]": [761.7483135569726, -600, -600, -600], "[2, 11]": [-600, -600, 1402.7401115253153, 144.96627908724943], "[3, 9]": [-600, 1484.962029858378, -600, 4.115070167618982], "[2, 10]": [-600, 1640.4747372780173, -600, -600], "[5, 9]": [-600, 785.7542273806549, -600, 11.113341301119775], "[1, 40]": [965.5439731282083, 0, 5.425212478592801, -600], "[4, 6]": [1509.540872992473, -600, -600, -600], "[3, 5]": [1060.9596301226416, -600, -600, 16.18156446958404], "[3, 2]": [298.7895509017171, 1743.5359740688173, -600, -600], "[7, 5]": [287.5241061685971, -600, -600, 1802.074380874132], "[2, 6]": [1685.374378549277, -600, -600, -600], "[5, 24]": [4.107826830369018, 0, 902.6278184552738, -600], "[6, 12]": [-600, -600, 1646.8113323549226, -600], "[5, 12]": [-600, -600, 1696.9786963246868, -600], "[0, 6]": [1682.6566588444068, -600, -600, -597.7320624963877], "[1, 36]": [1994.748985836782, 171.9708035187109, 91.2867154535607, 0], "[1, 38]": [1959.0807943742473, 127.90940387304188, -600, -600], "[3, 11]": [-598.5505402039657, -600, 1019.3788107612179, 22.159755484580206], "[3, 34]": [-600, 952.2815759675439, -600, 2.7006770667229225], "[2, 12]": [-600, -600, 1393.9771071775626, -600], "[7, 2]": [1307.30213944013, 24.856258308961646, -600, -600], "[5, 26]": [-600, 113.6842950185256, 1972.2616991014327, -600], "[6, 6]": [1501.285232558795, -600, -600, -600], "[5, 27]": [-600, -600, 1628.7802767122482, 59.49472065184792], "[4, 12]": [-600, -600, 1721.8039013246373, -600], "[7, 20]": [-600, -600, 121.37539939576064, 1928.7541288516504], "[0, 12]": [-600, -600, 1470.5766616301728, -600], "[7, 12]": [-600, -600, 1133.173846851753, -600], "[7, 17]": [60.437100539808426, -600, -600, 1573.5819651036], "[3, 12]": [-600, -600, 1024.6245885700762, -600], "[7, 19]": [-600, 3.490558003352091, -600, 896.1205326598464], "[3, 6]": [1053.0534874962982, -600, -600, -600], "[0, 10]": [-600, 1398.1516347170475, -600, -600],