{"[6, 0]": [4632.452390651386, 5553.902858250455, 4923.1328331166, -600], "[6, 7]": [-600, 5048.214559353892, 5736.416727026652, 5065.703311623382], "[6, 3]": [5116.826729870359, -600, 5159.061035266839, 5717.982029132883], "[6, 1]": [4793.885251210993, 5390.040596667891, -600, 4720.202578985299], "[6, 4]": [2819.4870566350214, -600, 5589.221166748411, -600], "[0, 3]": [5487.080227193896, -600, 3522.337746039773, 3522.330227732418], "[0, 7]": [-600, 3521.528772299443, 3521.339438543676, 5441.965157539003], "[0, 1]": [3709.576362564869, 5431.205624674071, -600, 3522.3479686436885], "[0, 0]": [3522.3390462420834, 5508.096432227296, 3846.8539278443413, -600], "[1, 3]": [5253.607928972124, 0, 5140.871241501109, 5140.018375070944], "[1, 7]": [0, 5466.542803709997, 4914.335731808242, 5001.251802678268], "[2, 3]": [4832.108715535828, -600, 5310.693090436078, 4867.561418272025], "[2, 1]": [5415.084753171538, 5071.801095186993, -600, 5080.090371162899], "[2, 0]": [4709.631490290584, 5376.419247825513, 5095.358442008524, -600], "[1, 0]": [5193.491541139684, 5488.147987226943, 5203.238297337971, -600], "[2, 7]": [-600, 4698.085625247386, 4918.613072638987, 5315.3152040016175], "[1, 1]": [5225.936621115767, 5308.672848221847, 0, 5217.591440020354], "[0, 9]": [-600, 2606.348395917624, -600, 5066.541183774825], "[6, 9]": [-600, 5157.513263159812, -600, 4074.357023962769], "[6, 8]": [-600, 5104.981856590853, 4358.668182216191, -600], "[0, 4]": [5570.279175454173, -600, 4099.534151202718, -600], "[0, 11]": [-600, -600, 5264.725306294074, 3558.2969985893133], "[0, 5]": [5504.923292085365, -600, -600, 4599.614095963239], "[7, 1]": [4927.939492343766, 4926.625379650733, 0, 5786.610981488965], "[7, 16]": [5243.110639105227, 0, 5156.681110668046, 5931.557912736725], "[3, 1]": [5223.582288489701, 5738.000973070488, 0, 5271.903366355976], "[4, 1]": [5046.561545407026, 5370.460492155049, -600, 4985.535392158181], "[4, 0]": [5151.13793824069, 5771.12087886182, 5109.246374870915, -600], "[4, 7]": [-600, 5172.957932267465, 5643.174396520948, 5117.631972836619], "[3, 7]": [0, 5739.156060985349, 5360.627312756166, 5359.6385062177], "[3, 3]": [4865.953378432886, -600, 5182.405889885245, 4974.760519038247], "[1, 39]": [5656.983936878357, 0, 5419.375828972154, 5406.420945318396], "[6, 11]": [-600, -600, 4538.237659945249, 5591.694717469181], "[7, 7]": [0, 5201.2708789754615, 5225.558932333831, 5781.4545404368055], "[7, 0]": [5214.215771424103, 4795.577499358744, 4760.5643298884015, -600], "[6, 2]": [4370.495144638894, 4893.022183431557, -600, -600], "[6, 5]": [4284.640917729516, -600, -600, 5052.308594675853], "[7, 3]": [5076.56810517905, 0, 5002.045172493662, 5833.910422913769], "[2, 4]": [5351.837497838606, -600, 4512.602241452371, -600], "[2, 9]": [-600, 4113.957537159368, -600, 5382.010400095095], "[2, 2]": [5586.703840041504, 4498.08921575543, -600, -600], "[4, 3]": [4879.920949425965, -600, 5068.307736407842, 4999.915073506905], "[4, 9]": [-600, 4053.304264054189, -600, 5253.4374181527455], "[4, 11]": [-600, -600, 5662.816438971617, 4457.052147172436], "[2, 8]": [121.37879157283885, 5268.210394621365, 4319.315456031278, -600], "[4, 4]": [4132.033833022838, -600, 5295.488863047943, -600], "[4, 2]": [4579.682348586273, 5204.810765996552, -600, -600], "[5, 3]": [5083.329608626934, 0, 5691.6801716665805, 5068.646139768405], "[5, 0]": [5093.200511876409, 5104.6117244577845, 5833.542304980589, -600], "[5, 1]": [4922.601050959094, 4855.749989881727, -600, 5214.9873759287], "[5, 7]": [-600, 4990.267023289294, 5698.7798643018, 5169.248249762556], "[3, 0]": [5137.55680053095, 5800.515771338011, 5183.30370977609, 0], "[0, 2]": [5438.025951334292, 4464.3480560526405, -600, -600], "[2, 5]": [4429.035273502942, -600, -600, 5382.829671155336], "[4, 10]": [-600, 3955.738085224792, -600, -600], "[4, 8]": [-600, 4241.427350057151, 5597.33991027543, -600], "[5, 8]": [-600, 5166.900273626152, 5745.191928217734, -600], "[6, 13]": [-600, -600, -600, 3469.3705879507656], "[3, 29]": [5058.391651080594, 5865.297506039534, 5215.121090665864, 0], "[5, 11]": [-600, -600, 5136.2551992931785, 5647.607290027073], "[0, 13]": [-600, -600, -600, 5345.1787547423355], "[5, 25]": [0, 5015.250079681199, 5865.948452027265, 5392.699529570076], "[2, 6]": [5362.760641452904, 494.2866854260069, -600, -600], "[5, 4]": [4808.628639922302, -600, 5719.914490494992, -600], "[7, 11]": [-600, -600, 4584.550901268411, 5795.703491878061], "[7, 4]": [3831.2035773371795, -600, 4245.933568844722, 273.84767219983223], "[7, 9]": [-600, 4341.703293313329, -600, 5631.605723089029], "[7, 5]": [5214.619524633232, -600, -600, 5737.095773462721], "[5, 23]": [5401.714940799081, 0, 5885.791406853832, 5412.647930584908], "[3, 32]": [0, 5784.778348365253, 5403.3040832670795, 5379.795528366607], "[3, 30]": [5321.756592832928, 5774.708703973483, 0, 5342.717186422548], "[2, 10]": [-600, 3385.0372521155873, -600, -600], "[7, 18]": [0, 5231.040951480303, 5128.168266457523, 5797.178741294826], "[5, 22]": [5470.342311898639, 5477.498062376073, 5924.582255325058, 0], "[1, 9]": [-600, 4963.048601672914, -600, 3914.052820423016], "[1, 37]": [5677.398264837764, 5273.735409123897, 0, 5275.111968465127], "[5, 9]": [-600, 3420.7365158538323, -600, 4649.27226323182], "[3, 2]": [5375.9780771864325, 5724.602685339111, -600, -600], "[3, 4]": [5082.859957488178, -600, 3862.51519089832, -600], "[1, 36]": [5178.601141788913, 5184.485785960202, 5410.087418293495, 0], "[7, 15]": [5070.232337221081, 5088.583715357623, 0, 5683.446182893656], "[0, 6]": [4960.701746196467, -600, -600, -600], "[4, 5]": [4368.451217444668, -600, -600, 5244.974372394062], "[2, 11]": [-600, -600, 5092.969771628646, 4461.868387680777], "[3, 5]": [4943.48096458568, -600, -600, 5119.659741763611], "[3, 11]": [-600, 517.2674541774957, 4773.857051608553, 5098.341803641322], "[1, 2]": [5376.708499225291, 4570.085891337353, -600, -600], "[2, 13]": [-600, -600, -600, 3405.789486751332], "[4, 6]": [5181.228465931765, -600, -600, -600], "[7, 2]": [4615.062556944627, 4801.7815669197, -600, -600], "[0, 8]": [-600, 4546.242514314179, 4033.332987735256, -600], "[1, 5]": [5075.282916470374, -600, -600, 5198.164316122958], "[7, 8]": [-600, 4905.727303689056, 4372.455314909082, -600], "[1, 4]": [5304.576133767906, -600, 4287.547304585387, -600], "[0, 12]": [-600, -600, 4838.496917763737, -600], "[3, 9]": [-600, 4710.397720159127, 197.11303737621904, 5000.702131471827], "[3, 12]": [-600, -600, 4986.968476275748, -600], "[6, 10]": [-600, 2634.7020009161556, -600, -600], "[4, 12]": [-600, 16.72345722922819, 4465.422176995167, -600], "[1, 8]": [-600, 4611.205641248998, 5365.575631952421, -600], "[1, 11]": [-600, -600, 4900.14648044889, 5079.686231029185], "[5, 13]": [-600, -600, -600, 4116.662134756281], "[5, 2]": [5069.668333819056, 4770.141971468934, -600, -600], "[2, 12]": [-600, -600, 4096.7409682911975, -600], "[7, 13]": [-600, -600, -600, 5543.90984717092], "[3, 8]": [-600, 5631.496979435649, 4962.698653908144, -600], "[5, 5]": [4852.1080142393, -600, -600, 5062.561720174096], "[3, 10]": [-600, 5482.704557127077, -600, -600], "[5, 24]": [4933.958843645011, -600, 5641.213197095278, -600], "[3, 31]": [5111.174196213017, 5627.5429988733285, -600, -600], "[5, 27]": [423.15368037529083, -600, 5895.601459072936, 5510.179356753014], "[6, 12]": [-600, -600, 5539.000798276787, -600], "[6, 6]": [4749.810111473928, -600, -600, -600], "[7, 19]": [-600, 4523.981673509981, 966.2368823347756, 4546.029202745025], "[1, 38]": [4843.772852692352, 5387.049071975143, -600, -600], "[1, 12]": [-600, 265.8852087191807, 4803.087474361191, -600], "[1, 40]": [4189.339089148947, -600, 4925.231584447307, -600], "[4, 13]": [-600, -600, -600, 2752.6131971028162], "[1, 10]": [-600, 4621.683660108676, -600, -600], "[7, 17]": [4701.354369716275, 618.3454449396024, -600, 5872.578721098515], "[1, 6]": [4239.547183933645, -600, -600, -600], "[1, 41]": [5239.01161104373, -600, -600, 5396.413866316774],