{"[4, 8]": [-600, 3395.5396815921526, 1061.012907496196, -600], "[0, 0]": [1397.9930055756824, 3258.097687566655, 894.6462583048676, 0], "[0, 1]": [2508.7548531701063, 267.731547795939, 0, 0], "[1, 3]": [0, 0, 2596.578834932647, 57.99980486625351], "[1, 7]": [-600, 107.9758619791712, 124.54925767761398, 2831.3034448959793], "[2, 3]": [2891.6685552349923, 0, 318.5782734702789, 393.72423318761], "[2, 7]": [-600, 3467.1423097906695, 726.8590956667756, 479.35270040770024], "[2, 0]": [3472.842864040429, 1738.6873212854384, 1884.8922568097282, 0], "[2, 1]": [3363.2419998471687, 1507.1663703979132, 0, 1211.4850852809677], "[1, 0]": [38.97600215873573, 158.50358383305212, 2647.2869553953847, 0], "[0, 7]": [-600, 2880.7525271295876, 0, 0], "[0, 3]": [809.9127915137317, 0, 499.49714995349814, 3131.260793543046], "[7, 1]": [3165.936297748064, 0, 0, 0], "[7, 3]": [2422.4546540989536, 0, 0, 0], "[7, 4]": [-10.05581808180457, -600, 2898.441840500316, -600], "[6, 5]": [3341.1907830041378, -600, -600, 1681.1092538166677], "[6, 3]": [3295.8195292649116, 0, 137.55449875459078, 364.2519973393876], "[6, 1]": [3322.006906510039, 1025.1515916967965, 0, 787.7324461989136], "[6, 4]": [-57.54135738476528, -600, 2927.1642988691447, -600], "[0, 4]": [3266.1812496734315, -600, 703.5958100314846, -600], "[0, 11]": [-448.99835353006813, -600, 192.5582034568958, 2982.2476691983966], "[6, 0]": [598.6867077734394, 591.5061489573335, 3315.1843712519076, 0], "[6, 7]": [-600, 387.36040546474055, 874.8137016351853, 3345.2634961473555], "[6, 9]": [-600, -6.116496206037489, -600, 3366.395541819785], "[5, 11]": [-600, -600, 3529.5018628003522, 623.1926730103444], "[4, 11]": [-600, -600, 3499.938203351592, 216.39985863910843], "[4, 7]": [-600, 2441.0835965817937, 3631.342818191253, 2861.9777611933996], "[4, 0]": [707.1977492916301, 629.6378370922981, 3551.2690192710556, 0], "[4, 9]": [-600, 3193.578808119263, -600, 0], "[2, 4]": [1918.0214716608898, -600, -52.44181770361779, -600], "[3, 2]": [1377.0019148493986, 3497.2685528756883, -600, -600], "[3, 0]": [1081.9776696224678, 1510.3634545742198, 3442.3783117009925, 0], "[3, 7]": [-600, 3422.7622137951753, 341.62389151702666, 178.70729811412858], "[3, 3]": [1858.8867801164736, 0, 195.90897112352252, 45.49732587857513], "[3, 1]": [3393.3030463617324, 431.19995391725723, 0, 171.47751032759118], "[4, 1]": [97.96325801208798, 3511.669134344095, 0, 398.64734137032997], "[4, 3]": [328.5623830593935, 0, 3624.7157495047522, 348.38480309306846], "[1, 1]": [0, 1247.5253748295147, 0, 0], "[7, 0]": [366.49608973937546, 2864.062205642327, 548.2379272048637, 0], "[7, 7]": [-600, 2809.878680636147, 268.88937404063637, 0], "[0, 5]": [3189.8829462995486, -600, -600, 867.0409491751795], "[2, 9]": [-600, 3021.5829025287812, -600, 8.452371933179968], "[2, 5]": [385.2250997323831, -600, -600, 2512.5368351322354], "[2, 2]": [3430.9785533656013, 778.5510281762911, -600, -600], "[4, 4]": [-80.43929103238494, -600, 3370.464727898966, -600], "[4, 2]": [275.50559082479504, 3061.351834207327, -600, -600], "[0, 9]": [-337.66961092086297, 1067.3613575729196, -600, 0], "[6, 11]": [-600, -600, 2547.2250807930336, 3407.179259462616], "[7, 5]": [3311.9056667886275, -600, -467.0087810090249, 737.2366832891548], "[5, 0]": [0, 279.2327798514407, 3468.539015526946, 0], "[5, 7]": [-600, 210.4343899409965, 0, 3498.912709031699], "[5, 3]": [0, 0, 34.56318474331609, 3495.918772154696], "[3, 29]": [663.1970146097487, 3711.710566528411, 825.7071152618455, 0], "[5, 1]": [415.7798652830521, 0, 0, 1493.0893917494443], "[3, 8]": [-600, 3478.6938855357093, 140.8256784196604, -600], "[2, 8]": [-600, 3458.5319010073745, 1532.1396852850085, -600], "[1, 4]": [1332.2018943608587, -600, 0, -600], "[1, 2]": [1894.3922877966263, 0, -517.5514909117117, -600], "[1, 8]": [-600, 3045.539366879236, 0, -600], "[5, 24]": [933.6538929297093, -600, 2672.4456833878676, -600], "[3, 32]": [0, 3711.916399639173, 618.0157668585659, 466.41552257372905], "[1, 5]": [707.8898333456103, -600, -600, 307.0947103908466], "[1, 37]": [1859.7557092469365, 427.6645654783158, 0, 344.162751494323], "[6, 8]": [-600, 654.989087634119, 3384.3135944418923, -600], "[3, 30]": [519.794982404666, 3626.235033285721, 0, 509.71703488488583], "[6, 12]": [-600, -600, 3353.962595317447, -600], "[5, 25]": [0, 420.2198010882971, 3817.375342522021, 448.98950812454876], "[2, 11]": [-600, -600, 87.17009852995876, 2883.3102686275965], "[7, 15]": [515.9504248950647, 528.125929459585, 0, 2973.0426973979393], "[7, 16]": [398.07112843325876, 0, 56.383297152305104, 815.9725188288022], "[4, 5]": [2587.396785452277, -413.5951383377316, -600, 0], "[5, 8]": [-600, 3326.5882826512207, 304.17196022265364, -600], "[5, 9]": [-600, 1419.132034948129, -600, 0], "[5, 22]": [377.9762614306086, 391.2319177751227, 3112.2042867017917, 0], "[0, 2]": [2055.6002490996198, 64.00747134724627, -600, -473.0164396373904], "[0, 8]": [-600, 2845.989772636923, 0, -600], "[7, 11]": [-600, -600, 237.7038741104117, 3506.6652013792313], "[6, 2]": [2700.258199513115, 0, -600, -600], "[7, 2]": [2122.2918115894995, 0, -600, -600], "[5, 4]": [264.74709973416185, -600, 3169.46898805799, -600], "[5, 2]": [0, 2909.6407082889596, -600, -600], "[5, 23]": [709.8636617774303, 0, 3172.6087171823046, 741.5754024272621], "[4, 12]": [-600, -600, 3451.2433551195268, -600], "[1, 36]": [2619.75502282137, 63.89687362639905, 0, 0], "[3, 4]": [1609.51463658276, -600, 36.90954883198328, -600], "[7, 18]": [0, 674.8678869759646, 605.9837111840914, 3597.22009135801], "[1, 6]": [925.7299942660761, -600, -600, -600], "[1, 10]": [-600, 1331.6492448189363, -600, -600], "[7, 13]": [-600, -600, -600, 3496.9279834800464], "[4, 10]": [-600, 2507.2128114441803, -600, -600], "[1, 9]": [-600, 482.88820238500494, -600, 1130.758695886829], "[0, 6]": [2206.270444756181, -600, -600, -600], "[1, 39]": [3343.155371889251, 0, 547.2278823103826, 59.72629549818121], "[2, 13]": [-600, -600, -600, 1911.936040442417], "[3, 5]": [1425.7593931181818, -600, -600, 383.16518180532273], "[2, 10]": [-600, 3362.6404460710996, -600, -600], "[3, 9]": [-600, 3400.1599996078157, -600, 401.4985855831975], "[3, 11]": [-600, -600, 2149.0397350981702, 51.77417216876417], "[0, 13]": [-600, -600, -600, 2167.6408360742444], "[7, 9]": [-600, 0, -600, 1773.4148765577029], "[7, 8]": [-600, 2807.1914199210087, 24.979688457464977, -284.1849128217999], "[5, 26]": [-600, 3284.947506700497, 683.2251023935498, -600], "[6, 13]": [-600, -600, -600, 3384.2947119446153], "[6, 6]": [1864.3613193737665, -600, -600, -600], "[2, 6]": [2207.767443833184, -600, -600, -600], "[1, 40]": [3263.295925691366, -600, 0, -600], "[1, 11]": [-600, -600, 1471.658461026647, 0], "[6, 10]": [-600, 2511.586921584595, -600, -600], "[1, 13]": [-600, -600, -600, 1122.7587027296431], "[3, 12]": [-600, -600, 2456.3683517799345, -600], "[4, 6]": [1314.3807154726446, -600, -600, -600], "[7, 19]": [-600, 0, -600, 1730.1204756614482], "[4, 13]": [-600, -600, -600, 2969.2524743854856], "[1, 38]": [2595.7075295042778, 521.6154605943352, -600, -600], "[2, 12]": [-600, -600, 3134.809993154571, -600], "[2, 14]": [-600, -600, -600, -600], "[5, 5]": [0, -600, -600, 1381.8900251996408], "[3, 33]": [-600, 3724.3843318097365, 568.8223170558823, -600], "[3, 34]": [-600, 3000.856847335616, -600, 399.0693707787005], "[3, 31]": [812.7708517144443, 3719.800180888441, 401.8395214053576, -600], "[5, 12]": [-600, -600, 3288.8307033329133, -600], "[3, 10]": [-600, 3207.650730588177, -600, -600], "[3, 6]": [1154.474079911432, -600, -600, -600], "[0, 10]": [-600, 466.5304809693068, -600, -600], "[0, 12]": [-600, -600, 2529.5649520990164, -450.62253480775746], "[7, 20]": [-600, -600, 518.3771438923949, 3799.658273757702], "[7, 17]": [380.53469377413296, -600, -600, 2096.2092889051955], "[5, 27]": [-600, -600, 620.1750335365323, 3384.5359121273755], "[5, 10]": [-600, 1806.3478377633307, -600, -600], "[7, 12]": [-600, -600, 1920.2662430785458, -600], "[1, 41]": [1417.626507629, -600, -600, 688.864408682846],