{"[4, 8]": [-600, 11751.560460263308, 11737.326713092605, -600], "[0, 0]": [11279.603502923952, 11666.653169373869, 11021.879031860359, 0], "[0, 1]": [11908.93034501629, 11710.602636399115, 0, 12002.925009342529], "[1, 3]": [12158.583012862766, 0, 11643.795689694996, 11761.364239155784], "[1, 7]": [-600, 11462.119174793392, 11543.449717278656, 11563.656450317532], "[2, 3]": [11296.140292003689, 0, 11550.405674610407, 11242.782722001723], "[2, 7]": [-600, 11764.449210168648, 11472.510174203047, 11448.795618588056], "[2, 0]": [12040.905442735704, 11897.566471925944, 11564.932930926761, 0], "[2, 1]": [12122.157903281983, 11681.913991643527, 0, 11390.748742035825], "[1, 0]": [11600.290131107298, 11693.039614796815, 11577.318846983406, 0], "[0, 7]": [-600, 11543.376218458481, 11063.860210161718, 10928.363748672546], "[0, 3]": [11843.941057218051, 0, 11089.532549401858, 12078.41087041497], "[7, 1]": [11856.00662146408, 11662.747962205516, 0, 11902.8500383631], "[7, 3]": [11858.866967658154, 0, 10711.00589932663, 12027.789993118848], "[7, 4]": [9185.932844604224, -600, 11181.688205182303, -600], "[6, 5]": [10724.578209641284, -600, -600, 11652.93117997683], "[6, 3]": [11792.657660702998, 0, 10926.452807915228, 11879.88577611235], "[6, 1]": [11092.950416527337, 11354.97286616721, 0, 11615.895866508228], "[6, 4]": [9146.381385496827, -600, 11911.155724902255, -600], "[0, 4]": [8481.199841985193, -600, 11758.656490766505, -600], "[0, 11]": [-600, -600, 11151.985248782617, 11860.112214956527], "[6, 0]": [11815.723367053231, 11851.95553006631, 11988.805438158799, 0], "[6, 7]": [-600, 11933.239019759683, 11988.895635963256, 11880.962359348798], "[6, 9]": [-600, 11880.77405130063, -600, 11087.58851145991], "[5, 11]": [-600, -600, 11907.677932426945, 11704.739719350435], "[4, 11]": [-600, -600, 11732.797368266092, 11537.110654315913], "[4, 7]": [-600, 11686.002422201098, 11750.580316408577, 11722.431214500724], "[4, 0]": [11745.883634154154, 11741.987914793395, 11756.874827210517, 0], "[4, 9]": [-600, 11759.065663033114, -600, 10907.142427750103], "[2, 4]": [11029.559784184428, -600, 10307.157768530167, -600], "[3, 2]": [11882.221279364487, 12127.252045469004, -600, -600], "[3, 0]": [11802.334430333834, 12178.195673602557, 11632.882822320771, 0], "[3, 7]": [-600, 11115.26433485084, 11757.41218413369, 11618.420691947813], "[3, 3]": [9950.642190262679, 0, 11490.00955392997, 9650.665082817317], "[3, 1]": [11792.119543300121, 12161.726590445245, 0, 11652.61241315772], "[4, 1]": [11706.728220769277, 11521.377339722303, 0, 11641.84697278707], "[4, 3]": [11563.868422536307, 0, 11453.407737913818, 11548.747340392794], "[1, 1]": [12206.645677416183, 11550.30751934254, 0, 11644.741938798867], "[7, 0]": [11765.75680353583, 11698.760330038447, 11680.42311909766, 0], "[7, 7]": [-600, 11689.018185408464, 11705.163605664542, 11950.517672539678], "[0, 5]": [11893.827398992897, -600, 655.8046146556933, 11124.633069816902], "[2, 9]": [467.00520367623926, 9238.425214377417, -600, 10955.28121388251], "[2, 5]": [10928.895405267247, -600, -600, 11892.690202185122], "[2, 2]": [12078.422907779757, 10729.285974410126, -600, -600], "[4, 4]": [11548.729230610985, -600, 9893.301169600943, -600], "[4, 2]": [11747.53614147203, 11279.318800075864, 647.4275222926381, -600], "[0, 9]": [-600, 8264.842658692689, -600, 9592.557649864537], "[6, 11]": [-600, -600, 11995.582808603589, 11889.876748657498], "[7, 5]": [11901.480185600554, -600, -600, 11822.75242431504], "[5, 0]": [11765.778963506496, 11777.226841408868, 11950.48802211931, 0], "[5, 7]": [-600, 11957.053956987278, 11444.393971824913, 11418.039590461596], "[5, 3]": [11757.865601358306, 0, 11946.237494388723, 11827.039706934574], "[3, 29]": [11953.07765556335, 12275.078652965523, 11956.360939736813, 0], "[5, 1]": [11556.529611894977, 11580.094455856812, 0, 11731.218491299314], "[3, 8]": [-600, 12205.528492458301, 11892.506575213672, -600], "[2, 8]": [-600, 11430.128633050283, 11626.66141382367, -600], "[1, 4]": [12163.77912086774, -600, 11196.296052551748, -600], "[1, 2]": [12060.660257963926, 11815.2898754742, -600, -600], "[1, 8]": [-600, 11437.393919591233, 10897.0577757164, -600], "[5, 24]": [641.2481537463565, -600, 12197.974434968426, -600], "[3, 32]": [0, 12235.257609488313, 12066.802504117433, 12081.585963832133], "[1, 5]": [11855.397242164665, -600, -600, 11829.33307322976], "[1, 37]": [12312.257878334945, 11903.080067218852, 0, 11842.721393701238], "[6, 8]": [-600, 11926.28260635838, 11844.73613593819, -600], "[3, 30]": [12246.912331202897, 12282.267157635955, 0, 11446.535303270271], "[6, 12]": [-600, -600, 11954.57202163925, 655.0959115941741], "[5, 25]": [0, 4142.033580867976, 12121.583445945655, 5694.04948152267], "[2, 11]": [633.6377373829471, -600, 10768.325432753782, 11526.913417801861], "[7, 15]": [11806.701778893985, 11514.632166645217, 0, 12282.692092937701], "[7, 16]": [11895.482500619155, 0, 11269.394570437731, 12167.886857976762], "[4, 5]": [10426.962256917635, -600, -600, 11213.430812111868], "[5, 8]": [-600, 11910.553687932683, 11853.26660309025, -600], "[5, 9]": [-600, 11739.212200862317, -600, 5084.837115430713], "[5, 22]": [11210.458064656015, 10799.33758496799, 12033.99651393232, 0], "[0, 2]": [10729.284194833295, 11447.688663741772, -600, -600], "[0, 8]": [618.5268724288833, 11551.650626384207, 10607.331673695717, -600], "[7, 11]": [-600, -600, 11807.713568889958, 11987.342325315041], "[6, 2]": [11735.049937032203, 11524.282886966696, 652.2130118454152, -600], "[7, 2]": [11598.328182633748, 11757.671542726303, -600, -600], "[5, 4]": [11811.544503859815, 0, 3724.6331436382366, -600], "[5, 2]": [10820.398856115475, 11736.925982585402, -600, -600], "[5, 23]": [5634.3153159648755, 0, 11988.660902903517, 4217.661039119593], "[4, 12]": [-600, -600, 10794.441371094841, -600], "[1, 36]": [12265.914788206286, 11977.01224038532, 12053.975483163957, 0], "[3, 4]": [10097.737250416109, -600, 4699.750336785268, -600], "[7, 18]": [0, 11910.053984637496, 11774.225112190064, 12125.724151215965], "[1, 6]": [11278.943032500743, 767.5505443657037, -600, -600], "[1, 10]": [-600, 11179.400043116168, -600, -600], "[7, 13]": [-600, -600, -600, 12033.465243086368], "[4, 10]": [-600, 11801.832584794869, -600, -600], "[1, 9]": [-600, 8296.696449814246, -600, 8289.402948209563], "[0, 6]": [10938.939080225515, -600, -600, 699.6762894269359], "[1, 39]": [12343.892960892916, 0, 12128.060195544333, 12212.245136350655], "[2, 13]": [-600, -600, -600, 9515.725447541285], "[3, 5]": [11698.203981914838, -600, -600, 10299.70539038164], "[2, 10]": [-600, 11609.130852712668, -600, -600], "[3, 9]": [-600, 12145.368402446453, -600, 9373.335253205449], "[3, 11]": [319.62402984085463, -600, 11711.32333562669, 9697.514407472254], "[0, 13]": [740.8459783034359, -600, -600, 9866.077898427846], "[7, 9]": [-600, 11593.077711074233, 0, 5113.8846037129215], "[7, 8]": [-600, 11505.453994096488, 11154.448345278444, -600], "[5, 26]": [-600, 5488.857435900109, 12434.766614616916, -600], "[6, 13]": [-600, -600, -600, 11664.44598727307], "[6, 6]": [10845.465577198127, -600, -600, -600], "[2, 6]": [12060.078774788068, -600, -600, -600], "[1, 40]": [12045.344025493818, -600, 10200.917358205263, -600], "[1, 11]": [-600, -242.76400262845436, 11331.653482678206, 11482.814030682654], "[6, 10]": [-600, 11862.635917325873, 662.4664156173669, -600], "[1, 13]": [-600, -600, -600, 11078.70976252325], "[3, 12]": [-600, -600, 10598.356587772812, -600], "[4, 6]": [7688.171769894911, -600, -600, -600], "[7, 19]": [-600, 4808.598899065102, -600, 12308.781562362714], "[4, 13]": [-600, -600, -600, 11185.860059325789], "[1, 38]": [12225.746984117126, 12134.209319405547, -600, -600], "[2, 12]": [517.0378769082188, -600, 10727.485299145721, -600], "[2, 14]": [-600, -600, -600, -600], "[5, 5]": [11719.722786073391, -600, -600, 10332.875257726573], "[3, 33]": [-600, 12341.987822132643, 11602.532295159135, -600], "[3, 34]": [-600, 12430.302570839984, -600, 2843.937746288654],