{"[6, 1]": [276.44648724210043, 244.76559305056452, -600, 915.9063812633285], "[5, 3]": [53.42751068021469, -600, 1178.8817718963126, 216.5656141076479], "[4, 4]": [25.645384905563038, -600, 791.216679038461, -600], "[4, 2]": [147.23970462273198, 875.6523638171801, -600, -600], "[6, 0]": [256.0482814694033, 286.36714245408666, 854.5740704049722, -600], "[6, 7]": [-600, 588.1227560251862, 734.3367263875488, 993.1056778145963], "[6, 3]": [562.3544101163673, -600, 997.8251967060057, 714.8533101081185], "[7, 7]": [-600, 79.12569367277946, 224.91129425269867, 1193.1101458162548], "[7, 3]": [634.7533100700921, -600, 618.0864747834154, 1241.594169636517], "[7, 0]": [517.523081022366, 1.6989123351913331, 22.202664028360157, -600], "[0, 7]": [-600, 229.01061918112637, 264.19749755075003, 894.1912572607079], "[0, 0]": [818.2767149840275, 274.6080839440306, 242.19856195089244, -600], "[0, 3]": [965.9016678822635, -600, 550.7682110592167, 693.5842507195894], "[0, 1]": [694.4177735759421, 544.6293265052127, -600, 969.4370665241327], "[7, 1]": [215.04028250052065, 61.11870244288744, -600, 1172.414997554242], "[0, 9]": [-600, -0.6515217594140637, -600, 345.4971817576619], "[0, 2]": [780.7513501240106, 129.5393733790023, -600, -600], "[2, 7]": [-600, 867.273076468179, 271.02831118427184, 250.6595408032037], "[2, 3]": [898.6894947701679, -600, 233.1986225827696, 274.04466756370005], "[2, 0]": [980.4601828019747, 715.5569362812206, 568.7498588893131, -600], "[2, 1]": [697.3497033243049, 992.4654020581465, -600, 553.6603602991089], "[3, 1]": [186.86545555082276, 1146.801950360885, -600, 39.42152159502115], "[3, 3]": [454.57954516509545, -600, 20.049634055520343, -1.7459158894188969], "[1, 0]": [1191.255452263143, 232.46152438788553, 71.72467701324898, -600], "[1, 1]": [1241.8029359748703, 603.9889407933487, -600, 655.3940601632603], "[1, 7]": [-600, 23.492602412659327, 0.3091862222730969, 511.7880190508155], "[0, 4]": [340.76851186059764, -600, 6.277133469608417, -600], "[5, 1]": [0.5465385989767684, 473.4748988996147, -600, 24.428133647693485], "[5, 7]": [-600, 610.4372538348605, 1249.071642123169, 653.2995767635759], "[4, 3]": [204.7220049165931, -600, 929.1617389143033, 247.92854490371224], "[4, 1]": [269.25538443774633, 900.2175643308408, -600, 236.51440502355533], "[5, 0]": [62.832786183878845, 214.2140349303426, 1208.5070517875502, -600], "[4, 7]": [-600, 1032.0355690885558, 708.916717166568, 551.138297099523], "[0, 5]": [441.34373558866895, -600, -600, 948.1904134892028], "[4, 0]": [585.4526597338282, 726.409469723263, 1028.0483210726659, -600], "[2, 4]": [770.5268135416966, -598.4990775694065, 37.468031057698475, -600], "[1, 5]": [1107.5265122907551, -600, -600, 125.690909689911], "[2, 5]": [793.0530571497502, -600, -600, 137.80264396399832], "[2, 9]": [-600, 291.08907136621485, -600, 5.564574849124509], "[0, 11]": [-600, -600, 128.61792074568828, 773.6019279059749], "[7, 18]": [0, 21.8584473910555, 56.090199779019095, 1161.5926112602851], "[1, 39]": [1152.6292940591159, 0, 14.615895320838506, 58.6393184228638], "[4, 8]": [-600, 1021.2672910678655, 549.9339549894123, -600], "[4, 9]": [-600, 810.7342692252824, -600, 32.189694424673824], "[3, 7]": [-600, 1159.5857654857437, 193.23682153852494, 51.01576202239104], "[1, 9]": [-600, -0.8638847707926895, -600, 96.40412623430237], "[5, 8]": [-600, 194.4232210165859, 1160.6635990231666, -600], "[2, 8]": [-600, 829.6113411931432, 135.6178643390917, -600], "[6, 9]": [-600, 40.86675243269585, -600, 808.8727045522473], "[6, 11]": [-600, -598.5568370971074, 978.9093021377544, 494.9050979097503], "[3, 32]": [0, 1131.0752765796874, 63.93592572002842, 11.147131066922103], "[6, 2]": [71.69382762988658, 656.6430069123813, -600, -600], "[5, 5]": [3.4485429648068573, -600, -600, 381.47105300895134], "[4, 11]": [-600, -596.8355910254651, 809.5208621660842, 127.35092852696138], "[5, 11]": [-600, -600, 1032.3842994125378, 101.07235112500426], "[5, 2]": [3.2521541108350944, 396.9172682792982, -600, -600], "[4, 5]": [633.1822808842219, -600, -598.6158301340802, 47.57977595697362], "[7, 4]": [79.65163741563624, -600, 1.1576077817031325, -600], "[6, 5]": [153.5110026822098, -600, -598.4484647547076, 798.2600927349041], "[5, 25]": [0, 330.7989557479696, 1311.6599235300846, 338.196471426049], "[1, 2]": [1114.5247951168617, 173.44547083731857, -600, -600], "[0, 8]": [-600, 617.736592942663, 50.65303680426325, -600], "[1, 11]": [-600, -598.988703987415, 2.797341145344394, 311.1171798304153], "[1, 3]": [1184.29312757106, -600, 55.35040847538425, 226.8370446118253], "[1, 37]": [1303.2217997671096, 336.1990115451492, 0, 360.45621663830485], "[7, 15]": [63.947932624789814, 13.05439979925351, 0, 1138.6486985442111], "[6, 4]": [9.475247348151033, -600, 318.0760280806158, -598.6929624678056], "[3, 8]": [-600, 1020.8082134937431, 139.592064397702, -600], "[6, 8]": [-600, 169.35195781283235, 851.6366887518835, -600], "[7, 8]": [-600, 10.293498302594076, 496.44535773212516, -600], "[7, 11]": [-600, -600, 174.80751083792387, 1126.0782782571835], "[6, 10]": [-600, 612.5635644248065, -600, -600], "[6, 13]": [-600, -600, -600, 905.3339161422103], "[3, 0]": [599.6226657524037, 1228.9115210846182, 576.727318683658, -600], "[3, 29]": [313.42371026243734, 1277.057348915942, 305.0607817108433, 0], "[5, 4]": [1.116301356007343, -600, 675.922066485195, -600], "[2, 2]": [478.1528367169006, 968.2660464124124, -600, -600], "[7, 16]": [347.9946600446395, 0, 310.79254809930245, 1301.5433151448353], "[3, 30]": [54.49201619130373, 1128.008893421801, 0, 12.328630566053949], "[3, 4]": [150.94220705269862, -600, 2.7226947923360436, -600], "[0, 13]": [-600, -600, -599.1312216790418, 764.3272073641812], "[5, 23]": [15.559490941642865, 0, 1153.6662884989346, 63.04556769726505], "[5, 22]": [14.732430307112917, 60.48958272111238, 1158.1521855307012, 0], "[1, 4]": [769.3922276826805, -600, 2.7883784812328063, -600], "[1, 8]": [-600, 447.03689807251516, 5.95201118204906, -600], "[7, 9]": [-600, 1.8228761537771436, -600, 680.4897593379826], "[4, 10]": [-600, 826.127364103947, -600, -600], "[1, 42]": [245.49054791248733, -600, -600, -600], "[2, 11]": [-600, -600, 584.2492889758554, 47.690577338112874], "[3, 9]": [-600, 593.0064459684585, -600, -1.4191545825773042], "[2, 10]": [-600, 802.3612416797619, -600, -600], "[5, 9]": [-600, 182.36739133268694, -600, 3.5541956086999833], "[1, 40]": [360.8496495571244, 0, 0.7864457223266644, -600], "[4, 6]": [595.1537202458128, -600, -600, -600], "[3, 5]": [313.96242021205705, -600, -600, 2.8152981353453264], "[3, 2]": [105.43943900035352, 985.7898225112884, -600, -600], "[7, 5]": [105.21852460783707, -600, -600, 1050.3662142069084], "[2, 6]": [888.0782406957113, -600, -600, -600], "[5, 24]": [0.5587993210695432, 0, 355.07507565802246, -600], "[6, 12]": [-600, -600, 790.818358473723, -600], "[5, 12]": [-600, -600, 729.9558061359915, -600], "[0, 6]": [877.3241607050597, -600, -600, -600], "[1, 36]": [1154.7584111563601, 62.71570506468609, 17.246545598792885, 0], "[1, 38]": [1117.5367385023021, 40.93956748901642, -600, -598.619251081406], "[3, 11]": [-600, -600, 326.53407335184914, 3.777181924139865], "[3, 34]": [-600, 359.7764629941366, -600, 0.7519612550013475], "[2, 12]": [-600, -600, 524.1028517313049, -600], "[7, 2]": [463.22102935984856, 5.722610624944594, -600, -600], "[5, 26]": [-600, 37.734023196216064, 1132.9208287000606, -600], "[6, 6]": [617.0175900524014, -600, -600, -600], "[5, 27]": [-600, -600, 802.2306310305648, 19.691889480142258], "[4, 12]": [-600, -600, 941.287493561319, -600], "[7, 20]": [-600, -600, 47.757399410608144, 1095.852130441129], "[0, 12]": [-600, -600, 547.3808733572512, -600], "[7, 12]": [-600, -600, 305.28943817016807, -600], "[7, 17]": [23.687881369996777, -600, -600, 775.6453599857822], "[3, 12]": [-600, -600, 266.7460851933475, -600], "[7, 19]": [-600, 0.40529534519298027, -600, 336.628419566091], "[3, 6]": [287.8985433009626, -600, -600, -600], "[0, 10]": [-600, 517.2860664150979, -600, -600],