{"[5, 1]": [-0.7528451514219496, 23.701594573256106, -600, 391.55435111786113], "[6, 0]": [254.72711419618742, 296.4760662772962, 792.3185341389114, -600], "[6, 7]": [-600, 537.688363932097, 673.8494126723857, 927.9110229626084], "[6, 1]": [274.4651385861431, 221.29454080174617, -600, 831.255662397101], "[6, 3]": [536.8858517734571, -600, 930.9393817873555, 670.9271063999097], "[6, 9]": [-600, 25.086555258090236, -600, 678.0072953125458], "[6, 8]": [-600, 147.82620009022938, 779.4345416514509, -597.09662708479], "[4, 9]": [-600, 670.1356402637755, -600, 32.94406031073638], "[4, 8]": [-600, 939.4134271135533, 543.8560832805541, -600], "[4, 7]": [-600, 959.3893631949065, 701.4276367214674, 555.2038686389789], "[4, 0]": [554.3858755705994, 700.5797697700289, 953.789145598873, -600], "[4, 11]": [-600, -600, 801.5238351384204, 154.71920959478987], "[7, 7]": [-600, 62.856632768424035, 197.50558342859998, 1101.0198020970322], "[7, 3]": [596.8100729862751, -600, 565.1105858257326, 1166.270114560995], "[0, 7]": [-600, 225.10904450015624, 268.8635707081005, 806.7666416608622], "[0, 3]": [873.6958929007342, -600, 499.3643227161029, 629.716240167007], "[0, 1]": [646.5622062343062, 500.8222478659794, -600, 868.1727055284903], "[0, 0]": [743.2369380312874, 257.9544392116261, 226.68488049821576, -600], "[7, 1]": [206.79283017398294, 58.89309229589935, -600, 1113.1619323490245], "[7, 0]": [450.84395875522017, 1.8466126049066456, 20.900339516354652, -600], "[5, 3]": [44.56739973228693, -600, 1132.4657765772981, 202.35250869472154], "[4, 3]": [222.2686743225793, -600, 863.3531325247677, 266.4676814752904], "[4, 1]": [249.61960689225467, 817.8140909011422, -600, 217.46301131969642], "[5, 0]": [67.43250821948013, 197.83994589395124, 1138.438589203748, -600], "[5, 7]": [-600, 613.8253406045899, 1171.3719984037057, 661.2577320871304], "[2, 3]": [806.7625524758644, -600, 213.53864342733104, 253.06878018374601], "[2, 7]": [-600, 807.0676514058606, 293.3679413535566, 247.14798281527314], "[2, 1]": [660.2347147281097, 902.5791134330566, -600, 519.3159164031628], "[2, 0]": [901.4121709761831, 641.0610538344466, 523.2954926694648, -600], "[1, 0]": [1074.2032898780265, 183.2536183358564, 57.72284036057581, -600], "[1, 7]": [-600, 23.267060141527228, -1.6411724843018018, 433.702170459677], "[1, 3]": [1076.8923444281106, -600, 43.070416751571955, 186.38934253352522], "[2, 4]": [662.6796598418011, -600, 27.54225722078339, -600], "[2, 8]": [-600, 770.699292318703, 149.21337209786603, -600], "[2, 9]": [-600, 264.90830670087877, -600, 5.807082208277443], "[2, 2]": [890.2877050639257, 504.02144393852643, -600, -600], "[1, 1]": [1152.2184157462034, 498.44515506240447, -600, 561.7221785773846], "[3, 1]": [215.4662593554172, 1110.0505004481474, -600, 45.3907220306754], "[3, 3]": [16.833317925043765, -600, 382.54130380679413, -0.012545568468970758], "[3, 7]": [-600, 1091.9048318606228, 185.0405821468373, 40.62285460453869], "[0, 4]": [228.49009563961806, -600, 12.24270224902061, -600], "[0, 11]": [-598.6611778565436, -600, 110.13553374688338, 701.9072681205066], "[5, 11]": [-600, -600, 1097.056985850135, 147.4972053399064], "[6, 4]": [4.9620094569565385, -600, 291.03694042882046, -600], "[3, 32]": [0, 1035.1602646810047, 50.07819809552119, 10.965423066152775], "[5, 23]": [12.23885702604529, 0, 1056.623378460422, 61.23986147434633], "[3, 29]": [323.95903759292634, 1210.5091386700612, 306.52257329253854, 0], "[1, 36]": [1036.918104533271, 56.01063332166527, 15.185993901784913, 0], "[4, 2]": [123.53761413537369, 809.6176708471849, -600, -600], "[6, 11]": [-598.7561256060857, -600, 508.6378546789666, 911.3664571023709], "[5, 8]": [-600, 197.06049416891582, 1090.1561945906813, -600], "[5, 2]": [2.9523246072252527, 361.4851038776565, -600, -600], "[4, 5]": [483.9385033186523, -600, -600, 37.428183006431496], "[5, 25]": [0, 344.4212105750917, 1239.6862868660241, 353.0242761190718], "[7, 18]": [0, 20.455523910762295, 54.03412441158921, 1046.0427952125713], "[3, 11]": [-600, -600, 282.17654038166415, 2.040670582883351], "[2, 5]": [715.6789231454323, -600, -600, 120.22597817558331], "[0, 5]": [858.2030223929007, -600, -598.7191422385353, 434.2802696411522], "[7, 5]": [125.07303465112368, -600, -600, 1050.5808610962238], "[4, 4]": [30.358840305369878, -600, 730.6577775846454, -600], "[7, 4]": [-0.28943238356860435, -600, 40.42171311717184, -600], "[0, 13]": [-600, -600, -600, 763.1214724357723], "[6, 5]": [133.42690728981086, -600, -600, 745.4202714255505], "[0, 9]": [-600, -1.784429517977332, -600, 210.0820257938349], "[3, 8]": [-600, 961.3413678058265, 162.31439491152796, -600], "[2, 10]": [-600, 796.4006497108577, -600, -600], "[3, 0]": [616.7249324337594, 1155.1639038718317, 575.5729342319411, -600], "[0, 2]": [721.9633565246718, 113.37038583279211, -600, -600], "[5, 4]": [1.1534833916081295, -600, 619.5974485412204, -600], "[1, 5]": [929.588556639484, -600, -600, 93.18003520349826], "[1, 37]": [1202.0201403082347, 270.1294333304929, 0, 291.93833312012634], "[3, 33]": [-600, 1000.8103438086721, 35.05557623974303, -600], "[5, 22]": [16.75192698723244, 78.24037835478215, 1073.1507555533078, 0], "[0, 8]": [-600, 553.5846387190456, 49.95936279015527, -600], "[5, 9]": [-600, 1.961684155864535, -600, 131.33492823082983], "[2, 13]": [-600, -600, -600, 400.0106908446342], "[1, 2]": [921.622860199727, 141.533549720658, -600, -600], "[3, 30]": [58.226708405474646, 1038.9593222665292, 0, 13.538992131745784], "[2, 11]": [-600, -600, 555.3865886120007, 51.15128394021056], "[3, 5]": [261.7211271821578, -600, -600, 1.9268974696610166], "[0, 6]": [641.8673020025676, -600, -600, -600], "[1, 39]": [1028.3968619369193, 0, 9.734478319061491, 52.21923951367048], "[4, 10]": [-600, 719.6302970209312, -600, -600], "[3, 2]": [137.6729492314969, 1079.7910222081732, -600, -600], "[2, 6]": [638.193657777643, -600, -600, -600], "[3, 4]": [2.500426022358336, -600, 112.74667207353384, -600], "[1, 13]": [-600, -600, -600, 188.9855129490463], "[1, 9]": [-600, 0.6258473582187927, -600, 20.2072134643573], "[5, 10]": [-600, 220.20478863692125, -600, -600], "[6, 12]": [-600, -600, 814.9389175467836, -600], "[7, 15]": [56.533432009323285, 15.102094864943602, 0, 1054.8252789982328], "[7, 16]": [304.51304674336626, 0, 298.16811164757405, 1219.16365535889], "[6, 2]": [56.88731826323141, 580.0276584885333, -600, -600], "[5, 27]": [-600, -600, 871.6288626021523, 23.523049267242055], "[5, 5]": [2.103184537134193, -600, -600, 252.10535202508134], "[4, 12]": [-600, -600, 843.203953021992, -600], "[3, 9]": [-600, 555.0249987549431, -598.8812796869537, -0.3626411234339892], "[7, 2]": [394.5454114338637, 7.357857320874994, -600, -600], "[7, 9]": [-600, 1.4325644273615246, -600, 589.0379488944131], "[2, 12]": [-600, -600, 475.14712329353085, -600], "[6, 13]": [-600, -600, -600, 650.1340435412192], "[4, 6]": [354.5237362479436, -600, -600, -600], "[7, 11]": [-600, -600, 148.12321630623086, 959.3955609149078], "[1, 4]": [513.8823030364379, -600, 1.18924536684887, -600], "[1, 10]": [-600, 197.24205453492365, -600, -600], "[3, 34]": [-600, 316.9935332144953, 0, 0.5069903944967108], "[1, 38]": [941.3342397071912, 34.47504416056463, -600, -600], "[1, 8]": [-600, 373.65446084070226, 5.909055198075215, -600], "[1, 11]": [-600, -600, 3.3061320415110735, 283.7702135753733], "[0, 12]": [-600, -600, 425.55143536313585, -600], "[6, 6]": [444.6103122121337, -600, -600, -600], "[7, 20]": [-600, -599.1913254650236, 32.0960189565087, 987.634976105686], "[0, 10]": [-600, 349.73102067967915, -600, -600], "[5, 12]": [-600, -600, 755.1824266932325, -600], "[5, 26]": [-600, 34.66411310073309, 1066.2652668489654, -600], "[4, 13]": [-600, -600, -600, 469.0562605214365], "[7, 8]": [-600, 7.667606658284014, 429.0698854440852, -600], "[1, 40]": [267.2029760238304, 0, 0.3755033574668451, -600], "[6, 10]": [-600, 434.3104066725765, -600, -600], "[7, 19]": [-600, 1.2481915157774754, 0, 317.52802943752243], "[1, 41]": [687.264765357584, -600, -600, 18.224312883641215],