{"[5, 1]": [-0.7528451514219496, 22.468919404879692, -600, 334.39583206572235], "[6, 0]": [234.79555962904635, 282.55009528319454, 738.5509760129783, -600], "[6, 7]": [-600, 507.9019195941495, 629.8937673585236, 844.7641428516959], "[6, 1]": [259.32812708838304, 212.67818036448242, -600, 759.0822027122261], "[6, 3]": [504.09721903822197, -600, 845.0104946426317, 634.3521003049036], "[6, 9]": [-600, 23.57803251338755, -600, 573.8244016179301], "[6, 8]": [-600, 135.46728533999533, 714.4816380530724, -600], "[4, 9]": [-600, 578.7648822231403, -600, 28.661708920900917], "[4, 8]": [-600, 864.3956233875706, 497.0343238567189, -600], "[4, 7]": [-600, 886.2022120976607, 655.7779591351258, 522.4433111150174], "[4, 0]": [515.71718640475, 661.1097986528968, 880.487143817231, -600], "[4, 11]": [-600, -600, 733.8966053071671, 146.970572059886], "[7, 7]": [-600, 55.091255689830284, 185.2743741390308, 1020.610781513273], "[7, 3]": [548.8449303885744, -600, 524.2550685825094, 1092.410552101516], "[0, 7]": [-600, 211.39418823827577, 255.17447055090148, 742.5600604241412], "[0, 3]": [802.036479792034, -600, 462.3131244929715, 588.5187412493877], "[0, 1]": [601.0992148304475, 470.4289141231311, -600, 793.2273601452563], "[0, 0]": [698.3681317347433, 244.52701782271467, 210.14269541370916, -600], "[7, 1]": [191.5751087243155, 54.08466985970844, -600, 1038.2944219640722], "[7, 0]": [383.74074005629757, 0.03703236667217369, 19.639135866174822, -600], "[5, 3]": [40.670860190692316, -600, 1052.863941959465, 188.87729390950216], "[4, 3]": [210.36548370509908, -600, 802.4400786314901, 260.0915779909129], "[4, 1]": [239.188574321334, 779.2001049331259, -600, 205.3781332668908], "[5, 0]": [59.264030796795254, 186.6392816688459, 1060.1890392225976, -600], "[5, 7]": [-600, 571.5185545911154, 1109.3872444586764, 613.8036439484308], "[2, 3]": [741.490732418513, -600, 204.8746023326289, 240.35862995768707], "[2, 7]": [-600, 734.4697161679644, 278.3912823045013, 234.17558066633757], "[2, 1]": [619.7012275236565, 828.9375190364515, -600, 486.76219386052327], "[2, 0]": [830.5065769282587, 601.7488484260135, 491.96221319702875, -600], "[1, 0]": [1000.8467628158431, 167.04379845710878, 51.09172679802967, -600], "[1, 7]": [-600, 21.184040663674285, -2.016486863971039, 369.65745245806534], "[1, 3]": [1006.561663143093, -600, 36.95231864732002, 178.8251958732285], "[2, 4]": [567.4278553161977, -600, 22.619535049266364, -600], "[2, 8]": [-600, 699.0249839476581, 141.11964908515216, -600], "[2, 9]": [-600, 223.33016619080544, -600, 4.4212771669269815], "[2, 2]": [814.2713995779317, 458.5215751012635, -598.7083085595464, -600], "[1, 1]": [1083.3758684012732, 465.0421503062282, -600, 521.1433342572877], "[3, 1]": [201.37099466587392, 1042.8404469414475, -600, 42.04122598643996], "[3, 3]": [16.833317925043765, -600, 326.46529474307573, -1.3789235001299147], "[3, 7]": [-600, 1025.5936983393044, 175.92337413813232, 35.321121540206065], "[0, 4]": [199.35121154472031, -600, 10.95401305784957, -600], "[0, 11]": [-600, -600, 101.38587072837927, 647.8215516393135], "[5, 11]": [-600, -600, 1022.7585595673346, 138.30745933521584], "[6, 4]": [4.9620094569565385, -600, 237.95018605561697, -600], "[3, 32]": [0, 946.6387065756791, 47.21928199245697, 9.641069400522472], "[5, 23]": [11.42087345231346, 0, 966.0494217704045, 54.366628892988736], "[3, 29]": [298.1651474747339, 1146.8272125264941, 283.06748969665944, 0], "[1, 36]": [946.9168481868103, 53.69901434764173, 14.178650475660769, 0], "[4, 2]": [120.01833301275549, 742.9486113067227, -600, -600], "[6, 11]": [-600, -600, 467.82642784097044, 824.8592742583461], "[5, 8]": [-600, 179.43019323636875, 1017.1194760175998, -598.6818961446963], "[5, 2]": [2.60072119521232, 304.60827895278476, -600, -600], "[4, 5]": [411.4052496647208, -600, -600, 37.05531380798423], "[5, 25]": [0, 313.4548612859765, 1168.010059845748, 327.68023846455867], "[7, 18]": [0, 18.27550011304513, 50.30744414538097, 953.9709468195862], "[3, 11]": [-600, -600, 230.60266378655183, 1.072577073746427], "[2, 5]": [660.5994063206066, -600, -600, 113.17270250452077], "[0, 5]": [777.0307455436712, -600, -600, 402.69390857863607], "[7, 5]": [118.05446264212733, -600, -600, 972.3830779106885], "[4, 4]": [28.87971470766778, -600, 630.9311901841826, -600], "[7, 4]": [-1.2844499602168569, -600, 21.9066176854994, -600], "[0, 13]": [-598.6345362729476, -600, -600, 656.1470917453297], "[6, 5]": [127.03014907916584, -600, -600, 683.7156333783773], "[0, 9]": [-600, -2.111387671113829, -600, 184.46888880395448], "[3, 8]": [-600, 894.5885043295499, 148.6258294451652, -600], "[2, 10]": [-600, 675.5707380304549, -600, -600], "[3, 0]": [575.4868676898155, 1089.0034790428338, 533.5617450745757, -600], "[0, 2]": [650.0366497037026, 104.34138265087316, -600, -600], "[5, 4]": [0.4302818691815841, -600, 492.43212529832124, -600], "[1, 5]": [873.7165213325133, -600, -600, 88.87376390399022], "[1, 37]": [1130.4082815760805, 249.40177085099754, 0, 264.73498416660726], "[3, 33]": [-600, 904.8755651919455, 33.58725877747195, -600], "[5, 22]": [16.4416711144466, 76.15622751054018, 983.2062017710828, 0], "[0, 8]": [-600, 454.31440969924273, 43.250671484953074, -600], "[5, 9]": [-600, 1.961684155864535, -600, 87.1336864017395], "[2, 13]": [-596.8042169836335, -600, -600, 281.1741196597456], "[1, 2]": [856.31223791375, 131.18252077204718, -600, -600], "[3, 30]": [56.7668730484069, 955.315795137484, 0, 12.313484787432877], "[2, 11]": [-600, -600, 473.5893371512158, 46.941572051023435], "[3, 5]": [222.94681093558708, -600, -600, 1.5691577262362157], "[0, 6]": [512.2031377270816, -600, -600, -600], "[1, 39]": [940.624399796863, 0, 9.029946104156947, 50.045671445380584], "[4, 10]": [-600, 583.6396585770094, -600, -600], "[3, 2]": [126.77222798308972, 1004.6354149082912, -600, -600], "[2, 6]": [516.4546697036233, -600, -600, -600], "[3, 4]": [2.500426022358336, -600, 77.4820418253414, -600], "[1, 13]": [-600, -600, -600, 132.2095738238886], "[1, 9]": [-600, 0.42152497737630973, -600, 16.216622433937562], "[5, 10]": [-600, 155.2188246945775, -600, -600], "[6, 12]": [-600, -600, 703.6054409220786, -600], "[7, 15]": [54.3820070817655, 14.041811569710038, 0, 955.5148018551139], "[7, 16]": [279.08488595106957, 0, 273.0045652521568, 1146.1611805155235], "[6, 2]": [49.448016168851595, 490.76938078245786, -600, -600], "[5, 27]": [-600, -600, 788.7499761606831, 22.137317525753808], "[5, 5]": [1.7677593106390401, -600, -600, 215.4080301014624], "[4, 12]": [-600, -600, 744.0960623508028, -600], "[3, 9]": [-600, 460.47168176365943, -598.8812796869537, -0.3626411234339892], "[7, 2]": [305.8815297953606, 6.041463495764962, -600, -600], "[7, 9]": [-600, 1.000066364014865, -600, 476.2789367914328], "[2, 12]": [-600, -600, 341.8914735206547, -600], "[6, 13]": [-600, -600, -600, 535.639331773069], "[4, 6]": [246.60594446972445, -600, -600, -600], "[7, 11]": [-600, -600, 137.25615381504008, 886.0308276024299], "[1, 4]": [419.2617533028608, -600, 1.0279036367087209, -600], "[1, 10]": [-600, 138.2743699159561, -600, -600], "[3, 34]": [-600, 264.99292443148676, 0, 0.5069903944967108], "[1, 38]": [841.5561264929718, 32.44791822913353, -600, -600], "[1, 8]": [-600, 302.8143342793081, 5.17348397940617, -600], "[1, 11]": [-600, -600, 2.6681079084240915, 227.94211515987925], "[0, 12]": [-600, -600, 284.84176235404675, -600], "[6, 6]": [323.08115172770454, -600, -600, -600], "[7, 20]": [-600, -599.1913254650236, 30.648882319106853, 877.3972472326872], "[0, 10]": [-600, 237.00292966398533, -600, -600], "[5, 12]": [-600, -600, 587.0210740515529, -600], "[5, 26]": [-600, 33.19848244239635, 955.1784821470685, -600], "[4, 13]": [-600, -600, -600, 326.7061764484787], "[7, 8]": [-600, 6.885876808889807, 337.53204818548153, -600], "[1, 40]": [225.15021230846344, 0, 0.3755033574668451, -600], "[6, 10]": [-600, 315.403290200166, -600, -600], "[7, 19]": [-600, 0.3900947849174493, 0, 272.725454551413], "[1, 41]": [607.8118675612261, -600, -600, 16.767880596273084],