{"[6, 0]": [4632.452390651386, 5720.696215282393, 4923.1328331166, -600], "[6, 7]": [-600, 5048.214559353892, 5774.859777342586, 5065.703311623382], "[6, 3]": [5116.826729870359, -600, 5220.349387767705, 5786.957897481785], "[6, 1]": [4793.885251210993, 5541.261624374716, -600, 4720.202578985299], "[6, 4]": [2819.4870566350214, -600, 5828.830643545411, -600], "[0, 3]": [5696.87795279495, -600, 3522.337746039773, 3522.330227732418], "[0, 7]": [-600, 3521.528772299443, 3521.339438543676, 5517.702378685231], "[0, 1]": [3709.576362564869, 5539.661218168813, -600, 3522.3479686436885], "[0, 0]": [3522.3390462420834, 5783.19465522829, 4280.87438569778, -600], "[1, 3]": [5367.375497029492, 0, 5140.871241501109, 5140.018375070944], "[1, 7]": [0, 5752.197558316027, 4914.335731808242, 5001.251802678268], "[2, 3]": [4899.549058613099, -600, 5613.401027953007, 4867.561418272025], "[2, 1]": [5047.746036114247, 5071.801095186993, -600, 5518.860389187499], "[2, 0]": [4709.631490290584, 5694.519697291205, 5095.358442008524, -600], "[1, 0]": [5193.491541139684, 5759.6923908846875, 5203.238297337971, -600], "[2, 7]": [-600, 4764.785945912547, 4918.613072638987, 5623.231057970534], "[1, 1]": [5225.936621115767, 5346.045727051188, 0, 5217.591440020354], "[0, 9]": [-600, 2606.348395917624, -600, 5643.939081743076], "[6, 9]": [-600, 4684.902317990814, -600, 4074.357023962769], "[6, 8]": [-600, 5615.7627589692265, 4358.668182216191, -600], "[0, 4]": [5881.02383390274, -600, 4099.534151202718, -600], "[0, 11]": [-600, -600, 5487.268215177373, 3558.2969985893133], "[0, 5]": [5786.230739546175, -600, -600, 4784.237484407311], "[7, 1]": [4927.939492343766, 4926.625379650733, 0, 6029.090453166559], "[7, 16]": [5243.110639105227, 0, 5156.681110668046, 6189.228259584206], "[3, 1]": [5223.582288489701, 5916.156063944161, 0, 5271.903366355976], "[4, 1]": [5046.561545407026, 5600.799509303938, -600, 4985.535392158181], "[4, 0]": [5249.248043330626, 5966.584122743236, 5109.246374870915, -600], "[4, 7]": [-600, 5172.957932267465, 6049.745468996574, 5117.631972836619], "[3, 7]": [0, 6038.051352046113, 5360.627312756166, 5359.6385062177], "[3, 3]": [4865.953378432886, -600, 5378.250315923927, 4974.760519038247], "[1, 39]": [5674.928689677236, 0, 5419.375828972154, 5406.420945318396], "[6, 11]": [-600, -600, 4538.237659945249, 5812.068254618174], "[7, 7]": [0, 5201.2708789754615, 5225.558932333831, 6060.182061615681], "[7, 0]": [5208.247068637878, 4795.577499358744, 4760.5643298884015, -600], "[6, 2]": [4370.495144638894, 5401.7917218822, -600, -600], "[6, 5]": [4284.640917729516, -600, -600, 5484.1552643804225], "[7, 3]": [5076.56810517905, 0, 5150.016636390368, 6074.506124130015], "[2, 4]": [5750.808937881097, -600, 4512.602241452371, -600], "[2, 9]": [-600, 4113.957537159368, -600, 5690.491532735118], "[2, 2]": [5807.211419682157, 4587.939033499706, -600, -600], "[4, 3]": [4879.920949425965, -600, 5062.986103500513, 5879.255980132349], "[4, 9]": [-600, 4284.80165224637, -600, 3698.0572718450353], "[4, 11]": [-600, -600, 6012.003674939607, 4457.052147172436], "[2, 8]": [121.37879157283885, 4256.272978401723, 3901.375925605672, -600], "[4, 4]": [4132.033833022838, -600, 5945.991388862887, -600], "[4, 2]": [4579.682348586273, 5553.788686345442, -600, -600], "[5, 3]": [5083.329608626934, 0, 5990.251114932303, 5068.646139768405], "[5, 0]": [5093.200511876409, 5204.6335511631105, 6004.092494872701, -600], "[5, 1]": [4922.601050959094, 4855.749989881727, -600, 5105.117786530171], "[5, 7]": [-600, 5044.191216176874, 6052.455975132205, 5169.248249762556], "[3, 0]": [5137.55680053095, 6046.032282770774, 5222.81019434901, 0], "[0, 2]": [5291.909300314191, 4464.3480560526405, -600, -600], "[2, 5]": [4429.035273502942, -600, -600, 5711.599419179878], "[4, 10]": [-600, 2705.513361401676, -600, -600], "[4, 8]": [-600, 4241.427350057151, 5956.872443592425, -600], "[5, 8]": [-600, 5202.052357283647, 5602.601537899862, -600], "[6, 13]": [-600, -600, -600, 3323.21229315604], "[3, 29]": [5058.391651080594, 6127.887117652321, 5215.121090665864, 0], "[5, 11]": [-600, -600, 5136.2551992931785, 5928.85096255183], "[0, 13]": [-600, -600, -600, 5587.473169920745], "[5, 25]": [0, 5015.250079681199, 6213.937931747285, 5392.699529570076], "[2, 6]": [5462.065596895582, 494.2866854260069, -600, -600], "[5, 4]": [4808.628639922302, -600, 5585.9287338906415, -600], "[7, 11]": [-600, -600, 4584.550901268411, 5951.0978716973295], "[7, 4]": [5225.4346186608955, -600, 3750.0229883501197, 273.84767219983223], "[7, 9]": [-600, 4341.703293313329, -600, 5782.757646603563], "[7, 5]": [5214.619524633232, -600, -600, 6056.568418496264], "[5, 23]": [5401.714940799081, 0, 6110.847151555666, 5412.647930584908], "[3, 32]": [0, 6143.811998643671, 5403.3040832670795, 5379.795528366607], "[3, 30]": [5321.756592832928, 5873.485608844493, 0, 5342.717186422548], "[2, 10]": [-600, 2385.211558523056, -600, -600], "[7, 18]": [0, 5231.040951480303, 5128.168266457523, 5957.358221103365], "[5, 22]": [5470.342311898639, 5477.498062376073, 6104.854824472872, 0], "[1, 9]": [-600, 5169.839302409247, -600, 3914.052820423016], "[1, 37]": [5797.374452030646, 5273.735409123897, 0, 5275.111968465127], "[5, 9]": [-600, 3420.7365158538323, -600, 4779.99277629203], "[3, 2]": [5375.9780771864325, 6014.477706799705, -600, -600], "[3, 4]": [4880.098105731587, -600, 3862.51519089832, -600], "[1, 36]": [5178.601141788913, 5184.485785960202, 5661.944558185457, 0], "[7, 15]": [5070.232337221081, 5088.583715357623, 0, 6066.648777171282], "[0, 6]": [4499.094222151748, -600, -600, -600], "[4, 5]": [4368.451217444668, -600, -600, 5464.247704321771], "[2, 11]": [-600, -600, 5498.1981888970395, 4461.868387680777], "[3, 5]": [4943.48096458568, -600, -600, 5112.895916782254], "[3, 11]": [-600, 517.2674541774957, 4773.857051608553, 4995.586341335593], "[1, 2]": [5326.123313596312, 4570.085891337353, -600, -600], "[2, 13]": [-600, -600, -600, 3543.3658827942077], "[4, 6]": [5450.176637032363, -600, -600, -600], "[7, 2]": [4615.062556944627, 4801.7815669197, -600, -600], "[0, 8]": [-600, 5006.8050399996855, 4033.332987735256, -600], "[1, 5]": [5075.282916470374, -600, -600, 5620.931458189743], "[7, 8]": [-600, 4953.2823851074345, 4372.455314909082, -600], "[1, 4]": [4897.0319647228625, -600, 4287.547304585387, -600], "[0, 12]": [-600, -600, 4000.6752981097984, -600], "[3, 9]": [-600, 5020.278136551861, 197.11303737621904, 4707.548711742765], "[3, 12]": [-600, -600, 4572.634618482596, -600], "[6, 10]": [-600, 1172.373717924493, -600, -600], "[4, 12]": [-600, 16.72345722922819, 5171.355512768343, -600], "[1, 8]": [-600, 4611.205641248998, 5379.758140372653, -600], "[1, 11]": [-600, -600, 4900.14648044889, 5365.032989834324], "[5, 13]": [-600, -600, -600, 2760.6366523950715], "[5, 2]": [4745.19175996623, 5236.839813004162, -600, -600], "[2, 12]": [-600, -600, 4476.235701235206, -600], "[7, 13]": [-600, -600, -600, 5899.89412184109], "[3, 8]": [-600, 6014.690703307012, 4962.698653908144, -600], "[5, 5]": [4852.1080142393, -600, -600, 5265.404237250208], "[3, 10]": [-600, 5666.6070580269925, -600, -600], "[5, 24]": [4933.958843645011, -600, 5390.379841495302, -600], "[3, 31]": [5111.174196213017, 5978.278151966849, -600, -600], "[5, 27]": [423.15368037529083, -600, 6188.122582595419, 5510.179356753014], "[6, 12]": [-600, -600, 5722.312452301583, -600], "[6, 6]": [5311.903615326299, -600, -600, -600], "[7, 19]": [-600, 4523.981673509981, 966.2368823347756, 4687.823672742426], "[1, 38]": [4843.772852692352, 5563.433068271119, -600, -600], "[1, 12]": [-600, 265.8852087191807, 4959.533675791812, -600], "[1, 40]": [4189.339089148947, -600, 4876.506723943528, -600], "[4, 13]": [-600, -600, -600, 1175.0403692426867], "[1, 10]": [-600, 3315.036884520257, -600, -600], "[7, 17]": [4701.354369716275, 618.3454449396024, -600, 6128.947698062133], "[1, 6]": [4617.565868679312, -600, -600, -600], "[1, 41]": [5239.01161104373, -600, -600, 5445.278323535332],