{"[5, 1]": [34.180789657719544, 60.207804833853714, -600, 1059.5290731613327], "[6, 0]": [672.7364918587512, 720.8384972395288, 1490.1093899520358, -600], "[6, 7]": [-600, 1227.5224744916911, 1364.7150345177574, 1631.054270199255], "[6, 1]": [644.1545672173128, 579.5719348951696, -600, 1528.8638207375636], "[6, 3]": [1210.1301903273163, -600, 1635.3560499963003, 1362.4964172048167], "[6, 9]": [-600, 113.36239963053981, -597.9266475230583, 1397.4722877423847], "[6, 8]": [-600, 406.5783337123815, 1489.5632169010535, -600], "[4, 9]": [-600, 1377.40475550022, -600, 110.21506007508584], "[4, 8]": [-600, 1664.4708410737342, 1190.4137512030145, -597.8413409861006], "[4, 7]": [-600, 1670.489735319361, 1392.17798755496, 1239.8514769453527], "[4, 0]": [1239.4081494065474, 1402.9076634358187, 1663.1635668048605, -600], "[4, 11]": [-600, -600, 1500.5187818574514, 403.4486542096005], "[7, 7]": [-600, 298.83625928319697, 509.1400779452847, 1799.1497284835152], "[7, 3]": [1290.3875957383177, -600, 1219.360071677045, 1862.3656542775882], "[0, 7]": [-600, 636.5570300005008, 650.3137679555122, 1500.8620515554721], "[0, 3]": [1580.747216159436, -600, 1148.7749340437604, 1311.9907327051499], "[0, 1]": [1334.793588206778, 1160.0494741222137, -600, 1578.128546026677], "[0, 0]": [1425.604271971348, 656.5674051148808, 634.6669038147013, -600], "[7, 1]": [581.4635684761921, 303.35240266503513, -600, 1815.1967776398617], "[7, 0]": [1152.2016347457673, 29.14562071692428, 69.61129738184874, -600], "[5, 3]": [198.29507000949877, -600, 1822.2612642912377, 519.7501192462196], "[4, 3]": [599.2344759045969, -600, 1567.3396471386957, 677.6697142167399], "[4, 1]": [641.6164799910064, 1497.658968346201, -600, 573.1974860809183], "[5, 0]": [272.3757378749366, 537.1411012720918, 1831.733583316589, -600], "[5, 7]": [-600, 1284.5537471118037, 1861.3913692759188, 1371.1464395050614], "[2, 3]": [1506.9355368967333, -600, 574.4942232075414, 642.5614145423461], "[2, 7]": [-600, 1493.7719021461855, 686.5232189646891, 678.8314540686465], "[2, 1]": [1335.125424984003, 1616.3914756800898, -600, 1178.71559543337], "[2, 0]": [1613.219714727973, 1339.2652733101143, 1193.2166477398969, -600], "[1, 0]": [1770.220982688889, 502.36481040780075, 266.05609127148415, -600], "[1, 7]": [-600, 60.089317267274744, 23.762584703490703, 1120.1522840636449], "[1, 3]": [1766.5649217458902, -600, 218.09838167411382, 506.18420952243815], "[2, 4]": [1381.7265474605226, -600, 113.04415902538419, -600], "[2, 8]": [-600, 1467.984626548941, 435.6568559110205, -600], "[2, 9]": [-600, 752.9784145195771, -600, 31.353475285469415], "[2, 2]": [1603.854063373253, 1128.0415316737183, -600, -600], "[1, 1]": [1846.2637536066977, 1156.8430537206066, -600, 1220.0979282665212], "[3, 1]": [556.0571165085089, 1801.5502849493855, -600, 212.77017214156965], "[3, 3]": [50.72817489424882, -600, 1022.8305765908693, 23.321386274237096], "[3, 7]": [-600, 1779.3956626197335, 481.2107843596589, 217.00644688737503], "[0, 4]": [766.2823440657506, -600, 35.20237052730343, -600], "[0, 11]": [-600, -600, 343.2794365069795, 1367.6109487877068], "[5, 11]": [-600, -600, 1787.1143840218313, 424.47782891991386], "[6, 4]": [34.86152953118133, -600, 857.4990425769853, -600], "[3, 32]": [0, 1772.6560611618927, 152.66887089661074, 55.80464054960978], "[5, 23]": [60.89938865496438, 0, 1782.412372037405, 182.60841422250235], "[3, 29]": [824.9836326317389, 1908.4277251334763, 799.6322000328394, 0], "[1, 36]": [1773.7383423991678, 155.8755990441142, 83.78246599252448, 0], "[4, 2]": [343.42338905268434, 1506.1343157774509, -600, -600], "[6, 11]": [-600, -600, 1152.7979676083935, 1613.6056325103177], "[5, 8]": [-600, 563.6201723272908, 1797.5656605513122, -597.8272628748804], "[5, 2]": [23.184073254945442, 1002.5585228764056, -600, -598.4633931984902], "[4, 5]": [1180.5497252300124, -593.9374632798994, -600, 115.94331678846565], "[5, 25]": [0, 851.3681685728634, 1940.4275298587506, 910.7220045276333], "[7, 18]": [0, 96.77439127242795, 166.3491578937976, 1784.9063135066697], "[3, 11]": [-600, -600, 842.6815424080236, 21.455669282244557], "[2, 5]": [1388.0951114064262, -600, -600, 343.884523590323], "[0, 5]": [1558.465724933381, -597.9940103157529, -600, 1020.3728771386036], "[7, 5]": [336.6656571547646, -598.7022860363082, -600, 1757.5527531439438], "[4, 4]": [121.90418581116401, -600, 1487.5440753536711, -600], "[7, 4]": [1.9262334147186995, -600, 249.50642615376054, -600], "[0, 13]": [-600, -600, -600, 1483.737381039038], "[6, 5]": [348.40463871154424, -600, -600, 1440.4207604130486], "[0, 9]": [-600, 9.711448878516881, -600, 683.2525651930737], "[3, 8]": [-600, 1667.4177272245981, 440.9629519645818, -600], "[2, 10]": [-600, 1523.467817840365, -600, -600], "[3, 0]": [1298.8986138320838, 1840.632948320934, 1256.558687160863, -600], "[0, 2]": [1413.756970107182, 332.50289354492463, -600, -597.8474056337502], "[5, 4]": [6.310942496223349, -600, 1440.2023260616388, -600], "[1, 5]": [1610.518492134635, -600, -600, 252.06625404095968], "[1, 37]": [1900.287205438652, 725.0784237085995, 0, 758.3839805696701], "[3, 33]": [-600, 1773.8144706592086, 113.73137180671017, -600], "[5, 22]": [85.09686511383498, 172.61891133297297, 1806.4812888707588, 0], "[0, 8]": [-600, 1254.7273464998668, 173.31379945235477, -600], "[5, 9]": [-600, 4.948025409937978, -600, 545.8372046428234], "[2, 13]": [-600, -600, -600, 1172.245431482865], "[1, 2]": [1645.8677742993523, 372.00125858558124, -600, -600], "[3, 30]": [151.40097913064062, 1787.4019644400828, 0, 61.732316826170106], "[2, 11]": [-600, -600, 1266.693498108502, 153.93198024493475], "[3, 5]": [774.2906183600161, -600, -600, 13.755136955661634], "[0, 6]": [1397.3217176051228, -600, -600, -600], "[1, 39]": [1779.3469088652828, 0, 58.94161769935895, 156.66437975206685], "[4, 10]": [-600, 1467.2373088188258, -600, -600], "[3, 2]": [404.6133126621386, 1765.8806585878249, -600, -600], "[2, 6]": [1405.4652857253375, -600, -600, -600], "[3, 4]": [9.250472370366762, -600, 499.701102731446, -600], "[1, 13]": [-600, -600, -598.87987860579, 737.8680285986972], "[1, 9]": [-600, 4.8547622418344965, -600, 109.40288635825304], "[5, 10]": [-600, 793.5143709341978, -600, -600], "[6, 12]": [-600, -600, 1543.2982974357853, -600], "[7, 15]": [164.87954709413185, 80.97577550944852, 0, 1800.5667302360664], "[7, 16]": [819.0396790370429, 0, 785.6491943751048, 1926.5158944289499], "[6, 2]": [179.69048456404784, 1297.892655162808, -600, -600], "[5, 27]": [-600, -600, 1661.3577108041345, 70.4835303704217], "[5, 5]": [13.42602561044836, -600, -600, 741.9032540088366], "[4, 12]": [-600, -600, 1579.401077231891, -600], "[3, 9]": [-600, 1336.1272320602966, -600, 4.264316060143447], "[7, 2]": [1135.862745632071, 46.443421982398036, -600, -600], "[7, 9]": [-600, 12.674918467823154, -599.0117473579022, 1375.2818904974501], "[2, 12]": [-600, -600, 1211.7399453899168, -600], "[6, 13]": [-600, -600, -600, 1411.5078402566442], "[4, 6]": [1073.2440472729736, -600, -600, -600], "[7, 11]": [-600, -600, 441.2084947523192, 1679.1274624270554], "[1, 4]": [1220.8731909870073, -600, 9.347942099218908, -600], "[1, 10]": [-600, 716.2308888269339, -600, -600], "[3, 34]": [-600, 805.2272045472524, 0, 3.6366093285005494], "[1, 38]": [1690.497426575473, 94.3264631464499, -598.6289819212257, -600], "[1, 8]": [-600, 1056.9414846644029, 40.786780340595456, -600], "[1, 11]": [-600, -600, 19.008247442881558, 903.0725439776767], "[0, 12]": [-600, -600, 1230.4281804871246, -600], "[6, 6]": [1246.9563312674877, -600, -600, -600], "[7, 20]": [-600, -600, 106.24307345821298, 1757.5347566786902], "[0, 10]": [-600, 1072.7377666163416, -600, -600], "[5, 12]": [-600, -600, 1600.0029448214414, -600], "[5, 26]": [-600, 117.30203825522754, 1817.495115021821, -600], "[4, 13]": [-600, -600, -600, 1274.9713229878594], "[7, 8]": [-600, 52.180989077942435, 1162.789966630636, -600], "[1, 40]": [688.8024336484622, 0, 3.997349569783169, -600], "[6, 10]": [-600, 1228.3275426124728, -600, -600],