{"[4, 8]": [-600, 10224.23806215265, 10931.387840547332, -600], "[2, 7]": [0, 10375.530332169896, 10258.1181034311, 10063.012486200367], "[2, 3]": [10002.007530255325, 0, 9962.448832165459, 10154.369030200616], "[2, 1]": [10819.403359369342, 10680.613539048612, 0, 10668.12643670964], "[2, 0]": [10699.337215182433, 10518.0084055849, 10466.251704371844, 0], "[2, 9]": [2014.1202675302702, 10191.76640678661, -600, 9087.430634597613], "[2, 2]": [10768.98434005121, 10093.143390337198, -600, -600], "[2, 5]": [10134.050205743122, 1897.297445564937, 484.1231287138735, 10237.529747166662], "[1, 0]": [10302.914884051239, 10403.768235618227, 10266.666990702928, 0], "[1, 9]": [-600, 10222.11773032825, -600, 7930.325752148636], "[6, 1]": [10702.245807540816, 10126.928401511193, 0, 10243.043901044128], "[6, 0]": [10312.571677258373, 10352.095894068407, 10720.100991518953, 0], "[6, 7]": [0, 10455.652672499366, 10776.122565167634, 10429.432536397464], "[6, 4]": [8234.039295565859, -600, 10135.575378328325, -600], "[7, 11]": [-600, -600, 10255.756417787108, 11031.355106698229], "[7, 3]": [10344.799130616713, 0, 10298.573001423107, 11008.195219385898], "[0, 7]": [0, 10074.170103305545, 9832.789314856038, 9742.51813944147], "[0, 3]": [10661.835165628172, 0, 10220.828275457323, 10323.952678132375], "[1, 39]": [10331.802645218815, 0, 10361.937224422469, 10408.933699895248], "[2, 4]": [9785.492063680726, -600, 10175.315596870398, -600], "[6, 3]": [10573.943729986482, 0, 10613.929189444845, 10723.23594584032], "[6, 5]": [9191.32539546132, -600, -600, 10449.841728522166], "[1, 3]": [10333.651902795918, 0, 10336.809071333395, 10328.442575442723], "[1, 7]": [0, 10176.387973793013, 10190.929970348943, 10099.47974550419], "[0, 0]": [10664.579606505706, 10153.145756075837, 10073.545525888076, 0], "[0, 9]": [-600, 9323.757465116965, -600, 8425.522690116326], "[5, 11]": [-600, -600, 10234.340237676777, 10864.40242159351], "[4, 11]": [-600, -600, 10416.145397304621, 10919.40246372211], "[3, 1]": [10957.890969472897, 11056.682706911259, 0, 10892.100422774738], "[4, 1]": [10688.440188650795, 10683.4045116894, 0, 10668.530872909803], "[4, 4]": [9686.197178026621, -600, 10964.91764942884, -600], "[1, 37]": [10104.935953444932, 10151.61349605578, 0, 10233.197771030558], "[3, 30]": [10711.168449915163, 10516.76804880663, 0, 10679.524485977341], "[0, 2]": [10103.140892414665, 10309.659117175297, -600, -600], "[0, 1]": [10777.285624388469, 10140.95853073815, 0, 10470.87818383361], "[0, 5]": [9978.363339512844, -600, -600, 10385.164041982609], "[0, 11]": [-600, -600, 9815.698116318355, 9770.001209728816], "[0, 8]": [-600, 9852.21472475831, 9873.571393803684, -600], "[7, 1]": [10537.57758070603, 10234.347693723943, 0, 10847.584011846626], "[7, 0]": [10461.440987413855, 10244.723307470014, 10247.375392503129, 0], "[6, 9]": [-600, 9299.012865718372, -600, 10791.464624689685], "[6, 8]": [-600, 10149.485904512398, 10315.634360653145, -600], "[6, 12]": [-600, -600, 8832.926547991217, -600], "[1, 1]": [10267.859565220333, 10234.065013341129, 0, 10256.388373933361], "[2, 8]": [-600, 10382.975265523248, 10135.903017894734, -600], "[5, 0]": [10761.579479013155, 10733.750941672717, 10768.613573502536, 0], "[5, 3]": [10758.82246148114, 0, 10822.846908840338, 10860.676450986539], "[5, 1]": [10324.709542832956, 10372.44008624572, 0, 10278.020625090576], "[5, 9]": [-600, 8854.046990500801, -600, 10171.331276668192], "[6, 11]": [-600, -600, 10238.781677194458, 10740.969882736925], "[5, 24]": [10385.912853059712, -600, 9104.58852599503, -600], "[5, 10]": [-600, 10159.967603926769, -600, -600], "[5, 12]": [-600, -600, 10441.67930417457, -600], "[5, 26]": [-600, 10613.620075679159, 10745.836507320137, -600], "[4, 0]": [10700.411607331796, 10704.72127974593, 10812.255997722197, 0], "[4, 2]": [9831.94785656952, 10032.115275114991, -600, -600], "[4, 6]": [8011.1984162067765, -600, -600, 633.4488752882819], "[4, 10]": [-600, 7918.322201088337, -600, -600], "[7, 7]": [0, 10149.6827826266, 10393.224097347304, 10898.760798124884], "[1, 8]": [-600, 9921.88990210548, 10122.490794913541, -600], "[1, 10]": [-600, 9947.212921523798, -600, -600], "[3, 3]": [10136.904403265371, 0, 10340.328398630889, 10233.685226307934], "[2, 10]": [-600, 10015.167105432174, -600, -600], "[7, 16]": [10580.799285202249, 0, 10506.78648348233, 11029.105860745174], "[6, 6]": [6673.759414157794, -600, -600, -600], "[4, 9]": [-600, 10704.324803054038, -600, 9838.238076328535], "[4, 12]": [-600, -600, 10944.809554979161, -600], "[7, 15]": [10667.60411846282, 9940.803473235916, 0, 9939.320207214292], "[2, 11]": [-600, -600, 9991.904074489681, 9922.41588735443], "[0, 4]": [9539.766583823526, -600, 7148.207785446934, -600], "[0, 13]": [649.0171537103606, -600, -600, 9317.085821038314], "[4, 3]": [10444.090777623987, 0, 10752.313347523752, 10940.073695151541], "[4, 7]": [0, 10753.99892261302, 10719.197851246263, 10840.53991796031], "[5, 22]": [10471.623800131702, 10597.13841255115, 9733.60153138381, 0], "[7, 4]": [7848.101887309873, -600, 8918.20719690618, -600], "[7, 5]": [10461.715401682412, -600, -600, 10346.827385750348], "[5, 25]": [0, 10670.368034098134, 10763.637628463077, 10854.872171285968], "[5, 4]": [10404.805457615708, 0, 10818.596061982746, -600], "[5, 8]": [-600, 10724.91935974695, 10806.469866637006, -600], "[5, 23]": [10843.82017000076, 0, 10127.806841682326, 10865.900776951246], "[5, 7]": [0, 10639.475900647036, 10728.993493211368, 10677.11863456602], "[3, 29]": [10721.849949051824, 11115.097398918108, 10638.86035246955, 0], "[0, 6]": [10413.591402270189, -600, -600, -600], "[1, 2]": [9376.342318072851, 10158.178040406057, -600, -600], "[3, 9]": [-600, 10964.662246205718, -600, 10715.288737387995], "[3, 8]": [-600, 10971.004012803716, 10484.557176915745, -600], "[1, 36]": [9924.666897805408, 9983.319038472308, 10203.107723109926, 0], "[7, 21]": [-600, -600, -600, 7792.151614092101], "[6, 13]": [-600, -600, -600, 10248.283841314926], "[3, 34]": [-600, 10998.309661081254, -600, 10152.229427588336], "[3, 11]": [-600, 623.9992367349366, 10333.33562924645, 10331.397321742725], "[3, 10]": [-600, 10693.440580839228, -600, -600], "[1, 5]": [10378.265311557152, 591.3109573607969, -600, 10387.227931150299], "[3, 33]": [-600, 10485.103737334233, 10531.071610648745, -600], "[1, 38]": [10890.824463768515, 10158.25915943329, -600, -600], "[3, 0]": [10749.307191318921, 11043.810593289872, 10537.840260705985, 0], "[3, 2]": [10966.564456645061, 11011.289723747823, -600, -600], "[3, 32]": [0, 10341.123718628889, 10345.563367428625, 10359.125069660276], "[7, 9]": [-600, 10217.384043268943, -600, 10950.862609344736], "[7, 8]": [-600, 9913.436572120898, 9986.64109163748, -600], "[3, 7]": [0, 11014.88963871573, 10953.022297051099, 10904.925367031936], "[7, 20]": [-600, -600, 10635.947265446734, 11125.250963483328], "[2, 6]": [10239.995587049285, 661.4628876978625, -600, -600], "[7, 18]": [0, 10225.640007066428, 10205.247623461923, 10647.632153421448], "[0, 12]": [-600, -600, 5782.161351446861, -600], "[3, 4]": [9039.912027399629, -600, 10341.768139753409, -600], "[6, 2]": [10099.64983047294, 10318.182052409025, -600, 409.26820984416736], "[5, 5]": [10267.973939026971, 470.8536494654529, -600, 10416.234919282771], "[1, 4]": [9638.35454860465, -600, 10184.324135435889, -600], "[6, 10]": [-600, 7764.950843766195, -600, -600], "[3, 12]": [-600, -600, 10237.430466142641, -600], "[4, 14]": [-600, -600, -600, -600], "[7, 17]": [10576.15196653596, -600, 1205.04368158236, 10409.48850647751], "[4, 5]": [10136.336887842584, -600, 270.95302709478756, 10321.16709093295], "[7, 12]": [-600, -600, 8557.441294339207, -600], "[3, 31]": [10653.402837000905, 10892.804597115795, -600, -600], "[3, 5]": [10772.225671472605, -600, -600, 10724.96410323998], "[2, 13]": [-600, -600, -600, 7754.58020679523], "[7, 19]": [-600, 9824.77239091082, 0, 11137.303526946534], "[5, 2]": [10381.040748686504, 10096.530814064863, 1859.2218024852607, 721.6318711849542],