{"[6, 1]": [2037.7983912240936, 1864.779126902102, -600, 3436.411049015222], "[5, 3]": [1238.4513028730228, -600, 3699.350950286118, 1690.869726045918], "[4, 4]": [462.5039234087977, -600, 3216.130729491338, -600], "[4, 2]": [1348.0368156088637, 3411.521606390171, -600, -600], "[6, 0]": [2031.9427458679027, 1984.6951247021796, 3364.0988367635455, -600], "[6, 7]": [-600, 2861.718315316546, 3020.83442774397, 3514.3126664592933], "[6, 3]": [2838.120297486478, -600, 3531.900889874373, 3002.937127445489], "[7, 7]": [-600, 1486.842183977773, 1786.3492552503062, 3722.8122592694185], "[7, 3]": [2936.152616988382, -600, 2906.2393937051575, 3754.2031902400427], "[7, 0]": [3158.37177264011, 187.32621136820563, 232.3118176979989, -600], "[0, 7]": [-600, 1939.8586990299732, 1970.0188048796063, 3408.8505438506054], "[0, 0]": [3271.3687881031947, 2005.4548349444103, 1988.7540941542513, -600], "[0, 3]": [3502.764733487703, -600, 2839.3395355914377, 3015.4827039267493], "[0, 1]": [2992.483137264507, 2778.6584047294346, -600, 3509.264149368336], "[7, 1]": [1664.287713297389, 1246.0730156950792, -600, 3698.6055961206416], "[0, 9]": [-600, 86.84382150624458, -600, 2864.4463621216605], "[0, 2]": [3223.2842163092287, 1202.8215469397485, -600, -600], "[2, 7]": [-600, 3361.7505836085006, 1921.1231338650082, 1900.2161606777045], "[2, 3]": [3415.351197445725, -600, 1876.7918220454046, 2025.471702118082], "[2, 0]": [3501.0609731131144, 3017.428542537922, 2857.3387934132056, -600], "[2, 1]": [2996.607978725327, 3513.901000382515, -600, 2826.6238626336276], "[3, 1]": [1531.0889720948971, 3657.9961370118535, -600, 1110.6337766813397], "[3, 3]": [3179.1436576721894, -600, 230.86075970556035, 175.90913782018652], "[1, 0]": [3725.5664821059104, 1745.915209973023, 1430.8215509022048, -600], "[1, 1]": [3749.4711572756605, 2857.816775760835, -600, 2950.4790680690858], "[1, 7]": [-600, 287.6937487794368, 189.31816818752384, 3162.5939530650267], "[0, 4]": [2629.7988831067632, -600, 160.0730159551429, -600], "[5, 1]": [168.11740940651424, 3102.7304056952335, -600, 236.65432050917585], "[5, 7]": [-600, 2880.2958199597574, 3760.718253714595, 2951.3311574342038], "[4, 3]": [1806.3785130948388, -600, 3462.270449465135, 1864.1169721668402], "[4, 1]": [1973.3244440512542, 3438.0691087974487, -600, 1948.8804641481688], "[5, 0]": [1296.7403659497602, 1668.985033293677, 3723.9479969545687, -600], "[4, 7]": [-600, 3543.6352107135176, 3004.8627469947955, 2821.2462365935958], "[0, 5]": [2529.6076386793907, -600, -600, 3492.9333566199143], "[4, 0]": [2888.7586208622183, 3031.216664957838, 3543.821955626301, -600], "[2, 4]": [3290.487789076104, -600, 476.85889171683965, -600], "[1, 5]": [3656.242142390415, -600, -600, 1142.326401692067], "[2, 5]": [3289.1479584989115, -600, -600, 1166.7195348357125], "[2, 9]": [-600, 2326.8030817763733, -600, 107.62676102946887], "[0, 11]": [-600, -600, 1183.7910208997757, 3277.014464679939], "[7, 18]": [0, 429.1493530099695, 586.9682193318557, 3780.0196249337037], "[1, 39]": [3777.056840459759, 0, 374.5542310739758, 545.535643191286], "[4, 8]": [-600, 3537.429666965413, 2813.7810132870864, -600], "[4, 9]": [-600, 3334.10698029856, -600, 499.52446270780285], "[3, 7]": [-600, 3663.4134053111834, 1627.9455789665321, 1185.3233646069427], "[1, 9]": [-600, 15.912823278648707, -600, 2461.9273184591425], "[5, 8]": [-600, 1548.7104369882686, 3696.069901835845, -600], "[2, 8]": [-600, 3345.60775276577, 1147.4532604383255, -600], "[6, 9]": [-600, 520.7853506339435, -600, 3354.5446687161766], "[6, 11]": [-600, -600, 3501.2113118107272, 2693.4292484808225], "[3, 32]": [0, 3717.449177684309, 554.5993526977063, 366.54590392996755], "[6, 2]": [704.6951621521429, 3161.2072568213143, -600, -600], "[5, 5]": [121.4484305981231, -600, -600, 3166.6648955957567], "[4, 11]": [-600, -600, 3258.075101219863, 1100.091453080778], "[5, 11]": [-600, -600, 3547.4612760018654, 993.606252828911], "[5, 2]": [118.49112938601559, 3043.4643128787525, -600, -600], "[4, 5]": [3308.5602257857186, -600, -600, 493.3256478481443], "[7, 4]": [2264.4170839152243, -600, 23.162942709916006, -600], "[6, 5]": [1261.5253656104387, -600, -600, 3315.9401071178013], "[5, 25]": [0, 2246.5060099189054, 3828.4824622314836, 2315.020700781577], "[1, 2]": [3683.6384906374815, 1555.954606521397, -600, -600], "[0, 8]": [-600, 3113.9695410520203, 544.72218762042, -600], "[1, 11]": [-600, -600, 103.04283669494454, 2919.770093530524], "[1, 3]": [3719.3658655141185, -600, 1271.7946261543477, 1731.1647468389472], "[1, 37]": [3837.903038051184, 2283.361997345504, 0, 2363.0431736112987], "[7, 15]": [556.3327889859188, 412.8036336093689, 0, 3760.204946634225], "[6, 4]": [195.58093270394755, -600, 2532.399477964545, -600], "[3, 8]": [-600, 3587.981371723386, 1268.5606056489148, -600], "[6, 8]": [-600, 1379.8384250154365, 3366.2889825379943, -600], "[7, 8]": [-600, 262.9025541424629, 3101.792377697113, -600], "[7, 11]": [-600, -600, 1410.2543938191127, 3685.5747154384276], "[6, 10]": [-600, 3149.109191861196, -600, -600], "[6, 13]": [-600, -600, -600, 3435.8612389073182], "[3, 0]": [2883.5287486188827, 3715.024324014563, 2822.26328186714, -600], "[3, 29]": [2176.0188888222015, 3774.519404042617, 2106.301030798819, 0], "[5, 4]": [110.73239413313101, -600, 3458.81558534216, -600], "[2, 2]": [2620.0443002213706, 3483.955601912774, -600, -600], "[7, 16]": [2279.6251338536276, 0, 2258.0330939285664, 3828.8131613291907], "[3, 30]": [550.0484863893441, 3719.923831897407, 0, 391.69011425235414], "[3, 4]": [2521.3173634654313, -600, 52.99860833609552, -600], "[0, 13]": [-600, -600, -600, 3371.6669012788066], "[5, 23]": [387.5175701926898, 0, 3757.515262891237, 527.7748844569612], "[5, 22]": [388.2770014106704, 505.2755147164113, 3769.2628951698184, 0], "[1, 4]": [3545.32669479887, -598.0833499240199, 108.28421457212266, -600], "[1, 8]": [-600, 3065.751351061931, 192.1981780533948, -600], "[7, 9]": [-600, 98.57852912696504, -597.3168828765957, 3522.225559465467], "[4, 10]": [-600, 3434.086540697606, -600, -600], "[1, 42]": [2675.5492783624977, -600, -600, -600], "[2, 11]": [-600, -600, 3135.3370970821175, 549.7352339272572], "[3, 9]": [-600, 3390.5286566276513, -600, 60.46015543917855], "[2, 10]": [-600, 3343.481337296886, -600, -600], "[5, 9]": [-600, 2718.4482884312115, -600, 47.039658459138494], "[1, 40]": [2904.430690925791, 0, 23.805197761599793, -600], "[4, 6]": [3298.668077109007, -600, -600, -600], "[3, 5]": [3059.838036559871, -600, -600, 83.45119634660833], "[3, 2]": [965.3270857500981, 3521.1255616980893, -600, -600], "[7, 5]": [997.7699221146169, -600, -600, 3566.933703139448], "[2, 6]": [3401.5091816707472, -600, -600, -600], "[5, 24]": [40.20586202336008, 0, 2707.740947275227, -600], "[6, 12]": [-600, -600, 3343.7041328634596, -600], "[5, 12]": [-600, -600, 3574.00972799429, -600], "[0, 6]": [3391.9111467780112, -600, -600, -600], "[1, 36]": [3782.0632519245323, 597.4415572480458, 418.5311481380669, 0], "[1, 38]": [3750.9722246474753, 459.58535984219446, -600, -600], "[3, 11]": [-600, -600, 2905.767391998382, 122.7286103044726], "[3, 34]": [-600, 2812.5310058120135, -600, 26.73721775147605], "[2, 12]": [-600, -600, 3117.96403720375, -600], "[7, 2]": [3085.500323114565, 178.00264049692302, -600, -600], "[5, 26]": [-600, 436.4662980834402, 3748.0055004968144, -600], "[6, 6]": [3248.7727608081727, -600, -600, -600], "[5, 27]": [-600, -600, 3486.5358200692467, 207.98556292869446], "[4, 12]": [-600, -600, 3460.439144714434, -600], "[7, 20]": [-600, -600, 442.4054865789666, 3703.984299369848], "[0, 12]": [-600, -600, 3184.378605599568, -600], "[7, 12]": [-600, -600, 3083.4333524032722, -600], "[7, 17]": [219.11963766792724, -600, -596.5427799847006, 3452.053407546062], "[3, 12]": [-600, -600, 2999.589628605899, -600], "[7, 19]": [-600, 31.328042514151782, -600, 2731.7919919734486], "[3, 6]": [3082.3511905770365, -600, -600, -600], "[0, 10]": [-600, 3110.5179672301415, -600, -600], "[5, 10]": [-600, 3052.410019745073, -600, -600],