{"[5, 1]": [-1.394861904346326, 21.132769378088444, -600, 258.3182223266382], "[6, 0]": [206.8039205180979, 252.75867214828796, 650.387386135119, -600], "[6, 7]": [-600, 447.4536484571014, 559.7116063020758, 731.393769175199], "[6, 1]": [239.08897848451744, 191.4080753887053, -600, 661.1872199229919], "[6, 3]": [441.72612975276553, -600, 738.0697671828701, 558.8189849624356], "[6, 9]": [-600, 20.046288916889157, -600, 448.9719045996664], "[6, 8]": [-599.0348957329696, 122.78339154647422, 621.2550903570786, -600], "[4, 9]": [-600, 447.6129101912486, -600, 23.825969628245417], "[4, 8]": [-600, 740.4558345606674, 416.6558577503814, -600], "[4, 7]": [-600, 765.399710871855, 578.0849376682355, 450.8648807125102], "[4, 0]": [454.69751923541844, 581.196515271555, 760.1875129003406, -600], "[4, 11]": [-600, -600, 637.0878927346749, 126.5725713742508], "[7, 7]": [-600, 42.754874378580794, 162.22235236064324, 901.481687351892], "[7, 3]": [479.04914566967943, -600, 449.21564912619596, 977.4726881609857], "[0, 7]": [-600, 185.87101033319078, 223.72330722100878, 620.5187732956813], "[0, 3]": [678.8403388675713, -600, 408.5360207251455, 518.5793092092638], "[0, 1]": [530.0861013798449, 418.04639038833056, -600, 672.9053143583874], "[0, 0]": [595.208497012627, 220.95479715881876, 186.18633540391065, -600], "[7, 1]": [166.66048629193762, 41.53786608490425, -600, 909.6921646535967], "[7, 0]": [297.71147669692454, -0.9408229748279393, 17.002158436580388, -600], "[5, 3]": [33.12623677534111, -600, 937.9120248576553, 161.71761298372303], "[4, 3]": [188.1551570121515, -600, 697.2930624333229, 234.50988507085145], "[4, 1]": [214.55857837286953, 683.5136480593416, -600, 186.10540036696548], "[5, 0]": [47.336516702936684, 160.6080304756903, 944.4729805875877, -600], "[5, 7]": [-600, 498.8580760151975, 997.8532995381292, 531.897039081707], "[2, 3]": [646.6934066660092, -600, 178.96492251443246, 215.16327965775523], "[2, 7]": [-600, 644.0148828340841, 252.83226848758716, 207.63286305378716], "[2, 1]": [552.5059246787342, 716.1546266332027, -600, 423.4231552178028], "[2, 0]": [715.2853979056108, 539.6975136092143, 431.06253466259784, -600], "[1, 0]": [888.4881797347094, 145.6533349639927, 42.968033693813034, -600], "[1, 7]": [-600, 18.619019436955558, -3.0327530456163454, 284.06059022901104], "[1, 3]": [881.0277890355909, -600, 29.882189490258515, 157.9824906857714], "[2, 4]": [429.59431116941556, -600, 16.35818455055026, -600], "[2, 8]": [-600, 602.3496774358524, 123.54824858560494, -600], "[2, 9]": [-600, 166.0620616133897, -600, 4.381906162439889], "[2, 2]": [695.5364171154262, 391.33570278823146, -600, -600], "[1, 1]": [965.9752655946722, 405.14299623483106, -600, 451.2061462179453], "[3, 1]": [175.23957938880883, 928.31264463612, -600, 33.40705613566506], "[3, 3]": [14.696416654376689, -600, 252.11173774826753, -4.044574156202281], "[3, 7]": [-600, 919.0143727944619, 156.06850069774708, 27.77394619032595], "[0, 4]": [142.69751036550704, -600, 8.371439232917442, -600], "[0, 11]": [-600, -600, 89.91509989951619, 546.3450139318463], "[5, 11]": [-600, -600, 909.4603982511173, 120.86511153026507], "[6, 4]": [3.713455204730329, -600, 189.47013898486617, -600], "[3, 32]": [0, 828.9679991445886, 41.98980870091474, 8.489142799737792], "[5, 23]": [10.205460035343275, 0, 841.3156726138594, 47.84497432427942], "[3, 29]": [253.18483142025357, 1038.3340982405166, 237.19602134612015, 0], "[1, 36]": [824.2617817990638, 48.26172150239093, 11.218818315417431, 0], "[4, 2]": [106.13901165044885, 640.966697089398, -600, -599.0919024857114], "[6, 11]": [-598.8106932695912, -598.7862603966446, 400.85605726730984, 713.0280188604602], "[5, 8]": [-600, 150.88316510629184, 900.7520900936547, -600], "[5, 2]": [2.346514745951358, 232.44095705877314, -600, -600], "[4, 5]": [322.08262945522733, -600, -600, 32.80214672238572], "[5, 25]": [0, 265.008444635258, 1053.3266258838917, 283.78664125610436], "[7, 18]": [0, 14.78725910387079, 45.211184680842145, 832.6668864218918], "[3, 11]": [-600, -600, 174.92015289466602, 0.5062911529559817], "[2, 5]": [574.4658061982301, -600, -600, 99.4139812600609], "[0, 5]": [645.5910955702602, -600, -600, 345.3139908867278], "[7, 5]": [100.97727590580111, -600, -600, 850.4806061016343], "[4, 4]": [24.812643552156462, -600, 470.5389382450523, -600], "[7, 4]": [-1.2844499602168569, -600, 10.454463821919338, -600], "[0, 13]": [-600, -600, -600, 473.72184349590407], "[6, 5]": [118.14567248256375, -599.0360047127303, -600, 595.0389878302195], "[0, 9]": [-600, -2.0408326358026994, -600, 143.04700122650036], "[3, 8]": [-600, 799.4568452244868, 122.71421730024566, -600], "[2, 10]": [-598.719502565257, 494.81585600089426, -600, -600], "[3, 0]": [500.52796569911305, 987.4752100346178, 463.3309316305037, -600], "[0, 2]": [561.0634691585523, 93.69597097597006, -600, -600], "[5, 4]": [0.1327197670163249, -600, 363.36159810635337, -600], "[1, 5]": [756.3803863767683, -600, -600, 80.44453066785948], "[1, 37]": [1020.2726052251969, 218.89005459938448, 0, 219.08337299149096], "[3, 33]": [-600, 755.1686524867894, 27.713969387898924, -600], "[5, 22]": [12.35650289654649, 67.01547613760417, 860.2410253083783, 0], "[0, 8]": [-600, 338.89964253907084, 37.557107255917245, -600], "[5, 9]": [-600, 1.961684155864535, -600, 47.12462790326354], "[2, 13]": [-600, -600, -600, 153.15639461063134], "[1, 2]": [752.874558651946, 115.20723521825204, -600, -600], "[3, 30]": [52.806783197305826, 848.7136373298985, 0, 11.0561771550464], "[2, 11]": [-600, -600, 364.95009753534805, 42.05949230174287], "[3, 5]": [177.72221989941872, -598.5222088493266, -600, 1.3960968007198158], "[0, 6]": [368.2578505226892, -600, -600, -600], "[1, 39]": [821.301835847383, 0, 7.634743616894205, 43.760920772588456], "[4, 10]": [-600, 426.44574044792364, -600, -600], "[3, 2]": [106.3140263871977, 891.3545199455048, -600, -600], "[2, 6]": [370.1750638126996, -600, -600, -600], "[3, 4]": [2.2357363637195875, -600, 45.38982953559617, -600], "[1, 13]": [-600, -600, -600, 75.60010037044512], "[1, 9]": [-600, 0.42152497737630973, -600, 11.997562059351718], "[5, 10]": [-600, 87.23345528088763, -600, -600], "[6, 12]": [-600, -600, 514.5245824815138, -600], "[7, 15]": [48.984928998336954, 10.407091652520275, 0, 830.8667144369726], "[7, 16]": [234.02894780405057, 0, 220.022151153301, 1036.5785792706602], "[6, 2]": [38.08264784377553, 378.1481422945216, -600, -600], "[5, 27]": [-599.3609657552016, -600, 658.0791912569422, 18.03641152721062], "[5, 5]": [0.9026584763231392, -600, -600, 166.66146068748108], "[4, 12]": [-600, -600, 551.1925974092252, -600], "[3, 9]": [-600, 328.095873651642, -598.8812796869537, -0.024486765982003944], "[7, 2]": [217.2043248631066, 4.780495501695508, -600, -600], "[7, 9]": [-600, 0.8185452343887019, -600, 333.0827785708199], "[2, 12]": [-600, -600, 192.1916635163878, -600], "[6, 13]": [-600, -600, -600, 368.93590413991933], "[4, 6]": [142.54195642157256, -600, -600, -600], "[7, 11]": [-600, -599.1631492488295, 114.83674683373835, 784.3941521708887], "[1, 4]": [297.48268054326803, -600, 0.7333649116794716, -600], "[1, 10]": [-600, 74.7070531291202, -600, -600], "[3, 34]": [-600, 207.68071776379588, 0, 0.09743453484338532], "[1, 38]": [692.5869609433464, 23.358086972381773, -600, -600], "[1, 8]": [-600, 227.63442561662765, 4.511742129182308, -600], "[1, 11]": [-600, -600, 1.747400331761537, 175.65856613412495], "[0, 12]": [-600, -600, 151.75819435941492, -598.8603169390345], "[6, 6]": [174.53294340114974, -600, -600, -600], "[7, 20]": [-600, -599.1913254650236, 25.69717318708618, 713.8298814924315], "[0, 10]": [-600, 125.3145590482081, -600, -600], "[5, 12]": [-600, -600, 378.36589203869744, -600], "[5, 26]": [-600, 30.594752785804328, 807.5471673282756, -600], "[4, 13]": [-600, -600, -600, 182.6946225308723], "[7, 8]": [-600, 5.222288508897661, 247.95600670946507, -600], "[1, 40]": [174.3840234502827, 0, 0.3755033574668451, -600], "[6, 10]": [-600, 162.7823749699061, -600, -600],