{"[5, 1]": [-0.7528451514219496, 23.19590616540957, -600, 346.77857742335004], "[6, 0]": [239.59519045967326, 286.60635037440113, 756.8388157003003, -600], "[6, 7]": [-600, 516.0710437427438, 638.6944700916488, 861.3292517617456], "[6, 1]": [264.3259987866477, 213.21813598491957, -600, 775.989458553129], "[6, 3]": [510.47923725524987, -600, 862.7258360795756, 641.6294667130437], "[6, 9]": [-600, 24.277895958170955, -600, 587.5428096549355], "[6, 8]": [-600, 140.21862162510266, 732.4128100146895, -600], "[4, 9]": [-600, 596.5719348667534, -600, 30.76638562369552], "[4, 8]": [-600, 880.2621910723808, 505.9085486469219, -600], "[4, 7]": [-600, 898.9262441681335, 666.4569085167716, 529.3630146226003], "[4, 0]": [524.583678588314, 669.1457960726825, 891.6117124895487, -600], "[4, 11]": [-600, -600, 744.3120957616555, 148.92584187007535], "[7, 7]": [-600, 55.98077763970153, 186.94798130529648, 1036.7723685164808], "[7, 3]": [557.407732229675, -600, 534.6359813680186, 1103.6247515501343], "[0, 7]": [-600, 212.13051955626196, 258.61026289495993, 753.2867653805596], "[0, 3]": [817.1528892889974, -600, 470.3196440070091, 595.4703079087146], "[0, 1]": [611.2364812716384, 476.16262213391184, -600, 811.0084354356277], "[0, 0]": [709.2857582925277, 246.80327196107504, 213.33279792954917, -600], "[7, 1]": [193.28978197551763, 54.83943117460212, -600, 1053.0356490726547], "[7, 0]": [396.61368893159596, 0.567451510487008, 19.639135866174822, -600], "[5, 3]": [41.47583830815008, -600, 1070.7982177898862, 191.59751975276356], "[4, 3]": [211.33916202043085, -600, 815.0214396963244, 262.2536124343916], "[4, 1]": [242.93546788599144, 789.422152959438, -600, 207.17351748463543], "[5, 0]": [60.51966291180806, 188.3834108701141, 1074.4530406634185, -600], "[5, 7]": [-600, 580.86887216997, 1121.7923663948663, 626.0283596019972], "[2, 3]": [765.6120431432383, -600, 207.27498131140302, 243.2076366493358], "[2, 7]": [-600, 743.3037588826612, 282.8027662088421, 237.97376540802392], "[2, 1]": [627.5241171196843, 850.1080691945172, -600, 492.7960637908563], "[2, 0]": [843.5763690759616, 609.5852855079679, 498.9034842368158, -600], "[1, 0]": [1016.8170396522502, 168.64566559236232, 52.521316318449465, -600], "[1, 7]": [-600, 21.184040663674285, -2.016486863971039, 378.676569374641], "[1, 3]": [1024.479822955218, -600, 38.599422743094365, 182.2053898799724], "[2, 4]": [588.9083681450135, -600, 23.970684993423465, -600], "[2, 8]": [-600, 713.7796120803105, 142.30190689476026, -600], "[2, 9]": [-600, 230.5104388673028, -600, 4.4212771669269815], "[2, 2]": [830.9513629786667, 467.21418704196344, -600, -600], "[1, 1]": [1095.4274062256557, 473.2272641036371, -600, 529.7763142725322], "[3, 1]": [202.52396962296967, 1057.2140596601748, -600, 42.04122598643996], "[3, 3]": [16.833317925043765, -600, 335.0943467193993, -1.0550512522988353], "[3, 7]": [-600, 1040.5026588149692, 176.52312697221655, 35.904882323271806], "[0, 4]": [203.54921701442012, -600, 11.59642127857536, -600], "[0, 11]": [-600, -600, 103.21693362048809, 656.0709023509382], "[5, 11]": [-600, -600, 1036.574402723881, 140.814461727137], "[6, 4]": [4.9620094569565385, -600, 253.18600026063936, -600], "[3, 32]": [0, 964.1998302709159, 47.90921647711378, 9.955166519637023], "[5, 23]": [11.42087345231346, 0, 984.5890266495095, 55.85973215863747], "[3, 29]": [302.8933972371566, 1165.1369806327423, 285.26892532944333, 0], "[1, 36]": [966.9523569474519, 53.69901434764173, 14.814238798984167, 0], "[4, 2]": [120.47199957375148, 756.8016262904185, -600, -600], "[6, 11]": [-600, -600, 475.4968664124061, 841.7062403244389], "[5, 8]": [-600, 183.87757811748634, 1034.7283169641403, -600], "[5, 2]": [2.60072119521232, 312.97076161274634, -600, -600], "[4, 5]": [425.6650767929516, -600, -600, 37.428183006431496], "[5, 25]": [0, 321.9367263055941, 1184.6125380321014, 333.74011334187196], "[7, 18]": [0, 19.32306948024547, 50.99481437919398, 972.7264880270982], "[3, 11]": [-600, -600, 240.3303609962211, 1.2986090226161648], "[2, 5]": [664.6979547112965, -598.5364262253837, -600, 115.0731937205108], "[0, 5]": [800.3562655377334, -600, -600, 411.5602499266956], "[7, 5]": [119.3347217068684, -600, -600, 989.2396760652181], "[4, 4]": [28.87971470766778, -600, 651.3956710042336, -600], "[7, 4]": [-1.2844499602168569, -600, 23.351148085779382, -600], "[0, 13]": [-600, -600, -600, 678.7592488806616], "[6, 5]": [127.66242116684052, -600, -600, 695.403693252507], "[0, 9]": [-600, -2.111387671113829, -600, 187.33776122463672], "[3, 8]": [-600, 903.3187156938475, 150.35532890006905, -600], "[2, 10]": [-600, 702.9005537203523, -600, -600], "[3, 0]": [584.8143456195533, 1107.6099076328198, 541.6478269880174, -600], "[0, 2]": [666.0153350021411, 105.61098586699316, -600, -600], "[5, 4]": [0.4302818691815841, -600, 514.1430111089402, -600], "[1, 5]": [887.1471283762708, -600, -600, 90.01148613980244], "[1, 37]": [1144.1533460351375, 255.65297879014642, 0, 271.91014860355386], "[3, 33]": [-600, 921.2375612825278, 33.58725877747195, -600], "[5, 22]": [16.4416711144466, 76.15622751054018, 997.1675213422192, 0], "[0, 8]": [-600, 471.86768639932205, 44.09240154794731, -600], "[5, 9]": [-600, 1.961684155864535, -600, 99.50196237094296], "[2, 13]": [-596.8042169836335, -600, -600, 300.3568316618655], "[1, 2]": [868.8828610473654, 133.54393792574342, -600, -600], "[3, 30]": [56.7668730484069, 975.0812691681937, 0, 12.628218325973018], "[2, 11]": [-600, -600, 488.47941341241074, 47.36376464959225], "[3, 5]": [228.2346800825545, -600, -600, 1.5691577262362157], "[0, 6]": [537.3110964882463, -600, -600, -600], "[1, 39]": [957.5928734186602, 0, 9.248203042266956, 50.045671445380584], "[4, 10]": [-600, 611.1647037895619, -600, -600], "[3, 2]": [130.64453346079762, 1018.204309376917, -600, -600], "[2, 6]": [539.5793467547504, -600, -600, -600], "[3, 4]": [2.500426022358336, -600, 85.2202316232338, -600], "[1, 13]": [-600, -600, -600, 140.21287950566034], "[1, 9]": [-600, 0.42152497737630973, -600, 15.596005811503625], "[5, 10]": [-600, 166.22541219845934, -600, -600], "[6, 12]": [-600, -600, 727.0598512092231, -600], "[7, 15]": [55.08484987154435, 14.041811569710038, 0, 973.883765227505], "[7, 16]": [283.71205161439076, 0, 278.45576716753345, 1162.0045096459082], "[6, 2]": [50.865735519429464, 506.75249491762247, -600, -600], "[5, 27]": [-600, -600, 804.3478147424265, 22.760437729984424], "[5, 5]": [2.103184537134193, -600, -600, 223.42485200863825], "[4, 12]": [-600, -600, 757.7282662501618, -600], "[3, 9]": [-600, 476.1266915337877, -598.8812796869537, -0.3626411234339892], "[7, 2]": [316.2972810221707, 6.041463495764962, -600, -600], "[7, 9]": [-600, 1.000066364014865, -600, 498.71903565090076], "[2, 12]": [-600, -600, 368.57628176619863, -600], "[6, 13]": [-600, -600, -600, 556.7267290711872], "[4, 6]": [259.7124079816598, -600, -600, -600], "[7, 11]": [-600, -600, 139.08100781400645, 897.8735822613054], "[1, 4]": [434.4578733391219, -600, 1.0523484862243293, -600], "[1, 10]": [-600, 150.78367381429314, -600, -600], "[3, 34]": [-600, 276.57242696722494, 0, 0.5069903944967108], "[1, 38]": [858.2325742175285, 33.122200351840085, -600, -600], "[1, 8]": [-600, 316.6947790224828, 5.53977515095543, -600], "[1, 11]": [-600, -600, 3.035943909479044, 239.25721520494204], "[0, 12]": [-600, -600, 307.85383028629866, -600], "[6, 6]": [340.37058305760655, -600, -600, -600], "[7, 20]": [-600, -599.1913254650236, 31.366643600658588, 900.3720819918705], "[0, 10]": [-600, 255.38928666844575, -600, -600], "[5, 12]": [-600, -600, 610.2386859802882, -600], "[5, 26]": [-600, 33.19848244239635, 976.7938477151563, -600], "[4, 13]": [-600, -600, -600, 357.21803432624154], "[7, 8]": [-600, 7.266731894930366, 348.94056635256004, -600], "[1, 40]": [239.7416870112806, 0, 0.3755033574668451, -600], "[6, 10]": [-600, 330.26912301815935, -600, -600], "[7, 19]": [-600, 0.3900947849174493, 0, 283.30948065403567], "[1, 41]": [621.9753321931336, -600, -600, 16.767880596273084],