{"[5, 1]": [-1.093817629608166, 21.132769378088444, -600, 265.3176784225046], "[6, 0]": [210.56609029144357, 255.37935581953403, 659.4234946379071, -600], "[6, 7]": [-600, 453.1425752348146, 567.571473721927, 746.9255402280153], "[6, 1]": [240.94617220464283, 192.68908969761756, -600, 662.1440291288411], "[6, 3]": [446.1084393003601, -600, 741.3067384150195, 565.5525327344328], "[6, 9]": [-600, 20.646332963003694, -600, 459.38053151577594], "[6, 8]": [-600, 123.79969642293261, 629.4403085284965, -600], "[4, 9]": [-600, 458.87138132872417, -600, 24.738505197348065], "[4, 8]": [-600, 751.3614270535771, 425.9843624066724, -598.8419574902393], "[4, 7]": [-600, 775.777322425995, 584.3018875264448, 454.4231344269775], "[4, 0]": [460.6094750650123, 588.3929430555345, 768.81237495919, -600], "[4, 11]": [-600, -600, 643.161422282448, 129.2961544772605], "[7, 7]": [-600, 43.4492720011107, 163.59603745218973, 911.1351115221299], "[7, 3]": [485.4254729617946, -600, 457.66347348505127, 988.5308330224451], "[0, 7]": [-600, 186.85193488399287, 226.41529982285508, 635.3185231172549], "[0, 3]": [692.0404389614935, -600, 414.568157700151, 524.7588337265238], "[0, 1]": [536.7090038990348, 423.85405528060903, -600, 684.4939317750623], "[0, 0]": [609.0485038552058, 224.34543291883946, 187.64538803426274, -600], "[7, 1]": [168.6735975538209, 42.62911702478491, -600, 918.8341823756476], "[7, 0]": [302.7799267948389, -0.9408229748279393, 17.002158436580388, -600], "[5, 3]": [33.86824762345016, -600, 949.5313888741388, 165.22549851910108], "[4, 3]": [191.00502362172134, -600, 706.1968122171512, 236.13070733386294], "[4, 1]": [218.7429819456561, 685.1462437519021, -600, 189.29470798870173], "[5, 0]": [48.1226580407519, 160.6080304756903, 953.9710667561329, -600], "[5, 7]": [-600, 506.38138221401147, 1007.3675380417062, 538.0982432877342], "[2, 3]": [658.1938987934923, -600, 180.4598218698278, 219.69002867563432], "[2, 7]": [-600, 657.4574671404979, 255.0719582203154, 210.01194919575403], "[2, 1]": [559.4293961983203, 722.6301907455024, -600, 428.8699174734047], "[2, 0]": [727.9379535609373, 546.2928300761246, 435.7748296571964, -600], "[1, 0]": [897.9988558629947, 147.89390440640068, 42.932752054995, -600], "[1, 7]": [-600, 18.619019436955558, -3.0327530456163454, 289.76823543597254], "[1, 3]": [888.3821711235822, -600, 30.391090450995208, 159.94188612417636], "[2, 4]": [442.75748766142124, -600, 16.702963680944087, -600], "[2, 8]": [-600, 611.9684917797932, 124.06474727200661, -600], "[2, 9]": [-600, 169.0332478609649, -600, 4.381906162439889], "[2, 2]": [709.8498201077481, 399.1949950823377, -600, -600], "[1, 1]": [974.7032443089332, 410.8643002511636, -600, 456.61219498883224], "[3, 1]": [177.2594150793223, 938.7238430562035, -600, 34.546940464245374], "[3, 3]": [14.696416654376689, -600, 258.6633227194416, -3.792019137610594], "[3, 7]": [-600, 928.323090267085, 157.0471773088512, 28.138928975397523], "[0, 4]": [144.86349670424613, -600, 8.371439232917442, -600], "[0, 11]": [-600, -600, 89.91509989951619, 553.0685505161584], "[5, 11]": [-600, -600, 917.5394453075787, 121.44545826858081], "[6, 4]": [3.713455204730329, -600, 192.84072238204652, -600], "[3, 32]": [0, 839.692635148289, 42.59540571109616, 8.811931284702519], "[5, 23]": [10.417082147150035, 0, 848.0807340116311, 48.926213313517316], "[3, 29]": [256.7185032727198, 1049.9626240470873, 239.66350084814485, 0], "[1, 36]": [833.1424654887846, 48.26172150239093, 11.702173236572987, 0], "[4, 2]": [108.39864663173476, 648.5110281825825, -598.6651217205608, -599.0919024857114], "[6, 11]": [-600, -600, 407.4557476868364, 718.7747424372336], "[5, 8]": [-600, 152.87905640748176, 909.3096736536413, -600], "[5, 2]": [2.346514745951358, 237.4270143125817, -600, -600], "[4, 5]": [329.77623847221105, -600, -600, 33.469872549871866], "[5, 25]": [0, 269.1167359250498, 1064.5749443440088, 286.8749428182333], "[7, 18]": [0, 14.852147793422244, 45.79524291262751, 842.9640271327095], "[3, 11]": [-600, -600, 177.40450253656752, 0.5062911529559817], "[2, 5]": [583.1197059557953, -600, -600, 102.14088987076575], "[0, 5]": [662.735734567053, -600, -600, 348.9141718371739], "[7, 5]": [102.0191329430564, -600, -600, 863.8122830667552], "[4, 4]": [25.329710643572856, -600, 485.6323919277007, -600], "[7, 4]": [-1.2844499602168569, -600, 11.828309359896332, -600], "[0, 13]": [-600, -600, -600, 487.5922619073884], "[6, 5]": [119.49235448199698, -599.0360047127303, -600, 604.7693125651658], "[0, 9]": [-600, -2.0408326358026994, -600, 145.43132521030256], "[3, 8]": [-600, 805.7553072018851, 124.23716017535185, -600], "[2, 10]": [-600, 506.14565448718014, -600, -600], "[3, 0]": [506.46594743040646, 994.5683749407373, 468.89843064033965, -600], "[0, 2]": [567.889987401561, 93.69597097597006, -600, -600], "[5, 4]": [0.1327197670163249, -600, 372.4062000068259, -600], "[1, 5]": [766.5581211563584, -600, -600, 81.01215521704069], "[1, 37]": [1028.9658409406795, 222.12076874654963, 0, 224.04500116852148], "[3, 33]": [-600, 764.8129993338512, 28.329953449967856, -600], "[5, 22]": [12.599812502255356, 67.1365779726033, 870.2560046504822, 0], "[0, 8]": [-600, 347.3560652310801, 37.557107255917245, -600], "[5, 9]": [-600, 1.961684155864535, -600, 51.49801389917175], "[2, 13]": [-600, -600, -600, 156.67990863772422], "[1, 2]": [761.598339350284, 116.16785353624027, -600, -600], "[3, 30]": [53.43339348338666, 859.1765802973805, 0, 11.220723881580327], "[2, 11]": [-600, -600, 373.4869102147327, 42.05949230174287], "[3, 5]": [182.77967013808535, -598.5222088493266, -600, 1.5691577262362157], "[0, 6]": [379.63034414387124, -600, -600, -600], "[1, 39]": [832.7077082544625, 0, 7.909254785367381, 44.366101673978406], "[4, 10]": [-600, 439.16689216339205, -600, -600], "[3, 2]": [108.6145907593413, 897.3992980439883, -600, -600], "[2, 6]": [378.7861166607114, -600, -600, -600], "[3, 4]": [2.2357363637195875, -600, 45.786296949615505, -600], "[1, 13]": [-600, -600, -600, 79.8810049801275], "[1, 9]": [-600, 0.42152497737630973, -600, 12.837271320500669], "[5, 10]": [-600, 91.46883837354345, -600, -600], "[6, 12]": [-600, -600, 529.7114585155034, -600], "[7, 15]": [49.58911092670886, 10.407091652520275, 0, 840.8345629142979], "[7, 16]": [238.20396581829027, 0, 225.83456955371258, 1042.8978342987216], "[6, 2]": [38.69784754711536, 387.1633541994183, -600, -600], "[5, 27]": [-600, -600, 667.4553026221237, 18.652380688174524], "[5, 5]": [0.9026584763231392, -600, -600, 169.6148434826602], "[4, 12]": [-600, -600, 566.1223030604558, -600], "[3, 9]": [-600, 338.2121129974044, -598.8812796869537, -0.024486765982003944], "[7, 2]": [224.59556248816372, 4.780495501695508, -600, -600], "[7, 9]": [-600, 0.8535241325246442, -600, 342.16917319105056], "[2, 12]": [-600, -600, 199.35657133619443, -600], "[6, 13]": [-600, -600, -600, 382.80022514558937], "[4, 6]": [152.2622249146098, -600, -600, -600], "[7, 11]": [-600, -599.1631492488295, 118.21351084948647, 793.1621538341138], "[1, 4]": [302.1454400094816, -600, 0.7333649116794716, -600], "[1, 10]": [-600, 79.09161873946572, -600, -600], "[3, 34]": [-600, 212.73690607364713, 0, 0.09743453484338532], "[1, 38]": [703.033930361548, 24.500503705931184, -600, -600], "[1, 8]": [-600, 231.07308934778243, 4.511742129182308, -600], "[1, 11]": [-600, -600, 1.747400331761537, 177.62438439147536], "[0, 12]": [-600, -600, 160.0121693943671, -598.8603169390345], "[6, 6]": [185.96609222877422, -600, -600, -600], "[7, 20]": [-600, -599.1913254650236, 26.288116514797416, 729.088827738106], "[0, 10]": [-600, 129.2102923407479, -600, -600], "[5, 12]": [-600, -600, 388.76032871888066, -600], "[5, 26]": [-600, 31.211895552708924, 816.994250690773, -600], "[4, 13]": [-600, -600, -600, 192.66118116868236], "[7, 8]": [-600, 5.509782832623782, 255.15392195326942, -600], "[1, 40]": [176.86757178530468, 0, 0.3755033574668451, -600], "[6, 10]": [-600, 172.11323155332275, -600, -600], "[7, 19]": [-600, 0.3900947849174493, 0, 223.05399893109336],