{"[5, 1]": [-0.7528451514219496, 23.701594573256106, -600, 407.9518849811754], "[6, 0]": [257.5937629641588, 299.0004671160097, 809.1451236892897, -600], "[6, 7]": [-600, 541.2198721966822, 681.1701354114729, 946.2722417077032], "[6, 1]": [278.04981980722897, 223.38139901758842, -600, 842.1552471286147], "[6, 3]": [542.9817580317163, -600, 951.0965174200545, 680.8925407150412], "[6, 9]": [-600, 25.086555258090236, -600, 698.0625784444634], "[6, 8]": [-600, 149.1138671235746, 795.5163209036575, -597.09662708479], "[4, 9]": [-600, 686.5706199836908, -600, 32.94406031073638], "[4, 8]": [-600, 957.6296368519382, 548.3974373620194, -600], "[4, 7]": [-600, 976.3385444614612, 708.3541287253694, 563.3722398662355], "[4, 0]": [563.5147438501128, 706.7604073150204, 969.575856548887, -600], "[4, 11]": [-600, -600, 822.300200025491, 155.4346987089013], "[7, 7]": [-600, 63.95664736895246, 199.9566861668562, 1114.6679804291311], "[7, 3]": [608.7525494092732, -600, 569.2441392320949, 1174.325164893788], "[0, 7]": [-600, 226.48397836734054, 270.4285363167275, 822.2768206567628], "[0, 3]": [889.340637682098, -600, 504.6717810772888, 638.1553811502383], "[0, 1]": [655.1338098151112, 505.8406461442576, -600, 887.3737191805469], "[0, 0]": [761.987409176501, 258.91018616340153, 229.89757619435315, -600], "[7, 1]": [208.02658282669643, 59.91526613390111, -600, 1119.8880591815837], "[7, 0]": [465.5850633497668, 1.8466126049066456, 20.900339516354652, -600], "[5, 3]": [45.13649768402361, -600, 1144.048142183925, 204.8753512557248], "[4, 3]": [223.47432176799416, -600, 875.3651167898128, 269.4592728835447], "[4, 1]": [253.64988605068015, 841.0369689408275, -600, 220.3285338171081], "[5, 0]": [67.72461947347571, 199.62653085461997, 1145.573117096795, -600], "[5, 7]": [-600, 620.7178917986507, 1189.240303854601, 671.1292336488302], "[2, 3]": [828.0364384928182, -600, 215.3770587359152, 256.1477046450032], "[2, 7]": [-600, 824.082108199867, 294.905319667352, 249.95464567290713], "[2, 1]": [666.2062818977366, 917.1945960664038, -600, 526.131305797654], "[2, 0]": [918.5163650099879, 648.2338818611888, 531.9397777588558, -600], "[1, 0]": [1087.9636702689418, 185.5333426197796, 58.3585323913059, -600], "[1, 7]": [-600, 23.267060141527228, -1.6243443055666071, 446.50475452336946], "[1, 3]": [1095.1929421422774, -600, 43.82156066334643, 188.89070991865864], "[2, 4]": [683.9907766336701, -600, 27.54225722078339, -600], "[2, 8]": [-600, 786.0588052398264, 151.84369316840127, -600], "[2, 9]": [-600, 270.33068650139097, -600, 5.807082208277443], "[2, 2]": [906.6386667860212, 512.9317000743406, -600, -600], "[1, 1]": [1168.13165825807, 505.09585055008586, -600, 568.2147613609086], "[3, 1]": [218.3430414852374, 1118.9605676723365, -600, 46.029833713073344], "[3, 3]": [16.833317925043765, -600, 393.210389382422, 0.3736737943712393], "[3, 7]": [-600, 1106.7178036701273, 186.90040820510384, 42.266047034137564], "[0, 4]": [231.67387996921389, -600, 12.24270224902061, -600], "[0, 11]": [-598.6611778565436, -600, 111.53565808692784, 717.0257240937398], "[5, 11]": [-600, -600, 1111.2271427671246, 150.24595542274184], "[6, 4]": [4.9620094569565385, -600, 302.6776211382926, -600], "[3, 32]": [0, 1055.5363453126033, 52.349757313877404, 10.965423066152775], "[5, 23]": [12.615119939371603, 0, 1075.0336974479849, 61.23986147434633], "[3, 29]": [329.45241209423097, 1221.0540489198158, 308.9744318191441, 0], "[1, 36]": [1055.0190561057298, 58.11252067003406, 15.55013674239491, 0], "[4, 2]": [124.92158049285108, 817.6608886683325, -600, -600], "[6, 11]": [-600, -600, 514.2265604450378, 931.0680359080828], "[5, 8]": [-600, 203.00242413522767, 1105.543468053695, -600], "[5, 2]": [2.9523246072252527, 374.44142706583034, -600, -600], "[4, 5]": [500.5772556936487, -600, -600, 37.428183006431496], "[5, 25]": [0, 348.44199414310384, 1256.7750692549967, 357.4374301021071], "[7, 18]": [0, 21.286312069074143, 54.03412441158921, 1063.1575320031134], "[3, 11]": [-600, -600, 293.7441770340985, 2.040670582883351], "[2, 5]": [726.2426645480102, -600, -600, 120.91049551981685], "[0, 5]": [877.2894386015333, -600, -600, 441.4663305694224], "[7, 5]": [126.31674366680815, -600, -600, 1063.4741214224593], "[4, 4]": [32.23989226860653, -600, 752.2379886317498, -600], "[7, 4]": [-0.28943238356860435, -600, 45.08859605163556, -600], "[0, 13]": [-600, -600, -600, 775.6629368545434], "[6, 5]": [134.73639712444944, -600, -600, 758.4704712547001], "[0, 9]": [-600, -1.784429517977332, -600, 217.16550786008727], "[3, 8]": [-600, 973.9263856669214, 164.86958580152645, -600], "[2, 10]": [-600, 816.8559084511332, -600, -600], "[3, 0]": [623.2941272835499, 1168.2902674790225, 580.8548844961053, -600], "[0, 2]": [736.3940851577462, 113.37038583279211, -600, -600], "[5, 4]": [1.5192258773434046, -600, 644.1866046555357, -600], "[1, 5]": [944.5573175227324, -600, -600, 93.18003520349826], "[1, 37]": [1212.457943819308, 274.4522449174387, 0, 294.97145041496674], "[3, 33]": [-600, 1020.2351374880101, 35.05557623974303, -600], "[5, 22]": [16.75192698723244, 78.24037835478215, 1090.4969476909318, 0], "[0, 8]": [-600, 568.1707202469829, 52.23005293368093, -600], "[5, 9]": [-600, 1.961684155864535, -600, 140.9323926389678], "[2, 13]": [-600, -600, -598.8359329185902, 421.6086712618517], "[1, 2]": [944.8188540634421, 142.72349687687267, -600, -600], "[3, 30]": [58.998766491589365, 1055.9779664531911, 0, 13.538992131745784], "[2, 11]": [-600, -600, 570.0643263077349, 51.912725245105634], "[3, 5]": [266.72200851986054, -600, -600, 1.9268974696610166], "[0, 6]": [664.9252283029383, -600, -600, -600], "[1, 39]": [1045.9307416779475, 0, 10.005604764682088, 52.21923951367048], "[4, 10]": [-600, 743.683100318544, -600, -600], "[3, 2]": [141.70554164239684, 1087.9686616322335, -600, -600], "[2, 6]": [662.0523153914933, -600, -600, -600], "[3, 4]": [2.500426022358336, -600, 125.01582818078136, -600], "[1, 13]": [-600, -600, -600, 199.66172783150884], "[1, 9]": [-600, 0.6258473582187927, -600, 21.601066036524287], "[5, 10]": [-600, 235.1834606658234, -600, -600], "[6, 12]": [-600, -600, 833.1618994382693, -600], "[7, 15]": [56.533432009323285, 15.871201826468457, 0, 1071.2955058956043], "[7, 16]": [314.1206582317223, 0, 304.7032671082589, 1229.1120532073983], "[6, 2]": [59.20398352264733, 600.0801901281241, -600, -600], "[5, 27]": [-600, -600, 891.4711714187912, 24.36854844478208], "[5, 5]": [2.103184537134193, -600, -600, 257.1757657180272], "[4, 12]": [-600, -600, 860.2742984528694, -600], "[3, 9]": [-600, 575.4958644137123, -598.8812796869537, -0.06879639160153722], "[7, 2]": [414.5343516473594, 7.357857320874994, -600, -600], "[7, 9]": [-600, 1.4325644273615246, -600, 610.7678708950777], "[2, 12]": [-600, -600, 503.37643683127794, -600], "[6, 13]": [-600, -600, -600, 668.684834259463], "[4, 6]": [381.18709854116685, -600, -600, -600], "[7, 11]": [-600, -600, 149.45741457816354, 977.8921844105778], "[1, 4]": [534.1642078175771, -600, 1.18924536684887, -600], "[1, 10]": [-600, 207.715587672531, -600, -600], "[3, 34]": [-600, 325.6926628615382, 0, 0.5069903944967108], "[1, 38]": [959.7021715526037, 34.47504416056463, -600, -600], "[1, 8]": [-600, 385.6323933149959, 5.909055198075215, -600], "[1, 11]": [-600, -600, 3.7353674573328868, 296.00115890363594], "[0, 12]": [-600, -600, 455.8214239848638, -600], "[6, 6]": [479.8659881279406, -600, -600, -600], "[7, 20]": [-600, -599.1913254650236, 32.76333537592413, 1007.3913843117799], "[0, 10]": [-600, 368.80116228689417, -600, -600], "[5, 12]": [-600, -600, 793.0008200000264, -600], "[5, 26]": [-600, 34.66411310073309, 1084.9905491384643, -600], "[4, 13]": [-600, -600, -600, 494.0839848431766], "[7, 8]": [-600, 7.699317788374, 450.69259377569637, -600], "[1, 40]": [276.3711273280244, 0, 0.3755033574668451, -600], "[6, 10]": [-600, 460.4651495320151, -598.9723771207542, -600], "[7, 19]": [-600, 1.2481915157774754, 0, 326.0674469748102], "[1, 41]": [702.288106202576, -600, -600, 18.224312883641215],