{"[6, 1]": [241.24828759004282, 208.80161930850943, -600, 719.7771334621519], "[5, 3]": [40.776676803158495, -600, 987.481398843742, 180.6917996384343], "[4, 4]": [19.099422466968683, -600, 516.3093180766505, -600], "[4, 2]": [122.39741991901579, 676.521599552955, -600, -600], "[6, 0]": [214.46883006284781, 252.01309867634052, 675.4421982707681, -600], "[6, 7]": [-600, 491.2542336110909, 620.3689745635891, 782.9656281597946], "[6, 3]": [473.34661982615313, -600, 792.0717712753803, 604.6915557794803], "[7, 7]": [-600, 57.34568333403301, 191.24119275814664, 986.7155616660064], "[7, 3]": [521.7818797553102, -600, 505.33583042238257, 1037.0061431793329], "[7, 0]": [326.3265605269544, -0.4278811594588236, 17.071800589452813, -600], "[0, 7]": [-600, 193.12087461531064, 229.32538654072383, 691.0154534923062], "[0, 0]": [656.7283084353601, 238.94096341452084, 206.82767834903396, -600], "[0, 3]": [746.2105013912765, -600, 467.74552952393685, 585.0529059410329], "[0, 1]": [581.1770598266772, 447.91202370795156, -600, 749.2341207103166], "[7, 1]": [179.47556750003295, 43.94170440804176, -600, 960.9357975621332], "[0, 9]": [-600, -0.05691065561089148, -600, 207.66962640155117], "[0, 2]": [630.5132040234316, 109.5050593394879, -600, -600], "[2, 7]": [-600, 689.3565553814191, 237.79165150979802, 208.14021364796864], "[2, 3]": [698.9627125732153, -600, 199.12892220308208, 242.84889407763546], "[2, 0]": [770.5792794701918, 608.4159751211436, 482.49177122951073, -600], "[2, 1]": [588.4096295437301, 782.4222773467568, -600, 463.75945849586515], "[3, 1]": [153.18454983886122, 962.797293465659, -600, 31.710116348007496], "[3, 3]": [279.4541613191717, -600, 15.639982528394137, -2.4740764129518227], "[1, 0]": [975.814348393532, 194.73141753590727, 54.26554228187269, -600], "[1, 1]": [1028.6426199994132, 497.7027842550188, -600, 537.7973109896367], "[1, 7]": [-600, 19.391260702089816, -2.2468861668621023, 321.6316790729009], "[0, 4]": [214.48691841817268, -600, 5.74766592171263, -598.7975659425581], "[5, 1]": [-0.3722129865586518, 306.1183111319127, -600, 22.568669555756745], "[5, 7]": [-600, 514.5305854949746, 1052.247854940907, 537.7716248531899], "[4, 3]": [171.09081958846383, -600, 744.5675388239492, 213.5012873658644], "[4, 1]": [227.18475867828076, 717.3280834223208, -600, 205.622585664768], "[5, 0]": [50.655017034888886, 182.29648717536804, 1001.1525839453163, -600], "[4, 7]": [-600, 812.960114022769, 597.4349685001049, 455.23365703431693], "[0, 5]": [362.1304831776929, -600, -600, 723.7843965237796], "[4, 0]": [483.87264540015366, 614.4810710621116, 809.9148329631029, -600], "[2, 4]": [523.0248145985944, -600, 29.20739536664911, -600], "[1, 5]": [915.3794145691875, -600, -600, 108.41255624523333], "[2, 5]": [629.8171685329818, -600, -600, 111.39355888930281], "[2, 9]": [-598.769237764076, 180.46388003945094, -600, 4.132240772046659], "[0, 11]": [-600, -600, 110.32931146884488, 610.7761597173387], "[7, 18]": [0, 18.774132893734013, 47.80966955466131, 923.8455440627181], "[1, 39]": [900.933421852948, 0, 10.792091476155631, 51.5782041614395], "[4, 8]": [-600, 794.4026638914448, 440.2278293087989, -600], "[4, 9]": [-600, 527.8725319718405, -600, 23.84512449075119], "[3, 7]": [-600, 964.3876261152957, 163.49413427029256, 36.18073301923204], "[1, 9]": [-600, -1.3589028985438831, -600, 22.030561010167645], "[5, 8]": [-600, 151.81196619108442, 948.3606778523894, -600], "[2, 8]": [-600, 657.3269811202724, 115.87170471025838, -600], "[6, 9]": [-600, 28.385127633035413, -600, 526.8666207263477], "[6, 11]": [-600, -600, 755.5099087244045, 407.554821071742], "[3, 32]": [0, 900.5023857492242, 56.837773421057605, 7.356751556345417], "[6, 2]": [49.87906689323571, 441.1562225053551, -600, -598.8674394871399], "[5, 5]": [2.1340599721056757, -600, -600, 217.68234483743603], "[4, 11]": [-600, -600, 650.7880928755786, 105.60583740765287], "[5, 11]": [-600, -600, 883.5837967339488, 85.65249316809734], "[5, 2]": [2.338592209130943, 240.9825374883551, -600, -600], "[4, 5]": [368.6737672937445, -600, -600, 35.070946122350634], "[7, 4]": [15.874531847726278, -600, 0.3230974612043683, -600], "[6, 5]": [126.30244657472598, -600, -600, 632.7392013637128], "[5, 25]": [0, 260.2273524356859, 1105.0098226878144, 272.242322900533], "[1, 2]": [905.2829755926256, 144.25012280025163, -600, -600], "[0, 8]": [-600, 403.6599697178685, 40.8784174439776, -598.7982258311787], "[1, 11]": [-600, -600, 1.955539029986802, 194.72827678741072], "[1, 3]": [970.2951509223675, -600, 39.45291320234548, 191.18406025040733], "[1, 37]": [1087.8515400429183, 265.05199430761854, 0, 285.2529010903776], "[7, 15]": [58.144140548512475, 10.906621742090582, 0, 890.0380978765356], "[6, 4]": [6.784238091790391, -600, 201.23508772097233, -600], "[3, 8]": [-600, 829.6932309944509, 117.64030655127972, -600], "[6, 8]": [-600, 141.99252591416118, 666.3373943630548, -600], "[7, 8]": [-599.0146679784453, 4.358689274702045, 295.4256806971623, -600], "[7, 11]": [-600, -600, 140.366595270584, 902.0773983440617], "[6, 10]": [-600, 287.9283106616659, -598.7431209031574, -600], "[6, 13]": [-600, -600, -600, 615.6559611398465], "[3, 0]": [497.2970615662663, 1033.2533949375031, 478.9883964449944, -600], "[3, 29]": [251.2036410066386, 1086.468746177968, 248.12884728404433, 0], "[5, 4]": [0.7433796028985183, -600, 386.42123782942514, -600], "[2, 2]": [392.2055962100524, 749.9675306905594, -600, -600], "[7, 16]": [276.58287123715644, 0, 247.30395119871025, 1092.1900597374374], "[3, 30]": [49.089900208575145, 894.3744766407252, 0, 10.43870512341703], "[3, 4]": [64.00590394319167, -600, 2.7226947923360436, -600], "[0, 13]": [-600, -600, -600, 420.3657786459538], "[5, 23]": [11.649806196384965, 0, 901.7208407365379, 52.0817011937791], "[5, 22]": [12.197560593628264, 53.42174557159281, 909.8941333415861, 0], "[1, 4]": [450.23385423663416, -600, 1.803838210553115, -600], "[1, 8]": [-600, 268.5200756123866, 3.9678174640053054, -600], "[7, 9]": [-600, 1.3646186358462076, -600, 390.5101264334747], "[4, 10]": [-600, 529.5687146363989, -600, -600], "[1, 42]": [121.85663184177271, -600, -600, -600], "[2, 11]": [-600, -600, 379.9430370047499, 36.30703628677123], "[3, 9]": [-600, 333.28620401498557, -600, -1.4727977905720941], "[2, 10]": [-600, 478.94517587137796, -600, -600], "[5, 9]": [-600, 64.1328387153593, -600, 1.3858941318130698], "[1, 40]": [232.23429850765504, 0, 0.7387070642996225, -600], "[4, 6]": [244.90078082023226, -598.7656357620237, -600, -600], "[3, 5]": [182.90866973953837, -600, -600, 1.6536240171766972], "[3, 2]": [83.82811954558554, 836.297369957382, -600, -600], "[7, 5]": [92.77494584020862, -600, -600, 868.0676980535811], "[2, 6]": [613.0867510648761, -600, -600, -600], "[5, 24]": [0.4463226483148287, 0, 222.76648889241207, -600], "[6, 12]": [-600, -600, 474.5156412264557, -600], "[5, 12]": [-600, -600, 347.8199588188797, -600], "[0, 6]": [580.051751900027, -600, -600, -600], "[1, 36]": [904.9398667532736, 52.92419363515496, 13.854761253083762, 0], "[1, 38]": [843.2472466036091, 33.997122942316004, -600, -600], "[3, 11]": [-600, -600, 202.3812751924419, 2.151905069477257], "[3, 34]": [-600, 230.63575910744655, 0, 0.7457629710671707], "[2, 12]": [-600, -600, 222.08895536678543, -600], "[7, 2]": [258.6887826291139, 2.3476614937527165, -600, -600], "[5, 26]": [-600, 33.37351208395691, 849.4736019600434, -600], "[6, 6]": [260.5256576828446, -600, -600, -600], "[5, 27]": [-600, -600, 611.845644703688, 18.850872800534233], "[4, 12]": [-600, -600, 647.2672482094245, -600], "[7, 20]": [-600, -600, 40.810056800184064, 821.6393048104904], "[0, 12]": [-600, -600, 206.23231187324285, -600], "[7, 12]": [-598.9674596414906, -600, 113.65685038733014, -600], "[7, 17]": [20.676628317164337, -600, -600, 599.2075610595546], "[3, 12]": [-600, -600, 102.84923629835897, -600], "[7, 19]": [-600, 0.40529534519298027, -600, 215.91353681499731], "[3, 6]": [103.16224187648838, -600, -600, -600], "[0, 10]": [-600, 198.20352697078152, -600, -600],