{"[6, 1]": [727.4170375943615, 626.3871732917838, -600, 1672.0711692015639], "[5, 3]": [239.00268021696417, -600, 1916.3561487597215, 544.1229686229142], "[4, 4]": [102.4310748118675, -600, 1536.091507705223, -600], "[4, 2]": [430.3904782241876, 1631.6090133299203, -600, -600], "[6, 0]": [699.0712293697088, 695.5842447817187, 1594.6290225098298, -600], "[6, 7]": [-600, 1267.0469429068798, 1414.319941284603, 1743.1662129668903], "[6, 3]": [1235.796501253301, -600, 1761.2326883982207, 1387.3260471785352], "[7, 7]": [-600, 344.051797030291, 609.6496857411738, 1953.0345869939217], "[7, 3]": [1331.0513327809867, -600, 1296.8826801716514, 1990.6559312316667], "[7, 0]": [1298.981620606061, 30.703598573974766, 65.24722217026496, -600], "[0, 7]": [-600, 643.0827680836106, 692.2010312204334, 1634.9261431418709], "[0, 0]": [1545.7726694746748, 684.865983241892, 670.6929022866028, -600], "[0, 3]": [1721.174812671857, -600, 1212.1222736911036, 1385.8787259707701], "[0, 1]": [1371.2579278057324, 1199.420698958549, -600, 1727.192896529584], "[7, 1]": [558.2932644966759, 262.32200030548756, -600, 1920.773403963158], "[0, 9]": [-600, 16.539907395851557, -600, 1003.5464061985488], "[0, 2]": [1509.7727125350793, 342.4724383785948, -600, -600], "[2, 7]": [-600, 1600.2495100358653, 643.3516956830168, 625.481014661235], "[2, 3]": [1646.3094990450695, -600, 592.2505936179375, 672.7281731905626], "[2, 0]": [1727.1828537864174, 1410.8272068219633, 1244.5381242861558, -600], "[2, 1]": [1384.993224686382, 1738.8374712929012, -600, 1219.6912431688177], "[3, 1]": [514.0943248526925, 1880.4567596467434, -600, 212.52412395448553], "[3, 3]": [1225.8038192780245, -600, 60.95422477351919, 12.223000721311067], "[1, 0]": [1942.6073544828398, 599.1116620160163, 313.873372125934, -600], "[1, 1]": [1980.33072871213, 1269.2678650428618, -600, 1334.9237624751934], "[1, 7]": [-600, 76.26344916036489, 30.83702635022053, 1273.4852480125953], "[0, 4]": [945.2247858082657, -600, 28.514585156221976, -600], "[5, 1]": [29.91454445551357, 1207.2931164593062, -600, 68.64114558299613], "[5, 7]": [-600, 1281.21649822031, 1997.3996783963426, 1346.8223631291175], "[4, 3]": [574.7628448442388, -600, 1670.7688005117598, 640.0634816211513], "[4, 1]": [696.0940785476923, 1650.8710988345847, -600, 636.5937744684786], "[5, 0]": [276.0640340088808, 561.2265398357493, 1952.7821834677807, -600], "[4, 7]": [-600, 1771.76800879718, 1403.975151006862, 1237.1088468198207], "[0, 5]": [1011.7591125620091, -600, -600, 1705.3881335560131], "[4, 0]": [1274.2798005873829, 1410.8010865542053, 1766.865631877429, -600], "[2, 4]": [1546.310607256819, -600, 125.358407242958, -600], "[1, 5]": [1848.8551098402156, -600, -600, 344.676773160706], "[2, 5]": [1524.5285548993563, -600, -600, 357.30532061201046], "[2, 9]": [-595.864164070143, 845.6731092077355, -600, 27.666774784443078], "[0, 11]": [-600, -600, 357.037424145278, 1509.1285311124977], "[7, 18]": [0, 98.51021057667951, 177.33735087391145, 1963.0655523552005], "[1, 39]": [1948.6742603791527, 0, 72.9247952417125, 144.58346614851752], "[4, 8]": [-600, 1760.0511277134822, 1208.8712219406561, -600], "[4, 9]": [-600, 1600.5101931821307, -600, 134.84334551264774], "[3, 7]": [-600, 1889.814042828611, 523.1533420955562, 233.13084767706133], "[1, 9]": [-600, -1.1467179356148933, -600, 487.4563545520167], "[5, 8]": [-600, 519.1139630747597, 1916.281236592901, -600], "[2, 8]": [-600, 1580.6747809051801, 369.3480823276099, -600], "[6, 9]": [-600, 137.49218178169744, -600, 1584.851528297305], "[6, 11]": [-600, -600, 1717.42398308063, 1120.455604916367], "[3, 32]": [0, 1915.268160967726, 167.5353123849948, 57.92774627304159], "[6, 2]": [206.40458703367548, 1406.10483325584, -600, -600], "[5, 5]": [19.06768038368587, -600, -600, 1118.127332004978], "[4, 11]": [-600, -600, 1516.9632761168004, 332.30907084508203], "[5, 11]": [-600, -600, 1744.8710536518663, 285.8703293484398], "[5, 2]": [24.75145693939583, 1132.4297367417041, -600, -600], "[4, 5]": [1447.1796203505332, -600, -600, 126.69771639699005], "[7, 4]": [447.2628365406085, -600, 3.869422531126994, -600], "[6, 5]": [404.96021931965277, -600, -597.7027039826261, 1539.9567557253472], "[5, 25]": [0, 836.462249504193, 2058.4937972521516, 865.3248555024084], "[1, 2]": [1883.7042559551621, 482.21675985750267, -600, -600], "[0, 8]": [-597.9052784651452, 1360.9919073819142, 160.5566790836378, -600], "[1, 11]": [-600, -600, 19.333586401645427, 969.4165264983986], "[1, 3]": [1927.3775967287113, -600, 243.63974147528913, 603.3792250944036], "[1, 37]": [2061.796723793771, 844.9002960461995, 0, 881.5002259606329], "[7, 15]": [188.1661755435486, 72.18074911956718, 0, 1948.1570186562672], "[6, 4]": [40.29789490164845, -600, 909.1835486964508, -598.5391477258918], "[3, 8]": [-600, 1767.4754305585152, 361.27996943250963, -600], "[6, 8]": [-600, 446.83957907569567, 1616.2498967420472, -597.6934784981573], "[7, 8]": [-600, 49.741825248334976, 1278.0325430990529, -600], "[7, 11]": [-600, -600, 451.38537585106235, 1888.704094925786], "[6, 10]": [-600, 1410.632151260945, -600, -600], "[6, 13]": [-600, -600, -600, 1670.0608441420711], "[3, 0]": [1281.9896071270089, 1969.984589873762, 1229.2155104530445, -600], "[3, 29]": [803.478500080201, 2017.290434117402, 754.3814104309748, 0], "[5, 4]": [9.45145808860859, -600, 1546.1622735194314, -600], "[2, 2]": [1090.9739726727573, 1718.1047786047993, -600, -600], "[7, 16]": [858.5779931493901, 0, 828.2904617085452, 2056.1782324645696], "[3, 30]": [141.89277567222044, 1916.394148895085, 0, 68.16163075448077], "[3, 4]": [617.9655090569013, -600, 4.580194617945635, -600], "[0, 13]": [-600, -600, -600, 1568.0378886981287], "[5, 23]": [66.07693991532895, 0, 1936.3247463514872, 166.9865736766025], "[5, 22]": [73.74690261169025, 155.08127871187358, 1957.0009579110256, 0], "[1, 4]": [1636.1293864133909, -598.0833499240199, 14.031659263366825, -600], "[1, 8]": [-600, 1195.55502328093, 39.05035681056551, -600], "[7, 9]": [-600, 14.249816194780806, -600, 1573.9513403357134], "[4, 10]": [-600, 1642.1356292122277, -600, -600], "[1, 42]": [715.0517227327382, -600, -600, -600], "[2, 11]": [-600, -600, 1344.4835969583842, 143.4679577943241], "[3, 9]": [-600, 1415.0341047913353, -600, 4.115070167618982], "[2, 10]": [-600, 1586.8657642771998, -600, -600], "[5, 9]": [-600, 738.8141294292722, -600, 11.113341301119775], "[1, 40]": [916.829967636399, 0, 5.425212478592801, -600], "[4, 6]": [1460.0362108736563, -600, -600, -600], "[3, 5]": [1000.2535391761438, -600, -600, 14.971784505367435], "[3, 2]": [297.41752474057154, 1715.9363097546245, -600, -600], "[7, 5]": [287.5241061685971, -600, -600, 1775.4836565524354], "[2, 6]": [1656.3505590114542, -600, -600, -600], "[5, 24]": [4.107826830369018, 0, 862.8338984457973, -600], "[6, 12]": [-600, -600, 1593.7776004243883, -600], "[5, 12]": [-600, -600, 1641.3555367529361, -600], "[0, 6]": [1638.6647224496833, -600, -600, -597.7320624963877], "[1, 36]": [1952.2009925869927, 169.19725868764598, 91.2867154535607, 0], "[1, 38]": [1918.2408634804963, 127.90940387304188, -600, -600], "[3, 11]": [-598.5505402039657, -600, 975.5852951179193, 22.159755484580206], "[3, 34]": [-600, 890.9199574338091, -600, 2.7006770667229225], "[2, 12]": [-600, -600, 1334.971790843712, -600], "[7, 2]": [1253.3502875702457, 24.856258308961646, -600, -600], "[5, 26]": [-600, 113.6842950185256, 1934.3680117432675, -600], "[6, 6]": [1473.8256938721859, -600, -600, -600], "[5, 27]": [-600, -600, 1585.377981656215, 59.49472065184792], "[4, 12]": [-600, -600, 1678.873384863216, -600], "[7, 20]": [-600, -600, 118.30849121542148, 1889.7396717639137], "[0, 12]": [-600, -600, 1404.0181311321717, -600], "[7, 12]": [-600, -600, 1060.472328618252, -600], "[7, 17]": [60.437100539808426, -600, -600, 1535.9407842099145], "[3, 12]": [-600, -600, 961.7094707022394, -600], "[7, 19]": [-600, 3.490558003352091, -600, 861.6628579451689], "[3, 6]": [990.4878406620315, -600, -600, -600], "[0, 10]": [-600, 1342.047444406484, -600, -600],