{"[0, 7]": [-1000, -10.427891512484415, -10.374223590665451, 467.6306837219506], "[0, 4]": [-77.12463844590565, -1000, 172.1145531920942, -1000], "[0, 5]": [-1.5083666679128551, -1000, -1000, 549.0956423314312], "[7, 5]": [100.00668448913875, -1000, -1000, -0.5], "[6, 5]": [-5.1704098858202325, -1000, -1000, 243.73706779132132], "[5, 22]": [-0.63855545, -0.5, 722.4385426423662, 0], "[6, 0]": [-10.304338390773776, -10.548362920203829, 370.4713647168965, -1000], "[6, 1]": [-10.12585558568186, -10.11304541945184, -1000, 366.8036515805643], "[6, 7]": [-1000, -10.234891996831006, -10.122839999909612, 423.6482086818858], "[2, 1]": [-10.752280217688805, 493.7781494386918, -1000, -10.535140814905942], "[2, 0]": [421.7675860224449, -11.725526409684122, -11.429874483205683, -1000], "[2, 4]": [134.4826521043597, -1000, -2.04755, -1000], "[2, 2]": [-3.318149667716658, 521.0121945505969, -1000, -1000], "[3, 2]": [359.9973908346094, -0.5, -1000, -1000], "[4, 10]": [-1000, 480.38756795289754, -1000, -1000], "[3, 1]": [-1.915714697569453, 536.1564985017753, -1000, -1.355], "[4, 1]": [-12.55561024459307, 525.079966896415, -1000, -12.575928542835497], "[4, 0]": [-11.972423210596203, 547.106984393374, -12.154460352885144, -1000], "[6, 11]": [-1000, -1000, -7.631598323768549, 465.49486758057026], "[4, 11]": [-1000, -1000, 179.89015725752483, -7.126136657066554], "[4, 3]": [-11.327613474434783, -1000, 254.94222422748652, -11.23303292370345], "[5, 0]": [-1.0831173866189299, -1.18146054569, 665.342261312184, -1000], "[5, 1]": [-1.8981504500000002, -3.1529722237841566, -1000, 108.30818045435535], "[1, 3]": [607.0951228149366, -1000, -1.9106344679028653, -2.8071002500124917], "[1, 1]": [681.6038044461295, -3.151799566301032, -1000, -3.0997667537675313], "[0, 0]": [271.2476409009773, -10.88526635562978, -10.793567322856793, -1000], "[0, 1]": [-8.724723019167794, -8.916233755840008, -1000, 528.1030932579904], "[1, 7]": [-1000, 159.65466061045703, -3.0789703126355, -3.209436514038824], "[0, 11]": [-1000, -1000, -0.32422369896404085, 394.1804511464791], "[2, 7]": [-1000, 444.15538902311755, -12.838792557775216, -12.418531933363552], "[5, 25]": [-1000, -1.4259511204412767, 771.4992246108889, -0.5], "[0, 3]": [-8.304453178732452, -1000, 491.1058365736819, -8.535121406340991], "[3, 7]": [-1000, 541.697832185398, -3.1925023033842255, -2.4417455], "[6, 9]": [-1000, -6.13861855435403, -1000, 404.53727997310546], "[7, 15]": [-0.5940500000000001, -0.6271115036103524, -1000, 277.2493700527087], "[3, 8]": [-1000, 354.4435178608865, -1.6389842327535655, -1000], "[4, 8]": [-1000, 531.6410101120698, -14.683574058968665, -1000], "[6, 3]": [-10.18741319272767, -1000, 425.564544638695, -10.182514118965306], "[7, 18]": [-1000, -0.5, -1.3792814641423163, 600.2840308539394], "[4, 7]": [-1000, -12.541402991834092, 466.25772305640714, -12.395620337117206], "[7, 9]": [-1000, 66.72571981606661, -1000, -0.95], "[7, 1]": [-2.0377199182084547, -1.39955, -1000, 83.48001540340036], "[6, 8]": [-1000, -8.05479643646168, 347.16646678791665, -1000], "[0, 9]": [-1000, -1.6080792500153684, -1000, 573.5980968859474], "[3, 0]": [-3.2146840555421745, 608.7711911423769, -2.4762461271088867, -1000], "[4, 9]": [-1000, 325.45140000616334, -1000, -8.18682935022317], "[0, 2]": [184.7215104052082, -4.329089328057321, -1000, -1000], "[2, 3]": [260.32898411517255, -1000, -12.51788435511279, -12.351143701476692], "[1, 39]": [330.02832520858556, 0, 0, -0.5], "[2, 9]": [-1000, 134.74953485656033, -1000, -0.95], "[5, 11]": [-1000, -1000, 647.454108762435, -0.5], "[6, 4]": [-2.817399216573797, -1000, 111.13511312809183, -1000], "[3, 32]": [-1000, 635.1059457537594, 0, 0], "[3, 3]": [16.284668475195396, -1000, -2.5556382483082314, -2.2578354050000002], "[7, 0]": [-2.9966878258804157, -2.7950044977504502, 258.15410477376304, -1000], "[3, 9]": [-1000, 254.99708007188536, -1000, -0.95], "[5, 3]": [-1.7690000000000001, -1000, 623.201756313675, -2.9017948173026706], "[2, 10]": [-1000, 332.99246767872313, -1000, -1000], "[1, 36]": [650.6176617775815, 0, 0, 0], "[1, 2]": [705.7944575698069, -2.5391632095705012, -1000, -1000], "[1, 37]": [792.4813670177514, 0, 0, 0], "[1, 9]": [-1000, -1.3097262365441815, -1000, 84.57609476025516], "[3, 29]": [-1.408841982320618, 624.4553944072485, 0, 0], "[4, 4]": [168.43297363769412, -1000, -9.63406052992234, -1000], "[4, 2]": [-9.809004316218912, 545.2299897911726, -1000, -1000], "[5, 8]": [-1000, -1.9515242485063828, 619.8693621186607, -1000], "[5, 23]": [-0.5, -1000, 631.0125822092828, 0], "[7, 8]": [-1000, -0.6483515495000001, 228.45359851231274, -1000], "[1, 0]": [663.9630238846928, -2.6961849713362986, -2.319225305, -1000], "[6, 12]": [-1000, -1000, 369.987906926423, -1000], "[2, 5]": [313.66982097043433, -1000, -1000, -3.3805523428208852], "[7, 7]": [-1000, -1.44405545, 460.1450973593723, -1.7195], "[7, 16]": [-0.5989505, -1000, -1.4999770377795725, 317.89712860287034], "[5, 9]": [-1000, -0.9313049374529838, -1000, 123.5632299815496], "[4, 12]": [-1000, -1000, 179.27496074624176, -1000], "[4, 5]": [304.10157020023115, -1000, -1000, -3.573048533528427], "[2, 8]": [-1000, 384.5742179985746, -1.8003493819163667, -1000], "[5, 4]": [-0.95, -1000, 484.08628281289134, -1000], "[5, 10]": [-1000, 104.5907462937889, -1000, -1000], "[3, 4]": [-65.19446633738545, -1000, 42.81796804768844, -1000], "[3, 34]": [-1000, 421.971136112586, 0, 0], "[1, 4]": [576.8436285782324, -1000, -1.355, -1000], "[7, 3]": [-0.68257976, -1000, 134.56631984338514, -0.5], "[5, 7]": [-1000, -2.6212201148549292, 692.8300840399512, -2.9645859783020034], "[6, 13]": [-1000, -1000, -1000, 327.0750827692843], "[7, 11]": [-1000, -1000, 241.5942915640817, 0], "[1, 40]": [219.28741097551202, 0, 0, 0], "[5, 2]": [55.40801112958097, -1.4030215028907675, -1000, -1000], "[6, 10]": [-1000, 147.3115750554752, -1000, -1000], "[6, 2]": [48.36330198783234, -2.293003402691402, -1000, -1000], "[3, 30]": [-0.962706997865197, 657.6983690326114, 0, 0], "[5, 26]": [-1000, -0.6056598931117403, 695.4860701136175, 0], "[5, 5]": [1.8599465302457765, -1000, -1000, -0.7605659461230264], "[1, 8]": [-1000, 191.9724045454334, -0.5495, -1000], "[2, 12]": [-1000, -1000, -209.42178340832584, -1000], "[4, 6]": [176.35820477364362, -1000, -1000, -1000], "[1, 5]": [648.3511464971618, 0, 0, 0], "[3, 5]": [165.40877954738926, -1000, -1000, -1.9000985878357561], "[3, 12]": [-1000, -1000, -11.371718367943886, -1000], "[7, 4]": [17.57170467770225, -1000, -71.64334236518938, -1000], "[7, 13]": [-1000, -1000, -1000, 22.235659642995095], "[2, 6]": [141.3594987983019, -1000, -1000, -1000], "[5, 24]": [-0.5, -1000, 306.93734428969617, 0], "[5, 6]": [-0.5, -1000, -1000, 0], "[1, 6]": [661.4754628510129, -1000, -1000, -1000], "[0, 6]": [128.38918836847984, -1000, -1000, -1000], "[0, 12]": [-1000, -1000, 363.97256963362315, -1000], "[7, 2]": [-0.5927613695796866, 114.37607634362158, -1000, -1000], "[3, 11]": [-1000, -1000, 98.63096045194807, 0], "[1, 41]": [672.7523177316561, 0, 0, 0], "[1, 42]": [403.7675633967127, 0, 0, 0], "[1, 10]": [-1000, -52.672651598066935, -1000, 0], "[1, 38]": [798.5746288284104, 0, 0, 0], "[6, 6]": [11.436507424613431, -1000, -1000, -1000], "[5, 28]": [-1000, -1000, 307.6384579317003, 0], "[5, 12]": [-1000, -1000, 473.9540266915056, -1000], "[3, 13]": [-1000, -1000, -1000, 0], "[2, 11]": [-1000, -1000, 159.74157230461108, 0], "[0, 8]": [-1000, -0.8103191270306342, 283.5628564059661, -1000], "[0, 10]": [-1000, 194.54844040470564, -1000, -1000], "[3, 6]": [-47.24778327201386, -1000, -1000, -1000], "[3, 33]": [-1000, 601.270064841222, 0, 0], "[1, 14]": [-1000, -1000, -1000, 0], "[5, 13]": [-1000, -1000, -1000, 33.083388989796845], "[7, 14]": [-1000, -1000, 0, 0], "[5, 27]": [-1000, -1000, 583.1360751397135, 0], "[3, 31]": [-1.1929212707860928, 259.97830384187154, 0, 0], "[4, 13]": [-1000, -1000, -1000, 186.0254918350446], "[3, 10]": [-1000, 15.597223891429465, 0, 0], "[0, 13]": [-1000, -1000, -1000, 426.3383062196726],