{"[6, 1]": [719.577503145131, 618.6789897668536, -600, 1566.2427109412529], "[5, 3]": [233.60161094968464, -600, 1825.1053525583845, 535.6176738789645], "[4, 4]": [100.91480096415363, -600, 1461.0893786625095, -600], "[4, 2]": [423.41300775653644, 1549.1057089748767, -600, -600], "[6, 0]": [688.4855109671491, 688.3630911274721, 1500.8989313683953, -600], "[6, 7]": [-600, 1250.3485757311523, 1396.389193465733, 1655.47837883464], "[6, 3]": [1216.7235097812666, -600, 1667.1099443324583, 1367.793274417552], "[7, 7]": [-600, 339.9258888339701, 592.7806060243546, 1864.8108010838955], "[7, 3]": [1310.0570621853537, -600, 1271.1719875644544, 1916.4378628918487], "[7, 0]": [1171.0243590839466, 30.703598573974766, 64.0520706741835, -600], "[0, 7]": [-600, 632.3889534031975, 678.972393052705, 1557.2119538677491], "[0, 0]": [1461.3247118253248, 672.3456726126412, 658.6149184877731, -600], "[0, 3]": [1633.5244711311566, -600, 1191.8760021322666, 1367.99725502023], "[0, 1]": [1349.4205967704308, 1185.5779257375232, -600, 1637.7985361779818], "[7, 1]": [551.1127893900764, 256.770893249802, -600, 1833.0109172482285], "[0, 9]": [-598.5275065963325, 16.539907395851557, -600, 912.9975510853211], "[0, 2]": [1432.355490406934, 336.6836276156862, -600, -600], "[2, 7]": [-600, 1533.5977450721728, 631.0018072731359, 618.1495575692979], "[2, 3]": [1561.8230035259041, -600, 587.0395542781026, 658.9708991503741], "[2, 0]": [1646.9835618947545, 1385.889524291875, 1227.3059517336803, -600], "[2, 1]": [1361.981416988198, 1665.2684067582693, -600, 1202.8179068723766], "[3, 1]": [503.1838787605738, 1800.4894328269845, -600, 204.7272350035026], "[3, 3]": [1112.427970908424, -600, 58.23279939413196, 12.223000721311067], "[1, 0]": [1857.637922576863, 596.4758932609534, 306.55437018302035, -600], "[1, 1]": [1904.057310096152, 1250.6351257583249, -600, 1309.1183745843869], "[1, 7]": [-600, 74.85298510269389, 30.83702635022053, 1161.3861182552882], "[0, 4]": [840.9681769570129, -600, 28.514585156221976, -600], "[5, 1]": [28.823868525791546, 1099.8483651746667, -600, 68.64114558299613], "[5, 7]": [-600, 1261.0120314399155, 1910.5147188935766, 1324.9036989827682], "[4, 3]": [564.8093884562666, -600, 1595.8321043980372, 631.4721516797409], "[4, 1]": [688.2429307183305, 1562.8082844577634, -600, 627.5096062306753], "[5, 0]": [270.1247022805871, 551.3794711568079, 1861.0386890032387, -600], "[4, 7]": [-600, 1689.1317426477528, 1384.8824368119679, 1221.27213914873], "[0, 5]": [997.0937209877479, -600, -600, 1619.932349725914], "[4, 0]": [1259.4645190331876, 1391.3786372396464, 1686.5024441284493, -600], "[2, 4]": [1468.8599385862362, -600, 123.9787919809922, -600], "[1, 5]": [1769.0457134900357, -600, -600, 337.24621837025296], "[2, 5]": [1450.831702330261, -600, -600, 348.7831843636185], "[2, 9]": [-595.864164070143, 785.0537910596285, -600, 27.666774784443078], "[0, 11]": [-600, -600, 355.77438983676865, 1417.465917438712], "[7, 18]": [0, 95.12063486903777, 176.59120833629083, 1857.6686263452139], "[1, 39]": [1854.395487711979, 0, 71.19751695520344, 144.58346614851752], "[4, 8]": [-600, 1679.1543728812724, 1187.9488086840083, -600], "[4, 9]": [-600, 1504.989391544596, -600, 130.9831174297433], "[3, 7]": [-600, 1817.1716851589952, 520.5508097339023, 228.88464903548837], "[1, 9]": [-600, -1.1467179356148933, -600, 364.52903178181964], "[5, 8]": [-600, 511.570412995791, 1825.4792428776739, -600], "[2, 8]": [-600, 1508.2535970694216, 365.83260991353245, -600], "[6, 9]": [-600, 136.08374844931885, -600, 1483.6035955280179], "[6, 11]": [-600, -600, 1641.9504757875327, 1101.5069404189603], "[3, 32]": [0, 1814.8763483268506, 164.73323886377673, 57.92774627304159], "[6, 2]": [199.49734330767663, 1313.2252764558434, -600, -600], "[5, 5]": [17.942401650759376, -600, -600, 975.4018094313593], "[4, 11]": [-600, -600, 1455.3188790772679, 327.3760066124745], "[5, 11]": [-600, -600, 1687.3032529451366, 281.84672773433425], "[5, 2]": [24.75145693939583, 1011.6145301770365, -600, -600], "[4, 5]": [1332.4171901504642, -600, -600, 125.1656756992855], "[7, 4]": [337.2467841881459, -600, 2.2985611235221466, -600], "[6, 5]": [392.19365120489647, -600, -600, 1444.188693515808], "[5, 25]": [0, 822.2968300028148, 1979.0561578163217, 851.9109879907456], "[1, 2]": [1791.2506198591977, 472.18038286279227, -600, -600], "[0, 8]": [-600, 1261.6298396450063, 158.0030888110529, -600], "[1, 11]": [-600, -600, 18.18188812027216, 867.8049191666578], "[1, 3]": [1848.717990468148, -600, 233.18495312231292, 589.4503960445142], "[1, 37]": [1972.2897864777203, 826.0254033573332, 0, 865.9186130963354], "[7, 15]": [188.1661755435486, 69.90467924634109, 0, 1843.6731548021698], "[6, 4]": [39.01448298871023, -600, 829.529876737468, -600], "[3, 8]": [-600, 1684.5465423326627, 356.47915986013965, -600], "[6, 8]": [-600, 440.25425196036036, 1528.324719336824, -600], "[7, 8]": [-600, 47.397186303486755, 1154.654484193127, -600], "[7, 11]": [-600, -600, 442.7490526358208, 1807.0442528243343], "[6, 10]": [-600, 1284.2674376821171, -600, -600], "[6, 13]": [-600, -600, -600, 1573.1221496024893], "[3, 0]": [1263.2640224612887, 1878.587309263938, 1211.2122191700962, -600], "[3, 29]": [786.6765778269336, 1926.050212754444, 745.452544412941, 0], "[5, 4]": [8.384597702449106, -600, 1417.6038814474814, -600], "[2, 2]": [1074.656146486651, 1640.533650672752, -600, -600], "[7, 16]": [841.6796684287345, 0, 815.9095904566263, 1971.1485423675304], "[3, 30]": [140.47326204791054, 1823.1429680366025, 0, 66.45898872334345], "[3, 4]": [527.208076431041, -600, 4.580194617945635, -600], "[0, 13]": [-600, -600, -600, 1455.1528133294014], "[5, 23]": [65.13888669273453, 0, 1833.0327273061764, 166.9865736766025], "[5, 22]": [70.66317142912567, 149.61980077347633, 1853.073204829166, 0], "[1, 4]": [1502.8584162511652, -598.0833499240199, 12.957149395788369, -600], "[1, 8]": [-600, 1079.9628303725533, 36.69889816291908, -600], "[7, 9]": [-600, 14.249816194780806, -600, 1435.6361467598365], "[4, 10]": [-600, 1547.3091986100887, -600, -600], "[1, 42]": [586.6417661566131, -600, -600, -600], "[2, 11]": [-600, -600, 1241.4636635517213, 138.08608795787728], "[3, 9]": [-600, 1298.4097265652417, -600, 4.115070167618982], "[2, 10]": [-600, 1477.910459529905, -600, -600], "[5, 9]": [-600, 619.5978104544331, -600, 11.113341301119775], "[1, 40]": [839.8313559103482, 0, 5.425212478592801, -600], "[4, 6]": [1303.6073228086948, -600, -600, -600], "[3, 5]": [871.4219127202125, -600, -600, 14.971784505367435], "[3, 2]": [292.2594564756414, 1650.3052635028396, -600, -600], "[7, 5]": [283.56206728599284, -600, -600, 1704.8389466104109], "[2, 6]": [1562.1089764227286, -600, -600, -600], "[5, 24]": [4.107826830369018, 0, 783.1218775626766, -600], "[6, 12]": [-600, -600, 1500.9952511551326, -600], "[5, 12]": [-600, -600, 1483.5524110865708, -600], "[0, 6]": [1559.5020591830855, -600, -600, -600], "[1, 36]": [1851.6867061281187, 163.91883973432337, 88.16980553061177, 0], "[1, 38]": [1817.9342662178672, 125.23967690341964, -600, -600], "[3, 11]": [-598.5505402039657, -600, 864.2991210284339, 21.62153548215694], "[3, 34]": [-600, 799.17816312185, -600, 2.7006770667229225], "[2, 12]": [-600, -600, 1184.6513075549326, -600], "[7, 2]": [1112.4064321628132, 23.681364885573938, -600, -600], "[5, 26]": [-600, 113.6842950185256, 1836.4511739495397, -600], "[6, 6]": [1338.1060094824657, -600, -600, -600], "[5, 27]": [-600, -600, 1487.2510092058142, 59.49472065184792], "[4, 12]": [-600, -600, 1595.72068542109, -600], "[7, 20]": [-600, -600, 116.85252024715946, 1801.0949831206285], "[0, 12]": [-600, -600, 1255.1539701143558, -600], "[7, 12]": [-600, -600, 884.011611291945, -600], "[7, 17]": [60.437100539808426, -600, -600, 1453.0802315096744], "[3, 12]": [-600, -600, 792.0690062757648, -600], "[7, 19]": [-600, 3.490558003352091, -600, 779.3562401235836], "[3, 6]": [826.3139723618339, -600, -600, -600], "[0, 10]": [-600, 1195.8921702022776, -600, -600],