{"[5, 1]": [35.23562632230039, 60.207804833853714, -600, 1240.7551069566903], "[6, 0]": [696.4944418688127, 731.1396728181477, 1639.7902819536473, -600], "[6, 7]": [-600, 1258.5683190072039, 1407.461141060818, 1786.7487338867031], "[6, 1]": [660.9644300545677, 590.5316359913343, -600, 1669.3984609490292], "[6, 3]": [1239.270811252823, -600, 1787.035172294837, 1398.6569163301933], "[6, 9]": [-600, 117.49750086510528, -600, 1546.3731028500513], "[6, 8]": [-600, 414.5501849369807, 1635.9765412777822, -600], "[4, 9]": [-600, 1500.813344320846, -600, 115.60351590192683], "[4, 8]": [-600, 1789.4157633699092, 1233.810854051706, -600], "[4, 7]": [-600, 1805.8330567243488, 1428.6501648750725, 1261.770828402293], "[4, 0]": [1272.160352492259, 1435.4415960500628, 1803.183319723401, -600], "[4, 11]": [-600, -600, 1612.1873765745993, 415.2422975403372], "[7, 7]": [-600, 307.4309031264761, 521.8930857018902, 1943.8967886381229], "[7, 3]": [1326.179723934471, -600, 1257.837276766586, 2008.5222165217515], "[0, 7]": [-600, 655.090787254626, 667.2854021917661, 1652.1996564399446], "[0, 3]": [1726.6110078891834, -600, 1184.6808297323469, 1348.261950473142], "[0, 1]": [1380.9798837945514, 1194.267418461659, -600, 1714.2035260389282], "[0, 0]": [1588.7350470003344, 667.1993447474915, 664.5173790692342, -600], "[7, 1]": [599.8023358002011, 314.82187025891017, -600, 1966.2454482513767], "[7, 0]": [1335.3080467184598, 29.14562071692428, 69.61129738184874, -600], "[5, 3]": [207.4657627130288, -600, 1967.5598148241027, 531.8092142858984], "[4, 3]": [612.8718994331821, -600, 1705.1463706719762, 690.3949010741389], "[4, 1]": [659.9247098449239, 1644.276366454326, -600, 584.4233242088123], "[5, 0]": [286.7506763698876, 553.6436552115939, 1972.4573344166608, -600], "[5, 7]": [-600, 1323.0841454245194, 2012.374859806758, 1412.196860599308], "[2, 3]": [1642.5341642624608, -600, 594.4444134791345, 661.3489420655192], "[2, 7]": [-600, 1623.6425598773733, 707.7232788539178, 698.3319856014225], "[2, 1]": [1371.8316734235348, 1756.38022232169, -600, 1203.1070811834384], "[2, 0]": [1754.2399118631504, 1371.193637168547, 1223.387859316971, -600], "[1, 0]": [1913.7165840341042, 511.75946866132233, 281.41218853905457, -600], "[1, 7]": [-600, 61.467892586115184, 24.91363665132655, 1322.6464196453135], "[1, 3]": [1908.4690046965893, -600, 232.01212267677366, 519.8917963046507], "[2, 4]": [1515.2009415561117, -600, 120.26755214668603, -600], "[2, 8]": [-600, 1612.2988767518855, 444.77876169806, -600], "[2, 9]": [-600, 853.7694692650585, -600, 32.51204671629513], "[2, 2]": [1747.0167466074233, 1168.9497089943138, -600, -600], "[1, 1]": [1987.7552941071651, 1188.0854761799121, -600, 1257.6654819137002], "[3, 1]": [569.6184085394918, 1946.497386959787, -600, 223.0075747818172], "[3, 3]": [52.306786340759665, -600, 1206.7058932386922, 23.321386274237096], "[3, 7]": [-600, 1915.8879327348934, 491.7321138935785, 229.93513943199844], "[0, 4]": [921.4856882899885, -600, 37.90416345410199, -600], "[0, 11]": [-600, -600, 359.75451365246676, 1500.6122841197803], "[5, 11]": [-600, -600, 1933.3146445334514, 444.3961013006435], "[6, 4]": [40.536779624111674, -600, 1043.9498386733644, -600], "[3, 32]": [0, 1942.412735133082, 154.02865801167334, 57.83820059291431], "[5, 23]": [61.671812382708, 0, 1965.5945008689678, 188.23483741622888], "[3, 29]": [852.9185490715205, 2059.3712336978115, 823.8800929779541, 0], "[1, 36]": [1942.860151607423, 157.28206757248358, 87.1016970956394, 0], "[4, 2]": [352.67588028243597, 1624.6127930986413, -600, -600], "[6, 11]": [-600, -600, 1187.0575140436881, 1776.1179989315021], "[5, 8]": [-600, 581.1209905348001, 1940.8576972020867, -600], "[5, 2]": [24.269908453630805, 1210.0574285101052, -600, -598.4633931984902], "[4, 5]": [1374.1119352303806, -600, -600, 132.5190522857121], "[5, 25]": [0, 875.4305276242998, 2085.5529876061964, 939.561274174852], "[7, 18]": [0, 98.34372424645714, 171.97105593647885, 1958.713620104458], "[3, 11]": [-600, -600, 1068.8203580911907, 21.455669282244557], "[2, 5]": [1510.7333677629292, -600, -600, 348.7035189716995], "[0, 5]": [1712.7821986113033, -600, -600, 1055.5612865419082], "[7, 5]": [343.9473442584182, -600, -598.6568356678732, 1906.502552458736], "[4, 4]": [130.27546870745832, -600, 1646.387948846252, -600], "[7, 4]": [1.9262334147186995, -600, 413.1738971811422, -600], "[0, 13]": [-600, -600, -600, 1621.8467392917676], "[6, 5]": [355.71902873208586, -598.073642348903, -600, 1555.010916947351], "[0, 9]": [-600, 9.711448878516881, -600, 755.6109572500956], "[3, 8]": [-597.7912364757979, 1799.3824334282156, 453.06443141795654, -600], "[2, 10]": [-600, 1676.9179368768637, -600, -600], "[3, 0]": [1330.348841163987, 1990.4126970467837, 1294.0331089263468, -600], "[0, 2]": [1565.6597202286173, 341.9868961841866, -600, -600], "[5, 4]": [6.805387587038244, -600, 1661.439872596975, -600], "[1, 5]": [1738.2412454087826, -600, -600, 258.26216304120214], "[1, 37]": [2049.2224125688504, 750.1831325160459, 0, 773.0425329846705], "[3, 33]": [-600, 1942.0489126406658, 117.98629555472101, -600], "[5, 22]": [89.2994209064539, 179.34080327285764, 1967.2319696368022, 0], "[0, 8]": [-600, 1425.750671408678, 186.88545996518712, -600], "[5, 9]": [-600, 6.323644419724665, -600, 789.3110580463825], "[2, 13]": [-600, -600, -600, 1413.7192874684802], "[1, 2]": [1786.0296568971319, 383.97336663370163, -600, -600], "[3, 30]": [157.01009848832024, 1942.6391970384602, 0, 62.82316340723327], "[2, 11]": [-600, -600, 1458.000332465267, 167.18036371239046], "[3, 5]": [923.2293386426703, -600, -600, 13.755136955661634], "[0, 6]": [1554.5676203607568, -600, -600, -600], "[1, 39]": [1943.4446268948632, 0, 59.95303029052755, 159.38477656256728], "[4, 10]": [-600, 1627.0504427908181, -600, -600], "[3, 2]": [415.91646522514793, 1916.7524947100626, -600, -600], "[2, 6]": [1552.200598092079, -600, -600, -600], "[3, 4]": [9.250472370366762, -600, 706.8240125375622, -600], "[1, 13]": [-600, -600, -598.87987860579, 989.3930306118895], "[1, 9]": [-600, 4.8547622418344965, -600, 212.43326458755848], "[5, 10]": [-600, 1076.1396868047416, -600, -600], "[6, 12]": [-600, -600, 1699.037658615578, -600], "[7, 15]": [166.34461099644474, 84.3423038104001, 0, 1971.0800003312297], "[7, 16]": [850.5812208993308, 0, 810.5911702800578, 2076.2509330089724], "[6, 2]": [185.35382315642764, 1450.0959956428123, -600, -600], "[5, 27]": [-600, -600, 1837.1634647892602, 73.45773919330024], "[5, 5]": [13.42602561044836, -600, -600, 901.4190194005112], "[4, 12]": [-600, -600, 1712.5177595454138, -600], "[3, 9]": [-600, 1529.1182248206997, -600, 5.0964345160707625], "[7, 2]": [1352.0880525332057, 50.69105964257397, -600, -600], "[7, 9]": [-600, 16.486322451125716, -599.0117473579022, 1606.9608765937285], "[2, 12]": [-600, -600, 1468.5746617178122, -600], "[6, 13]": [-600, -600, -600, 1585.6867249776346], "[4, 6]": [1335.236108213629, -600, -600, -600], "[7, 11]": [-600, -600, 450.0730432217768, 1832.2970055295962], "[1, 4]": [1448.5934772136388, -600, 9.347942099218908, -600], "[1, 10]": [-600, 998.817202072268, -600, -600], "[3, 34]": [-600, 946.5915587061567, 0, 3.6366093285005494], "[1, 38]": [1874.1387450397785, 97.0536522356047, -598.6289819212257, -600], "[1, 8]": [-600, 1282.7151055800111, 42.97062775537648, -600], "[1, 11]": [-600, -600, 21.263497893941366, 1141.1602245946442], "[0, 12]": [-600, -600, 1453.9209799798539, -600], "[6, 6]": [1492.5398377363908, -600, -600, -600], "[7, 20]": [-600, -600, 109.14420717551334, 1933.5702958921954], "[0, 10]": [-600, 1347.1621029654038, -600, -600], "[5, 12]": [-600, -600, 1814.347246599721, -600], "[5, 26]": [-600, 121.57807836519805, 1982.796024393527, -600], "[4, 13]": [-600, -600, -600, 1503.9303810326735], "[7, 8]": [-600, 60.43364141860399, 1368.579205967005, -600], "[1, 40]": [865.3923312867034, 0, 3.997349569783169, -600], "[6, 10]": [-600, 1467.347838636303, -600, -600], "[7, 19]": [-600, 5.90030116728934, 0, 1001.5922966797639],