{"[5, 1]": [-1.394861904346326, 21.132769378088444, -600, 256.53384904548625], "[6, 0]": [205.57814484193034, 251.65857793134802, 644.8901618585182, -600], "[6, 7]": [-600, 443.7608938791562, 555.5020051814603, 731.1827480736636], "[6, 1]": [237.4428824495147, 190.5979232021543, -600, 656.5601851725619], "[6, 3]": [439.70664281344403, -600, 731.8917278421152, 555.3059573679245], "[6, 9]": [-600, 20.046288916889157, -600, 441.3328102191186], "[6, 8]": [-599.0348957329696, 121.77850018438691, 614.6431551073779, -600], "[4, 9]": [-600, 440.9571385647763, -600, 23.825969628245417], "[4, 8]": [-600, 735.1086459348594, 414.9663531597611, -600], "[4, 7]": [-600, 760.9265382568989, 575.5082473005646, 447.7556418280873], "[4, 0]": [451.74553865340545, 578.5922548282059, 756.3283171353622, -600], "[4, 11]": [-600, -600, 630.5621444887395, 126.5725713742508], "[7, 7]": [-600, 41.7583381710397, 159.99013938727103, 892.9598217888425], "[7, 3]": [474.9311550156495, -600, 446.0767589951584, 971.6496827678814], "[0, 7]": [-600, 184.26152510943717, 222.2546581404952, 613.8301675624564], "[0, 3]": [669.4869657691388, -600, 406.0757647495737, 515.6919600052206], "[0, 1]": [527.3326901520174, 415.3233830917262, -600, 666.1952650311229], "[0, 0]": [590.0762991167087, 218.74517655776597, 184.95460015699072, -600], "[7, 1]": [166.17445825487306, 41.0285841393701, -600, 904.5730108655763], "[7, 0]": [293.0348179134032, -1.2305113088037936, 17.002158436580388, -600], "[5, 3]": [33.12623677534111, -600, 934.1220766490868, 161.1873288353648], "[4, 3]": [187.66861576148955, -600, 690.2983122277417, 234.0529513364535], "[4, 1]": [214.09917621985252, 677.5087733595941, -600, 185.51861162454915], "[5, 0]": [46.952549281470056, 160.6080304756903, 939.1404028769566, -600], "[5, 7]": [-600, 494.7892218458275, 994.045912619421, 527.3743183164222], "[2, 3]": [641.7693833556106, -600, 177.8725738269735, 212.83060405420773], "[2, 7]": [-600, 639.6608172194411, 251.00673519545188, 207.48211924785792], "[2, 1]": [549.680133865595, 715.564226546825, -600, 419.94086090015816], "[2, 0]": [706.5967576767958, 536.1284693222073, 428.8444682814473, -600], "[1, 0]": [882.6291250375582, 145.21292167072076, 42.78924377896924, -600], "[1, 7]": [-600, 18.619019436955558, -3.0327530456163454, 279.55384684730984], "[1, 3]": [875.5899948964818, -600, 29.882189490258515, 157.49868902829851], "[2, 4]": [423.4121622045148, -600, 15.778899798536798, -600], "[2, 8]": [-600, 597.8982894940632, 122.5222558042017, -600], "[2, 9]": [-600, 164.43233507230144, -600, 4.381906162439889], "[2, 2]": [685.6992963846016, 389.47036215528294, -600, -600], "[1, 1]": [961.0022565814844, 402.55567645615355, -600, 449.15606549617064], "[3, 1]": [174.73650800662222, 923.7450465016431, -600, 33.04975759520261], "[3, 3]": [14.696416654376689, -600, 249.8002966074696, -4.044574156202281], "[3, 7]": [-600, 914.4488942485049, 153.66778529438236, 27.491421160076317], "[0, 4]": [139.57267964670552, -600, 8.371439232917442, -600], "[0, 11]": [-600, -600, 88.87055885467461, 543.5566094723022], "[5, 11]": [-600, -600, 904.7279413554587, 120.86511153026507], "[6, 4]": [3.713455204730329, -600, 187.80340309359678, -600], "[3, 32]": [0, 825.4363075000005, 41.39432557661436, 8.328652971607937], "[5, 23]": [10.055070496310819, 0, 835.3101010412322, 47.84497432427942], "[3, 29]": [251.06801539984383, 1034.5198498541058, 235.1936833357138, 0], "[1, 36]": [817.3403758161709, 48.26172150239093, 11.218818315417431, 0], "[4, 2]": [105.56884597875637, 637.1287960445693, -600, -599.0919024857114], "[6, 11]": [-600, -600, 398.356901584438, 709.9183323555757], "[5, 8]": [-600, 147.5182122252665, 895.765345722669, -600], "[5, 2]": [2.346514745951358, 231.06858097035655, -600, -600], "[4, 5]": [319.59756096689534, -600, -600, 32.80214672238572], "[5, 25]": [0, 263.87783745450815, 1049.9435554096135, 282.2192625966618], "[7, 18]": [0, 14.337696481894145, 44.64482740143871, 829.4861881790044], "[3, 11]": [-600, -600, 173.37106889694184, 0.5062911529559817], "[2, 5]": [570.9957541700747, -600, -600, 98.87595657706672], "[0, 5]": [640.8455086968161, -600, -598.8629459760438, 344.24982342888285], "[7, 5]": [99.93840113021453, -600, -600, 844.1275840515486], "[4, 4]": [24.205357242150086, -600, 464.8765510430645, -600], "[7, 4]": [-1.2844499602168569, -600, 10.454463821919338, -600], "[0, 13]": [-600, -600, -600, 465.95242099213516], "[6, 5]": [116.53459742483419, -599.0360047127303, -600, 589.8936861563014], "[0, 9]": [-600, -2.0408326358026994, -600, 141.24065217568372], "[3, 8]": [-600, 794.7684168151193, 122.20238253887128, -600], "[2, 10]": [-600, 486.1081617343574, -600, -600], "[3, 0]": [496.07332040409733, 983.173731765321, 459.3310105789657, -600], "[0, 2]": [557.1078815298946, 92.21517493961412, -600, -600], "[5, 4]": [0.1327197670163249, -600, 357.778607512938, -600], "[1, 5]": [753.3164759140714, -600, -600, 78.42560610262106], "[1, 37]": [1018.2076781632492, 217.10777982724576, 0, 217.81900239523299], "[3, 33]": [-600, 747.8066386707001, 27.713969387898924, -600], "[5, 22]": [12.35650289654649, 67.01547613760417, 855.6478170463332, 0], "[0, 8]": [-600, 336.8756721965965, 37.557107255917245, -600], "[5, 9]": [-600, 1.961684155864535, -600, 47.06140537169582], "[2, 13]": [-600, -600, -600, 149.60565526213506], "[1, 2]": [750.2428162938277, 115.20723521825204, -600, -600], "[3, 30]": [51.55849850556693, 842.3335782899834, 0, 11.0561771550464], "[2, 11]": [-600, -600, 361.36567562010663, 42.05949230174287], "[3, 5]": [177.0827441869251, -598.5222088493266, -600, 1.3960968007198158], "[0, 6]": [359.3078058806395, -600, -600, -600], "[1, 39]": [814.9783605946595, 0, 7.634743616894205, 43.760920772588456], "[4, 10]": [-600, 417.53685872493406, -600, -600], "[3, 2]": [104.26674424328976, 884.2951326182242, -600, -600], "[2, 6]": [364.15803714353365, -600, -600, -600], "[3, 4]": [2.2357363637195875, -600, 45.34737825232057, -600], "[1, 13]": [-600, -600, -600, 73.6181490878896], "[1, 9]": [-600, 0.42152497737630973, -600, 12.270843169212432], "[5, 10]": [-600, 85.56967144064156, -600, -600], "[6, 12]": [-600, -600, 503.4016719106848, -600], "[7, 15]": [48.38178166457154, 10.407091652520275, 0, 824.8829286289636], "[7, 16]": [232.41358974384775, 0, 219.23879276208777, 1028.2695034444391], "[6, 2]": [38.08264784377553, 374.5428748836365, -600, -600], "[5, 27]": [-599.3609657552016, -600, 650.9071818895859, 18.03641152721062], "[5, 5]": [0.9026584763231392, -600, -600, 164.93923420935118], "[4, 12]": [-600, -600, 545.5952059981406, -600], "[3, 9]": [-600, 323.249321832948, -598.8812796869537, -0.024486765982003944], "[7, 2]": [215.73883252682424, 4.780495501695508, -600, -600], "[7, 9]": [-600, 0.5811775748486029, -600, 327.38943573894136], "[2, 12]": [-600, -600, 187.48040796049793, -600], "[6, 13]": [-600, -600, -600, 363.9738949643885], "[4, 6]": [139.0876614288008, -600, -600, -600], "[7, 11]": [-600, -600, 113.84355171109232, 780.368841482418], "[1, 4]": [293.1720224169357, -600, 0.7333649116794716, -600], "[1, 10]": [-600, 73.38078822422119, -600, -600], "[3, 34]": [-600, 206.05393769951206, 0, 0.09743453484338532], "[1, 38]": [685.496449253145, 23.358086972381773, -600, -600], "[1, 8]": [-600, 223.8428670949858, 4.240131125653125, -600], "[1, 11]": [-600, -600, 1.747400331761537, 174.72994173904863], "[0, 12]": [-600, -600, 149.194491845327, -600], "[6, 6]": [171.16463735124816, -600, -600, -600], "[7, 20]": [-600, -599.1913254650236, 25.69717318708618, 706.9710455896198], "[0, 10]": [-600, 119.59834413128631, -600, -600], "[5, 12]": [-600, -600, 369.877441709676, -600], "[5, 26]": [-600, 30.594752785804328, 799.5102095413897, -600], "[4, 13]": [-600, -600, -600, 181.3640461569702], "[7, 8]": [-600, 4.938260526079381, 242.09284401452814, -600], "[1, 40]": [172.007795104216, 0, 0.3755033574668451, -600], "[6, 10]": [-600, 157.9744901743777, -600, -600], "[7, 19]": [-600, 0.3900947849174493, 0, 219.1834672138677],