{"[5, 1]": [-1.043857905152708, 21.767020983628445, -600, 284.5501901950466], "[6, 0]": [218.1093220363096, 261.63838169090735, 693.5827382055066, -600], "[6, 7]": [-600, 473.9075793025702, 588.0214440891141, 773.678053002874], "[6, 1]": [247.29865465578646, 200.95574926732831, -600, 697.3912764022074], "[6, 3]": [465.85972548390055, -600, 773.317250734698, 590.4843532330566], "[6, 9]": [-600, 21.58848003879447, -600, 501.99955509005054], "[6, 8]": [-600, 126.97286325384937, 662.4042420873776, -600], "[4, 9]": [-600, 503.3499860587629, -600, 25.999107525075182], "[4, 8]": [-600, 788.1911962270705, 449.70377959207434, -600], "[4, 7]": [-600, 817.8102995685613, 609.8642687684504, 478.07836717127395], "[4, 0]": [479.4023822514442, 610.5896468270968, 808.6466062159284, -600], "[4, 11]": [-600, -600, 678.914959772772, 135.5841841569841], "[7, 7]": [-600, 46.22993084801569, 169.32576726595292, 943.8869204593423], "[7, 3]": [503.6423097688985, -600, 480.3672803404459, 1021.5145720191624], "[0, 7]": [-600, 195.43189514395692, 236.74436672665144, 664.0004438051358], "[0, 3]": [721.2284310060274, -600, 432.4951892138993, 547.1653353406554], "[0, 1]": [558.1360947841007, 441.881386013605, -600, 718.8190631673468], "[0, 0]": [630.5646564508688, 231.2528380529587, 197.56323030958728, -600], "[7, 1]": [174.10103366756718, 47.37417597341205, -600, 958.229163292612], "[7, 0]": [329.33180761077455, -0.6424050049850673, 18.2780543894359, -600], "[5, 3]": [36.708127119707854, -600, 981.1835722507782, 171.85818378176327], "[4, 3]": [200.8409253698112, -600, 738.5670568348032, 244.88013025482456], "[4, 1]": [227.04992504311022, 716.2342734733961, -600, 194.80248667338012], "[5, 0]": [51.69869040493652, 166.82993669217268, 992.9029551785609, -600], "[5, 7]": [-600, 529.4611910878666, 1042.4643591100385, 565.6139228997189], "[2, 3]": [687.1186287796928, -600, 191.08550935302196, 227.90024545386152], "[2, 7]": [-600, 686.0932842364574, 262.49370887925494, 217.67343289440242], "[2, 1]": [579.8971894905053, 759.214895171331, -600, 445.19578198035435], "[2, 0]": [757.7670055127247, 567.5788871389857, 455.8161438173599, -600], "[1, 0]": [929.9754729379022, 157.0230814929833, 45.91886321959922, -600], "[1, 7]": [-600, 20.388667436223393, -3.0327530456163454, 311.46036487129004], "[1, 3]": [923.00976100938, -600, 32.72850322664222, 165.46397027302027], "[2, 4]": [485.7880394221958, -600, 18.533262392067495, -600], "[2, 8]": [-600, 642.1809734636538, 128.64738463352447, -600], "[2, 9]": [-600, 186.82548437825236, -600, 3.773124256277449], "[2, 2]": [739.3994341325806, 421.3404582620299, -600, -600], "[1, 1]": [1009.1949983226825, 431.31615888418025, -600, 481.19936299722144], "[3, 1]": [186.94546823129787, 975.2813751530368, -600, 36.995438030447794], "[3, 3]": [15.372754582504925, -600, 275.23287879470354, -3.2551666850311425], "[3, 7]": [-600, 954.589662195892, 165.71857454014952, 29.35848954491288], "[0, 4]": [156.96254325555887, -600, 8.371439232917442, -600], "[0, 11]": [-598.710104147206, -600, 94.3902901307613, 582.2090876513033], "[5, 11]": [-600, -600, 957.0032270543602, 128.7400353837851], "[6, 4]": [4.3212301606311865, -600, 215.70172204280755, -600], "[3, 32]": [0, 876.7246110160363, 44.46669141460786, 8.811931284702519], "[5, 23]": [10.78185175757533, 0, 890.5554091431004, 50.26771392772216], "[3, 29]": [268.9681189687418, 1079.4129135803755, 254.25502842405763, 0], "[1, 36]": [874.8348790960436, 49.48607254287514, 12.144518872008737, 0], "[4, 2]": [114.47060454115554, 681.9452359154046, -600, -600], "[6, 11]": [-600, -600, 428.4468685541661, 754.3334488577601], "[5, 8]": [-600, 161.28067974076086, 946.2001669331946, -600], "[5, 2]": [2.346514745951358, 256.09172736847614, -600, -600], "[4, 5]": [354.79887904481996, -600, -600, 35.59465897653155], "[5, 25]": [0, 283.1625081633766, 1100.4903808790796, 300.94716505109164], "[7, 18]": [0, 15.875225052444845, 46.38642749189485, 876.0549435017206], "[3, 11]": [-600, -600, 189.49660251985938, 0.7643917244316785], "[2, 5]": [608.2922474395032, -600, -600, 104.98342219619926], "[0, 5]": [695.6543979409123, -600, -600, 364.91876414420483], "[7, 5]": [108.54710246229179, -599.1622785485529, -600, 899.239022176038], "[4, 4]": [26.5429654216697, -600, 526.9143440305418, -600], "[7, 4]": [-1.2844499602168569, -600, 15.149912024642749, -600], "[0, 13]": [-600, -600, -600, 543.3525459032043], "[6, 5]": [121.47110394890238, -600, -600, 635.0294477097804], "[0, 9]": [-600, -2.0408326358026994, -600, 161.86459332525266], "[3, 8]": [-600, 834.7601542567919, 129.52395478062303, -600], "[2, 10]": [-600, 572.0761603142173, -600, -600], "[3, 0]": [528.2959241084819, 1027.2245544360835, 493.1251027984608, -600], "[0, 2]": [592.201105668725, 98.83234346200503, -600, -600], "[5, 4]": [0.1327197670163249, -600, 415.76079443420406, -600], "[1, 5]": [804.7731218265278, -600, -600, 83.30617321725538], "[1, 37]": [1061.3050341527755, 231.3229507901974, 0, 237.64922885173124], "[3, 33]": [-600, 809.7056812550982, 28.952270665530342, -600], "[5, 22]": [14.017843013349854, 70.8903289650373, 903.6864733586241, 0], "[0, 8]": [-600, 377.9657502548337, 39.36270725310728, -600], "[5, 9]": [-600, 1.961684155864535, -600, 60.70355318050419], "[2, 13]": [-598.8099628311018, -600, -600, 187.43691996858186], "[1, 2]": [794.2752440515485, 119.98367896386048, -600, -600], "[3, 30]": [54.7113425221373, 886.6402858714855, 0, 11.557791233930567], "[2, 11]": [-600, -600, 401.671906280537, 43.045215587079326], "[3, 5]": [194.53860270655142, -598.5222088493266, -600, 1.5691577262362157], "[0, 6]": [422.46662960703065, -600, -600, -600], "[1, 39]": [865.7675588637821, 0, 8.799885384872399, 45.620654192878014], "[4, 10]": [-600, 484.6477574919637, -600, -600], "[3, 2]": [116.34949064856424, 933.8415874931283, -600, -600], "[2, 6]": [417.25034938685155, -600, -600, -600], "[3, 4]": [2.2357363637195875, -600, 55.236842000304435, -600], "[1, 13]": [-600, -600, -600, 98.01009406625407], "[1, 9]": [-600, 0.42152497737630973, -600, 12.369068289597703], "[5, 10]": [-600, 108.51166773837757, -600, -600], "[6, 12]": [-600, -600, 587.5937138331619, -600], "[7, 15]": [51.88707102374577, 11.36373109471544, 0, 876.8549328453497], "[7, 16]": [253.26238444024278, 0, 240.40088411924998, 1074.499890558641], "[6, 2]": [41.209786783244056, 419.87926799890954, -600, -600], "[5, 27]": [-599.2294863048318, -600, 712.1614122236501, 19.941601794483837], "[5, 5]": [1.1706048107940799, -600, -600, 187.36494155858173], "[4, 12]": [-600, -600, 628.3320640954423, -600], "[3, 9]": [-600, 373.4805218834081, -598.8812796869537, -0.019780110408461386], "[7, 2]": [251.43365302126566, 5.080460180059905, -600, -600], "[7, 9]": [-600, 0.9147670326084938, -600, 389.18393889546513], "[2, 12]": [-600, -600, 240.40674359431952, -600], "[6, 13]": [-600, -600, -600, 433.0090667767255], "[4, 6]": [179.97646749082182, -600, -600, -600], "[7, 11]": [-600, -600, 126.98888787278128, 818.1546188462388], "[1, 4]": [338.2104584614729, -600, 1.0036659914074937, -600], "[1, 10]": [-600, 92.21220578548206, -600, -600], "[3, 34]": [-600, 224.7803044577583, 0, 0.09743453484338532], "[1, 38]": [747.7621686565708, 28.573344193684402, -600, -600], "[1, 8]": [-598.6206926860492, 251.98932729244433, 4.514438201068257, -600], "[1, 11]": [-600, -600, 2.037820002426458, 196.4270284063989], "[0, 12]": [-600, -600, 200.35840959053476, -598.8603169390345], "[6, 6]": [226.68425853049612, -600, -600, -600], "[7, 20]": [-600, -599.1913254650236, 27.4586658425282, 779.5677328504427], "[0, 10]": [-600, 163.426353795991, -600, -600], "[5, 12]": [-600, -600, 446.1909097875607, -600], "[5, 26]": [-600, 31.854299880177344, 861.989096490252, -600], "[4, 13]": [-600, -600, -600, 228.44150309588858], "[7, 8]": [-600, 5.509782832623782, 276.09010943611344, -600], "[1, 40]": [196.44514048739367, 0, 0.3755033574668451, -600], "[6, 10]": [-600, 203.18364247868405, -600, -600], "[7, 19]": [-600, 0.3900947849174493, 0, 238.2023266620704],