{"[4, 8]": [-600, 11671.11640940358, 11080.256323545644, 1445.9817454870563], "[0, 0]": [11651.533114286904, 11172.396389062782, 11219.560742911546, 0], "[0, 1]": [11908.513739626424, 11545.196031792506, 0, 11689.181233345722], "[1, 3]": [11896.503353752652, 0, 11639.781107242114, 11692.827974800754], "[1, 7]": [-600, 11355.511130855628, 11285.467586300108, 11474.983801630213], "[2, 3]": [11678.782035153394, 0, 11129.500056299259, 11313.605590400477], "[2, 7]": [-600, 11650.996249052041, 11545.727576160114, 11418.005740609327], "[2, 0]": [11599.971280288697, 11692.052901277952, 11505.453189863927, 0], "[2, 1]": [11849.759757686898, 11663.606427625647, 0, 11604.361745563723], "[1, 0]": [11447.996055302374, 11580.520715271588, 11468.912871322293, 0], "[0, 7]": [-600, 11247.57093429016, 10778.217387842078, 11753.29439402463], "[0, 3]": [11762.822992720367, 0, 10867.529925119788, 11696.857808389761], "[7, 1]": [11553.985190686355, 11490.914366197125, 0, 12031.450404225467], "[7, 3]": [11606.705469084258, 0, 11726.668175465335, 12078.775231099053], "[7, 4]": [9185.932844604224, -600, 11263.35526130839, -600], "[6, 5]": [11330.592311439706, -600, -600, 11126.129754333444], "[6, 3]": [11580.330591454067, 0, 11667.931812287925, 11444.981443099872], "[6, 1]": [11501.394029629786, 11421.01619474453, 0, 11496.205555963346], "[6, 4]": [11001.585790691115, -600, 9132.589389309025, -600], "[0, 4]": [11230.144902294593, -600, 10048.386569728933, -600], "[0, 11]": [-600, -600, 11482.925652052267, 11549.498892850244], "[6, 0]": [11534.308910279127, 10986.6037159696, 11316.046386123418, 0], "[6, 7]": [-600, 11553.036803579796, 11923.70565568309, 11787.230722774419], "[6, 9]": [-600, 11550.270810388447, -600, 10245.31397495183], "[5, 11]": [-600, -600, 12028.716534690482, 11132.922929993661], "[4, 11]": [-600, -600, 11625.586808325163, 11330.312892830203], "[4, 7]": [-600, 11163.181199433884, 11970.076519085567, 11477.897834087646], "[4, 0]": [11612.192602789402, 11620.14594205881, 11952.328710977206, 0], "[4, 9]": [-600, 10055.648556050182, -600, 11366.418550959299], "[2, 4]": [11446.959288197593, -600, 9773.030727382225, -600], "[3, 2]": [11520.41582912095, 10953.262020032511, -600, -600], "[3, 0]": [11586.252033546636, 11933.061206999702, 11660.791233548505, 0], "[3, 7]": [-600, 12035.53197011187, 11221.053762233563, 11205.3312890314], "[3, 3]": [10138.37638869639, 0, 11168.1329665035, 9650.665082817317], "[3, 1]": [11617.383295498663, 12021.783535883633, 0, 11524.557125577843], "[4, 1]": [11428.351897217488, 10663.641824575934, 0, 11128.839629213964], "[4, 3]": [11398.297994693336, 0, 11851.133808842116, 11381.26228747586], "[1, 1]": [11880.533112332472, 11804.057665092929, 0, 11580.890822858028], "[7, 0]": [11603.635914208842, 11589.278836561896, 11463.822178047772, 0], "[7, 7]": [-600, 11712.758978016333, 11578.18907530594, 12041.597375648838], "[0, 5]": [11767.193739966695, -600, -600, 10355.115096121262], "[2, 9]": [467.00520367623926, 9501.075719448105, -600, 10383.253963624293], "[2, 5]": [11498.027906177933, -600, -600, 11020.454102472635], "[2, 2]": [11177.141991351844, 11647.74944990974, -600, -600], "[4, 4]": [9965.713245811401, -600, 9682.421664844753, -600], "[4, 2]": [11199.15836842104, 11607.660296584703, -600, -600], "[0, 9]": [-600, 9061.53030509061, -600, 7486.541419318919], "[6, 11]": [-600, -600, 11645.058146835823, 11158.634774046739], "[7, 5]": [11526.533485005017, -600, -600, 11940.648308144695], "[5, 0]": [11518.822264163158, 11553.07458918953, 11762.130896200986, 0], "[5, 7]": [-600, 11502.010465276715, 12015.89935714999, 11540.971178952188], "[5, 3]": [11713.563589366064, 0, 11893.77947790704, 11754.072671836775], "[3, 29]": [11818.301622007324, 12101.46273841549, 11879.647730093382, 0], "[5, 1]": [11358.574287281139, 11368.101593954074, 0, 11553.522628744951], "[3, 8]": [-600, 12036.15480499491, 11797.03172089579, -600], "[2, 8]": [-600, 11635.99667903778, 11265.318463717465, -600], "[1, 4]": [10686.221643892382, -600, 11011.421325257763, -600], "[1, 2]": [11956.605885704303, 11720.293256554607, 636.6740516867367, -600], "[1, 8]": [-600, 11406.657632684462, 10906.145422377878, -600], "[5, 24]": [641.2481537463565, -600, 7656.055103999863, -600], "[3, 32]": [0, 12075.267742912467, 11981.38802590873, 11968.318262092811], "[1, 5]": [11719.531545326443, -600, -600, 11660.64347958211], "[1, 37]": [11868.898142198135, 11859.026185057235, 0, 11749.804769106802], "[6, 8]": [-600, 11621.918409724272, 11523.14898751654, -600], "[3, 30]": [12080.084411903266, 12133.413491007788, 0, 11472.020324283138], "[6, 12]": [-600, -600, 11700.386464689725, 655.0959115941741], "[5, 25]": [0, 9030.0063291091, 12165.873573771732, 9652.199213452845], "[2, 11]": [-600, -600, 10908.76971067182, 11668.825708182103], "[7, 15]": [11608.92853532456, 11510.049495854977, 0, 12187.579901990159], "[7, 16]": [11737.22291877324, 0, 11562.978922311207, 12113.033046507524], "[4, 5]": [11204.154062684433, -600, -600, 10293.416267709921], "[5, 8]": [-600, 11601.817867680253, 10826.233941980654, -600], "[5, 9]": [-600, 10696.296129829532, -600, 5084.837115430713], "[5, 22]": [11393.736620112442, 10827.603483302471, 12078.721015732011, 0], "[0, 2]": [10838.650314241188, 11325.708685357436, -600, -600], "[0, 8]": [-600, 11511.004609462707, 10541.682851787038, -600], "[7, 11]": [-600, -600, 11598.052092440474, 12040.393135627153], "[6, 2]": [11324.33160531853, 11094.849961660024, -600, -600], "[7, 2]": [11369.709778732673, 11342.29619522465, -600, -600], "[5, 4]": [11362.393161801405, 0, 4555.168962640741, -600], "[5, 2]": [11156.629199411977, 11372.644993102746, -600, -600], "[5, 23]": [5634.3153159648755, 0, 11918.378715665513, 5647.1324997484235], "[4, 12]": [-600, -600, 8779.476313414123, -600], "[1, 36]": [12114.763576905467, 11977.01224038532, 11998.071580608485, 0], "[3, 4]": [10855.615102158303, -600, 5385.15075997565, -600], "[7, 18]": [0, 11922.538131499237, 11601.473286187891, 12097.705592736389], "[1, 6]": [11991.728255672322, 767.5505443657037, -600, -600], "[1, 10]": [-600, 9648.458803195841, -600, -600], "[7, 13]": [-600, -600, -600, 11786.49342570586], "[4, 10]": [-600, 10896.215402922298, -600, -600], "[1, 9]": [-600, 8194.74260834204, -600, 10913.529526942655], "[0, 6]": [10521.550106420742, -600, -600, 699.6762894269359], "[1, 39]": [12060.176735401648, 0, 11957.58014356924, 11983.939723260011], "[2, 13]": [-600, -600, -600, 8941.456797642315], "[3, 5]": [11257.134241141071, -600, -600, 10555.55842128217], "[2, 10]": [-600, 9825.657951273954, -600, -600], "[3, 9]": [-600, 11704.200008313848, -600, 9605.330443713849], "[3, 11]": [319.62402984085463, -600, 11614.425919289879, 10076.985619695382], "[0, 13]": [-600, -600, -600, 10533.507314810471], "[7, 9]": [-600, 11245.813205128512, 0, 5113.8846037129215], "[7, 8]": [-600, 11187.032520600726, 11502.942185422255, -600], "[5, 26]": [-600, 5488.857435900109, 12200.873109243605, -600], "[6, 13]": [-600, -600, -600, 10379.59690142019], "[6, 6]": [6994.733499233418, -600, -600, -600], "[2, 6]": [10865.514168310316, -600, -600, -600], "[1, 40]": [12046.418778611374, -600, 10200.917358205263, -600], "[1, 11]": [662.2551980811224, -242.76400262845436, 11320.326662954802, 11277.647558178167], "[6, 10]": [-600, 11400.905931522657, -600, -600], "[1, 13]": [-600, -600, -600, 9458.688331469191], "[3, 12]": [-600, -600, 10739.205803396551, -600], "[4, 6]": [7880.7822648001675, 633.7674443771648, -600, -600], "[7, 19]": [-600, 4808.598899065102, -600, 11527.112397860235], "[4, 13]": [-600, -600, -600, 11215.266133850053], "[1, 38]": [12119.131615176939, 11779.735111392603, -600, -600], "[2, 12]": [-600, -600, 11295.469949360804, -600], "[2, 14]": [-600, -600, -600, -600], "[5, 5]": [11062.480377261621, -600, -600, 10712.658896175786], "[3, 33]": [-600, 12075.210564776957, 11602.532295159135, -600], "[3, 34]": [-600, 12286.655277904978, -600, 2843.937746288654], "[3, 31]": [9337.64850178861, 12222.229677174177, -600, -600],